timestamp,x_m,y_m,vx_mps,vy_mps,s_m,d_m (lateral_error),abs_lateral_error
1762151888.4428039,5.405900398066473,3.918778153864797,6.83593470976409e-35,0.0,13.078559923094266,-1.1921875009699103,1.1921875009699103
1762151888.4656763,5.413129719261824,3.9132595194532573,6.775679965196773e-35,0.0,13.069579313946324,-1.192590033085117,1.192590033085117
1762151888.4833043,5.403699178802281,3.915510659411141,5.1505424301125526e-36,0.0,13.077708179301279,-1.1884072733088908,1.1884072733088908
1762151888.5132046,5.399540655419186,3.914557258000505,4.612082857548211e-40,0.0,13.0798821937385,-1.1851429023459534,1.1851429023459534
1762151888.5542893,5.401095887470581,3.9168090981946406,8.930825012442806e-35,0.0,13.080442845880585,-1.1877725067121108,1.1877725067121108
1762151888.5811229,5.402892772474178,3.915711153579804,7.483710882694301e-36,0.0,13.078409076972303,-1.1880597897690737,1.1880597897690737
1762151888.618004,5.409530465283063,3.9145450283262972,2.291288560676731e-35,0.0,13.07299078395664,-1.1912975559674253,1.1912975559674253
1762151888.64799,5.413317089078417,3.9105953334742263,9.614112743471314e-35,0.0,13.067519215417734,-1.1907493870835866,1.1907493870835866
1762151888.6707883,5.421590261175229,3.9065873456321847,4.668794530005631e-36,0.0,13.058914358796594,-1.1930293564465215,1.1930293564465215
1762151888.7149599,5.409198295728308,3.9114443793214857,4.61733183357451e-36,0.0,13.070972275995542,-1.1888042183518328,1.1888042183518328
1762151888.7774627,5.408212510449451,3.9109157355811317,4.0073124502824415e-36,0.0,13.071268276950532,-1.1878013905616556,1.1878013905616556
1762151888.8052115,5.410324680254246,3.913461408112804,2.312972190759643e-34,0.0,13.071658193572258,-1.1909915456045468,1.1909915456045468
1762151888.8338842,5.408763451833064,3.906826434047291,3.4428124656732964e-36,0.0,13.067924765961612,-1.1851340167801299,1.1851340167801299
1762151888.892181,5.402544483156188,3.9040762838078398,3.71999766907397e-40,0.0,13.07021604965932,-1.1792334034542986,1.1792334034542986
1762151888.9288223,5.402733895259536,3.9094771366071526,3.611783047427986e-40,0.0,13.074000104940653,-1.1833406906243986,1.1833406906243986
1762151888.9608052,5.399355022385085,3.911003024415788,5.099847590664787e-35,0.0,13.077433969200243,-1.1823867653526108,1.1823867653526108
1762151888.9844463,5.398160900681764,3.9123141338315084,4.816035801042604e-35,0.0,13.079206962735963,-1.1826273736229052,1.1826273736229052
1762151889.0330215,5.401348099098823,3.9121086898360256,2.8054301376992478e-36,0.0,13.076862214936643,-1.184434756271801,1.184434756271801
1762151889.081416,5.397313244998741,3.912163675413134,1.9407744533696442e-36,0.0,13.079681908085268,-1.1819953786129045,1.1819953786129045
1762151889.1248956,5.400265187972468,3.913097896870636,3.152535446335129e-40,0.0,13.078325273534611,-1.184502694090311,1.184502694090311
1762151889.1686878,5.394474307822416,3.915128217303015,6.215543478379087e-35,0.0,13.083786520248436,-1.1824711401838153,1.1824711401838153
1762151889.2033126,5.402630776695421,3.9095402778339747,4.4677279406011635e-35,0.0,13.074116914082158,-1.1833236149266435,1.1833236149266435
1762151889.2445605,5.4081076842941185,3.9002405439009205,1.918706151371402e-34,0.0,13.063603091228869,-1.1798897049276198,1.1798897049276198
1762151889.2674837,5.399601138115137,3.9016607613983254,4.206925403401378e-35,0.0,13.070493109866076,-1.175621899898229,1.175621899898229
1762151889.2998402,5.400688020891953,3.9054558321876667,4.014684628597605e-35,0.0,13.072494971849382,-1.1790998107308024,1.1790998107308024
1762151889.3332636,5.398607645270335,3.9109488633313174,2.7782288318047063e-40,0.0,13.077909623521023,-1.1818867881126474,1.1818867881126474
1762151889.3632002,5.397415571699273,3.915508611656802,4.195696945134551e-35,0.0,13.082035827822608,-1.1845503615478585,1.1845503615478585
1762151889.3884215,5.39382473180889,3.9116330321363706,2.6432697965909526e-40,0.0,13.081700730744554,-1.179464443299427,1.179464443299427
1762151889.4125674,5.39563268851328,3.911968133646286,6.904325212945653e-36,0.0,13.080698009432941,-1.1808200759419039,1.1808200759419039
1762151889.447205,5.389562442422558,3.9198855694266332,3.7624480071150094e-35,0.0,13.090618723513273,-1.1830622097487815,1.1830622097487815
1762151889.4810016,5.387670083299524,3.922553555721527,1.7937673510845545e-36,0.0,13.093856240197837,-1.1839357905794234,1.1839357905794234
1762151889.506013,5.394372738594646,3.921972333969895,4.4462608382403764e-36,0.0,13.088817130409986,-1.1875366185557814,1.1875366185557814
1762151889.5226197,5.399003968855211,3.9211876006482784,1.8389530882986218e-36,0.0,13.08505763691217,-1.189760180727148,1.189760180727148
1762151889.539253,5.412237263559017,3.9182818198300318,1.886885339699409e-36,0.0,13.07383435344964,-1.1957355411908261,1.1957355411908261
1762151889.5778263,5.414149030006351,3.9156374318142584,2.3883593222480153e-40,0.0,13.070600570053863,-1.194975089319752,1.194975089319752
1762151889.6025608,5.401820890330807,3.9128037401856255,6.905366043728682e-35,0.0,13.077040256567065,-1.1852417401644657,1.1852417401644657
1762151889.62573,5.40402497569992,3.908045295545293,2.3260906470418954e-36,0.0,13.072072804432988,-1.1830822530061365,1.1830822530061365
1762151889.6530972,5.40386472083625,3.909902589806029,1.763305766012695e-36,0.0,13.073529384741686,-1.1843553635704387,1.1843553635704387
1762151889.683364,5.4021732061773085,3.9132533456263485,1.657307657173125e-36,0.0,13.077123401410942,-1.1857923830834618,1.1857923830834618
1762151889.7119644,5.4015429606857195,3.9176505796497527,2.224960491785254e-36,0.0,13.080744739751106,-1.1886729236432736,1.1886729236432736
1762151889.7434144,5.4064809695194915,3.9147188926120027,2.546409835516904e-36,0.0,13.07521777154574,-1.1895370644055245,1.1895370644055245
1762151889.779142,5.409413554695347,3.9181799753247253,3.676615231221618e-35,0.0,13.075705949217253,-1.193911463590964,1.193911463590964
1762151889.8103364,5.41199853122364,3.918459256402575,2.1362514671458365e-36,0.0,13.074127436157868,-1.1957184990699619,1.1957184990699619
1762151889.8466012,5.412612076904577,3.914693041461462,1.846053381966831e-36,0.0,13.07097496751726,-1.193322366060241,1.193322366060241
1762151889.8799865,5.409389192936152,3.9118301354087857,2.1522208888342716e-36,0.0,13.07112035310419,-1.1892072837241154,1.1892072837241154
1762151889.9167008,5.411274235571778,3.9127470782103217,1.3041456790679399e-36,0.0,13.070486242994777,-1.1910562036857364,1.1910562036857364
1762151889.9476886,5.418184591383981,3.9098014526645426,2.287557081878977e-36,0.0,13.063590310606461,-1.1932224650561056,1.1932224650561056
1762151889.9774737,5.420245538143982,3.9123741534945236,1.4522788038234616e-36,0.0,13.064035107864376,-1.1964004295157784,1.1964004295157784
1762151889.9965546,5.417752386307448,3.914892393110663,1.8087735590586078e-40,0.0,13.067578007890774,-1.1966789194111302,1.1966789194111302
1762151890.0198166,5.417179084511439,3.9111608330034437,1.154506792195298e-34,0.0,13.065268343594369,-1.1935847606656595,1.1935847606656595
1762151890.0524259,5.417684649054025,3.9108207503814825,1.7406953532753715e-40,0.0,13.064673538794287,-1.193653476222279,1.193653476222279
1762151890.0943596,5.420540382331387,3.9090278590383862,3.757326945125066e-35,0.0,13.06140657017687,-1.1941430912408686,1.1941430912408686
1762151890.1216633,5.423666883695097,3.905131065381376,1.2463772099939838e-36,0.0,13.056428140282469,-1.193289300735664,1.193289300735664
1762151890.1747653,5.413097960365986,3.901395752387728,2.4101811358524943e-35,0.0,13.061002305554863,-1.1838752841065703,1.1838752841065703
1762151890.2131693,5.410223822823292,3.9056902587595026,7.808232151975599e-35,0.0,13.066095130921937,-1.1852128299907871,1.1852128299907871
1762151890.238514,5.412879548335467,3.903914648312932,1.1844970241204837e-36,0.0,13.062978484217547,-1.185578886652144,1.185578886652144
1762151890.2747712,5.413775889606075,3.906746211526805,6.17307351715935e-35,0.0,13.064413268264095,-1.1882147879130553,1.1882147879130553
1762151890.3100185,5.407559583978979,3.9115420120200772,1.4961827426471153e-40,0.0,13.072172041741911,-1.1878576488694448,1.1878576488694448
1762151890.3307729,5.409539889032627,3.912805256599766,1.3466442953626069e-36,0.0,13.07172330037834,-1.1900198563949962,1.1900198563949962
1762151890.3490968,5.407413705417176,3.910581833737849,1.7240430588026575e-36,0.0,13.071576606054046,-1.1870586088082398,1.1870586088082398
1762151890.3856537,5.406670297648424,3.909925011834503,2.0310606553050568e-35,0.0,13.071612715555514,-1.1861121583137288,1.1861121583137288
1762151890.4155192,5.412070076818422,3.9078793771582903,2.1988173010427046e-35,0.0,13.066409820649387,-1.1879754343918272,1.1879754343918272
1762151890.4417686,5.409023630221204,3.908414272413266,2.000545211653985e-35,0.0,13.068896383670545,-1.1864641977834143,1.1864641977834143
1762151890.4725828,5.40299965282887,3.908245347170599,4.0543704960010273e-36,0.0,13.072924205349908,-1.1825942903245696,1.1825942903245696
1762151890.5038981,5.404665328643533,3.9065546425843887,1.318411816035642e-40,0.0,13.070551199929177,-1.1823799594392872,1.1823799594392872
1762151890.5464432,5.413047964267494,3.904703358398283,3.072096806005985e-35,0.0,13.063434112044636,-1.1862618918894265,1.1862618918894265
1762151890.5713692,5.414654542491438,3.90796989629633,1.845023839724037e-35,0.0,13.064694844407493,-1.1896627366596817,1.1896627366596817
1762151890.5995593,5.415714660209846,3.9123442321128716,1.766219522028093e-35,0.0,13.067134999137185,-1.1935336127120564,1.1935336127120564
1762151890.623795,5.407533675278879,3.916629876648657,1.7454414102791758e-35,0.0,13.07587758908573,-1.1916022235974473,1.1916022235974473
1762151890.6451316,5.402569327985013,3.914821057450466,1.6988316766777204e-35,0.0,13.077986772231096,-1.1871998429783301,1.1871998429783301
1762151890.6999266,5.401879986430943,3.9179412555428073,1.1615726907795158e-40,0.0,13.080723226266489,-1.189095889516619,1.189095889516619
1762151890.7277174,5.394777715334684,3.922611140235926,1.6731350940217844e-35,0.0,13.089001127427386,-1.1882613185251258,1.1882613185251258
1762151890.7517133,5.395536573360139,3.917883689787824,1.1182173161448731e-40,0.0,13.085051838915804,-1.1851785343530468,1.1851785343530468
1762151890.7857516,5.40070168456977,3.918775196299235,1.5516791261057158e-35,0.0,13.082139467545211,-1.1889954993435419,1.1889954993435419
1762151890.812719,5.406194594035314,3.9206000750062273,1.5078349046480684e-35,0.0,13.079677767963544,-1.1937214236339966,1.1937214236339966
1762151890.8389065,5.406724664785441,3.923850840327994,9.113402353732606e-37,0.0,13.08166873527787,-1.1964639120310414,1.1964639120310414
1762151890.8783474,5.409245578631502,3.9208607690817354,8.160530109226324e-37,0.0,13.077764723651624,-1.195793045167819,1.195793045167819
1762151890.9032009,5.411144000561697,3.9152859966383304,8.646190575668456e-37,0.0,13.072416183876655,-1.1928462069481085,1.1928462069481085
1762151890.9301553,5.407675298344663,3.9147486987919495,1.444327652705114e-35,0.0,13.0744165343858,-1.1902980670562076,1.1902980670562076
1762151890.9569697,5.401885362081421,3.9114776151211337,1.2335418117504878e-36,0.0,13.07603465946869,-1.184297993985943,1.184297993985943
1762151891.0047238,5.411287506212306,3.907951613518541,1.3848550177977165e-35,0.0,13.067001334952321,-1.1875385603828181,1.1875385603828181
1762151891.026659,5.407095100522697,3.9063100418650434,1.1046511266742375e-36,0.0,13.068699905266461,-1.1837129171993321,1.1837129171993321
1762151891.0564158,5.414628904638367,3.9039251838994007,8.44614824486155e-37,0.0,13.061780889824352,-1.186688276360592,1.186688276360592
1762151891.0768218,5.406415732116791,3.9063403336375617,1.1536147070978554e-36,0.0,13.069189916184797,-1.1833116714568275,1.1833116714568275
1762151891.109626,5.408850623209522,3.9070973199877432,1.7279534340176138e-36,0.0,13.068061047490938,-1.1853876159573957,1.1853876159573957
1762151891.1708794,5.410540509737707,3.905330459922693,7.294848886955064e-37,0.0,13.065616164251741,-1.1851472548556239,1.1851472548556239
1762151891.205926,5.40647180530291,3.9074149963152283,7.496799336865157e-37,0.0,13.069930202465518,-1.184138143645686,1.184138143645686
1762151891.2486622,5.411234900707642,3.9003575975251135,3.421317415074423e-35,0.0,13.06153341553272,-1.1819422870094674,1.1819422870094674
1762151891.2805023,5.4063797523676245,3.9052946758165117,6.523481546278904e-37,0.0,13.068456809192284,-1.1825195183119348,1.1825195183119348
1762151891.3105905,5.407966371410178,3.90377034522005,9.348513649205534e-37,0.0,13.066258858754233,-1.1823902639889035,1.1823902639889035
1762151891.333382,5.402966730019564,3.9038693868397654,1.2006406734464626e-35,0.0,13.06977518043087,-1.1793434588157055,1.1793434588157055
1762151891.3563359,5.409886410331318,3.905250384251932,7.652418803020501e-41,0.0,13.066008771318618,-1.1846787213107621,1.1846787213107621
1762151891.3765595,5.407977110273122,3.9113145882301676,7.446851335626406e-37,0.0,13.071719546887627,-1.1879492101676528,1.1879492101676528
1762151891.4516993,5.411137198002328,3.910805901628769,7.217921069468097e-37,0.0,13.069173686155322,-1.1895421871629461,1.1895421871629461
1762151891.704247,5.404186006402956,3.9131953538733426,4.674541025452714e-37,0.0,13.075694636790042,-1.1869909260302336,1.1869909260302336
1762151891.7858958,5.4028703807063065,3.9153397903912914,4.28204461179967e-37,0.0,13.078155338934605,-1.187770247540678,1.187770247540678
1762151891.8182232,5.403901557489007,3.918087173597798,4.4708137297616115e-37,0.0,13.079436213275963,-1.1904451312499154,1.1904451312499154
1762151891.8481662,5.417570748189541,3.912750973432948,4.526006089513803e-37,0.0,13.066151042183334,-1.194995257462869,1.194995257462869
1762151891.8792086,5.419974398360836,3.9132739629911315,4.104007887632777e-37,0.0,13.064874095652364,-1.1968877986959137,1.1968877986959137
1762151891.938081,5.412596990961346,3.9148382614917367,4.297567687910666e-37,0.0,13.071090616929363,-1.1934199199789457,1.1934199199789457
1762151891.9681838,5.410877499664984,3.916886677924226,1.0173172378441378e-35,0.0,13.073759969349238,-1.1938620640057,1.1938620640057
1762151892.0102842,5.4088426701147805,3.9123292850317277,7.659155986525055e-36,0.0,13.071858668553338,-1.189235506910165,1.189235506910165
1762151892.0348434,5.413728453088533,3.908055141718698,5.885385537718193e-37,0.0,13.065394665937898,-1.1891438527424747,1.1891438527424747
1762151892.08213,5.416674629083615,3.9093162823700602,4.618681873417994e-37,0.0,13.064278956458216,-1.191917684420506,1.191917684420506
1762151892.1275766,5.418847085850817,3.913162404996622,4.717106614012534e-41,0.0,13.0655699075525,-1.1960977473625984,1.1960977473625984
1762151892.1698258,5.414123740680287,3.9143033902423294,3.488138105314919e-37,0.0,13.06965107653892,-1.1939779432074336,1.1939779432074336
1762151892.2192028,5.423423496135294,3.910533016671788,3.343369881379353e-37,0.0,13.060511171947956,-1.1970628166893205,1.1970628166893205
1762151892.2623127,5.41693315117046,3.9136248072372326,8.0752815957998e-37,0.0,13.06722367586296,-1.1952360965018811,1.1952360965018811
1762151892.2824492,5.415080743113624,3.917901975764029,7.784537123112269e-37,0.0,13.071600007417729,-1.1972225459452757,1.1972225459452757
1762151892.3083818,5.416903637434892,3.9103411908908106,3.335852319680616e-37,0.0,13.06486403597036,-1.1928116845792123,1.1928116845792123
1762151892.330946,5.412754066938403,3.9150651162641554,1.6785681290107782e-36,0.0,13.071146823317148,-1.193684792284655,1.193684792284655
1762151892.3516262,5.4093350376218785,3.9149459256961108,3.6956121567622314e-37,0.0,13.073415996583512,-1.1914723009653496,1.1914723009653496
1762151892.392904,5.414654154814325,3.9125866928309803,4.0115722203819427e-41,0.0,13.068041377506981,-1.1930478444971213,1.1930478444971213
1762151892.4249096,5.411131508493252,3.9116054125724506,3.4269006946685865e-36,0.0,13.069757093569317,-1.1901268593723295,1.1901268593723295
1762151892.4457347,5.414469482015784,3.9044816564832274,1.3314353052653055e-36,0.0,13.062294057856759,-1.186994437531682,1.186994437531682
1762151892.4911826,5.404554682979285,3.903225702327222,1.8987692415636282e-36,0.0,13.068214605529171,-1.1798584750026697,1.1798584750026697
1762151892.6252127,5.411182409156342,3.908358504604615,3.493265327987069e-41,0.0,13.067368657971304,-1.18777160670196,1.18777160670196
1762151893.0387487,5.394364309876604,3.9092698999272937,2.6370021504407785e-37,0.0,13.079616180555213,-1.1780329498153064,1.1780329498153064
1762151893.3630588,5.398767295544479,3.908167699262165,2.1684967892185137e-37,0.0,13.07578383653414,-1.1799205556116474,1.1799205556116474
1762151893.5999465,5.40218179138186,3.916511952240649,1.6085829379939801e-37,0.0,13.07947933303544,-1.1882178393764178,1.1882178393764178
1762151893.7526188,5.406753095556246,3.9165890808257866,2.9135804102183704e-36,0.0,13.076385805739156,-1.191089889020587,1.191089889020587
1762151894.2294557,5.415441993974707,3.919276113393166,6.635257768571755e-36,0.0,13.07234709973299,-1.1984595479121825,1.1984595479121825
1762151894.3844893,5.41427207185945,3.909575926305068,6.7847609017785994e-37,0.0,13.066122404765505,-1.1905995196595387,1.1905995196595387
1762151894.5639567,5.416303884295984,3.8975290004535346,8.351331480511765e-38,0.0,13.055990931275279,-1.1830869741845964,1.1830869741845964
1762151894.7512047,5.424428976016156,3.8714783034379425,-2.8073802595764324e-05,0.0,13.134554857619822,-1.1500848201097713,1.1500848201097713
1762151894.969414,5.435735731516162,3.8338125261300746,-6.0513090683381375e-06,0.0,13.098004501588438,-1.1291171412241183,1.1291171412241183
1762151895.0989206,5.432899614194147,3.8261283435123716,-2.176858164077344e-10,0.0,13.093739884097285,-1.121893370379214,1.121893370379214
1762151895.1324048,5.435108777896762,3.821771859544683,0.06854123009324635,0.0,13.088952931516411,-1.120168657500881,1.120168657500881
1762151895.176225,5.432274337709029,3.82251909185658,0.12378371692294918,0.0,13.091298077747663,-1.118942502862459,1.118942502862459
1762151895.217196,5.432762324542989,3.8203580390685627,0.27473180965021105,0.0,13.089300783842216,-1.117713053097218,1.117713053097218
1762151895.3325467,5.381916051525511,3.824993385592743,0.46042583812735677,0.0,13.027108656185877,-1.108521941683201,1.108521941683201
1762151895.3635063,5.335642838189589,3.842450165249891,0.7234501691561301,0.0,13.071641611857073,-1.092204120641933,1.092204120641933
1762151895.3891053,5.303342491774248,3.8493267161166203,0.9063958160772655,0.0,13.098879291252093,-1.0781401821896646,1.0781401821896646
1762151895.4181292,5.2629014341898985,3.858176642633438,0.9960682257233588,0.0,13.133155875283023,-1.0621372166016907,1.0621372166016907
1762151895.43971,5.222801410200881,3.8698282728432765,1.0342975482352073,0.0,13.169228184004444,-1.0497283892045768,1.0497283892045768
1762151895.4801428,5.193396176269074,3.8842832552366007,1.0858256852900743,0.0,13.199964123144321,-1.0449082972082397,1.0449082972082397
1762151895.5267298,5.095061181999765,3.8512137222306113,1.1744879752508488,0.0,13.175354662694447,-0.9736722209438069,0.9736722209438069
1762151895.572473,5.016057516860962,3.870897630595955,1.2380853403050742,0.0,13.247090198154503,-0.9477092532232907,0.9477092532232907
1762151895.5948167,4.963559204623314,3.895475898383919,1.3407021521690294,0.0,13.227861132876626,-0.9494435627733068,0.9494435627733068
1762151895.8035707,4.631122679267048,3.9665225608172614,1.8698746843335794,0.0,13.413934663535564,-0.869492120282042,0.869492120282042
1762151896.069077,4.112811737655303,4.087799375772284,1.6660164673822668,0.0,13.724673438162545,-0.857046018522826,0.857046018522826
1762151896.17682,3.907937700603585,4.110554515265642,1.8318798196769266,0.0,13.868415876828877,-0.8464911952320624,0.8464911952320624
1762151896.2146077,3.800018207134868,4.0958326012944255,1.872785859832269,0.0,13.971966815143436,-0.8190581750492264,0.8190581750492264
1762151896.2472928,3.424192709057299,4.054444799105394,2.0244904993514306,0.0,14.239260958208021,-0.7708393717607939,0.7708393717607939
1762151896.268616,3.677628517701072,4.098998758759479,2.089848029452387,0.0,14.077737159421496,-0.8134903431000717,0.8134903431000717
1762151896.3031857,3.5831769586344544,4.064731984591355,2.200371145854226,0.0,14.128240552220868,-0.7775747650822026,0.7775747650822026
1762151896.3374555,3.5486714912484247,4.050301472531403,2.3121420691603736,0.0,14.160929584683087,-0.7628670049779377,0.7628670049779377
1762151896.393122,3.4396635110480362,4.02838719040418,2.4617927361289635,0.0,14.222506510025873,-0.7442368695605641,0.7442368695605641
1762151896.4352252,3.28607401088722,3.995705901499967,2.6576826656844297,0.0,14.337822989193088,-0.7223974348664332,0.7223974348664332
1762151896.4557,3.200553030879736,3.971725535955468,2.7358707602239076,0.0,14.390209431261201,-0.7079941738115163,0.7079941738115163
1762151896.4913676,3.0887343797188387,3.9414539063984493,2.8660040519579293,0.0,14.474093305216767,-0.6934200344056312,0.6934200344056312
1762151896.531061,3.0254827485776907,3.900549973955665,3.0495592939260474,0.0,14.540860921214222,-0.6632727236683097,0.6632727236683097
1762151896.584655,2.8513888497092594,3.8526884606923453,3.1108031074478815,0.0,14.67271339343441,-0.6498852148869372,0.6498852148869372
1762151896.619244,2.7480901725460707,3.817731098024332,3.0404031935630544,0.0,14.767961925632138,-0.6388502248406122,0.6388502248406122
1762151896.6422653,2.6553466746476007,3.7838501342841977,2.9578048090275613,0.0,14.856643297507688,-0.6283493538322809,0.6283493538322809
1762151896.666988,2.5589818968426306,3.7500619900508076,2.9110542713723944,0.0,14.950203173506372,-0.620352960140085,0.620352960140085
1762151896.6985257,2.481669684197869,3.7373022384491748,2.885665256352786,0.0,15.022846976454742,-0.6286657851196608,0.6286657851196608
1762151896.7531412,2.35792788109292,3.697983060165578,2.8664486194644367,0.0,15.1467589604247,-0.624946548768105,0.624946548768105
1762151896.780324,2.1750549513720885,3.579360861001148,2.798161636343154,0.0,15.354238053328922,-0.5626546729427246,0.5626546729427246
1762151896.8172915,2.089689976352396,3.5294730017453126,2.7677213596467545,0.0,15.452452072036259,-0.538642501727983,0.538642501727983
1762151896.9660916,1.5940596665183262,3.2961953504814954,2.633110051488612,0.0,16.027186047159315,-0.43828903359665466,0.43828903359665466
1762151897.3616877,0.38895715346425025,3.2532614107248503,3.043363906936929,0.0,17.172783042122433,-0.6051349782303239,0.6051349782303239
1762151897.6615207,-0.5086732851702983,2.9589770974460383,3.2395269345909066,0.0,18.242317859140105,-0.4098047306847192,0.4098047306847192
1762151897.8765464,-1.1034755061698682,2.4471592733149503,3.362026613968104,0.0,18.84299923408944,0.10458714403737729,0.10458714403737729
1762151898.1563463,-2.159712027712798,2.51104505890578,3.3168552506004856,0.0,19.891861784491127,0.11954357746955892,0.11954357746955892
1762151898.3249385,-2.8166208868184994,2.7721616155626765,3.335575506783629,0.0,20.576426931170953,-0.05706107835194819,0.05706107835194819
1762151898.5231411,-3.274109906362812,2.8461181030123144,3.3773298682422674,0.0,21.044670436958743,-0.02649899441896985,0.02649899441896985
1762151898.7660794,-4.4562026846805525,2.8999846223533092,3.2968327858961612,0.0,22.256119605467063,0.13520889427496416,0.13520889427496416
1762151899.1185348,-5.816576918121934,2.9263741844379463,3.3811376756642386,0.0,23.520649209208266,-0.3087069832610253,0.3087069832610253
1762151899.306527,-6.361592878336855,2.979484611435162,3.426495014345568,0.0,23.901795765550826,-0.6864390316560183,0.6864390316560183
1762151899.4772189,-6.827730326534141,2.743999977145813,3.4087799376926107,0.0,24.276228104712523,-0.8825967466102598,0.8825967466102598
1762151899.7799425,-7.492498481620935,1.9915929352325639,2.9564199165612997,0.0,24.91918084811168,-1.1838484260862745,1.1838484260862745
1762151900.0724673,-7.967948832519154,1.2957910923521674,3.454629876087483,0.0,25.434119478372136,-1.4385528716484797,1.4385528716484797
1762151900.491975,-7.549337960225033,2.586981973308089,2.0949581773339485,0.0,24.723166377376327,-1.3670575008702976,1.3670575008702976
1762151900.7049432,-7.570456095003516,2.9308905034651462,1.029329952387893,0.0,24.579733886840376,-1.5310277990107612,1.5310277990107612
1762151900.9132605,-7.592530261250086,2.943289526910003,-0.0013120685124431118,0.0,24.585457976477105,-1.5520659297059087,1.5520659297059087
1762151901.3698268,-7.594764876059641,2.9404868716122623,-0.010007909400804208,0.0,24.589034461522896,-1.5514943795579383,1.5514943795579383
1762151901.6795156,-7.5887814039641,2.943227950387887,-0.004966387144792319,0.0,24.582976091429618,-1.5498561585374184,1.5498561585374184
1762151901.98082,-7.594313555839223,2.943672897350453,-0.004537284896973776,0.0,24.586377070158772,-1.5533498939682135,1.5533498939682135
1762151902.2682114,-7.590830796883441,2.9375549955966194,-0.0003056465874821806,0.0,24.588547642638268,-1.547281308211291,1.547281308211291
1762151902.5036745,-7.59543398829226,2.9414106716205075,-0.0003976061250211096,0.0,24.588803258974107,-1.552493075925527,1.552493075925527
1762151902.6919215,-7.591360216287068,2.946502840212244,-0.00017337464513704398,0.0,24.582295889075738,-1.5535234153211044,1.5535234153211044
1762151902.8965049,-7.594639706213872,2.949051114149791,-0.0011027708491776014,0.0,24.58262472371582,-1.5571139407591623,1.5571139407591623
1762151903.220244,-7.5918959667073045,2.94410629304612,-0.00012636161862186187,0.0,24.58442711000066,-1.552241673092463,1.552241673092463
1762151903.4238193,-7.592564329979013,2.943603093311166,-0.0001323249438447942,0.0,24.58524935164719,-1.5522938007747922,1.5522938007747922
1762151903.6066833,-7.591060863828693,2.9371271076501215,-0.0016467423115830977,0.0,24.58901877485798,-1.5471306744048607,1.5471306744048607
1762151903.8552043,-7.5929512602477836,2.934459883581218,-0.0014057556038195934,0.0,24.59226317208898,-1.5464538909484749,1.5464538909484749
1762151904.1854603,-7.5905059352939395,2.947721599234128,-7.960754888736792e-05,0.0,24.58081981183362,-1.5538383910665532,1.5538383910665532
1762151904.3604848,-7.587486868734593,2.9505656334737607,-0.0017401371818918452,0.0,24.57668391206105,-1.5539756434393774,1.5539756434393774
1762151904.5265484,-7.590513954901775,2.950656173053271,-4.944678492037523e-05,0.0,24.57865780981757,-1.5557936287174616,1.5557936287174616
1762151904.8543549,-7.5927981160466596,2.9439378511058347,-4.931579910316481e-05,0.0,24.585159718617188,-1.55265113657779,1.55265113657779
1762151905.0231113,-7.592474050189322,2.9448968351425453,-0.0022568485653779342,0.0,24.58423295989602,-1.5531008065108984,1.5531008065108984
1762151905.2172687,-7.592852418097748,2.9433607888011277,-0.0007632232615278396,0.0,24.58562253230498,-1.5522993085187884,1.5522993085187884
1762151905.4484177,-7.588396582702181,2.948480181644402,-0.0008598383222353495,0.0,24.578837479838757,-1.553118843313048,1.553118843313048
1762151905.6793923,-7.59646161374333,2.9430508639551083,-0.00023202384300940272,0.0,24.58828464412705,-1.5541743556541054,1.5541743556541054
1762151905.9632125,-7.597111220331298,2.9457156389076573,-2.6128113039033257e-09,0.0,24.586754447504873,-1.5563201681304843,1.5563201681304843
1762151906.2082758,-7.593237312842784,2.9422005579686847,-0.0003318588485242467,0.0,24.58673893623268,-1.551751216623939,1.551751216623939
1762151906.3996859,-7.59363559407231,2.943577708588771,-0.0010455130557977487,0.0,24.5859903134549,-1.552895496628178,1.552895496628178
1762151906.6425378,-7.5892505419197995,2.94516405062635,-0.0002359139152172599,0.0,24.581862410767123,-1.5514125477313863,1.5514125477313863
1762151906.781624,-7.594199041975423,2.943217671619166,-1.3960332472367862e-05,0.0,24.586636087674314,-1.5529814544222225,1.5529814544222225
1762151906.940302,-7.587599348766364,2.9420028342202245,-0.0002773886008004727,0.0,24.583084028810315,-1.5483587332111108,1.5483587332111108
1762151907.1221235,-7.591627193827452,2.9403409116243324,-7.88003728314508e-05,0.0,24.587026935544127,-1.5495877974030492,1.5495877974030492
1762151907.1852994,-7.593954026909185,2.939107317993153,-0.00017153270181781833,0.0,24.589506718522863,-1.5501118359903343,1.5501118359903343
1762151907.22907,-7.59678703909984,2.932244711556554,-1.1671788088980783e-09,0.0,24.596485210981008,-1.5471907582568836,1.5471907582568836
1762151907.2554798,-7.596350758652381,2.930908447636751,-1.13870949692077e-09,0.0,24.597178017882644,-1.5460554737286372,1.5460554737286372
1762151907.2833729,-7.591717151210382,2.93727867522387,-0.0001593632068538651,0.0,24.589349279268102,-1.547609825392368,1.547609825392368
1762151907.3319044,-7.591829809651733,2.941151943335024,-0.00016195788070879326,0.0,24.586564523559176,-1.5502427546244157,1.5502427546244157
1762151907.3591547,-7.592412092039204,2.9415391917875215,-1.0683616685552497e-09,0.0,24.58667106761772,-1.5508359347703662,1.5508359347703662
1762151907.380177,-7.5939481119537975,2.9409078513288383,-0.00017391298755048287,0.0,24.588172898418122,-1.5513031394450645,1.5513031394450645
1762151907.4069963,-7.591997059334444,2.9394533467719044,-0.00014793506507130829,0.0,24.587931822414124,-1.5492127847759956,1.5492127847759956
1762151907.4531806,-7.5937415739617204,2.9404013033210274,-1.0161848105604693e-09,0.0,24.58840778155303,-1.5508479054565376,1.5508479054565376
1762151907.4915211,-7.593564616137118,2.937983635891419,-0.00014251892751650737,0.0,24.590074115483823,-1.549142236185323,1.549142236185323
1762151907.522473,-7.589301258421363,2.9373875577340076,-9.65302942776674e-10,0.0,24.58764014069174,-1.5462866528182788,1.5462866528182788
1762151907.5597577,-7.591999927323165,2.9402920779868844,-0.00013411896762993006,0.0,24.58731428837893,-1.5497706440039098,1.5497706440039098
1762151907.5945623,-7.590824553730524,2.9351171310034307,-9.299934161524984e-10,0.0,24.590343984299043,-1.5456632483449928,1.5456632483449928
1762151907.6246538,-7.595643645790917,2.9361805768594853,-8.161422410826397e-06,0.0,24.592807431048705,-1.549143066635711,1.549143066635711
1762151907.64901,-7.593022799708925,2.9393677137509653,-0.0001272228776782874,0.0,24.588686591538327,-1.5497477816368397,1.5497477816368397
1762151907.671656,-7.595395950610144,2.944194022792071,-0.0001228188871109831,0.0,24.58672189611481,-1.5543202686710686,1.5543202686710686
1762151907.6979623,-7.592662880934583,2.947565778605659,-0.0004691520101408281,0.0,24.582389043635345,-1.5549834683946686,1.5549834683946686
1762151907.7351444,-7.591308506688962,2.951887164246575,-6.738925519070349e-06,0.0,24.578284290421273,-1.5570731857716296,1.5570731857716296
1762151907.7624874,-7.590285864445432,2.952244192996378,-8.297688893410191e-10,0.0,24.57733116333111,-1.5567175087458096,1.5567175087458096
1762151907.7998357,-7.591822536390289,2.951470872687226,-0.00011485714814251338,0.0,24.578938296755506,-1.5570941463163415,1.5570941463163415
1762151907.8493211,-7.5940735324102375,2.9509942128102122,-0.00011251710649706206,0.0,24.580807898898918,-1.5580799473125149,1.5580799473125149
1762151907.8870232,-7.594164492397569,2.9464335755762714,-9.53847292948656e-06,0.0,24.58423760286923,-1.5550985242084692,1.5550985242084692
1762151907.9250457,-7.592074515496518,2.9485352357606764,-4.567732798469426e-06,0.0,24.5812763670784,-1.555287556195848,1.555287556195848
1762151907.9513206,-7.590409967718798,2.947749198942833,-7.133987738353007e-06,0.0,24.580734728943302,-1.5538011189361371,1.5538011189361371
1762151907.9888175,-7.586579398542438,2.9459854418827147,-0.00010215601678788205,0.0,24.57945494757209,-1.550407443708662,1.550407443708662
1762151908.0202446,-7.590254988780811,2.945243731472953,-8.70136449612078e-06,0.0,24.58248072744827,-1.5520473646721515,1.5520473646721515
1762151908.0752468,-7.594139900137362,2.9431589960774334,-5.8671458935305235e-06,0.0,24.58663955247257,-1.5529083694932062,1.5529083694932062
1762151908.106178,-7.595713510288337,2.940840845545122,-0.0001002300356784585,0.0,24.589412564495642,-1.5522756113674205,1.5522756113674205
1762151908.1288536,-7.594218087871298,2.9398504435068835,-8.036129865904994e-06,0.0,24.589135884908195,-1.550757007765638,1.550757007765638
1762151908.1563177,-7.596114732562006,2.941672490263577,-7.263418718664589e-06,0.0,24.58906882256563,-1.5530588723868297,1.5530588723868297
1762151908.204711,-7.592659011290208,2.937019218366006,-4.985968806249883e-06,0.0,24.590175881162487,-1.547981048283139,1.547981048283139
1762151908.232283,-7.596488641408148,2.938412891500967,-0.0003016367167271095,0.0,24.591728364907098,-1.5511096483626603,1.5511096483626603
1762151908.2555094,-7.595866619357124,2.940494245976253,-8.804344275137222e-05,0.0,24.58977177636455,-1.5521335887240857,1.5521335887240857
1762151908.2816558,-7.593805050073148,2.938015308841556,-8.557833286758205e-05,0.0,24.59021281572266,-1.5493017500448472,1.5493017500448472
1762151908.304881,-7.591210738764479,2.938317352252877,-8.32358739883546e-05,0.0,24.588240728689204,-1.5480058191417254,1.5480058191417254
1762151908.3324478,-7.591531407836878,2.9409980589498237,-4.5195792742426714e-06,0.0,24.58647700571221,-1.54996830753059,1.54996830753059
1762151908.354583,-7.595302295224535,2.9379758760325085,-8.524912855922824e-05,0.0,24.591251336424605,-1.5501374956677427,1.5501374956677427
1762151908.3721113,-7.592309872130354,2.939064868776463,-4.803109062216363e-06,0.0,24.588429632054684,-1.5491357207547383,1.5491357207547383
1762151908.3921833,-7.5963789180912045,2.9369563530744442,-5.537305959352375e-10,0.0,24.592730158540732,-1.5500801280514225,1.5500801280514225
1762151908.4294872,-7.593932541998073,2.9363616672660546,-2.2651822558266872e-05,0.0,24.591520108404826,-1.5482788573401451,1.5482788573401451
1762151908.4626496,-7.591574289687673,2.937042055281743,-4.579709629225675e-06,0.0,24.589427728468067,-1.547370627814313,1.547370627814313
1762151908.5003412,-7.592548060744675,2.9415277055312594,-4.688237858856853e-06,0.0,24.586771217012725,-1.5509068126718124,1.5509068126718124
1762151908.533121,-7.594489292523369,2.9415603085041186,-5.047087083943432e-06,0.0,24.588055855847465,-1.552048200774438,1.552048200774438
1762151908.5638366,-7.593005902487924,2.9446918117500798,-4.6758449618028535e-06,0.0,24.584742943877192,-1.5532719266811466,1.5532719266811466
1762151908.5942748,-7.5899210490923865,2.9457806033083576,-7.532970723099314e-05,0.0,24.581859074437777,-1.5522103635041322,1.5522103635041322
1762151908.6223302,-7.594174951025532,2.94433957726416,-4.811698209468938e-10,0.0,24.585791232645974,-1.5537128495966506,1.5537128495966506
1762151908.6646187,-7.593380962175916,2.9449989682417703,-6.668326635184361e-05,0.0,24.584768938854406,-1.5536926116167988,1.5536926116167988
1762151908.6887565,-7.593924280908226,2.944616972690773,-6.513947708014327e-05,0.0,24.585417360709346,-1.5537524960148243,1.5537524960148243
1762151908.7100582,-7.593249428462674,2.942536972027249,-4.23798266826003e-06,0.0,24.586498636540043,-1.551981541621494,1.551981541621494
1762151908.7391872,-7.591249214934232,2.94121605792249,-3.861816278724707e-06,0.0,24.586125750937146,-1.5499498509462817,1.5499498509462817
1762151908.7645109,-7.593248855973472,2.9387982425191725,-3.925398290134378e-06,0.0,24.589259590032103,-1.54950044258521,1.54950044258521
1762151908.789611,-7.594681673118978,2.941693141250896,-3.7629471073485353e-06,0.0,24.588087445710798,-1.5522472675907288,1.5522472675907288
1762151908.813766,-7.594191620550474,2.9400665293236345,-7.961174579999932e-05,0.0,24.58895844545215,-1.5508851454810078,1.5508851454810078
1762151908.9259748,-7.592768468587336,2.944645750345745,-3.6085274225426453e-06,0.0,24.58461689315045,-1.553104163381418,1.553104163381418
1762151909.090038,-7.596300687063101,2.9398345036058604,-5.626147945635252e-05,0.0,24.590551681943964,-1.5519452653556194,1.5519452653556194
1762151909.131001,-7.59126196336584,2.940306691287477,-3.5119748226914143e-10,0.0,24.586805982774923,-1.549354136810618,1.549354136810618
1762151909.1592147,-7.59091040375784,2.936666860497187,-3.4245113889790416e-10,0.0,24.589257267254837,-1.5467389650561993,1.5467389650561993
1762151909.3144093,-7.593846111572826,2.9287804932519608,-0.00014818980498456567,0.0,24.597061120076187,-1.543209938292384,1.543209938292384
1762151909.5151331,-7.595428620961291,2.9311304584068303,-4.0190955640267935e-05,0.0,24.59639236903233,-1.5456734467570978,1.5456734467570978
1762151909.7380342,-7.594457896442649,2.9383304981523,-2.402504459074863e-10,0.0,24.59042015306452,-1.54988676022805,1.54988676022805
1762151909.7606597,-7.595414033335,2.9389680793906776,-2.349418729384591e-06,0.0,24.590593848282438,-1.5508601020869084,1.5508601020869084
1762151909.9683523,-7.595519025923476,2.93847898051383,-1.1893098647441986e-05,0.0,24.59102586820784,-1.5505959612237552,1.5505959612237552
1762151910.10026,-7.593597911466332,2.933958087333239,-2.634083897613199e-06,0.0,24.593069739555272,-1.5464937762667041,1.5464937762667041
1762151910.1175902,-7.5934172226296734,2.934713001717786,-5.0182168762966406e-06,0.0,24.592390362344574,-1.5468897994436646,1.5468897994436646
1762151910.145367,-7.595066880787519,2.9377929665207367,-2.6256508049242644e-05,0.0,24.591227720016125,-1.54988072458768,1.54988072458768
1762151910.16527,-7.596748046529789,2.9410489055436617,-1.6792202148161266e-06,0.0,24.589956348626956,-1.5530090258190248,1.5530090258190248
1762151910.188398,-7.595531418981293,2.9425016098120067,-1.9570107469448956e-06,0.0,24.58806320193703,-1.5532737824774618,1.5532737824774618
1762151910.210191,-7.597388198326675,2.9447394530631428,-2.5240374848212226e-05,0.0,24.587662165899477,-1.5558302960260495,1.5558302960260495
1762151910.240542,-7.598653602377285,2.9429628518070956,-2.519145914066098e-05,0.0,24.589827419054032,-1.55537642096479,1.55537642096479
1762151910.2766013,-7.595000826139966,2.9443874013629032,-1.7083203723692632e-10,0.0,24.58631269041867,-1.554221000697698,1.554221000697698
1762151910.3030796,-7.594270634240572,2.9456775100205412,-5.940221488782751e-06,0.0,24.58486757302275,-1.554657199710813,1.554657199710813
1762151910.3265824,-7.593477416717131,2.9459914603502306,-2.435905639029912e-05,0.0,24.584100933736558,-1.554407838833331,1.554407838833331
1762151910.371354,-7.5924596283983785,2.9461892037618265,-2.330373769569263e-05,0.0,24.583268723492573,-1.5539510407818427,1.5539510407818427
1762151910.3949237,-7.59214818834599,2.9469396257214377,-1.5630130062406142e-10,0.0,24.582504515843322,-1.5542695839784977,1.5542695839784977
1762151910.4160192,-7.592027634185077,2.944401585063547,-2.3403871353991723e-05,0.0,24.584297780278007,-1.5525138615246648,1.5525138615246648
1762151910.445405,-7.593135415446783,2.94073992275187,-1.7307980303895596e-06,0.0,24.58774903165592,-1.5507230333017927,1.5507230333017927
1762151910.4741926,-7.59078861444984,2.9406103252344042,-2.6669122596569444e-05,0.0,24.5862626084885,-1.5492819420454298,1.5492819420454298
1762151910.49476,-7.59071771748034,2.9440419872914374,-1.2527944214299064e-06,0.0,24.583680265432204,-1.5515175089079831,1.5515175089079831
1762151910.5214791,-7.592756122000833,2.9413235756579246,-2.0428907001249603e-05,0.0,24.587062251119242,-1.5508914574928299,1.5508914574928299
1762151910.5527637,-7.595120645993589,2.943092553971596,-2.0115575831048293e-05,0.0,24.58734981371164,-1.5534296943455876,1.5534296943455876
1762151910.573201,-7.5945254425845,2.9441201372234755,-1.4629101184698397e-06,0.0,24.586189596609884,-1.5537692469659983,1.5537692469659983
1762151910.6009898,-7.591312366878044,2.9446430928346934,-1.0603722410680445e-06,0.0,24.583637197029528,-1.5522605957331785,1.5522605957331785
1762151910.6339207,-7.5932774042497915,2.942227626240218,-8.741370084714529e-05,0.0,24.58674597262222,-1.5517923212847817,1.5517923212847817
1762151910.6531296,-7.591891790326807,2.9395538450067513,-1.8754160252456704e-05,0.0,24.587786627613387,-1.549218657186822,1.549218657186822
1762151910.6748893,-7.593201731233579,2.940745066637024,-1.3282784907682015e-06,0.0,24.587789940560594,-1.5507647007396668,1.5507647007396668
1762151910.6976378,-7.59714609579678,2.9395202759849,-1.9365094341078425e-05,0.0,24.591353711736577,-1.5522226366027445,1.5522226366027445
1762151910.7286086,-7.595687813518725,2.939569297576186,-1.2756868108252436e-10,0.0,24.590334376549478,-1.5514166516070766,1.5514166516070766
1762151910.75096,-7.595784176217784,2.9397300115852176,-1.1730932426703051e-06,0.0,24.590280641648388,-1.5515787765033253,1.5515787765033253
1762151910.768191,-7.597051842505621,2.9397360388890883,-2.5508586304779236e-06,0.0,24.591130811564177,-1.552311745381777,1.552311745381777
1762151910.8688521,-7.59423808124257,2.9451953134878743,-1.4168778271732425e-06,0.0,24.58520176604038,-1.5543179219027174,1.5543179219027174
1762151910.9060411,-7.59599588307893,2.940847279149055,-1.9100946008286e-05,0.0,24.589598179817127,-1.5524423983473294,1.5524423983473294
1762151910.9442582,-7.593230377672742,2.939360228837606,-9.680464624313033e-07,0.0,24.58883206238876,-1.5498625106421768,1.5498625106421768
1762151911.0729876,-7.591664525498274,2.9379686345489024,-1.0286321675077176e-10,0.0,24.588804212579156,-1.548036662777339,1.548036662777339
1762151911.1026065,-7.594057096752005,2.936386247750161,-1.6799247945914858e-06,0.0,24.591585924802274,-1.5483668483901412,1.5483668483901412
1762151911.1375468,-7.592675636774662,2.9354780881034057,-3.6481350456965167e-06,0.0,24.59132533284463,-1.546969535394112,1.546969535394112
1762151911.1624656,-7.591752470333584,2.935228819498868,-1.594322017398435e-05,0.0,24.590887066527102,-1.546272388016848,1.546272388016848
1762151911.192346,-7.5963476959457,2.9340098136145505,-1.3412313254992978e-05,0.0,24.594885355667433,-1.548108366570673,1.548108366570673
1762151911.2125437,-7.594069742595475,2.931177728367316,-9.252901271118796e-07,0.0,24.59544134261351,-1.5449243399812442,1.5449243399812442
1762151911.2386768,-7.5965442053212655,2.9294267737707425,-1.428488757109551e-05,0.0,24.598402763833736,-1.5451854014486726,1.5451854014486726
1762151911.2616963,-7.594765387056931,2.9299128803541308,-8.301007517220144e-07,0.0,24.59684451226168,-1.5444868519835526,1.5444868519835526
1762151911.286531,-7.594075944753959,2.926820138125627,-9.650751409471246e-07,0.0,24.598663939638968,-1.5420458140359574,1.5420458140359574
1762151911.3100307,-7.591198282653406,2.927779719198331,-6.19636068019837e-07,0.0,24.596015184071952,-1.5410262731996047,1.5410262731996047
1762151911.3355293,-7.589336720451903,2.933776953342717,-7.395067396184097e-07,0.0,24.59033075728817,-1.543917578129712,1.543917578129712
1762151911.3574471,-7.58802285465794,2.9380043353890533,-5.7732907697390106e-05,0.0,24.58632274251221,-1.5459554364363233,1.5459554364363233
1762151911.3751621,-7.591444032381638,2.935884706736759,-8.39553180800737e-11,0.0,24.59019470396813,-1.5465288654342515,1.5465288654342515
1762151911.4043832,-7.593275857578191,2.940422334414382,-1.7762858112742793e-05,0.0,24.58807827683916,-1.5505933183418568,1.5505933183418568
1762151911.4351966,-7.592282148526102,2.9374425454772983,-1.2045897541401538e-05,0.0,24.589609152253516,-1.5480443128534784,1.5480443128534784
1762151911.4515736,-7.588908687018863,2.9386689829746087,-4.445800702624188e-05,0.0,24.586429050001513,-1.5469082386904724,1.5469082386904724
1762151911.4911757,-7.592235906541328,2.9403053782797097,-1.1376354170400482e-05,0.0,24.587463555005513,-1.5499156941521008,1.5499156941521008
1762151911.5166638,-7.592880585682036,2.9387372597998613,-4.148293857652884e-05,0.0,24.589056353982194,-1.5492476804676223,1.5492476804676223
1762151911.562306,-7.591228902175424,2.9420427920493726,-9.362532986080441e-07,0.0,24.585501449929133,-1.5504865279188909,1.5504865279188909
1762151911.6121988,-7.5937757362562115,2.9435753854250786,-2.0960434208322733e-06,0.0,24.586086508831457,-1.5529748300127775,1.5529748300127775
1762151911.6403244,-7.59552308604263,2.940840792397009,-5.844375671268311e-07,0.0,24.589284225591772,-1.5521659583721141,1.5521659583721141
1762151911.676424,-7.595641927164063,2.9411736242564515,-8.553168460824778e-07,0.0,24.589118522672848,-1.5524553844232654,1.5524553844232654
1762151911.7131212,-7.596663661662213,2.942117706459015,-6.871054246404551e-11,0.0,24.589110067226873,-1.5536705378100517,1.5536705378100517
1762151911.752838,-7.597764218780725,2.94178775405697,-1.0977052459918447e-05,0.0,24.590095724158108,-1.5540841660274023,1.5540841660274023
1762151911.774918,-7.593233714917312,2.943294132727956,-1.22799754146627e-06,0.0,24.58592882150908,-1.5524752031351927,1.5524752031351927
1762151911.8086474,-7.590828874920089,2.942307367390264,-9.732858543236952e-06,0.0,24.585036354632877,-1.5504307684568555,1.5504307684568555
1762151911.8501742,-7.593100815133834,2.9389979368351935,-9.783591495244338e-06,0.0,24.58901229584106,-1.5495475275771693,1.5495475275771693
1762151911.8713803,-7.592608319247055,2.937037982986608,-7.250548030222602e-07,0.0,24.590127847032953,-1.5479642630170707,1.5479642630170707
1762151911.9383652,-7.590778189687917,2.9339845780483738,-9.77560311745108e-06,0.0,24.591149204600587,-1.544886879932453,1.544886879932453
1762151911.9687912,-7.586622691427346,2.938659449737281,-5.828553402927364e-11,0.0,24.58489494325435,-1.5455779973556707,1.5455779973556707
1762151911.9952455,-7.592707708237481,2.9415476309519213,-8.18866750981466e-06,0.0,24.586864129975783,-1.5510121937514856,1.5510121937514856
1762151912.0179513,-7.591934536663788,2.9424449612478787,-8.160213516125978e-06,0.0,24.585680134053437,-1.551161175662228,1.551161175662228
1762151912.0373206,-7.588778314606113,2.9435728480953127,-7.828600588031024e-06,0.0,24.582719275181965,-1.5500831230414298,1.5500831230414298
1762151912.0720077,-7.589758609163565,2.943507160846695,-4.882544739181314e-07,0.0,24.583428674649166,-1.5506074208375287,1.5506074208375287
1762151912.1030483,-7.589669143491394,2.942135003881449,-5.334449020206501e-11,0.0,24.584381803160067,-1.5496454607724277,1.5496454607724277
1762151912.1256855,-7.591495054816761,2.943647232131525,-3.598701452575253e-07,0.0,24.58449587937097,-1.5517051261340051,1.5517051261340051
1762151912.1468916,-7.594347568480155,2.9473837662416447,-4.280148055970356e-07,0.0,24.583659238195942,-1.5558360496276986,1.5558360496276986
1762151912.169834,-7.593324871884744,2.943156002679994,-5.59147162311236e-07,0.0,24.586092296397073,-1.5524361000458093,1.5524361000458093
1762151912.227212,-7.5945053828789595,2.940769019522403,-6.048208843518656e-07,0.0,24.588651131274055,-1.5515321693048245,1.5515321693048245
1762151912.2596195,-7.592236720538092,2.9397263166438137,-4.8215021195398625e-11,0.0,24.58789178535545,-1.5495321185834205,1.5495321185834205
1762151912.2798352,-7.594434040723151,2.938056321275925,-6.845854926781752e-06,0.0,24.59060657099546,-1.549691172285312,1.549691172285312
1762151912.306883,-7.594584705646071,2.9372336897305127,-4.4101465374650067e-07,0.0,24.591315721343122,-1.5492323495948273,1.5492323495948273
1762151912.3298843,-7.5958465534707065,2.9367747286980745,-2.901552328038495e-05,0.0,24.59250539829876,-1.549653719959055,1.549653719959055
1762151912.3505454,-7.595700013633792,2.934769483839447,-4.614278739168255e-07,0.0,24.593887633293754,-1.5482399538226053,1.5482399538226053
1762151912.3776724,-7.592561428012733,2.938772398630064,-4.424389238956347e-07,0.0,24.588815234987425,-1.5490869185382596,1.5490869185382596
1762151912.4026551,-7.591651082019756,2.940574844988967,-4.412407181438819e-11,0.0,24.586870262435614,-1.5497567382644661,1.5497567382644661
1762151912.4247932,-7.595233973798776,2.9393024502544356,-6.210921773574254e-06,0.0,24.590225499078716,-1.550978374433217,1.550978374433217
1762151912.4529588,-7.595596796154646,2.9389000656938715,-6.118065589206098e-06,0.0,24.590767294691865,-1.5509201210625219,1.5509201210625219
1762151912.4887078,-7.593829959471402,2.9369247120375563,-3.85973884949802e-07,0.0,24.59103509853529,-1.5485930171180173,1.5485930171180173
1762151912.524618,-7.593669156193414,2.938557960512715,-4.072773801809322e-07,0.0,24.5897204102394,-1.5495833225038247,1.5495833225038247
1762151912.5485518,-7.594407444331899,2.9367467599600885,-3.9846162194014144e-11,0.0,24.591555852334025,-1.548807480152818,1.548807480152818
1762151912.5983088,-7.593859850758421,2.9348942083171616,-5.5685007878097285e-06,0.0,24.592554933569826,-1.5472645849996922,1.5472645849996922
1762151912.6176696,-7.59629825404939,2.938014832303824,-2.4886756984656496e-05,0.0,24.59189400896608,-1.5507360528503358,1.5507360528503358
1762151912.6551716,-7.594665673937602,2.9412338211129145,-3.301873285191111e-07,0.0,24.58841590282356,-1.5519330831841955,1.5519330831841955
1762151912.680644,-7.59187102581803,2.941856954628861,-2.9689150720737444e-07,0.0,24.586071605135324,-1.5507342959692656,1.5507342959692656
1762151912.7110438,-7.5903909255698965,2.9385401838198204,-1.907469628249516e-06,0.0,24.587523457639286,-1.5476799512465012,1.5476799512465012
1762151912.7348213,-7.593445960611152,2.943364805378291,-4.319235275885739e-07,0.0,24.586019713824026,-1.5526446509731966,1.5526446509731966
1762151912.7620788,-7.592840300764952,2.940541677757201,-3.513481314291718e-11,0.0,24.58769649361649,-1.5504212437015432,1.5504212437015432
1762151912.8067732,-7.592829500944394,2.941239092315295,-3.42628239758465e-11,0.0,24.587174118391296,-1.550877746571065,1.550877746571065
1762151912.8422835,-7.595140017206045,2.9408275424423636,-5.312715902363444e-06,0.0,24.58903575849893,-1.551936593287227,1.551936593287227
1762151912.874077,-7.595088683652147,2.941320392950998,-6.016630530821029e-06,0.0,24.58863714297217,-1.5522342581395683,1.5522342581395683
1762151912.9064727,-7.594469930117184,2.940797483733003,-3.147853286269441e-06,0.0,24.58860620710475,-1.551530635377951,1.551530635377951
1762151912.9418972,-7.590550785946949,2.9438187290485307,-8.638424779982897e-06,0.0,24.58373261872968,-1.5512727331875629,1.5512727331875629
1762151912.9733942,-7.591889983323662,2.944064670594587,-3.094720951331005e-11,0.0,24.584453817571223,-1.5522105788585767,1.5522105788585767
1762151913.0022001,-7.593375028645939,2.947370580085852,-3.0187143590214034e-11,0.0,24.583013320802827,-1.555265426917276,1.555265426917276
1762151913.0573237,-7.592181512231886,2.9492480253108964,-5.07798427009571e-06,0.0,24.580822051046052,-1.5558234442309282,1.5558234442309282
1762151913.0780232,-7.590312999541133,2.946929624252473,-4.302322008235196e-06,0.0,24.581274674963574,-1.5532004830671382,1.5532004830671382
1762151913.105526,-7.588051614990762,2.944764954409926,-1.3736124728626933e-06,0.0,24.581348894448176,-1.5504525370771354,1.5504525370771354
1762151913.1327367,-7.585978711174746,2.941992278749039,-8.344956348859595e-07,0.0,24.58199924091963,-1.5474113972671917,1.5474113972671917
1762151913.1952658,-7.583648459986091,2.9422534043446316,-2.727675062476841e-11,0.0,24.580235396036766,-1.5462299478742547,1.5462299478742547
1762151913.2179112,-7.5877328747507695,2.9378181051678665,-3.7150205390324135e-06,0.0,24.586264792344824,-1.545664263486147,1.545664263486147
1762151913.2564557,-7.593229663730508,2.937432464933661,-1.3446521392767709e-05,0.0,24.590255383060402,-1.5485838269160284,1.5485838269160284
1762151913.294687,-7.595190658192127,2.9372677312052806,-2.6513895704688495e-07,0.0,24.591699093626346,-1.5496035613144186,1.5496035613144186
1762151913.31682,-7.591317147115129,2.942754930339495,-2.1308216709864977e-07,0.0,24.585034973019752,-1.5510100525116988,1.5510100525116988
1762151913.3520107,-7.588704601965068,2.9424049471503917,-3.444854842180359e-06,0.0,24.583532165111926,-1.5492658973958482,1.5492658973958482
1762151913.3860924,-7.5887781335781765,2.9399437496215257,-3.462192925378471e-06,0.0,24.585399521629935,-1.547677170474663,1.547677170474663
1762151913.4130824,-7.591883338327006,2.9432157858515695,-3.371719459288504e-06,0.0,24.585076304425865,-1.5516431942834752,1.5516431942834752
1762151913.4369729,-7.590951644570546,2.9420664470671087,-5.843466140384826e-07,0.0,24.585297060345713,-1.5503419327801702,1.5503419327801702
1762151913.5007193,-7.596244002656476,2.9417132915184943,-2.0719087881000143e-07,0.0,24.589125837612876,-1.5531603739218742,1.5531603739218742
1762151913.531802,-7.594956153061915,2.945994338552466,-1.40824967511117e-05,0.0,24.58509572643374,-1.5552634126748996,1.5552634126748996
1762151913.5602467,-7.594532385009587,2.9480923900707108,-2.118683443035139e-11,0.0,24.58326046257609,-1.5564141037324695,1.5564141037324695
1762151913.5903442,-7.597137630007457,2.951711927999984,-1.352988335344269e-05,0.0,24.58234353116996,-1.560327739015968,1.560327739015968
1762151913.6183496,-7.594243175708474,2.9484075725333283,-3.0332425048239014e-06,0.0,24.582832700075564,-1.5564567149331778,1.5564567149331778
1762151913.6467557,-7.597897696098196,2.9452224323533316,-2.2237619294072905e-07,0.0,24.5876489362227,-1.556444730468789,1.556444730468789
1762151913.6704376,-7.599202522082723,2.942650874529618,-2.8527882951107437e-06,0.0,24.59042790302936,-1.555484235902814,1.555484235902814
1762151913.7021754,-7.5935379902904,2.9432944245402926,-2.8031555400908894e-06,0.0,24.586133739062397,-1.5526510275007688,1.5526510275007688
1762151913.7233233,-7.591546344791168,2.9448857893747675,-1.6108996454083993e-07,0.0,24.583615687656703,-1.5525570893030103,1.5525570893030103
1762151913.745515,-7.592904631418103,2.9439877232299505,-2.6353914787275492e-06,0.0,24.585194693596506,-1.5527457796059303,1.5527457796059303
1762151913.8017492,-7.589945419252463,2.9482626158595333,-1.842042832625305e-11,0.0,24.580042346782303,-1.5538729606594277,1.5538729606594277
1762151913.9589984,-7.596988918171387,2.9488188960858426,-2.3595562576505275e-06,0.0,24.58438000092808,-1.5583149586988503,1.5583149586988503
1762151914.2108994,-7.593502899190727,2.9452852569756818,-1.1616512653775278e-07,0.0,24.584639698771205,-1.5539532539056486,1.5539532539056486
1762151914.4254167,-7.590507229874632,2.940496807736742,-1.7272350225659448e-06,0.0,24.586156749087273,-1.5490440170852091,1.5490440170852091
1762151914.5635712,-7.595820284241873,2.930920909254124,-1.0525025648939328e-07,0.0,24.596811184520195,-1.54575945653266,1.54575945653266
1762151914.6728537,-7.594458550348051,2.9347904092626163,-9.229146123488759e-08,0.0,24.593035221971437,-1.5475402274746817,1.5475402274746817
1762151914.9025354,-7.594265739130697,2.9422533059715406,-1.010887317738832e-07,0.0,24.587393311082092,-1.5523794675521803,1.5523794675521803
1762151915.122053,-7.5949666441014125,2.9405505628759396,-6.439456281688988e-08,0.0,24.58912344641901,-1.5516528692766558,1.5516528692766558
1762151915.2813213,-7.590927895685689,2.9476249021566514,-2.775337917532438e-07,0.0,24.5811757027583,-1.5540185929596333,1.5540185929596333
1762151915.3096595,-7.5927949817290905,2.9423608160362913,-4.4356989943891786e-07,0.0,24.586322367312672,-1.5516022798608602,1.5516022798608602
1762151915.4374676,-7.591585429463797,2.941932214296654,-6.534662072488673e-12,0.0,24.5858234798189,-1.550619219894556,1.550619219894556
1762151915.4675164,-7.590564703236352,2.9378772699456803,-9.333793062923455e-07,0.0,24.588130226095416,-1.5473411358954043,1.5473411358954043
1762151915.488663,-7.591769421337122,2.940300570902964,-5.0465776326407096e-08,0.0,24.587152615674942,-1.5496431810042077,1.5496431810042077
1762151915.521893,-7.592547484197339,2.943496971604788,-3.464732801262164e-06,0.0,24.58531637378685,-1.5522136081210793,1.5522136081210793
1762151915.5464725,-7.592156026647251,2.9436238433203283,-8.90995096551853e-07,0.0,24.584958760645733,-1.55207167003416,1.55207167003416
1762151915.5898004,-7.592024304117167,2.9396155132628983,-1.0954026667174982e-06,0.0,24.58783041757426,-1.5493360407441108,1.5493360407441108
1762151915.6123898,-7.593407416040576,2.938486262725959,-8.872463383695009e-07,0.0,24.589596907427683,-1.5493849445798213,1.5493849445798213
1762151915.6395166,-7.594776301160034,2.9373609780096346,-8.184339458106023e-08,0.0,24.591350876944627,-1.5494270157053813,1.5494270157053813
1762151915.664336,-7.595118560407038,2.930314577093037,-7.959256848034068e-07,0.0,24.596785926896715,-1.5449554084822061,1.5449554084822061
1762151915.685405,-7.593698989302713,2.9298927995180595,-7.430677619358701e-08,0.0,24.59614041100342,-1.5438611099825674,1.5438611099825674
1762151915.7196724,-7.593320956603131,2.93370473022844,-4.4734083931992965e-08,0.0,24.593070148840255,-1.5461666249400996,1.5461666249400996
1762151915.7505164,-7.592347086565431,2.936173802141441,-2.5279753697359444e-07,0.0,24.59058999606495,-1.547241075405882,1.547241075405882
1762151915.7815475,-7.59556122637538,2.9371341860202294,-7.572460389254394e-07,0.0,24.5920475526709,-1.5497281015677495,1.5497281015677495
1762151915.8042817,-7.5960382862498514,2.9362727941120212,-7.311439906568361e-07,0.0,24.593005375946483,-1.5494310145031875,1.5494310145031875
1762151915.830979,-7.596518079220303,2.9400404062473213,-4.150227340776074e-08,0.0,24.59054616609116,-1.552206998589965,1.552206998589965
1762151915.8587043,-7.593520360340732,2.9412118307597064,-9.615057969966348e-08,0.0,24.58766000926161,-1.5512582365586973,1.5512582365586973
1762151915.8928406,-7.596504418084612,2.940514533847601,-4.5455524378189716e-08,0.0,24.59018677645634,-1.552513989530157,1.552513989530157
1762151915.9176683,-7.594779158005453,2.9379012471322103,-2.9867303612158076e-08,0.0,24.590953772619635,-1.5497869772702664,1.5497869772702664
1762151915.9690151,-7.596664387033445,2.9404700505178454,-7.225520571811453e-07,0.0,24.59032747695375,-1.5525764463732625,1.5525764463732625
1762151916.0030124,-7.597762450216124,2.940592123488428,-4.527932625636975e-12,0.0,24.590977597028097,-1.553288694692236,1.553288694692236
1762151916.0326293,-7.595792068974474,2.945706030418074,-6.545925764066241e-07,0.0,24.585872212923505,-1.555553773535037,1.555553773535037
1762151916.0852993,-7.595743531698279,2.9501582033892935,-7.075771767018723e-07,0.0,24.582551218242255,-1.558488267424229,1.558488267424229
1762151916.1161652,-7.592501801927652,2.9500877865215154,-5.995536304518781e-07,0.0,24.580417752212202,-1.5565673934781208,1.5565673934781208
1762151916.1375606,-7.590768798877526,2.948070843909334,-6.159568318856707e-07,0.0,24.580739082292652,-1.5542227553016086,1.5542227553016086
1762151916.166977,-7.589571101796612,2.9517078072783525,-3.645817019493046e-08,0.0,24.577245454510315,-1.5559458361823082,1.5559458361823082
1762151916.1884193,-7.593782996740954,2.951603789325279,-4.424775072293484e-08,0.0,24.580161809539728,-1.5583177082935347,1.5583177082935347
1762151916.2352726,-7.590905779963843,2.9488097845163908,-4.5840272987191654e-08,0.0,24.580285666217772,-1.5547932269144313,1.5547932269144313
1762151916.2595992,-7.591823588313289,2.9470209602845685,-3.841071750741693e-12,0.0,24.58222560867123,-1.554135828832462,1.554135828832462
1762151916.2882094,-7.59373906501886,2.9473241233867555,-3.5350758580307367e-08,0.0,24.583293054753593,-1.5554449018374368,1.5554449018374368
1762151916.3333473,-7.593667441566177,2.9440268198792983,-2.9527301439075394e-08,0.0,24.58568008080544,-1.5532121853329348,1.5532121853329348
1762151916.3614612,-7.59542857914356,2.94013531540317,-3.219517136656365e-08,0.0,24.589741561001226,-1.5516431841723834,1.5516431841723834
1762151916.3846662,-7.591982676071579,2.937119359306556,-2.9146990732174363e-08,0.0,24.589645955011115,-1.5476574329930823,1.5476574329930823
1762151916.4084167,-7.595612474367413,2.939479809812882,-4.818432018341892e-08,0.0,24.59034967881503,-1.5513139045201467,1.5513139045201467
1762151916.430302,-7.593791692775523,2.939217316196267,-2.718968916215842e-08,0.0,24.589316035715218,-1.5500912649681584,1.5500912649681584
1762151916.4626102,-7.593018887062427,2.939138078735892,-2.5845597109576152e-08,0.0,24.58885355688228,-1.5495932281047073,1.5495932281047073
1762151916.5040095,-7.5942776105921626,2.937287674528913,-3.8720548882917334e-08,0.0,24.591068815394138,-1.5490913874453596,1.5490913874453596
1762151916.5462105,-7.592134811968068,2.9381498033020375,-2.4094552290894597e-08,0.0,24.58898745815791,-1.5484280877544347,1.5484280877544347
1762151916.5683348,-7.593871206636397,2.939531126993744,-2.389521359376173e-08,0.0,24.589137868087217,-1.5503452644309705,1.5503452644309705
1762151916.6005704,-7.595194696774764,2.9411153275670436,-4.394415450627029e-07,0.0,24.588860070318624,-1.5521591563377808,1.5521591563377808
1762151916.622459,-7.593570322036997,2.9386222980896046,-2.531097708937945e-08,0.0,24.589606261045603,-1.5495690394740738,1.5495690394740738
1762151916.6469588,-7.59559686913665,2.934392721368765,-4.323000424710238e-07,0.0,24.59409636453,-1.5479309871991176,1.5479309871991176
1762151916.6756952,-7.594755259697452,2.93543889763455,-5.738742300431725e-07,0.0,24.59275629570509,-1.5481406156453312,1.5481406156453312
1762151916.7020085,-7.59828089156898,2.9339409237821155,-1.9614443853939795e-06,0.0,24.5962395370207,-1.5491714391009983,1.5491714391009983
1762151916.7228653,-7.596240667800615,2.9363820152824824,-4.198876756909191e-07,0.0,24.593061147111648,-1.5496197314048874,1.5496197314048874
1762151916.749416,-7.597719217818235,2.9373857037718967,-2.434825306631636e-08,0.0,24.593316638780767,-1.5511346999129647,1.5511346999129647
1762151916.7854688,-7.595729106891646,2.939455430953337,-4.4690624386369456e-07,0.0,24.5904463145322,-1.5513648301478642,1.5513648301478642
1762151916.8066454,-7.592340920795867,2.942360680015584,-2.499709866002663e-08,0.0,24.58601635388679,-1.5513399947392768,1.5513399947392768
1762151916.8279839,-7.594653149685766,2.940673773576012,-6.303664497550237e-07,0.0,24.588821097562064,-1.5515540814493693,1.5515540814493693
1762151916.854675,-7.596176758577639,2.938965852244923,-7.327781675319391e-08,0.0,24.591109699053398,-1.551297355858869,1.551297355858869
1762151916.873651,-7.5940608487891135,2.9399649562573233,-9.30768155682194e-08,0.0,24.58894530268663,-1.5507423889263179,1.5507423889263179
1762151916.8930206,-7.594266630592743,2.932636892144939,-2.562419165453412e-12,0.0,24.59449637369724,-1.546003441917795,1.546003441917795
1762151916.9117603,-7.595679245494752,2.9302217346441513,-2.555797453897592e-08,0.0,24.59723249479627,-1.5452156800580747,1.5452156800580747
1762151917.0380297,-7.595700485040723,2.9368397202068497,-2.37544134486219e-12,0.0,24.592358922234396,-1.5496128608986623,1.5496128608986623
1762151917.0630114,-7.592580706752253,2.936673953366254,-2.2944843178583398e-08,0.0,24.590378095427592,-1.5477071159629432,1.5477071159629432
1762151917.0972822,-7.595020417723528,2.934423220792462,-1.726340736858512e-08,0.0,24.59368521258131,-1.5476199600001663,1.5476199600001663
1762151917.1316404,-7.59673162847633,2.9338762057948014,-2.641460376810881e-08,0.0,24.59524287080366,-1.548240151874346,1.548240151874346
1762151917.157105,-7.5958768009787345,2.9351446509625343,-2.0550120495547603e-08,0.0,24.593729728082884,-1.5485902065852066,1.5485902065852066
1762151917.18442,-7.590784183695372,2.9343257934516136,-3.034908995944513e-07,0.0,24.590901231742986,-1.5451161554279251,1.5451161554279251
1762151917.2119792,-7.593826719455836,2.9399434960642363,-3.63069098886413e-07,0.0,24.588803309909693,-1.5505932160309532,1.5505932160309532
1762151917.2509935,-7.5927199861399135,2.943273555503166,-2.0107363146168673e-08,0.0,24.585597679263756,-1.5521649078554485,1.5521649078554485
1762151917.2814875,-7.5916911354623124,2.9449453417452895,-1.5958131388321194e-08,0.0,24.5836693170566,-1.5526803796342827,1.5526803796342827
1762151917.3068986,-7.591595777062207,2.9457566996783275,-2.825550119906906e-07,0.0,24.58300577909242,-1.5531640852823088,1.5531640852823088
1762151917.3396194,-7.590604962999014,2.9433799147872,-1.688990461342916e-08,0.0,24.584093241328407,-1.5510128778701109,1.5510128778701109
1762151917.367308,-7.59119919772511,2.942279214040547,-2.207381409307499e-08,0.0,24.585306808270417,-1.5506262112878786,1.5506262112878786
1762151917.3934991,-7.593767109518588,2.943456171416765,-1.4987706075198838e-08,0.0,24.58616874166978,-1.5528906719581037,1.5528906719581037
1762151917.414135,-7.589217789789275,2.945859008854744,-2.2836229903249363e-08,0.0,24.581327050159594,-1.5518548396024687,1.5518548396024687
1762151917.4426794,-7.5934006076325264,2.942523229608047,-9.938650108479672e-08,0.0,24.586610706711316,-1.552059663376078,1.552059663376078
1762151917.4689333,-7.595491940883447,2.9431601271394077,-2.0067050158118614e-08,0.0,24.58755022129922,-1.5536885387509043,1.5536885387509043
1762151917.4923124,-7.596480533117813,2.9398057859478355,-1.4233200868009554e-08,0.0,24.59069413881179,-1.5520296236285178,1.5520296236285178
1762151917.5137043,-7.591845403279722,2.939848012696292,-3.7978411121505e-08,0.0,24.587538089420136,-1.5493869377888636,1.5493869377888636
1762151917.5404658,-7.5927188975886315,2.9395932421533635,-1.433720241499395e-08,0.0,24.588315140014508,-1.5497220783245793,1.5497220783245793
1762151917.5610158,-7.59379432650852,2.9371150031891586,-1.6878996322954433e-12,0.0,24.59087053123102,-1.54869864636626,1.54869864636626
1762151917.590304,-7.596180666307472,2.9366122776604278,-2.3789399214668722e-08,0.0,24.592850629468735,-1.5497379820680866,1.5497379820680866
1762151917.6391559,-7.595199928274077,2.937547747747905,-1.8828182592452014e-08,0.0,24.591498529465177,-1.549794615753271,1.549794615753271
1762151917.6636574,-7.593813008179846,2.9350422648955123,-1.401637714026703e-08,0.0,24.592414002570525,-1.5473357203487421,1.5473357203487421
1762151917.6862059,-7.590182003046284,2.9348316151274423,-1.494076327784831e-08,0.0,24.590121671875867,-1.545103431751888,1.545103431751888
1762151917.7136557,-7.5940030742755065,2.93429037321287,-1.1651657876671496e-08,0.0,24.593097469142286,-1.5469469651030394,1.5469469651030394
1762151917.7507107,-7.591355920972242,2.9311890020259836,-1.978000709225484e-08,0.0,24.593603441246945,-1.5433704778686024,1.5433704778686024
1762151917.7889242,-7.590387420795896,2.9317432289935628,-1.5790210879091015e-08,0.0,24.59254116901115,-1.543178841733941,1.543178841733941
1762151917.8182411,-7.593084445684018,2.9373971220395476,-2.0563291751673056e-07,0.0,24.59018358497591,-1.5484767174257237,1.5484767174257237
1762151917.8444161,-7.59356499976188,2.9389080632714473,-2.0277887428161205e-07,0.0,24.589391613354582,-1.5497554973559138,1.5497554973559138
1762151917.9246626,-7.596347570629067,2.9348764900759154,-2.0032884320382922e-07,0.0,24.594245163923105,-1.5486828032479116,1.5486828032479116
1762151918.1145275,-7.59023907828805,2.91061234916799,-1.0033997878294003e-08,0.0,24.60804794189122,-1.5291653145319442,1.5291653145319442
1762151918.1337037,-7.595836078213263,2.9160241935921047,-9.385642411543253e-09,0.0,24.607824203186233,-1.5359273067726058,1.5359273067726058
1762151918.159269,-7.599610777097674,2.913469219603128,-1.1550726382459858e-08,0.0,24.61225603374576,-1.5363933961875846,1.5363933961875846
1762151918.3648608,-7.6631466074095504,2.947644070247409,-1.6919686928427597e-08,0.0,24.629849175410268,-1.594532729326408,1.594532729326408
1762151918.5587637,-7.7533051831053275,2.9282734623949964,-6.808570003079527e-09,0.0,24.7049379930975,-1.6276207021520965,1.6276207021520965
1762151918.5747688,-7.759958866197415,2.9297925313543263,-1.255409171441047e-07,0.0,24.708301751857984,-1.6319081336564394,1.6319081336564394
1762151918.5991416,-7.766545496821693,2.936449769963209,-8.745416208126176e-13,0.0,24.70782537222948,-1.6397285392816177,1.6397285392816177
1762151918.6144133,-7.773401629348142,2.94142689148081,-5.679406545654164e-07,0.0,24.70877157823901,-1.6465036406524811,1.6465036406524811
1762151918.6406074,-7.786166629190454,2.942872323832567,-1.2059419084262308e-07,0.0,24.716309784711274,-1.653585854901023,1.653585854901023
1762151918.679742,-7.79606691327532,2.9245738709458333,-1.2423019066364626e-07,0.0,24.736499066698258,-1.6453414991890156,1.6453414991890156
1762151918.7079732,-7.7994433455955985,2.932497718672193,-7.742562148153245e-09,0.0,24.732922982005018,-1.6524744908197373,1.6524744908197373
1762151918.9540215,-7.8566624256152,2.9422819808875276,-6.7024045228700345e-09,0.0,24.764271891769866,-1.6849332327538795,1.6849332327538795
1762151919.1392546,-7.885936037276277,2.991901935707363,-8.38250932217485e-09,0.0,24.74735910356042,-1.733580478777553,1.733580478777553
1762151919.346223,-7.54691060498473,2.6332175250477947,-4.964241845892063e-09,0.0,24.68535170220354,-1.3914666449167614,1.3914666449167614
1762151919.3661838,-7.5432335065794565,2.58819378214778,-4.974419847580459e-09,0.0,24.718435849170213,-1.3637222809668217,1.3637222809668217
1762151919.3929367,-7.529963248092108,2.533343925450571,-4.184016019344437e-09,0.0,24.75329874141187,-1.324975567905549,1.324975567905549
1762151919.4267335,-7.516636705079304,2.489446529784509,-4.7805584909383164e-09,0.0,24.68266816078702,-1.3399699309522048,1.3399699309522048
1762151919.4649339,-7.502700252445462,2.5047967262790785,-7.237841297890552e-08,0.0,24.758842426288812,-1.2918228934271871,1.2918228934271871
1762151919.485057,-7.47010406471911,2.485078808484354,-4.991027090018969e-13,0.0,24.660278168406634,-1.3023676114525442,1.3023676114525442
1762151919.5105078,-7.445283211786019,2.4761198971124285,-3.932374240633526e-09,0.0,24.653831863642587,-1.2787997442108827,1.2787997442108827
1762151919.528485,-7.423807800992597,2.456876844302378,-3.3102439966106634e-09,0.0,24.657782951552047,-1.2527472853388917,1.2527472853388917
1762151919.5451632,-7.3327178169771825,2.403361613513011,-4.765271132414391e-13,0.0,24.651237212454866,-1.1557855820509435,1.1557855820509435
1762151919.5741088,-7.289115854547274,2.3715112906597073,-8.208223423679555e-08,0.0,24.65327321017345,-1.1064453796444562,1.1064453796444562
1762151919.6003344,-7.233036155669873,2.3367854676507087,-9.312228726933951e-08,0.0,24.650718477488706,-1.0457566848866537,1.0457566848866537
1762151919.6355176,-7.182988304671835,2.3172930121303716,-2.1870248860476667e-08,0.0,24.638904472748635,-0.9963144018025099,0.9963144018025099
1762151919.6959937,-7.244930109776003,2.3294579805395865,-4.574865246278445e-09,0.0,24.66344288779001,-1.052304890389707,1.052304890389707
1762151919.7479918,-7.373028287968397,2.32359596915112,-4.6939397987961474e-08,0.0,24.73990990710119,-1.1515771348833375,1.1515771348833375
1762151919.773046,-7.423936992815919,2.3139389244098227,-6.868887504366575e-08,0.0,24.776375020413404,-1.1863039782147249,1.1863039782147249
1762151919.9123104,-7.581214103396641,2.2587700774264947,-3.4072006435439304e-09,0.0,24.81499707288791,-1.3221922269190474,1.3221922269190474
1762151919.9511385,-7.615084978384749,2.2594589672604144,-2.917060511004234e-09,0.0,24.831200418907407,-1.348790127604452,1.348790127604452
1762151919.9724228,-7.634246372295398,2.259453825303676,-3.403854908785109e-09,0.0,24.84070981333289,-1.3634866038546416,1.3634866038546416
1762151919.9982722,-7.652243183981153,2.2588318351955987,-3.6077050813509007e-13,0.0,24.850177128583496,-1.376885519648694,1.376885519648694
1762151920.0931292,-7.7051048992922055,2.263993462046993,-4.992325589850782e-08,0.0,24.871917140724047,-1.4188413051027993,1.4188413051027993
1762151920.1287773,-7.715480473598995,2.262402381841384,-3.2208012852604367e-09,0.0,24.87844543028005,-1.4257173341915572,1.4257173341915572
1762151920.1522155,-7.721987120606187,2.2606589488569178,-6.995278050288351e-09,0.0,24.883186841914558,-1.4296436550965919,1.4296436550965919
1762151920.1874707,-7.730803479180045,2.25830216571299,-3.6229637713186807e-09,0.0,24.889606546052985,-1.4349437931447948,1.4349437931447948
1762151920.2263193,-7.741571704506975,2.2589886050815773,-9.095655983770417e-09,0.0,24.89435204661109,-1.4431062055792023,1.4431062055792023
1762151920.247483,-7.754634906656357,2.2577350973414796,-4.0698671788372425e-09,0.0,24.901920409835203,-1.4519544993211333,1.4519544993211333
1762151920.2695642,-7.757418307034833,2.256190763134029,-4.25441711231845e-08,0.0,24.904642043740246,-1.4532137473390907,1.4532137473390907
1762151920.2841299,-7.761500948913064,2.2549023099258534,-2.984271371911017e-13,0.0,24.907785980448516,-1.455529903127213,1.455529903127213
1762151920.3011472,-7.775600377657357,2.2548370856255207,-5.767513250025154e-08,0.0,24.914836577404266,-1.4656163265605293,1.4656163265605293
1762151920.3216643,-7.7825348887247126,2.256668474849931,-2.946763953089857e-13,0.0,24.916686224198163,-1.4714651134755081,1.4714651134755081
1762151920.3545506,-7.791149772268153,2.2567967101927096,-4.078651304502918e-08,0.0,24.920848255039076,-1.4776674035319748,1.4776674035319748
1762151920.3983831,-7.47665166305909,2.260730073051039,-2.5064001465071533e-09,0.0,24.761427452616925,-1.2395333748922668,1.2395333748922668
1762151920.433592,-7.365058826059423,2.260583526626978,-3.957040713198238e-08,0.0,24.78770304099428,-1.1182575301510775,1.1182575301510775
1762151920.4775164,-7.3425744663956864,2.26000774719302,-2.696670602534751e-13,0.0,24.775611784999636,-1.1006523277611469,1.1006523277611469
1762151920.5105667,-7.322493943619914,2.2621749749434645,-3.688532436045739e-08,0.0,24.762589845487565,-1.085894394381776,1.085894394381776
1762151920.5381155,-7.310541155793603,2.2600770571942985,-2.655475583490705e-09,0.0,24.757647811358527,-1.0756414237618845,1.0756414237618845
1762151920.5622485,-7.3072088997554685,2.2560157935102105,-3.5667018813633614e-08,0.0,24.759152570845274,-1.0713444951760938,1.0713444951760938
1762151920.5923572,-7.305317712058678,2.253935834507376,-2.355327495449608e-09,0.0,24.75982004365664,-1.069000470402185,1.069000470402185
1762151920.6126616,-7.2975404315811,2.255034674954788,-4.6166934739057334e-08,0.0,24.75456144656193,-1.0633142934541744,1.0633142934541744
1762151920.6422117,-7.294803497680692,2.251023023227848,-3.431090094771455e-08,0.0,24.756357852201525,-1.0595100605894228,1.0595100605894228
1762151920.6676822,-7.294418393757083,2.246002235304019,-6.252445870086495e-08,0.0,24.76030566779912,-1.0571608289655767,1.0571608289655767
1762151920.699994,-7.297148410149311,2.2371740317938476,-9.228463972400983e-08,0.0,24.769151819507776,-1.0557388960879117,1.0557388960879117
1762151920.7246363,-7.296030184910097,2.2393850142437053,-1.2034246042808125e-07,0.0,24.76669345510873,-1.0557506459735806,1.0557506459735806
1762151920.7549365,-7.300280604612265,2.23800271615073,-2.2291226550683141e-13,0.0,24.770215584493837,-1.0585413680704834,1.0585413680704834
1762151920.784206,-7.292088698497291,2.2340512310431477,-1.9889094841242693e-09,0.0,24.76891279218728,-1.0504889536570647,1.0504889536570647
1762151920.8300383,-7.301179583682725,2.2244884525059825,-3.2294179611882677e-08,0.0,24.78192373402256,-1.0538074523313599,1.0538074523313599
1762151920.8671079,-7.305817719732208,2.214102098233734,-3.2468243474821634e-08,0.0,24.717172885884526,-1.0787298594953183,1.0787298594953183
1762151920.923684,-7.304736869372142,2.1997169001253574,-2.911256073368387e-08,0.0,24.729127349375787,-1.0723390432439075,1.0723390432439075
1762151920.95061,-7.305379266602937,2.1802839927852933,-1.8764166200379633e-09,0.0,24.746319530092922,-1.0655850822791118,1.0655850822791118
1762151920.979982,-7.307997373594975,2.152749492127625,-2.267138496318053e-09,0.0,24.771526337207547,-1.0576383212314757,1.0576383212314757
1762151921.0003757,-7.30852878839584,2.134413644147447,-1.563780985663369e-09,0.0,24.78771089292954,-1.0514368657887696,1.0514368657887696
1762151921.0401976,-7.305354702900569,2.11582030435421,-1.8019906760244077e-09,0.0,24.802280929852973,-1.042129741987863,1.042129741987863
1762151921.0791752,-7.305320822144686,2.093799447242345,-3.063409747293831e-08,0.0,24.821384752995172,-1.034344637516253,1.034344637516253
1762151921.1022959,-7.309082655640879,2.079014380890874,-2.822055745524928e-08,0.0,24.836088613784383,-1.032322577974882,1.032322577974882
1762151921.129874,-7.30982879102153,2.0582412778096106,-3.722238902762023e-08,0.0,24.854495940430773,-1.0257948430074588,1.0257948430074588
1762151921.155966,-7.314479051807978,2.0370465793885417,-3.281089669548932e-08,0.0,24.875205961921314,-1.0224214166669179,1.0224214166669179
1762151921.1860983,-7.316540142082777,2.01939789827525,-3.1446827288323244e-08,0.0,24.891552642321464,-1.0182081746970337,1.0182081746970337
1762151921.2376919,-7.312205552151186,2.001774780118382,-2.3698097480182004e-08,0.0,24.832425307201152,-1.0328283576557016,1.0328283576557016
1762151921.2670727,-7.325877653496233,2.009156623718121,-1.04673307835301e-09,0.0,24.83164340573908,-1.0470767312449518,1.0470767312449518
1762151921.3271074,-7.332653058465216,2.0039918845891815,-6.503072470758899e-09,0.0,24.83922061842114,-1.0514072803401,1.0514072803401
1762151921.347183,-7.33683383017863,2.0128375528436133,-1.2949116767724883e-08,0.0,24.83303400153817,-1.0578031332190898,1.0578031332190898
1762151921.3753014,-7.339213672558005,2.018979220026031,-1.6745900289818484e-09,0.0,24.828513581755672,-1.0618021818300556,1.0618021818300556
1762151921.3977752,-7.335002987406999,2.019042120281464,-1.6275872360802645e-09,0.0,24.826645314475922,-1.0581374194154962,1.0581374194154962
1762151921.436278,-7.336229261387818,2.0195784297925865,-1.1221844879474633e-09,0.0,24.826688730063534,-1.0593785917894172,1.0593785917894172
1762151921.4626558,-7.342430933692744,2.022721004239237,-1.7118794908762009e-09,0.0,24.826519870981706,-1.0657904650290422,1.0657904650290422
1762151921.5002112,-7.342543127215852,2.0262626325422106,-1.3134368065068926e-09,0.0,24.89849069123713,-1.0416023496865616,1.0416023496865616
1762151921.5249093,-7.333975663511188,2.004179570370146,-1.3792259112569152e-13,0.0,24.839620189181986,-1.0526200783947246,1.0526200783947246
1762151921.5515232,-7.329524626595814,1.9943667118515898,-1.8380401925849593e-09,0.0,24.84656364467123,-1.0457176494926024,1.0457176494926024
1762151921.578535,-7.327437954651083,1.9866663131737488,-2.9400507620763702e-09,0.0,24.85261730047473,-1.0415495210813979,1.0415495210813979
1762151921.5972478,-7.328139346918328,1.9693296410473453,-2.0778233843462856e-08,0.0,24.868569348495534,-1.036920030600927,1.036920030600927
1762151921.625791,-7.3207768861944205,1.954788680880348,-2.0215123900553692e-08,0.0,24.87852846597045,-1.026202814196123,1.026202814196123
1762151921.655801,-7.320403542334941,1.9353518442776072,-1.807204452265042e-08,0.0,24.895914027550496,-1.0202095233765427,1.0202095233765427
1762151921.6755834,-7.318996042481709,1.9212476426438707,-1.6657735019971703e-09,0.0,24.90804076386871,-1.0149879098323589,1.0149879098323589
1762151921.7084877,-7.316205417431815,1.9028931457797085,-6.530420369070033e-08,0.0,24.923409324635287,-1.0075094865665408,1.0075094865665408
1762151921.8095999,-7.316522589875249,1.7998145676095183,-1.6233833151413474e-08,0.0,24.94694838241416,-1.0035560550806373,1.0035560550806373
1762151921.8434625,-7.318335691860342,1.7725437018824706,-3.568200513959447e-08,0.0,24.973025154680005,-0.999406470174748,0.999406470174748
1762151921.8868039,-7.319920722065408,1.7405368694404166,-1.617730612990928e-08,0.0,25.00343392348229,-0.9943415499002964,0.9943415499002964
1762151922.0145109,-7.314007686185783,1.5757224258825389,-2.4843379149185236e-09,0.0,25.087624891740045,-0.9787574767609147,0.9787574767609147
1762151922.079276,-7.310394234954224,1.5371355280592593,-3.9455542331119306e-08,0.0,25.123476208120096,-0.9678282875888412,0.9678282875888412
1762151922.1064196,-7.308779721189889,1.504516973201033,-6.679283728379233e-10,0.0,25.15420267682336,-0.9593571499430322,0.9593571499430322
1762151922.1430902,-7.308839314311646,1.4763182987083745,-8.192387230294743e-10,0.0,25.181190488951568,-0.9527910310939599,0.9527910310939599
1762151922.204559,-7.3089663518584045,1.450492158232999,-1.3269530488593057e-08,0.0,25.205928796685892,-0.9463640919521973,0.9463640919521973
1762151922.2268026,-7.310020255900106,1.4269401081111501,-8.491946663769795e-10,0.0,25.16127770974986,-0.9735180463572346,0.9735180463572346
1762151922.3006008,-7.307750366372986,1.4040425246834551,-5.17648022254321e-09,0.0,25.183113010631345,-0.9674029438663879,0.9674029438663879
1762151922.3195531,-7.3057231176498405,1.385707699400386,-1.232074030646058e-08,0.0,25.200551049791088,-0.9621199705207999,0.9621199705207999
1762151922.3402557,-7.304804459819163,1.3641298296759832,-1.329907119287336e-08,0.0,25.22139666530077,-0.9570846328001232,0.9570846328001232
1762151922.3558512,-7.306066921140956,1.3450329395246239,-8.108140720763695e-14,0.0,25.24030263686564,-0.9545137475741858,0.9545137475741858
1762151922.3831427,-7.305826463449411,1.3269041564819462,-1.3163688820017334e-08,0.0,25.257933247471936,-0.9509398847448942,0.9509398847448942
1762151922.4813633,-7.306270987455189,1.2457551448656643,-1.4465133867352188e-08,0.0,25.269152581644445,-0.9712822313108518,0.9712822313108518
1762151922.5145257,-7.302758421296132,1.2160615925440128,-1.0796547021368171e-08,0.0,25.298004388408316,-0.9647407053644745,0.9647407053644745
1762151922.5468776,-7.302912430472719,1.1863466239903901,-1.0257055606045319e-08,0.0,25.327417668928483,-0.9616113459142925,0.9616113459142925
1762151922.5713906,-7.302595389063663,1.153116203028691,-1.2586110758324146e-08,0.0,25.36023861351257,-0.957798015026067,0.957798015026067
1762151922.6448686,-7.3061710971682245,1.0975204305329165,-9.669292174377006e-09,0.0,25.415754378626417,-0.9549482956437245,0.9549482956437245
1762151922.6633017,-7.302811574352853,1.0694586034410958,-1.673877711640565e-08,0.0,25.443014824650813,-0.949426373893024,0.949426373893024
1762151922.9147458,-7.306360030291813,0.8687092874589404,-5.762427522162337e-14,0.0,25.574207556455832,-0.9811505658274533,0.9811505658274533
1762151923.1027977,-7.303993533469782,0.8041208235477636,-1.1743356388885136e-09,0.0,25.565840006040574,-1.020521183569617,1.020521183569617
1762151923.1310656,-7.300583536398561,0.7960432083889255,-7.065370384753171e-09,0.0,25.57391883139944,-1.018158248562672,1.018158248562672
1762151923.1630266,-7.29976567258942,0.792205573830546,-3.248251710834327e-08,0.0,25.577756756096008,-1.0177196778240725,1.0177196778240725
1762151923.1794658,-7.300770606490116,0.7858061023354349,-6.853564650288725e-09,0.0,25.584155870389022,-1.0189531831617287,1.0189531831617287
1762151923.2541084,-7.30474523793794,0.7593052446933752,-4.141079300991441e-10,0.0,25.610655315179876,-1.0242125087245775,1.0242125087245775
1762151923.2805018,-7.301088443529487,0.760020914605351,-6.325573811754967e-09,0.0,25.60994094364681,-1.0212119164133204,1.0212119164133204
1762151923.304576,-7.299634909391578,0.7609330948085626,-6.450680819697195e-09,0.0,25.609029279573992,-1.0199629699386865,1.0199629699386865
1762151923.33143,-7.29694918411644,0.7535419684321882,-6.43934503653118e-09,0.0,25.616421359043148,-1.0184907606578455,1.0184907606578455
1762151923.360184,-7.2992216143222395,0.7520999795492893,-6.908709153843896e-09,0.0,25.617862541015686,-1.02044797435512,1.02044797435512
1762151923.3955512,-7.307238858032409,0.7435607542442777,-6.883490028566582e-09,0.0,25.626398919284334,-1.0276852715061848,1.0276852715061848
1762151923.4273622,-7.311423580637031,0.7349447435561601,-4.469022988581925e-10,0.0,25.63501344365628,-1.0318999663314576,1.0318999663314576
1762151923.4528902,-7.313983640724942,0.7265171251037201,-5.740252633206501e-09,0.0,25.64344015263594,-1.0348519621116117,1.0348519621116117
1762151923.481457,-7.315877615508922,0.7202393333794441,-6.962046471115986e-09,0.0,25.64971727151451,-1.0370737343204335,1.0370737343204335
1762151923.502889,-7.313647519180308,0.7181840455036207,-5.6566843459718985e-09,0.0,25.65177335104975,-1.0355708520295446,1.0355708520295446
1762151923.5260549,-7.3162585031119916,0.713872084450541,-3.419177707698036e-10,0.0,25.6560843848091,-1.0381512197913327,1.0381512197913327
1762151923.559866,-7.313072544231271,0.7082539708455053,-3.039004692564141e-10,0.0,25.661703629225098,-1.0363857809303045,1.0363857809303045
1762151923.6031895,-7.308824064289994,0.710370827940413,-6.319838167787307e-10,0.0,25.659588280673574,-1.0327880992891654,1.0327880992891654
1762151923.630727,-7.306591289815217,0.7151708455534914,-2.9753058149255793e-10,0.0,25.654789056102864,-1.030415941900002,1.030415941900002
1762151923.6562252,-7.3049008684586685,0.722825715962951,-3.563487250006178e-14,0.0,25.64713478635488,-1.0281329249245303,1.0281329249245303
1762151923.6923442,-7.303869425907714,0.721231707516631,-7.499430200993425e-09,0.0,25.648729160911287,-1.027517004347683,1.027517004347683
1762151923.736592,-7.3056152186416465,0.7053532150242838,-5.732457648365746e-09,0.0,25.664607032564394,-1.0309643060534164,1.0309643060534164
1762151923.7620199,-7.306356892907821,0.6965092955810208,-4.935613217946239e-09,0.0,25.673450688121026,-1.0328068244213466,1.0328068244213466
1762151923.796765,-7.304951144095813,0.6858974969133015,-4.668794551921308e-10,0.0,25.68406298522676,-1.033348557651624,1.033348557651624
1762151923.82047,-7.3047407094676045,0.678066079892443,-4.498950901660489e-09,0.0,25.69189447646819,-1.0344679473743192,1.0344679473743192
1762151923.8520036,-7.3035459903324425,0.6715877170797647,-3.620759197542773e-10,0.0,25.69837326305396,-1.034664141406607,1.034664141406607
1762151923.8880181,-7.302534257508694,0.6756264954468589,-3.041703361078353e-10,0.0,25.694334844154106,-1.0331890719679595,1.0331890719679595
1762151923.9258463,-7.303984872669833,0.6723051934229161,-2.5195791021737394e-10,0.0,25.697655630932182,-1.034874473002516,1.034874473002516
1762151923.9528432,-7.305753736496793,0.668339941409789,-3.0049502768133213e-10,0.0,25.701620254665627,-1.036925499604367,1.036925499604367
1762151924.0119762,-7.30692977014677,0.663758157916202,-4.129500497805169e-09,0.0,25.706201620323238,-1.0386486830278272,1.0386486830278272
1762151924.0477014,-7.3074684580945135,0.6566354954956825,-1.8846749786412104e-10,0.0,25.713324091035293,-1.040386329891576,1.040386329891576
1762151924.0749934,-7.304815818111625,0.6566308429444897,-1.9208725103122318e-10,0.0,25.713329685398,-1.0383738638488453,1.0383738638488453
1762151924.0969884,-7.3087089330417285,0.6562235316260175,-2.9299536185109433e-10,0.0,25.713735614452112,-1.0414061468882858,1.0414061468882858
1762151924.1127105,-7.305503142402622,0.6535788430569169,-2.6640934121389382e-14,0.0,25.716381441060797,-1.0394839832396756,1.0394839832396756
1762151924.153238,-7.308283197282872,0.6517729338910958,-4.180298199287507e-09,0.0,25.71818636306271,-1.0419418264348739,1.0419418264348739
1762151924.175859,-7.3066427658118,0.6578763184307274,-2.563369056331221e-14,0.0,25.712083561338005,-1.0395239382786488,1.0395239382786488
1762151924.217091,-7.307451967137129,0.6525450463589765,-5.9464698077676015e-09,0.0,25.717414545769245,-1.0411616867447504,1.0411616867447504
1762151924.2614295,-7.304248183615517,0.6565019729951493,-2.875192404255859e-10,0.0,25.71345875687613,-1.0379677300126446,1.0379677300126446
1762151924.2823942,-7.309117962295284,0.654294313949425,-5.344900028474066e-10,0.0,25.715664686782507,-1.0420854069250385,1.0420854069250385
1762151924.304113,-7.305199730569686,0.6541630092289813,-2.0267094383102418e-10,0.0,25.715797382651004,-1.0391405519476082,1.0391405519476082
1762151924.3328025,-7.302138225093858,0.6563060561121602,-2.1097155400807613e-10,0.0,25.713655422881164,-1.0364041326784048,1.0364041326784048
1762151924.355817,-7.303716066593385,0.6532898854917285,-2.2179304037582738e-10,0.0,25.716671033103633,-1.03818620719903,1.03818620719903
1762151924.3892035,-7.305959462651596,0.6484344498944068,-2.8042233728026595e-10,0.0,25.721525671883935,-1.0408444210930508,1.0408444210930508
1762151924.4124575,-7.302868518333331,0.6392199845071737,-1.9505446473632775e-10,0.0,25.730741234120824,-1.0404117833040618,1.0404117833040618
1762151924.4346004,-7.304033654282759,0.6387148883768077,-2.72774688518674e-10,0.0,25.731245916541358,-1.0413951234011036,1.0413951234011036
1762151924.4738464,-7.303699188140071,0.6365166151564946,-1.8412176795723486e-10,0.0,25.733444308374306,-1.0416112973217815,1.0416112973217815
1762151924.5056405,-7.305566153154262,0.6417027610503832,-2.0949550274369477e-14,0.0,25.728257499947013,-1.0419211763725331,1.0419211763725331
1762151924.535604,-7.305035653232077,0.6426919510462572,-1.6611911864473576e-10,0.0,25.72726849836588,-1.0413162817929535,1.0413162817929535
1762151924.5620124,-7.305341091835151,0.6555072655207752,-2.8765005096285506e-09,0.0,25.71445307625405,-1.0389880361110069,1.0389880361110069
1762151924.6001782,-7.30441209784175,0.654583295679038,-2.8353586518529185e-09,0.0,25.71537737587406,-1.0384619494189908,1.0384619494189908
1762151924.628528,-7.30300078573728,0.6586511228766385,-1.7322720956483309e-10,0.0,25.711310050014944,-1.036610459151512,1.036610459151512
1762151924.8599057,-7.299082112659492,0.6951031039191272,-1.3431504165791881e-10,0.0,25.674859462583026,-1.0273791173045015,1.0273791173045015
1762151924.9004905,-7.298123769372462,0.6955245275743288,-1.4614345421523587e-10,0.0,25.67443837921127,-1.026572428891821,1.026572428891821
1762151924.921763,-7.295772900291127,0.6982783115813964,-1.5615479676341008e-10,0.0,25.671685430046733,-1.0243329574337356,1.0243329574337356
1762151924.9708724,-7.298906800461064,0.6984345378036234,-5.732936496574455e-09,0.0,25.671528091152574,-1.026741973435219,1.026741973435219
1762151925.0025387,-7.2984296161705,0.6912391752944347,-1.5145911563298288e-10,0.0,25.678723622631082,-1.0274703100940126,1.0274703100940126
1762151925.058534,-7.303928922271185,0.6963469940582538,-2.346700083743653e-09,0.0,25.6736138516772,-1.0309483925331722,1.0309483925331722
1762151925.108241,-7.299883676674617,0.7018699430826465,-1.6834259719125667e-10,0.0,25.668092339253132,-1.0269967196232552,1.0269967196232552
1762151925.1258953,-7.302599993832136,0.705649228662707,-1.9828979950591753e-10,0.0,25.664312089491084,-1.0285736111679304,1.0285736111679304
1762151925.1519291,-7.299766324125666,0.7121362439236867,-1.395593119417856e-10,0.0,25.65782608072484,-1.0254724561544761,1.0254724561544761
1762151925.1932285,-7.303242532110185,0.7198367824640611,-1.0707906990999322e-10,0.0,25.650124308452686,-1.0271978264992072,1.0271978264992072
1762151925.2134151,-7.301079075583623,0.7272125311707762,-1.3286812218238791e-14,0.0,25.64274932833956,-1.0245955210320243,1.0245955210320243
1762151925.2404869,-7.299151577704216,0.7277807510640086,-1.951137355318066e-09,0.0,25.642181792834435,-1.02300751101393,1.02300751101393
1762151925.2719505,-7.299924030714004,0.7243137094372024,-1.7465505334700878e-10,0.0,25.64564855998561,-1.0240345750891544,1.0240345750891544
1762151925.2951238,-7.298662749358419,0.7232777542753014,-2.091724460894849e-10,0.0,25.646684962896348,-1.0231691094774533,1.0231691094774533
1762151925.3374844,-7.295361626278978,0.7286336612865691,-1.016429086033235e-10,0.0,25.641330228276427,-1.0199148479081617,1.0199148479081617
1762151925.362601,-7.294718397850077,0.7224255578238918,-4.89189247371549e-10,0.0,25.647538559724122,-1.0201724389154958,1.0201724389154958
1762151925.3843503,-7.292497936757123,0.7243526096919719,-1.0455840053951335e-10,0.0,25.6456122963455,-1.0181824335350964,1.0181824335350964
1762151925.4036999,-7.293736453052538,0.7283887431380683,-1.1226041785716496e-10,0.0,25.641575723422335,-1.0186616780828772,1.0186616780828772
1762151925.428833,-7.298127281498262,0.7236062885788287,-9.56638532386145e-11,0.0,25.646356618729772,-1.0227070521093307,1.0227070521093307
1762151925.4574604,-7.299798596152201,0.7215628180476068,-1.1417250302752137e-14,0.0,25.64839949573698,-1.0242757507573057,1.0242757507573057
1762151925.486453,-7.304347909239988,0.7176467594816088,-2.4682016894393495e-09,0.0,25.652313938836294,-1.0283413973310507,1.0283413973310507
1762151925.510485,-7.302243327564334,0.71535928424988,-3.148587094272866e-10,0.0,25.654602161149207,-1.026985273050726,1.026985273050726
1762151925.541059,-7.300728788305675,0.7142291599884963,-9.321482023334267e-11,0.0,25.655732823071943,-1.025947031913082,1.025947031913082
1762151925.5717595,-7.297125599450274,0.7229773928023217,-1.7181153919073267e-09,0.0,25.646985870110825,-1.0219968821922985,1.0219968821922985
1762151925.593963,-7.2956299577810855,0.7193651071270352,-9.710418587538044e-11,0.0,25.650598686581485,-1.021279415745201,1.021279415745201
1762151925.615855,-7.296663404513321,0.7169224693548198,-8.32077481896202e-11,0.0,25.653040957277604,-1.0224077079501726,1.0224077079501726
1762151925.639351,-7.295454662442859,0.7173300681241146,-9.000770689915503e-11,0.0,25.652633787694217,-1.0214063788706031,1.0214063788706031
1762151925.6732428,-7.295006080373732,0.7185904958105546,-1.7722635453924521e-10,0.0,25.65137351935493,-1.020889922580494,1.020889922580494
1762151925.692274,-7.298879017008284,0.7182491513016768,-8.500966064380763e-11,0.0,25.65171348876785,-1.0239735600259428,1.0239735600259428
1762151925.7207515,-7.298960813745944,0.7135818607369384,-1.281390148640715e-10,0.0,25.65638074999673,-1.0246487965338162,1.0246487965338162
1762151925.756783,-7.307338325632115,0.7092105712101027,-2.1136412171531948e-10,0.0,25.660749064837773,-1.0317821377407097,1.0317821377407097
1762151925.8061368,-7.307625889535728,0.7071741301514127,-8.224468088103706e-11,0.0,25.662785403669414,-1.032281533123,1.032281533123
1762151925.8444743,-7.305233638438944,0.7106847550718793,-8.502568626352759e-11,0.0,25.65927562833174,-1.0299409307821035,1.0299409307821035
1762151925.8803413,-7.301154184009786,0.7055307671401996,-6.068812856306464e-11,0.0,25.66443106433653,-1.0274635729335877,1.0274635729335877
1762151925.9124238,-7.297803593284432,0.7081230872336375,-1.2361398610572659e-09,0.0,25.661839934023593,-1.02448825984561,1.02448825984561
1762151925.9365165,-7.301581334937054,0.7047376118654466,-1.4439914871415727e-09,0.0,25.665224067902646,-1.0279080162391647,1.0279080162391647
1762151925.969327,-7.299814370508196,0.7094886971266368,-8.321719955660264e-15,0.0,25.660473610296293,-1.0258692631545652,1.0258692631545652
1762151926.0195327,-7.300315258031834,0.7112788385107777,-1.0803565370128038e-10,0.0,25.65868329118638,-1.0260171341708613,1.0260171341708613
1762151926.0644834,-7.301315153781334,0.7040023956584465,-1.3597266832118597e-09,0.0,25.665959378570122,-1.0278048022092072,1.0278048022092072
1762151926.12572,-7.3034872514015,0.7034961294677954,-1.0794321580164846e-09,0.0,25.666464873532167,-1.029567451676971,1.029567451676971
1762151926.1619697,-7.304324816607263,0.6983175081791667,-1.350600531250881e-09,0.0,25.671643197119398,-1.0309644906514959,1.0309644906514959
1762151926.1891034,-7.303654058740175,0.7007169831506019,-7.216264848889519e-15,0.0,25.669243960449755,-1.0300945083117603,1.0300945083117603
1762151926.2099206,-7.301768701138331,0.6965578500445782,-1.0451803441062505e-09,0.0,25.67340376268415,-1.0292420365151496,1.0292420365151496
1762151926.2378745,-7.3018221770094245,0.6955270088877638,-1.1451978715708372e-09,0.0,25.67443458478954,-1.029438127723785,1.029438127723785
1762151926.2690892,-7.295554792367278,0.6972654451776835,-7.203248145477558e-11,0.0,25.672698373825167,-1.0243164840940922,1.0243164840940922
1762151926.2864168,-7.300401123686878,0.7007551895276924,-7.778660820291956e-11,0.0,25.669206909019827,-1.0275609046883476,1.0275609046883476
1762151926.3068824,-7.303046828661119,0.7016147828130799,-4.837029857542902e-11,0.0,25.668346376439068,-1.0294931689277491,1.0294931689277491
1762151926.3243558,-7.297318465268019,0.7019162353961924,-1.069575267833472e-10,0.0,25.66804695771306,-1.0249951394834274,1.0249951394834274
1762151926.3556159,-7.292498592373579,0.7087654636009667,-9.330213211078476e-10,0.0,25.66119944122129,-1.0202578731689105,1.0202578731689105
1762151926.37416,-7.294099643880391,0.7180601645796221,-9.840568816640555e-10,0.0,25.65190417237997,-1.020247762420844,1.020247762420844
1762151926.3996813,-7.29382311805265,0.7169147414019795,-3.419537837359827e-09,0.0,25.65304969366508,-1.0201815184839673,1.0201815184839673
1762151926.4323387,-7.293847746733659,0.7142265555589536,-2.641966474664251e-10,0.0,25.655737870594333,-1.020559687814325,1.020559687814325
1762151926.4495234,-7.290377045485542,0.7191563569016569,-4.5429248984201637e-11,0.0,25.650809301824335,-1.0171821534926135,1.0171821534926135
1762151926.4888945,-7.2933202269704855,0.7245514427601862,-5.989286961633507e-15,0.0,25.645413171338166,-1.0188050707481695,1.0188050707481695
1762151926.548745,-7.302193839574939,0.7286544092013674,-6.344100535324277e-11,0.0,25.641307054606262,-1.0253051247713183,1.0253051247713183
1762151926.6565259,-7.299815073508753,0.722088410971134,-5.6241542360757585e-11,0.0,25.647873896996344,-1.024223181331339,1.024223181331339
1762151926.686185,-7.300740211307577,0.7210421587500763,-3.78093273410448e-11,0.0,25.648919820684082,-1.0250810003641,1.0250810003641
1762151926.8358877,-7.295595685113882,0.7272479187119824,-4.4201208275244025e-11,0.0,25.64271588766179,-1.020266615074903,1.020266615074903
1762151926.868301,-7.296357561489568,0.7289872676119463,-6.636114383177454e-10,0.0,25.640976268369553,-1.0206587423614695,1.0206587423614695
1762151926.970131,-7.304841009880696,0.7152901772086345,-8.403952158922005e-10,0.0,25.654670345886842,-1.029029392361903,1.029029392361903
1762151927.0045753,-7.302189550685285,0.7046400368233786,-4.9477955558561575e-11,0.0,25.6653214269934,-1.0283954891715574,1.0283954891715574
1762151927.038873,-7.302587345739104,0.6996278216583075,-3.709230767099841e-11,0.0,25.670333500606624,-1.0294238529945692,1.0294238529945692
1762151927.0718696,-7.303557758067208,0.6915481416459245,-4.150204184653255e-15,0.0,25.67841283556779,-1.031387456368486,1.031387456368486
1762151927.1286962,-7.306452094442647,0.6801747449608303,-4.592703249614108e-11,0.0,25.689785203910645,-1.0354316389726375,1.0354316389726375
1762151927.1564348,-7.307617306196779,0.6730977973553602,-3.8956476246005474e-15,0.0,25.69686173736515,-1.0375176505985237,1.0375176505985237
1762151927.19141,-7.307560023568262,0.6720211105674865,-8.708781969146727e-11,0.0,25.697938444423187,-1.0376597124181894,1.0376597124181894
1762151927.2172098,-7.304915068454216,0.6668534868774675,-5.416749204908096e-10,0.0,25.703107006870813,-1.0365513654469516,1.0365513654469516
1762151927.2467573,-7.306423408564528,0.6605697531048739,-3.257164263214634e-11,0.0,25.709390204715753,-1.0388514041598969,1.0388514041598969
1762151927.2909892,-7.305907509441552,0.656927025717477,-5.706077406625812e-10,0.0,25.713033115041974,-1.0391459532788534,1.0391459532788534
1762151927.3257184,-7.306860410815496,0.6589190393897771,-3.988766103185258e-11,0.0,25.711040763170477,-1.0394925963206811,1.0394925963206811
1762151927.3507988,-7.309488088097171,0.6563044427801031,-3.4326148043333458e-15,0.0,25.71365442666648,-1.0419820324754212,1.0419820324754212
1762151927.3747847,-7.309230153975251,0.6605392612199457,-4.873920120184175e-10,0.0,25.709419700072285,-1.0409917680609808,1.0409917680609808
1762151927.4006963,-7.308500220781766,0.664322571661248,-3.3468062091599313e-15,0.0,25.705636649030016,-1.0397425882185756,1.0397425882185756
1762151927.4346898,-7.309742012686037,0.6605563503924057,-3.1987859640833515e-11,0.0,25.709402429167014,-1.0413779023151162,1.0413779023151162
1762151927.463786,-7.3099870968558225,0.6599649849196493,-2.3663302392360563e-11,0.0,25.709993707586104,-1.0416738617765025,1.0416738617765025
1762151927.4826918,-7.308185837062607,0.658438626349585,-3.3270749744703556e-11,0.0,25.711520705591806,-1.0405899934975908,1.0405899934975908
1762151927.503781,-7.309453268064844,0.6601209273769837,-4.597656998764698e-10,0.0,25.709837954672896,-1.0412390168083299,1.0412390168083299
1762151927.526971,-7.311260706676459,0.6555907340482456,-4.3225156453278556e-10,0.0,25.714367505990484,-1.0434625279679952,1.0434625279679952
1762151927.5568335,-7.3075184206042625,0.6510570248662354,-2.44336157708935e-09,0.0,25.718902543574096,-1.0415032585151873,1.0415032585151873
1762151927.5821903,-7.307479655136363,0.6561493675407852,-4.881993709207461e-10,0.0,25.713810214984075,-1.0404874749961242,1.0404874749961242
1762151927.604371,-7.3045964832215144,0.6570986977905958,-2.4988485651497645e-11,0.0,25.712861908455572,-1.0381179374588327,1.0381179374588327
1762151927.6242483,-7.3036223374674085,0.6562332821811195,-2.9093823716753697e-15,0.0,25.713727669878008,-1.0375443708587333,1.0375443708587333
1762151927.6471012,-7.3063263368086915,0.6537478026815673,-4.269750833627946e-10,0.0,25.716212189174108,-1.0400749998272192,1.0400749998272192
1762151927.675476,-7.301539421368685,0.6556510526710867,-4.136746164346756e-10,0.0,25.714310638884406,-1.0360763933651416,1.0360763933651416
1762151927.7084517,-7.299395310807162,0.6613186957656073,-5.081375220162674e-10,0.0,25.708643757407085,-1.0333647311178225,1.0333647311178225
1762151927.730139,-7.29503125031142,0.6619214233759488,-1.42484561763573e-09,0.0,25.70804257928122,-1.029929926254248,1.029929926254248
1762151927.8399808,-7.301724492163016,0.6712867359442256,-2.0764799747295292e-11,0.0,25.698674890887947,-1.033323739439697,1.033323739439697
1762151927.8640027,-7.300504702047284,0.6803718104316293,-2.500203359841802e-15,0.0,25.68959025005596,-1.0308279440408559,1.0308279440408559
1762151927.895164,-7.298933792524337,0.6814527807754275,-3.6683346005504644e-11,0.0,25.688509837526972,-1.0294397968159013,1.0294397968159013
1762151927.933041,-7.295651151322662,0.6843965304831481,-4.239128327610196e-11,0.0,25.68556725349663,-1.02642540025123,1.02642540025123
1762151927.9661896,-7.295492571240599,0.6820984694118359,-2.348339325861186e-15,0.0,25.687865370726474,-1.0266850282312847,1.0266850282312847
1762151927.9854245,-7.297582387758456,0.6822875746338046,-2.7591705303503896e-11,0.0,25.687675523533386,-1.0282613060880554,1.0282613060880554
1762151928.093729,-7.294976513616042,0.687430688182749,-3.0840701520501523e-10,0.0,25.682533335516347,-1.025409602266174,1.025409602266174
1762151928.2667456,-7.297094588944068,0.6932863193667743,-4.661237794561745e-10,0.0,25.676676952685153,-1.026118900864694,1.026118900864694
1762151928.293243,-7.301300596401767,0.6926782429067359,-1.8936406360563577e-15,0.0,25.67728353577663,-1.0294676486621386,1.0294676486621386
1762151928.310628,-7.3004114935446625,0.6905348821420061,-2.9034234917396796e-10,0.0,25.67942721207955,-1.029112444147098,1.029112444147098
1762151928.343774,-7.297377388798614,0.6919023984132839,-2.637368416035024e-10,0.0,25.678060773144182,-1.026552962244814,1.026552962244814
1762151928.375447,-7.299674384459131,0.6966832013889023,-1.3593065219117127e-11,0.0,25.67327915492853,-1.0275992918935386,1.0275992918935386
1762151928.402229,-7.297709200851864,0.7031333234032628,-1.5089423354706087e-11,0.0,25.666829731053213,-1.0251224730581883,1.0251224730581883
1762151928.43372,-7.2988166883022085,0.7042059427530099,-2.213401029635139e-11,0.0,25.665756718561003,-1.0258305005830999,1.0258305005830999
1762151928.4680092,-7.303102018993655,0.7073179367463599,-1.5107274320917175e-11,0.0,25.66264320327009,-1.0287334248737319,1.0287334248737319
1762151928.4999523,-7.302853498172008,0.7104398959348155,-1.4073651413811456e-11,0.0,25.659521332514977,-1.0281139561997366,1.0281139561997366
1762151928.5237956,-7.299207457812332,0.710322653327802,-1.6519976477361185e-11,0.0,25.659639869630208,-1.025281172427857,1.025281172427857
1762151928.553087,-7.3003899693517695,0.7100638706187609,-2.6244689740150065e-11,0.0,25.65989823247579,-1.0262402584305816,1.0262402584305816
1762151928.5829976,-7.299033691720438,0.7144656571829022,-2.2652289470007145e-10,0.0,25.655496927731363,-1.0245884830779166,1.0245884830779166
1762151928.6068084,-7.300723529625359,0.7149716593494176,-2.392093692571875e-10,0.0,25.6549903256249,-1.0258452980011323,1.0258452980011323
1762151928.631078,-7.302922789178613,0.7023202218998496,-2.1929129666930572e-10,0.0,25.667640981436605,-1.029295573699414,1.029295573699414
1762151928.6592722,-7.297204799413917,0.7058235918217743,-1.4128450778361128e-11,0.0,25.664139641890475,-1.0243445602503687,1.0243445602503687
1762151928.6918132,-7.300027658557606,0.7072403003738666,-1.114505349513043e-11,0.0,25.66272193118007,-1.0263462735075666,1.0263462735075666
1762151928.7164156,-7.298049048075169,0.7031061592130954,-2.164902958999959e-10,0.0,25.66685677457994,-1.0253908571146413,1.0253908571146413
1762151928.7384894,-7.301708567320862,0.7049416256193043,-1.2344222179263096e-11,0.0,25.665020008988172,-1.02797835845401,1.02797835845401
1762151928.7767944,-7.297847116528755,0.7080543978196089,-2.272212580884513e-11,0.0,25.661908607980497,-1.0245317905947426,1.0245317905947426
1762151928.806292,-7.2996575165957776,0.7063802275596005,-8.172784188532329e-11,0.0,25.66358213535791,-1.026177834332688,1.026177834332688
1762151928.8305547,-7.299452936946475,0.7041211125905097,-1.425463437693541e-11,0.0,25.665841322819997,-1.0263380115410934,1.0263380115410934
1762151928.8901892,-7.301019735652697,0.7092919617401571,-1.329055596758765e-15,0.0,25.66066991770912,-1.0268374342030842,1.0268374342030842
1762151928.9185152,-7.303669647617243,0.7174413217767821,-3.501124003368822e-11,0.0,25.65251961734291,-1.027835460701592,1.027835460701592
1762151928.9602196,-7.302061790105916,0.7220134018245381,-1.875899371774728e-10,0.0,25.64794810844828,-1.0259992946832996,1.0259992946832996
1762151928.9865687,-7.306032622822369,0.7237643198545192,-1.1737934059788217e-11,0.0,25.646195780696505,-1.0289102424695913,1.0289102424695913
1762151929.020271,-7.305074606668532,0.7261069400760686,-1.7734219059500487e-11,0.0,25.64385350076335,-1.0278767060465375,1.0278767060465375
1762151929.05115,-7.303855854367813,0.7246385219543654,-1.4159986038127035e-11,0.0,25.645322351506817,-1.027091411453933,1.027091411453933
1762151929.0894496,-7.304580563276793,0.7262430056069772,-1.1879682514517624e-11,0.0,25.643717610649627,-1.027471212929972,1.027471212929972
1762151929.1153467,-7.304305667806678,0.725980329309361,-8.938406220514975e-12,0.0,25.643980384531492,-1.0272856444322216,1.0272856444322216
1762151929.1451063,-7.3033951185802355,0.7279491927731233,-1.5928189916096504e-10,0.0,25.642011844479576,-1.0263356271588677,1.0263356271588677
1762151929.166917,-7.304112103333906,0.7229198189550772,-2.2360527923785286e-11,0.0,25.647040963417357,-1.0275009148217484,1.0275009148217484
1762151929.1951227,-7.300926821715699,0.7195961694861851,-1.0717245183521776e-15,0.0,25.65036574360137,-1.0254093861535607,1.0254093861535607
1762151929.329465,-7.30495276579251,0.7288631569270458,-7.457942523241667e-11,0.0,25.641097327345328,-1.0274586616518988,1.0274586616518988
1762151929.3502245,-7.3060252562533785,0.7238595005860882,-9.169004108924587e-12,0.0,25.64610060258641,-1.0288930250533994,1.0288930250533994
1762151929.3740199,-7.307288173537283,0.7240698676070049,-9.075603887285432e-12,0.0,25.64588978718379,-1.0298621011484304,1.0298621011484304
1762151929.4007387,-7.303327535618692,0.7218147060115564,-9.446824429550632e-16,0.0,25.64814635484962,-1.0270191021393837,1.0270191021393837
1762151929.4414759,-7.302812937575691,0.7229328110534374,-8.784059454871073e-12,0.0,25.64702843258469,-1.026477165900316,1.026477165900316
1762151929.4708552,-7.305133680676814,0.7273172495202871,-1.3535429948713554e-10,0.0,25.642643170421366,-1.0277810467286022,1.0277810467286022
1762151929.4945288,-7.302389213561902,0.7251801264284251,-3.445950434011748e-10,0.0,25.644781267793277,-1.0258711151557738,1.0258711151557738
1762151929.5192814,-7.301237186996849,0.7203343688622816,-7.563433388274975e-12,0.0,25.649627434077548,-1.025560193944674,1.025560193944674
1762151929.5410335,-7.299458545734185,0.721450103302002,-7.613223669536484e-12,0.0,25.648512331209353,-1.0240225134483527,1.0240225134483527
1762151929.5649874,-7.297686873829353,0.7159156175309289,-9.769737553817149e-12,0.0,25.654047445658346,-1.0233421313107318,1.0233421313107318
1762151929.5932162,-7.297563037815616,0.7156123207587732,-7.0684907578690725e-12,0.0,25.654350786378988,-1.0232850179097823,1.0232850179097823
1762151929.6159961,-7.298891935175631,0.7121779858951774,-9.012906600754299e-12,0.0,25.65778464920513,-1.0247830007738203,1.0247830007738203
1762151929.6510909,-7.297290157157744,0.7100276306451431,-5.574209389401419e-12,0.0,25.659935573026072,-1.0238237624323805,1.0238237624323805
1762151929.6799405,-7.301025954273888,0.7133968931343776,-1.2562825733389038e-11,0.0,25.65656498436573,-1.0262896739251404,1.0262896739251404
1762151929.7094502,-7.300033756361035,0.7173227029317412,-2.9735578935423044e-10,0.0,25.652639527092674,-1.024998844879611,1.024998844879611
1762151929.9102495,-7.297677667432936,0.7335214929082697,-5.567284690531754e-12,0.0,25.636441574659393,-1.0211731633877599,1.0211731633877599
1762151929.932253,-7.298710493367441,0.7284173940099278,-9.527680852773598e-11,0.0,25.641545306534304,-1.022583769867229,1.022583769867229
1762151930.0621777,-7.297303788901838,0.7311330584330412,-3.0544118158384213e-10,0.0,25.638830141728523,-1.0211531630549744,1.0211531630549744
1762151930.106635,-7.295939712011791,0.733162011302095,-8.563602805246214e-11,0.0,25.63680167329873,-1.0198390035135967,1.0198390035135967
1762151930.1486554,-7.296953031865591,0.7334800843749683,-8.81029428641311e-11,0.0,25.636483240469754,-1.0206043727106866,1.0206043727106866
1762151930.2510164,-7.2920280352603735,0.7327537897324424,-9.096197681606163e-11,0.0,25.637211283671657,-1.0167914948791654,1.0167914948791654
1762151930.2865288,-7.295957284369288,0.7380678504379974,-6.87575045647232e-12,0.0,25.631895828233027,-1.0192987083067522,1.0192987083067522
1762151930.3125913,-7.29571632680752,0.7393585062100395,-5.278292868733749e-16,0.0,25.630605258093585,-1.0189653764019666,1.0189653764019666
1762151930.3333328,-7.296383566483699,0.7390595785955558,-8.44656310158809e-11,0.0,25.6309039487878,-1.019527914372486,1.019527914372486
1762151930.3544004,-7.293698105246124,0.737830919899829,-9.737373673876398e-12,0.0,25.63213356087098,-1.0175324992010293,1.0175324992010293
1762151930.384902,-7.294660159643543,0.7313935258734451,-5.549107841206687e-12,0.0,25.638570612917114,-1.0190329362636559,1.0190329362636559
1762151930.4188666,-7.291622880912581,0.7310301619842787,-7.986230815424859e-11,0.0,25.638935055160008,-1.0166751635359954,1.0166751635359954
1762151930.4385407,-7.296484102812728,0.7293642271420612,-7.98196567057409e-11,0.0,25.640599263935083,-1.0207138079900187,1.0207138079900187
1762151930.4705274,-7.2966595255386855,0.7318211388362095,-4.0511495070183224e-12,0.0,25.638142290112484,-1.0205636775695848,1.0205636775695848
1762151930.496199,-7.3010934143217305,0.7262181956842868,-4.305371547188726e-12,0.0,25.64374365867245,-1.024725445804768,1.024725445804768
1762151930.5379925,-7.301407903910067,0.7255823859364661,-4.650722680852538e-16,0.0,25.64437935672162,-1.0250496043018493,1.0250496043018493
1762151930.5964794,-7.300121602249391,0.7265100958157903,-5.6868414057622815e-12,0.0,25.643452103598282,-1.0239243810089802,1.0239243810089802
1762151930.6418571,-7.301179520243801,0.722853050796014,-6.125407476856844e-11,0.0,25.64710877277697,-1.0252018250245714,1.0252018250245714
1762151930.6718457,-7.297970620203618,0.721733212798652,-6.944543902428885e-11,0.0,25.64822975001401,-1.0228172148912809,1.0228172148912809
1762151930.6953151,-7.292962287549326,0.7158790631827031,-3.542687155089554e-12,0.0,25.654085677454347,-1.0196443044477241,1.0196443044477241
1762151930.7180974,-7.294290714129999,0.7168091462337183,-4.649245257429639e-12,0.0,25.653155122808112,-1.02056212210354,1.02056212210354
1762151930.7488306,-7.296376930082741,0.7106078303412038,-6.04634999727826e-11,0.0,25.659355697605093,-1.0230305140735025,1.0230305140735025
1762151930.7785058,-7.2979542257466425,0.7130356984566567,-1.9765551093197387e-10,0.0,25.65692726962861,-1.023934115431991,1.023934115431991
1762151930.8069787,-7.300100920397403,0.7150830455774285,-1.0481254524535478e-11,0.0,25.654879160459437,-1.0253429812313304,1.0253429812313304
1762151930.835706,-7.30113463774746,0.7171153543799582,-3.642291825656009e-12,0.0,25.65284648476678,-1.0258889742931239,1.0258889742931239
1762151930.8741786,-7.298514346851151,0.7175050418857114,-5.661200158282128e-11,0.0,25.65245772761195,-1.0237834979913518,1.0237834979913518
1762151930.9072955,-7.302030808993867,0.7169744189135218,-5.201341502674165e-11,0.0,25.652987102041443,-1.0266098873996605,1.0266098873996605
1762151930.950904,-7.298043956275522,0.7182907221240501,-2.287975896976547e-10,0.0,25.651672214433884,-1.0233129006435517,1.0233129006435517
1762151930.999713,-7.298211603702924,0.7245200567448337,-6.5609218703444306e-12,0.0,25.64544282068302,-1.0226608753331181,1.0226608753331181
1762151931.0270963,-7.29632731282853,0.7261558428890965,-3.5176223082066526e-12,0.0,25.643807703653636,-1.0209762356476941,1.0209762356476941
1762151931.0542448,-7.29583641983461,0.7290143856498581,-2.5825859314042846e-12,0.0,25.64094933536312,-1.0202440834544635,1.0202440834544635
1762151931.0820994,-7.298027002526889,0.7262084071169618,-2.9075084914000483e-12,0.0,25.643754535959395,-1.0223095751122793,1.0223095751122793
1762151931.1124105,-7.295949059868336,0.7289105507572998,-1.2015844829372572e-10,0.0,25.64105313025663,-1.020345405566734,1.020345405566734
1762151931.1491103,-7.296470640050561,0.7274290798915137,-4.546696894908945e-11,0.0,25.642534415843574,-1.0209348123580797,1.0209348123580797
1762151931.1790702,-7.30350678133618,0.726961331209274,-1.6002171090789023e-10,0.0,25.642999666335637,-1.0265398027667454,1.0265398027667454
1762151931.224007,-7.302110484925713,0.7241154364636576,-4.388169463902313e-11,0.0,25.6458460566527,-1.0257802296832927,1.0257802296832927
1762151931.245446,-7.295869671238158,0.7229295935944458,-5.561388997891913e-12,0.0,25.647034115229204,-1.021014699837266,1.021014699837266
1762151931.2734258,-7.29590854832013,0.7235593506310669,-4.421882794240738e-11,0.0,25.646404344429083,-1.0209665769576406,1.0209665769576406
1762151931.300863,-7.299618121486024,0.7230041113835889,-4.0805794965383314e-11,0.0,25.646958266568827,-1.0239547109346492,1.0239547109346492
1762151931.3224077,-7.300709413802767,0.7244130785524022,-4.0847992159940364e-11,0.0,25.645548912028783,-1.0246408819951132,1.0246408819951132
1762151931.360675,-7.298922862958531,0.725089461180808,-2.61267406532425e-12,0.0,25.644873163752486,-1.0231514440587248,1.0231514440587248
1762151931.3879209,-7.299467543949981,0.7224678852410847,-3.96991825079652e-11,0.0,25.647494546139633,-1.0239026828912305,1.0239026828912305
1762151931.4110677,-7.300105595891909,0.7175377653136721,-2.3286346283584e-12,0.0,25.652424439217892,-1.0250274677509212,1.0250274677509212
1762151931.4366722,-7.298373001926514,0.7190395925010519,-3.7085724577354256e-11,0.0,25.65092322727742,-1.023474939248458,1.023474939248458
1762151931.4747393,-7.3005752969077,0.7144712831260472,-8.40527078995224e-12,0.0,25.655490754446312,-1.025794943127655,1.025794943127655
1762151931.5097022,-7.296182176970841,0.7110864187287964,-3.5735850240393827e-11,0.0,25.65887717839417,-1.0228126602743288,1.0228126602743288
1762151931.5380054,-7.292150402867345,0.7059961129155572,-4.848775241275466e-11,0.0,25.66396891535578,-1.0203806281792431,1.0203806281792431
1762151931.560202,-7.294437032219294,0.6992258223217545,-2.4091514109533343e-16,0.0,25.670738393662017,-1.02315373733782,1.02315373733782
1762151931.5906,-7.299255988218783,0.6963446239320235,-1.760082794890759e-12,0.0,25.67361788091439,-1.027325840122559,1.027325840122559
1762151931.635496,-7.298301933050547,0.6933023937561404,-2.3199671868258614e-16,0.0,25.676660449632926,-1.0270509052450827,1.0270509052450827
1762151931.6554961,-7.299623721198826,0.6909987965041311,-7.645219803651289e-12,0.0,25.678963577442854,-1.0284310385087803,1.0284310385087803
1762151931.678262,-7.3015932554413245,0.6864408407111339,-1.6536573845136045e-12,0.0,25.683520833671388,-1.0306727499027057,1.0306727499027057
1762151931.7026675,-7.297698224263239,0.6884555925441941,-3.206468549271148e-11,0.0,25.681507464884362,-1.027345288192824,1.027345288192824
1762151931.8178093,-7.291144323654095,0.697244615289685,-2.970409861153929e-11,0.0,25.672720769635436,-1.0208985480380277,1.0208985480380277
1762151931.8518484,-7.295154806752878,0.6987786059475496,-1.856748718495398e-12,0.0,25.671185355164354,-1.023778076993316,1.023778076993316
1762151931.8763008,-7.306043140307504,0.6990830450142915,-1.4146724971253475e-12,0.0,25.67087705024689,-1.0321868008071975,1.0321868008071975
1762151931.9963875,-7.300371951905116,0.7147990541350072,-1.9814726723534457e-12,0.0,25.655163055655038,-1.0255925762993325,1.0255925762993325
1762151932.0334897,-7.298541020653199,0.7188850621610469,-1.7114791202306848e-12,0.0,25.651077697953145,-1.0236266366267164,1.0236266366267164
1762151932.0657985,-7.297077895635542,0.7246352717610144,-1.3227096063606729e-12,0.0,25.645328008193722,-1.0217539066096322,1.0217539066096322
1762151932.0976298,-7.296067131683806,0.7325178435850129,-1.4539337364578148e-12,0.0,25.63744579573524,-1.0200142851181222,1.0200142851181222
1762151932.1538692,-7.297159762508546,0.7365464940179809,-2.4186221424733173e-12,0.0,25.633416757620925,-1.0204214739814141,1.0204214739814141
1762151932.1911967,-7.296076736189428,0.7351068430426254,-1.3010407170623364e-12,0.0,25.63485679303076,-1.0197250795433521,1.0197250795433521
1762151932.2279525,-7.298028829314718,0.7357122036060859,-1.3689818596403386e-12,0.0,25.634250739420693,-1.021203559597827,1.021203559597827
1762151932.2491946,-7.303045061990124,0.7320420150295177,-2.4224892257341067e-12,0.0,25.637919146767683,-1.0255878266705607,1.0255878266705607
1762151932.2713797,-7.305391110108202,0.7312229468377801,-1.219950912077419e-12,0.0,25.638737381950506,-1.027535353386581,1.027535353386581
1762151932.294822,-7.30686944487355,0.7256853442918155,-1.2637841860947967e-12,0.0,25.64427445926915,-1.0293409328250012,1.0293409328250012
1762151932.3296366,-7.30234027971085,0.7207285508539597,-3.80276843118643e-12,0.0,25.64923286046098,-1.026377624305963,1.026377624305963
1762151932.3576484,-7.301842529895468,0.7222590454444351,-1.1813266693573374e-12,0.0,25.64770254269154,-1.0257965431673717,1.0257965431673717
1762151932.381463,-7.304352730288499,0.7150174398233067,-1.5287832475430861e-12,0.0,25.654943256617173,-1.028682128204835,1.028682128204835
1762151932.400389,-7.302084597142099,0.7142638524539927,-1.2431094790133424e-12,0.0,25.655697649232806,-1.0270040475602074,1.0270040475602074
1762151932.4246626,-7.298415953871713,0.7130167240144929,-1.2830170454319207e-12,0.0,25.656946080134404,-1.0242979420160692,1.0242979420160692
1762151932.4498298,-7.301847585722278,0.7184040879538498,-2.2363467802244037e-12,0.0,25.651557498144093,-1.0262833738536503,1.0262833738536503
1762151932.4759996,-7.301297864508524,0.711946572866815,-1.2206343752043822e-12,0.0,25.658015208000972,-1.026695603259588,1.026695603259588
1762151932.5009587,-7.299688401234763,0.7162025612704067,-1.3102623003995125e-12,0.0,25.6537597913007,-1.0248733176078513,1.0248733176078513
1762151932.5263233,-7.302524484091227,0.7161573109024252,-1.9360175925387484e-12,0.0,25.653804034723187,-1.0271021879618611,1.0271021879618611
1762151932.571922,-7.2982221833574465,0.7156566487533655,-1.060304894698026e-12,0.0,25.65430622435956,-1.0237956805430233,1.0237956805430233
1762151932.5928364,-7.30310244556393,0.7179184758656993,-9.182741621780614e-12,0.0,25.65204266466744,-1.0273297952823923,1.0273297952823923
1762151932.6181667,-7.309234211220121,0.7178397501070597,-1.8129192559499346e-11,0.0,25.65211921335626,-1.0321505079776574,1.0321505079776574
1762151932.6405087,-7.304761973831352,0.7184303546786489,-1.2324663357002392e-12,0.0,25.651530196676262,-1.0285672797400485,1.0285672797400485
1762151932.6613102,-7.302216551989244,0.7218754012586323,-1.201952122122925e-16,0.0,25.648086054057746,-1.02613803889539,1.02613803889539
1762151932.6942093,-7.29870313188266,0.7292604603384552,-1.094557238562212e-12,0.0,25.640702242872585,-1.0224782435916975,1.0224782435916975
1762151932.7192554,-7.298858019266069,0.7264746103433253,-1.1759935977292044e-12,0.0,25.64348803769983,-1.0229324921760101,1.0229324921760101
1762151932.740293,-7.302612526193079,0.7242529247567264,-1.6329552889198514e-11,0.0,25.645708390120063,-1.0261588403486763,1.0261588403486763
1762151932.764703,-7.304150887996264,0.7277038440472344,-1.2385399917605366e-12,0.0,25.642256924856355,-1.026960601145582,1.026960601145582
1762151932.7858577,-7.303018066031841,0.7347320686122505,-9.602858358198705e-13,0.0,25.635229102939338,-1.0252653201136477,1.0252653201136477
1762151932.814723,-7.299050781164818,0.7323798315778927,-9.228963450250286e-13,0.0,25.637582748397932,-1.0223902661528008,1.0223902661528008
1762151932.856286,-7.299857881028624,0.7327147769855362,-1.0724017345188701e-16,0.0,25.637247516453034,-1.0229904174693585,1.0229904174693585
1762151932.8898764,-7.300901205682488,0.7303600198297643,-1.0457664963056897e-16,0.0,25.639601903031124,-1.024085864129335,1.024085864129335
1762151932.9166603,-7.299649560493048,0.7362587130194314,-1.1155089631304501e-12,0.0,25.633703654606087,-1.0224272815385638,1.0224272815385638
1762151933.1032488,-7.30342109906383,0.7351584161490392,-1.167360216918214e-12,0.0,25.63480261233376,-1.0255375174826984,1.0255375174826984
1762151933.1287622,-7.298587377330208,0.7301394193712547,-2.427151040089608e-12,0.0,25.63982332499349,-1.0222835742223566,1.0222835742223566
1762151933.1690166,-7.296276245803912,0.7242163873703032,-8.070155948694136e-13,0.0,25.64574717718138,-1.0211743791034442,1.0211743791034442
1762151933.2043939,-7.300242108945604,0.7188036399465503,-1.551598816151439e-12,0.0,25.65115851619625,-1.0249723833150155,1.0249723833150155
1762151933.2383766,-7.302017233926792,0.7200220242315946,-6.077315550453168e-13,0.0,25.649939501735243,-1.026212181045899,1.026212181045899
1762151933.2890286,-7.3034749263187235,0.7212732570263041,-1.1517099130187016e-11,0.0,25.64868775147012,-1.0272017753140672,1.0272017753140672
1762151933.3075147,-7.304564999468182,0.7194097197592307,-1.2169911156652741e-11,0.0,25.65055090159256,-1.0282898126572468,1.0282898126572468
1762151933.331281,-7.300814346569968,0.7213165122512871,-5.874110296837678e-13,0.0,25.64864544087866,-1.0251050097808714,1.0251050097808714
1762151933.352539,-7.299637895833182,0.7221925237958816,-7.720778834423532e-17,0.0,25.647769847084557,-1.0240708910462546,1.0240708910462546
1762151933.3709397,-7.299777536115547,0.7197847925495362,-1.4233198733474271e-11,0.0,25.650177528600288,-1.0244829104990352,1.0244829104990352
1762151933.3945107,-7.300102120687248,0.7229730766967735,-7.525579029964914e-17,0.0,25.64698912941123,-1.0243393597267287,1.0243393597267287
1762151933.4145277,-7.300664767259153,0.718011492667346,-7.418426993686507e-17,0.0,25.65195051336197,-1.0254053056663635,1.0254053056663635
1762151933.4469204,-7.3003592716109225,0.7205505489876001,-2.0703371840500335e-12,0.0,25.64941156566706,-1.0248432691382965,1.0248432691382965
1762151933.4780416,-7.297654182001969,0.722038483501132,-2.341910797318995e-12,0.0,25.6479245916812,-1.0225300839230382,1.0225300839230382
1762151933.5008316,-7.297652435187171,0.720803151491494,-5.591378242195073e-13,0.0,25.649159924233174,-1.0226843828794003,1.0226843828794003
1762151933.5268273,-7.297094191335224,0.7238770089884093,-6.641294305656906e-13,0.0,25.646086265132794,-1.0218603622162292,1.0218603622162292
1762151933.565381,-7.298498248294912,0.7242633640114409,-6.469774693654147e-13,0.0,25.645699411627938,-1.022918104403803,1.022918104403803
1762151933.6086843,-7.298405445006944,0.7269044890775357,-1.4282471926520283e-11,0.0,25.643058319677834,-1.0225239025987152,1.0225239025987152
1762151933.6323164,-7.298456836012757,0.7250205120834274,-4.824773032642809e-13,0.0,25.644942278306978,-1.0227927548883522,1.0227927548883522
1762151933.667456,-7.3000267007444055,0.7272533051137727,-6.386278508096208e-17,0.0,25.642708928041635,-1.023760675346387,1.023760675346387
1762151933.6944523,-7.2975396334600795,0.730103291420189,-6.226417909909046e-17,0.0,25.639859824940572,-1.0214601311115845,1.0214601311115845
1762151933.7143812,-7.295471463517825,0.7264038508364673,-8.929970036297849e-12,0.0,25.643559999588607,-1.0202713413443756,1.0202713413443756
1762151933.7381356,-7.296782082243663,0.7284636231151833,-5.30083633561586e-13,0.0,25.641499762108502,-1.0210563249400897,1.0210563249400897
1762151933.7557294,-7.296826241633314,0.7269137253509778,-5.226072623272693e-13,0.0,25.64304964409636,-1.0212775215991485,1.0212775215991485
1762151933.8692217,-7.29895805906099,0.7337726264965873,-1.986970352268086e-12,0.0,25.63618998648773,-1.0221580602661773,1.0221580602661773
1762151934.1684558,-7.297619970326691,0.7221627196277012,-1.6736974500233103e-12,0.0,25.647800367709213,-1.0224876059199837,1.0224876059199837
1762151934.2980328,-7.3012819069358335,0.7257151870577389,-8.780039035861888e-13,0.0,25.64424660034356,-1.0249343544302125,1.0249343544302125
1762151934.3159833,-7.294125382916295,0.7298234772678723,-4.2059201169433323e-17,0.0,25.640140851294586,-1.018796379967836,1.018796379967836
1762151934.3422866,-7.294566921087891,0.7337529237603005,-3.329308128120922e-13,0.0,25.636211248283036,-1.01868434777325,1.01868434777325
1762151934.3593254,-7.296303648702947,0.7269427394844559,-4.2513948422989104e-13,0.0,25.64302081550975,-1.0208619181139649,1.0208619181139649
1762151934.4309096,-7.299566602348643,0.7459503904213349,-3.8530589216354877e-13,0.0,25.62401200726908,-1.0213326123305384,1.0213326123305384
1762151934.4607656,-7.30449668148655,0.7409710999996967,-4.2831070539098013e-13,0.0,25.628989546967183,-1.0257688039062058,1.0257688039062058
1762151934.5092428,-7.298668860163635,0.7391143653921636,-1.1815759112919297e-12,0.0,25.63084835060803,-1.021336401456802,1.021336401456802
1762151934.5370536,-7.300450650927992,0.7301654599566374,-3.3586977184119544e-13,0.0,25.63979662286009,-1.0237524853215803,1.0237524853215803
1762151934.561981,-7.300186785746415,0.7273296570163972,-2.3952261249215352e-12,0.0,25.64263251930613,-1.0238778376883344,1.0238778376883344
1762151934.5798504,-7.296324641466515,0.7266629502460762,-5.204392530981039e-12,0.0,25.64330059727708,-1.0209124149915796,1.0209124149915796
1762151934.6037028,-7.2971798764772196,0.7324907964171999,-1.8352716433464155e-11,0.0,25.637472447824674,-1.0208976225892186,1.0208976225892186
1762151934.6261659,-7.301598918792334,0.7306700789654682,-1.194349872265474e-12,0.0,25.63929159619403,-1.024601338593558,1.024601338593558
1762151934.651096,-7.3048031860594405,0.7292479725747192,-3.106970350775754e-13,0.0,25.64071256482974,-1.0272961893238617,1.0272961893238617
1762151934.6801522,-7.3036222927523315,0.7346783261679153,-4.8695605201620985e-12,0.0,25.635282630851414,-1.0257498144812085,1.0257498144812085
1762151934.7260232,-7.302905432362174,0.7281484194414395,-4.823274599896679e-12,0.0,25.641812791685428,-1.025925916615407,1.025925916615407
1762151934.7536783,-7.298762568428106,0.7287896744143109,-3.184676886673633e-17,0.0,25.641173007664293,-1.0225807598287793,1.0225807598287793
1762151934.7817917,-7.29933653397229,0.7304739923827135,-3.11239229336963e-13,0.0,25.639488486017317,-1.0228363867577972,1.0228363867577972
1762151934.8125103,-7.301454513564386,0.7363954458699289,-4.442858387241882e-12,0.0,25.633566280921077,-1.0238430575886008,1.0238430575886008
1762151934.8878963,-7.298741821185938,0.7416206442567621,-3.0551171802599648e-12,0.0,25.62834204599681,-1.0211256736719716,1.0211256736719716
1762151935.0130491,-7.2948760909957535,0.74083200159395,-2.385895429815895e-13,0.0,25.629132061125734,-1.0181372612373163,1.0181372612373163
1762151935.0497267,-7.297800115433733,0.7420155436850351,-2.432015342564302e-13,0.0,25.62794748094321,-1.020334956753182,1.020334956753182
1762151935.0832462,-7.2911960955162165,0.7398818829139805,-2.150152604960783e-13,0.0,25.630083486317087,-1.0153176513117406,1.0153176513117406
1762151935.1087973,-7.2949538355432235,0.7358961113327874,-3.221775069281935e-12,0.0,25.634067923472823,-1.0187459328926407,1.0187459328926407
1762151935.138756,-7.2936420522481065,0.7387607749548528,-1.769613909773841e-13,0.0,25.63120372577601,-1.0173843953662176,1.0173843953662176
1762151935.1552782,-7.295367434809179,0.7376242197289525,-5.016816175185122e-12,0.0,25.63233966833841,-1.0188799433925926,1.0188799433925926
1762151935.190838,-7.295920297281739,0.7390941798532361,-2.366795175169069e-13,0.0,25.63086951201463,-1.0191563028557318,1.0191563028557318
1762151935.2308939,-7.298551742467627,0.7449501514668238,-1.9111986213259175e-13,0.0,25.62501260648348,-1.0206263568616878,1.0206263568616878
1762151935.2636042,-7.300255987188525,0.740472933329874,-2.3213638324994257e-17,0.0,25.629489219251298,-1.0224511107816332,1.0224511107816332
1762151935.2919345,-7.303906032553832,0.739995321817135,-2.4613199773120784e-13,0.0,25.629965534796362,-1.0254015671263246,1.0254015671263246
1762151935.3205183,-7.302244245212964,0.7365651055463468,-3.191506065715759e-12,0.0,25.633396340863516,-1.024450581496757,1.024450581496757
1762151935.3558486,-7.303979022615097,0.7389197424253587,-1.7858204751568317e-13,0.0,25.631041088205443,-1.0255732406199747,1.0255732406199747
1762151935.3835154,-7.302288009269173,0.7412954989730558,-2.2897718728830113e-13,0.0,25.628665932196665,-1.0239792870276387,1.0239792870276387
1762151935.4197373,-7.299653118049613,0.7432829966919875,-1.721326828484546e-13,0.0,25.626679370113166,-1.0216759923123193,1.0216759923123193
1762151935.4418168,-7.299655026189558,0.7379926179543098,-2.0299946559269736e-13,0.0,25.631969747839918,-1.022241116385024,1.022241116385024
1762151935.4796221,-7.299091823542129,0.7340684440794205,-1.416591327673606e-13,0.0,25.635894121430866,-1.0222304636381698,1.0222304636381698
1762151935.5038764,-7.30067776704709,0.7399294964974352,-2.8855439103876058e-12,0.0,25.63003250629782,-1.0228441200170242,1.0228441200170242
1762151935.5212586,-7.299792597510403,0.7424403830091265,-2.9513616146375363e-13,0.0,25.627521934221157,-1.0218749620475203,1.0218749620475203
1762151935.5491362,-7.299300375821243,0.7398770861911417,-2.0534041519233032e-13,0.0,25.630085405639402,-1.0217556170142397,1.0217556170142397
1762151935.5767949,-7.293786956502906,0.740040633797953,-1.9009900121836002e-13,0.0,25.62992381556576,-1.0173582086599522,1.0173582086599522
1762151935.6042004,-7.288714037461247,0.7379854119160351,-1.8606559292442863e-13,0.0,25.63198083844271,-1.0135604987874147,1.0135604987874147
1762151935.63291,-7.292037298199722,0.7372596205202137,-1.5780658870635584e-13,0.0,25.632705449879108,-1.0162792946107708,1.0162792946107708
1762151935.6546214,-7.294261551814136,0.7370288263065409,-2.6520389570870273e-12,0.0,25.63293545436371,-1.0180693703318124,1.0180693703318124
1762151935.6829808,-7.297680212491378,0.7382881955775339,-2.586333898941085e-12,0.0,25.631674871386956,-1.020641691674963,1.020641691674963
1762151935.7057576,-7.293603901476478,0.7450894944557049,-2.6460033366408915e-12,0.0,25.624875020219367,-1.0166701778893055,1.0166701778893055
1762151935.7373037,-7.294000293166268,0.7458923025452625,-2.481814773904903e-12,0.0,25.62407207144274,-1.016901957034382,1.016901957034382
1762151935.758255,-7.2951162306571256,0.747880720279259,-1.6904640598005368e-17,0.0,25.62208325762384,-1.0175867885097438,1.0175867885097438
1762151935.7747543,-7.2983749179106185,0.7479080451239426,-1.4930267100054025e-13,0.0,25.62205477579382,-1.0201842779450563,1.0201842779450563
1762151935.951097,-7.300559231199698,0.73617971048502,-5.079834637777291e-13,0.0,25.633782334159683,-1.023157096712761,1.023157096712761
1762151936.0813212,-7.299326428683011,0.7249501647875479,-1.0255353456608097e-13,0.0,25.645012316852174,-1.023486305032968,1.023486305032968
1762151936.1204908,-7.300398040975182,0.7235603114188065,-2.135026333559206e-12,0.0,25.646401789660608,-1.0244999690500292,1.0244999690500292
1762151936.1450107,-7.301128276761271,0.7180564475575997,-1.0427476101539406e-13,0.0,25.651905393906905,-1.0257632403186594,1.0257632403186594
1762151936.2202673,-7.30297753371543,0.712809060548049,-8.173091968058741e-12,0.0,25.657152124012626,-1.02789460423413,1.02789460423413
1762151936.2573814,-7.302692229078597,0.7091419869794953,-1.322065957717931e-13,0.0,25.660819298646594,-1.0281637848810063,1.0281637848810063
1762151936.2812166,-7.300960898285945,0.7070191967264349,-1.3973888198563635e-13,0.0,25.66294270346962,-1.0271048736142463,1.0271048736142463
1762151936.3046453,-7.29575089755115,0.710913172610359,-2.2181432939161665e-12,0.0,25.659050577626143,-1.0224993459444272,1.0224993459444272
1762151936.3309107,-7.302011079447258,0.7118941245513761,-1.740886287743307e-12,0.0,25.658067403088296,-1.0272603354217071,1.0272603354217071
1762151936.396952,-7.305606124770761,0.7068629110275185,-1.0740090774336077e-13,0.0,25.663097339885066,-1.0307489183292415,1.0307489183292415
1762151936.4385352,-7.300404304692638,0.7050180142908807,-1.1819084576149214e-13,0.0,25.664944083395916,-1.026951586796825,1.026951586796825
1762151936.4679205,-7.299606375008236,0.7051583621478033,-9.304121187146988e-14,0.0,25.66480401885036,-1.0263101297348858,1.0263101297348858
1762151936.4858747,-7.301044590408368,0.7085945989281741,-1.5180942203700577e-12,0.0,25.661367271652544,-1.0269524137991584,1.0269524137991584
1762151936.5130394,-7.301004187893584,0.7037753046952588,-2.0970127034588643e-12,0.0,25.666186579926492,-1.0275949954447603,1.0275949954447603
1762151936.5351186,-7.301324324334501,0.7095297200699774,-8.67459850984315e-14,0.0,25.660432051250996,-1.0270428258070121,1.0270428258070121
1762151936.5677621,-7.299548082941847,0.7090041038053454,-1.4623215047013335e-12,0.0,25.660958298131636,-1.0257278899172233,1.0257278899172233
1762151936.5966144,-7.298691510041677,0.7132453630305031,-1.1624274171486474e-13,0.0,25.65671734329742,-1.0244829519152565,1.0244829519152565
1762151936.6386046,-7.301383507875121,0.7173477582604975,-1.0068821576173011e-13,0.0,25.652613992540303,-1.0260542727076294,1.0260542727076294
1762151936.6627436,-7.3019992119842945,0.7231153663903175,-9.577913906754778e-18,0.0,25.64684616617013,-1.0258145698063972,1.0258145698063972
1762151936.6818078,-7.299100628162879,0.7199165166091898,-1.653700032049026e-12,0.0,25.65004604488306,-1.0239345438964589,1.0239345438964589
1762151936.713852,-7.299392097213766,0.723371925338718,-1.395863263475842e-12,0.0,25.646590532886115,-1.0237314432136038,1.0237314432136038
1762151936.7651856,-7.300801156816256,0.7294220325684101,-5.113588593901239e-13,0.0,25.640539925755405,-1.0241159288875032,1.0241159288875032
1762151936.7936633,-7.29921934732938,0.7290493599906813,-8.427538888012472e-14,0.0,25.64091315992632,-1.0229106941622808,1.0229106941622808
1762151936.8285594,-7.296744333358174,0.7264985543342685,-4.5785975060135514e-12,0.0,25.643464844168186,-1.0212632624212625,1.0212632624212625
1762151936.8669827,-7.296407467765461,0.721095263063778,-8.438450524655688e-18,0.0,25.648868254701224,-1.0216689187259984,1.0216689187259984
1762151936.8951654,-7.299234885363484,0.7207220719483333,-8.14017019368623e-14,0.0,25.649240441927073,-1.0239381654595419,1.0239381654595419
1762151936.9241664,-7.302324151262922,0.7260639946713189,-1.1726995259982107e-12,0.0,25.643897422706267,-1.025713955678457,1.025713955678457
1762151936.9498794,-7.301422725561296,0.728627658778027,-1.347904089812446e-12,0.0,25.641334078809614,-1.0246996093853955,1.0246996093853955
1762151936.9775488,-7.299169884771713,0.7291787267615143,-1.0198220057308993e-13,0.0,25.640783810725175,-1.0228564040960313,1.0228564040960313
1762151937.0087745,-7.302347914568384,0.7277147301321766,-1.245804275426389e-13,0.0,25.642246678912365,-1.0255369629925648,1.0255369629925648
1762151937.0350022,-7.302845411796993,0.728721372977165,-1.1149272735959857e-12,0.0,25.641239859495936,-1.0258116138076123,1.0258116138076123
1762151937.0604587,-7.298195642150097,0.7222632835374496,-5.831720626002974e-14,0.0,25.64769959941526,-1.022927771469729,1.022927771469729
1762151937.0791192,-7.300918559883641,0.7267910843779258,-6.775224770806344e-14,0.0,25.64317083209646,-1.024519115711017,1.024519115711017
1762151937.1005764,-7.303533206640685,0.7283312631338528,-6.207470835709168e-14,0.0,25.64162972511518,-1.0263999464258602,1.0263999464258602
1762151937.1227283,-7.297387137058772,0.7263973859812936,-1.0470367819909898e-12,0.0,25.643565784289276,-1.0217822835463224,1.0217822835463224
1762151937.1466897,-7.29927329685367,0.7229197372490053,-1.008094779575178e-12,0.0,25.647042763127036,-1.0236938407282583,1.0236938407282583
1762151937.1658163,-7.299071516094607,0.7257040565588793,-1.0142013388037368e-12,0.0,25.644258515634306,-1.0231938842260482,1.0231938842260482
1762151937.1888075,-7.296202266185541,0.7275649156624686,-9.713223600306943e-13,0.0,25.64239867536651,-1.0207067324199093,1.0207067324199093
1762151937.213632,-7.297183438540966,0.7229165256340606,-3.604408732727246e-12,0.0,25.647046716739656,-1.0220499815015875,1.0220499815015875
1762151937.241938,-7.297828861620934,0.7285011307312136,-7.692775804794597e-14,0.0,25.641461882838982,-1.0218780102314566,1.0218780102314566
1762151937.2779076,-7.298352703848225,0.7289573845734699,-4.272907503035657e-14,0.0,25.64100544303688,-1.0222373662788637,1.0222373662788637
1762151937.3307087,-7.299040171444299,0.7244601808034401,-5.827996414818548e-14,0.0,25.645502402440165,-1.0233206884172554,1.0233206884172554
1762151937.3639886,-7.302188282850806,0.7255402705700605,-1.2993263708104094e-12,0.0,25.644421195014186,-1.0256695597196521,1.0256695597196521
1762151937.3798933,-7.305961744912408,0.7294787609318563,-5.822621675438779e-14,0.0,25.640481365144332,-1.0281845282106203,1.0281845282106203
1762151937.4010453,-7.300076650980467,0.7282804973115341,-5.585680692989395e-14,0.0,25.64168171817394,-1.023678128529494,1.023678128529494
1762151937.4250042,-7.30094343711053,0.7265513656603126,-4.5548348488884366e-14,0.0,25.64341054196638,-1.0245673538902758,1.0245673538902758
1762151937.4548743,-7.300349737354663,0.7269490164482388,-8.45297502272622e-13,0.0,25.643013101994818,-1.0240517368891346,1.0240517368891346
1762151937.4727457,-7.295596564305874,0.7319118520103374,-8.133808572456094e-13,0.0,25.638051954345247,-1.0197125832923246,1.0197125832923246
1762151937.494792,-7.29314545872268,0.7332495275626969,-8.549729094200224e-13,0.0,25.636715149134826,-1.0176176626108722,1.0176176626108722
1762151937.5243344,-7.291715604589546,0.7312296145246755,-5.558506594529585e-18,0.0,25.63873556971092,-1.0167246818074904,1.0167246818074904
1762151937.555134,-7.294311100275199,0.7271732660423599,-5.419344917038769e-18,0.0,25.64279099641467,-1.0192625690203476,1.0192625690203476
1762151937.5840807,-7.295228274513871,0.7292220049867612,-9.108553635107505e-14,0.0,25.64074193195946,-1.0197391483934364,1.0197391483934364
1762151937.6010568,-7.296209546710463,0.7270054072819409,-8.98199377893795e-13,0.0,25.642958181126843,-1.020780118138774,1.020780118138774
1762151937.628438,-7.299282245056769,0.7289326124740549,-5.217227107969085e-18,0.0,25.64102988510394,-1.0229741127203589,1.0229741127203589
1762151937.6542814,-7.295492268141021,0.7282300574008883,-5.5381649074134737e-14,0.0,25.641733785752674,-1.0200664361429883,1.0200664361429883
1762151937.6729822,-7.297368413689908,0.7320321809091176,-4.1325370812705936e-14,0.0,25.637930996364283,-1.0210997550562269,1.0210997550562269
1762151937.715626,-7.300290217781535,0.731308070963276,-7.174129666386088e-13,0.0,25.638654068886773,-1.0234935105963516,1.0234935105963516
1762151937.73989,-7.305570875889495,0.7264533802013283,-4.6504644010568875e-14,0.0,25.643506884461036,-1.0282270705564345,1.0282270705564345
1762151937.7647321,-7.306065210598258,0.7204045138950754,-6.915831414363633e-13,0.0,25.64955557487399,-1.0293446581940677,1.0293446581940677
1762151937.7903433,-7.304851833862075,0.7121319878760137,-6.795978645150751e-13,0.0,25.657828531177383,-1.0294502380816748,1.0294502380816748
1762151937.8527808,-7.310779942509602,0.7056166402807353,-3.901113075815323e-14,0.0,25.66434177360495,-1.034952431730851,1.034952431730851
1762151937.913229,-7.30567425194661,0.6997729973576482,-2.541362453848282e-12,0.0,25.67018722891972,-1.0318004407073162,1.0318004407073162
1762151938.0411546,-7.30269874189202,0.6799108832464165,-3.542331303488385e-14,0.0,25.690050398224905,-1.0325910314700482,1.0325910314700482
1762151938.0801573,-7.302802018722844,0.6825084453795528,-8.115017861672918e-13,0.0,25.687452799587366,-1.0322410754707068,1.0322410754707068
1762151938.115786,-7.309668213907883,0.677574459268497,-3.307460814444276e-14,0.0,25.692384347565593,-1.0383322505815402,1.0383322505815402
1762151938.1515417,-7.306844262398423,0.674568743987186,-5.615863217154613e-14,0.0,25.695391065292903,-1.0366734037177505,1.0366734037177505
1762151938.1897523,-7.306371770765779,0.6632620053899797,-5.445846578406597e-13,0.0,25.70669797093418,-1.0383144213422455,1.0383144213422455
1762151938.2123835,-7.302849510764186,0.665288408114451,-3.6123101346503245e-18,0.0,25.7046728189052,-1.035259528158885,1.035259528158885
1762151938.2384648,-7.30255714837253,0.6724293675666841,-2.7651884202890275e-14,0.0,25.697531963705437,-1.033760115744847,1.033760115744847
1762151938.2588522,-7.301824241394191,0.6743817925533913,-3.480662467293125e-18,0.0,25.695579799058194,-1.0328592750940833,1.0328592750940833
1762151938.280662,-7.302865048323257,0.6742622958351191,-5.341042706590747e-13,0.0,25.695698926233582,-1.0336773201665375,1.0336773201665375
1762151938.3181334,-7.295415048671399,0.6665572130071714,-5.302475857096025e-13,0.0,25.70340665367574,-1.0293565412181258,1.0293565412181258
1762151938.3524227,-7.299027112628388,0.673114202905092,-4.6860030521133955e-14,0.0,25.69684838173871,-1.0309379264647407,1.0309379264647407
1762151938.3723145,-7.299391265251921,0.6744020205198682,-4.597556884645899e-13,0.0,25.69556043491382,-1.030991739605341,1.030991739605341
1762151938.395117,-7.30261852628363,0.6761720854333211,-3.185745601238164e-18,0.0,25.693789224282657,-1.0331603434224328,1.0331603434224328
1762151938.4205513,-7.301982214215124,0.678186982290634,-3.1455382596703663e-18,0.0,25.691774553473017,-1.0323299405105872,1.0323299405105872
1762151938.4536357,-7.30140754840833,0.6770224438249315,-5.068205027996495e-14,0.0,25.69293929589868,-1.0320864170571813,1.0320864170571813
1762151938.4809415,-7.300564306215446,0.6761151682308305,-4.413184819709212e-13,0.0,25.693846870826185,-1.0315947730215955,1.0315947730215955
1762151938.5021605,-7.301837251400684,0.6847652445286607,-1.5057946531526093e-12,0.0,25.685196343118225,-1.0311306518399899,1.0311306518399899
1762151938.5334883,-7.300692131473779,0.688447242225199,-2.605902864136269e-14,0.0,25.681514752225127,-1.0296578212176986,1.0296578212176986
1762151938.5900543,-7.300759425918314,0.6957345408226216,-2.6406998118402227e-14,0.0,25.67422743019433,-1.0285832372962356,1.0285832372962356
1762151938.611694,-7.299564195476153,0.6975983958333376,-4.4981203996704966e-13,0.0,25.672363999664043,-1.0273767376523828,1.0273767376523828
1762151938.6344986,-7.2968082844728865,0.6937548724724993,-3.949222760563803e-13,0.0,25.676208501260497,-1.0258247910396394,1.0258247910396394
1762151938.6525705,-7.297500175714944,0.6963616641533134,-2.702785864476493e-18,0.0,25.673601464090094,-1.0259619864260612,1.0259619864260612
1762151938.6878061,-7.299652053102959,0.6952878886755354,-3.7024039706352304e-13,0.0,25.674674475482632,-1.0277926387334038,1.0277926387334038
1762151938.705605,-7.3018380824676665,0.7038795292719443,-3.669499334229562e-13,0.0,25.66608205928463,-1.0282293584954179,1.0282293584954179
1762151938.7412286,-7.303739701397412,0.7084013061768603,-2.320099661612647e-14,0.0,25.661559607500664,-1.029082399104191,1.029082399104191
1762151938.801204,-7.300819601474321,0.7060913166874173,-1.0887386440703647e-13,0.0,25.66387063361716,-1.0271241940136981,1.0271241940136981
1762151938.9062946,-7.376576054757523,0.7141181248312533,-1.718661435568663e-14,0.0,25.655816928879524,-1.085345624893861,1.085345624893861
1762151938.9349685,-7.494548448083489,0.7165489846901495,-2.5328200822236058e-14,0.0,25.653344183432225,-1.1776021278927697,1.1776021278927697
1762151938.952359,-7.52399702388438,0.7150252860281594,-3.300583864102791e-14,0.0,25.654857426370363,-1.2007415381044741,1.2007415381044741
1762151938.9813156,-7.54192462521921,0.7159548368934329,-2.2075892064833663e-18,0.0,25.653921510423018,-1.2147623044106888,1.2147623044106888
1762151939.1041472,-7.597176478291827,0.72187546361864,-1.717734893211631e-14,0.0,25.64798126706758,-1.25808520490704,1.25808520490704
1762151939.1267986,-7.604685108875759,0.7224632401953187,-2.892856902228138e-13,0.0,25.742139635237297,-1.205691798983145,1.205691798983145
1762151939.3446305,-7.388101349025944,0.7314682536090192,-2.2601952611650385e-14,0.0,25.638462709174433,-1.0928967107448941,1.0928967107448941
1762151939.3707452,-7.382893340297405,0.7346138141227891,-1.5435619783141132e-14,0.0,25.63531899794668,-1.0885381357125703,1.0885381357125703
1762151939.3908634,-7.385678490297296,0.7394053560498063,-7.959401537082772e-13,0.0,25.630526467462584,-1.0904016789217998,1.0904016789217998
1762151939.4122617,-7.3796785527289295,0.7463695474367527,-1.6679505761377186e-18,0.0,25.62356440677428,-1.0851608143375306,1.0851608143375306
1762151939.45647,-7.394500961699887,0.7567334083271005,-1.4102286970078505e-14,0.0,25.61319528388566,-1.0964237146671332,1.0964237146671332
1762151939.4804676,-7.390249690524837,0.7652346574833433,-2.310098532822764e-13,0.0,25.604695544666225,-1.0926163355739738,1.0926163355739738
1762151939.4969683,-7.386426267151292,0.7767268868488596,-8.386454017469063e-13,0.0,25.593204673519963,-1.089080073102788,1.089080073102788
1762151939.516101,-7.38802457429193,0.7847962626077315,-2.2188592647623943e-13,0.0,25.585134730795577,-1.090132560644963,1.090132560644963
1762151939.5519445,-7.38722880782636,0.7997383990295579,-2.293896565406835e-13,0.0,25.648976517489835,-1.0443354014848565,1.0443354014848565
1762151939.5754611,-7.383621317273039,0.8115774363466933,-1.4450811580924624e-14,0.0,25.636902881741126,-1.041187441907016,1.041187441907016
1762151939.5962875,-7.383487795764613,0.8259862095851345,-1.0403450984027088e-14,0.0,25.62252376893036,-1.0407317174819386,1.0407317174819386
1762151939.6329367,-7.3845542798083805,0.8389027545772949,-7.48292631062755e-13,0.0,25.609721634926395,-1.0414103783207829,1.0414103783207829
1762151939.6567202,-7.384538167836785,0.841511317050605,-1.4360158213124807e-18,0.0,25.607119038975245,-1.0413937843758339,1.0413937843758339
1762151939.7042525,-7.386311825578487,0.8430151667437144,-2.0245239299803954e-13,0.0,25.605750634940517,-1.0427444133509385,1.0427444133509385
1762151939.7386591,-7.38674018831943,0.8450245306121263,-1.485783183151005e-14,0.0,25.60377850109735,-1.0430768199645313,1.0430768199645313
1762151939.9180527,-7.397610008773849,0.7681380682084732,-1.7102521505230485e-13,0.0,25.60178952086535,-1.0984370598732778,1.0984370598732778
1762151940.0348506,-7.396261881945761,0.7322031988602581,-1.0019587844868914e-14,0.0,25.637724866596972,-1.0992955133876199,1.0992955133876199
1762151940.0685575,-7.395345273099006,0.7149162671301408,-8.484924697557812e-15,0.0,25.65501212267671,-1.0999689671547581,1.0999689671547581
1762151940.1001937,-7.395545820034975,0.6953139992569468,-1.5400100151232324e-13,0.0,25.674614318110805,-1.1020941552466668,1.1020941552466668
1762151940.1319175,-7.398058961421833,0.6766485222631199,-1.5411648164700175e-13,0.0,25.69327890164491,-1.1062904771617976,1.1062904771617976
1762151940.1775284,-7.396216306853546,0.6670751415119622,-1.5022274905015082e-13,0.0,25.7028529360216,-1.1061917354443402,1.1061917354443402
1762151940.202153,-7.385780775399682,0.6698539506723178,-9.280829195812493e-15,0.0,25.700077832140288,-1.0978230284055828,1.0978230284055828
1762151940.2345548,-7.3722322997778855,0.6755710601473267,-1.4374362539289378e-13,0.0,25.694365533370934,-1.086632150911091,1.086632150911091
1762151940.2681434,-7.3668787449489725,0.6991986301673934,-1.1104739005068187e-14,0.0,25.67073986560355,-1.0794100176816106,1.0794100176816106
1762151940.330141,-7.374228311186031,0.712054629208466,-9.578874839402765e-19,0.0,25.657881257931507,-1.0837159954771198,1.0837159954771198
1762151940.3482192,-7.36340626496192,0.7255002177504283,-9.222708655251776e-19,0.0,25.644439512571807,-1.0739098038940815,1.0739098038940815
1762151940.3757493,-7.359806495972703,0.7462886160643019,-1.3434947310213567e-13,0.0,25.623652393655306,-1.0693232481916433,1.0693232481916433
1762151940.3992152,-7.35699863112846,0.7685297564765083,-1.2675940919394248e-13,0.0,25.601412251568867,-1.0656319575178683,1.0656319575178683
1762151940.427058,-7.36430432239089,0.8029678865217962,-5.253785160481351e-13,0.0,25.644058608698646,-1.0271138992184963,1.0271138992184963
1762151940.4585001,-7.374295908181311,0.8464985346470194,-8.55881654735565e-15,0.0,25.601387191975114,-1.0335896174013832,1.0335896174013832
1762151940.5331438,-7.363979469753304,0.8889387884432709,-1.3049978400185105e-13,0.0,25.558299609765132,-1.026415195153612,1.026415195153612
1762151940.555162,-7.362539352799788,0.8872370966594618,-1.0898566325144301e-14,0.0,25.559890007615895,-1.025227261491618,1.025227261491618
1762151940.5855613,-7.351806774838225,0.8620346191204162,-6.5071600748505036e-15,0.0,25.584228695338428,-1.0163764351278373,1.0163764351278373
1762151940.6169105,-7.339871928937566,0.83224956271967,-1.0088296240733537e-14,0.0,25.613048371034477,-1.0075784778880508,1.0075784778880508
1762151940.6730793,-7.319697920558967,0.7648428784572311,-1.1346463320094203e-13,0.0,25.60511237286029,-1.0357885126724586,1.0357885126724586
1762151940.6923723,-7.311824354673112,0.7370788181172268,-6.03033088080173e-15,0.0,25.63287922693611,-1.0319923133157083,1.0319923133157083
1762151940.8661377,-7.284289779846653,0.4503593941915555,-5.135168643050417e-15,0.0,25.846590813239516,-1.1068915682615308,1.1068915682615308
1762151940.9003263,-7.281478656675473,0.40751781453107927,-2.941186275987672e-14,0.0,25.889523625865966,-1.1185934205614547,1.1185934205614547
1762151940.9263043,-7.2773014639963245,0.37603116787555163,-6.471831019780165e-19,0.0,25.921229162772303,-1.1263815692982952,1.1263815692982952
1762151940.9511623,-7.275469749607318,0.3494345272115711,-3.2444076205555507e-13,0.0,25.947888665583314,-1.1346676144199244,1.1346676144199244
1762151940.9756036,-7.27122037818927,0.32486710782598555,-8.948288048504577e-14,0.0,25.885279781003824,-1.1724049955566356,1.1724049955566356
1762151941.0144198,-7.260335114448787,0.29380922773226575,-5.359301654233137e-15,0.0,25.91763028095533,-1.1759478823992533,1.1759478823992533
1762151941.0396674,-7.254183283543585,0.26052975928481387,-1.527708020539671e-13,0.0,25.95145795636147,-1.1845692242521113,1.1845692242521113
1762151941.0847569,-7.245923040071887,0.2305043900407329,-3.8019952214320424e-13,0.0,25.98238936860624,-1.1911406269137839,1.1911406269137839
1762151941.1054664,-7.233971025218537,0.19594800879649124,-8.262575906829839e-14,0.0,26.01835977300667,-1.197968931114379,1.197968931114379
1762151941.1305983,-7.223584838894806,0.15768667261016084,-8.360229586917985e-14,0.0,26.05775444804258,-1.2087745113229265,1.2087745113229265
1762151941.1618207,-7.21012230209849,0.11735366838714745,-5.560270116332515e-19,0.0,26.099663844950285,-1.219664472540072,1.219664472540072
1762151941.1997058,-7.180222382198611,0.07522585051532564,-7.954265176459917e-14,0.0,26.03694642489101,-1.2490564856450252,1.2490564856450252
1762151941.233278,-7.127561682583434,0.01921520407281417,-5.344802250636066e-19,0.0,26.104233084415004,-1.2418982963015466,1.2418982963015466
1762151941.2570004,-7.054500988628644,-0.033124216133961826,-7.517068399509572e-14,0.0,26.173003448613475,-1.2225163515322413,1.2225163515322413
1762151941.299052,-6.9737355849243965,-0.07616231341688026,-1.8620181999289927e-14,0.0,26.126351568892268,-1.2141439237596938,1.2141439237596938
1762151941.3184621,-6.824760575132202,-0.051204281150615365,-7.089204231597834e-14,0.0,26.15435839646613,-1.0968803267362515,1.0968803267362515
1762151941.3494306,-6.772765552619015,-0.06790990533591598,-6.210136892366244e-15,0.0,26.095057939649983,-1.0852192166891288,1.0852192166891288
1762151941.3803132,-6.732197552713244,-0.06488947520926303,-5.317820033679492e-15,0.0,26.10998747318885,-1.0552558276691486,1.0552558276691486
1762151941.407808,-6.700978912860638,-0.05790417334930436,-2.1236924509771383e-13,0.0,26.117279565182503,-1.0292306773962898,1.0292306773962898
1762151941.431582,-6.690503506959767,-0.04933200021477791,-6.632810984870091e-14,0.0,26.114118465592643,-1.0163324713557245,1.0163324713557245
1762151941.4715555,-6.678244773514639,-0.03584623149025562,-2.977258973880246e-15,0.0,26.107308974152343,-0.99891405696153,0.99891405696153
1762151941.4948852,-6.6697817119390965,-0.014782273107596777,-1.672123242063282e-14,0.0,26.092024725860313,-0.9790248883481478,0.9790248883481478
1762151941.5244696,-6.669356884125204,-0.0020120075340452253,-2.528622714898406e-13,0.0,26.080711125875006,-0.9702311108468521,0.9702311108468521
1762151941.5571163,-6.665419329489693,0.014414382698416136,-2.6667452968469247e-13,0.0,26.067633744991877,-0.9566203901942146,0.9566203901942146
1762151941.5918016,-6.658041342740664,0.020047752523680715,-7.547045524851609e-14,0.0,26.065771225958002,-0.9477757016691326,0.9477757016691326
1762151941.6163068,-6.662824492331521,0.03711320421933456,-5.866251999462329e-14,0.0,26.048324479833898,-0.9398590903515157,0.9398590903515157
1762151941.639621,-6.6642837141711215,0.0531775711032514,-8.372447533230066e-15,0.0,26.033225194213294,-0.9303697886721657,0.9303697886721657
1762151941.6750557,-6.665832499679227,0.06540505376490521,-7.856637650729804e-15,0.0,26.021541696802924,-0.9235116161012578,0.9235116161012578
1762151941.6985993,-6.67520988214574,0.08518541300785447,-3.6052569665225626e-15,0.0,26.077983268549044,-0.9073539550623365,0.9073539550623365
1762151941.716326,-6.6836108864179495,0.11161298770764733,-3.902479892605533e-19,0.0,26.050280230239782,-0.8963227693456663,0.8963227693456663
1762151941.744728,-6.69262117366354,0.12339705083036064,-5.5636729362548095e-14,0.0,26.03611005947966,-0.8951916446244773,0.8951916446244773
1762151941.7705243,-6.699258796134821,0.13524366554333586,-3.608951865804876e-15,0.0,26.022700294196397,-0.8924678291387272,0.8924678291387272
1762151941.80163,-6.7040511091626085,0.14356407607840174,-2.803688284085001e-15,0.0,26.013236990715292,-0.8907086961842756,0.8907086961842756
1762151941.8613515,-6.717085261827853,0.16168648554503412,-2.765184005384777e-15,0.0,25.991729010722796,-0.8889137745766746,0.8889137745766746
1762151942.0524902,-6.729758186972517,0.25453746314680775,-2.4762272358885742e-15,0.0,25.974510727221716,-0.8308929338325383,0.8308929338325383
1762151942.3244047,-6.757491215596798,0.3511020582871689,-4.1964500286867996e-15,0.0,25.87408773425039,-0.7979520428502206,0.7979520428502206
1762151942.629855,-6.799792644707603,0.47313297913188784,-1.353009429988226e-14,0.0,25.81030774468244,-0.755355208156403,0.755355208156403
1762151942.7622716,-6.801680056896901,0.5127659367118675,-2.021425519759665e-19,0.0,25.77084768466487,-0.7383816114130678,0.7383816114130678
1762151942.789185,-6.804793993595814,0.5117804483208187,-1.9940831270895084e-19,0.0,25.77134897172607,-0.7412312842755292,0.7412312842755292
1762151942.9524918,-6.808005448683656,0.5114571472113331,-1.722052639582171e-15,0.0,25.771180942259466,-0.7438533535197264,0.7438533535197264
1762151943.1372557,-6.803106941501696,0.5087476416103452,-2.2662479311207075e-14,0.0,25.774602758288594,-0.7413203478740447,0.7413203478740447
1762151943.299011,-6.807030730204656,0.5127822816268837,-3.137872312357911e-14,0.0,25.770019157508912,-0.7424981682146929,0.7424981682146929
1762151943.4932125,-6.83673349834801,0.4983444309447928,-9.86030440262046e-16,0.0,25.779779978754817,-0.771904983234134,0.771904983234134
1762151943.5266457,-6.837230809684167,0.4928336475300223,-1.9015837086768407e-14,0.0,25.785151372071383,-0.774771136671366,0.774771136671366
1762151943.5551429,-6.834238129576045,0.48063055795039034,-1.6707170179902356e-15,0.0,25.797667360856313,-0.7780268323213366,0.7780268323213366
1762151943.5736825,-6.827951956850712,0.47546064211413935,-9.21515201917462e-16,0.0,25.803731747951367,-0.7756153797971839,0.7756153797971839
1762151943.738468,-6.824733616274259,0.49297051839133327,-1.5407793444689507e-14,0.0,25.786913487739895,-0.7651317302721117,0.7651317302721117
1762151943.8769624,-6.828337092107375,0.4976323255012788,-1.988710873777597e-15,0.0,25.781758622319202,-0.765775345816212,0.765775345816212
1762151944.0655007,-6.8329452217987585,0.5084488140265973,-8.236784577545764e-16,0.0,25.77036789266637,-0.7644505357574007,0.7644505357574007
1762151944.08966,-6.832391718909805,0.5113904630036799,-4.072923781230891e-15,0.0,25.767544381733792,-0.7627067673994153,0.7627067673994153
1762151944.1149406,-6.831688771404528,0.5108979690724549,-3.022072911732802e-15,0.0,25.76813789205411,-0.7623836461284785,0.7623836461284785
1762151944.1444106,-6.838991280346535,0.5097180538629321,-1.1551012102609914e-15,0.0,25.768195417506377,-0.7685553099830407,0.7685553099830407
1762151944.1737401,-6.848289907317792,0.5123098530499137,-6.89908248739178e-16,0.0,25.764221890432708,-0.7746052711699762,0.7746052711699762
1762151944.2058709,-6.856143192193099,0.5170231721571098,-8.129693532069929e-20,0.0,25.758370878357805,-0.7786340422235749,0.7786340422235749
1762151944.235369,-6.853877861327536,0.5193606949752982,-2.08455107322514e-15,0.0,25.756404390207482,-0.775851494797047,0.775851494797047
1762151944.2618887,-6.8575715758200655,0.5247748077029661,-6.551050472271654e-16,0.0,25.75049223989714,-0.7763754633754519,0.7763754633754519
1762151944.3031833,-6.8602775645684595,0.5286789100870021,-5.922561823513372e-16,0.0,25.746222557243144,-0.7768026127447499,0.7768026127447499
1762151944.340192,-6.862164250214855,0.532516732447325,-5.483896730223317e-16,0.0,25.74214277781722,-0.7766296091952369,0.7766296091952369
1762151944.3851326,-6.863163911467988,0.5260435318217386,-1.1130951220115306e-14,0.0,25.748389161442873,-0.7801951212580495,0.7801951212580495
1762151944.405493,-6.860006952718417,0.5331215850782998,-7.831498168062452e-16,0.0,25.74187247111675,-0.7746790406363138,0.7746790406363138
1762151944.4399948,-6.864509068090057,0.5287374433822549,-7.008821688048167e-16,0.0,25.74552224994259,-0.7800883748060928,0.7800883748060928
1762151944.4699678,-6.865099795388678,0.5266191708651556,-1.241108166734034e-14,0.0,25.747526277996943,-0.7814607684510951,0.7814607684510951
1762151944.4872499,-6.868498145374138,0.5249065103604899,-3.579635830000015e-14,0.0,25.748703125876506,-0.7848535740646988,0.7848535740646988
1762151944.5184348,-6.867688762025096,0.5261374527083079,-5.362386297330255e-16,0.0,25.747609339062524,-0.7836923303301644,0.7836923303301644
1762151944.550925,-6.868032728362098,0.5274415222842025,-6.411124954253853e-16,0.0,25.74626816421267,-0.783402091269828,0.783402091269828
1762151944.5911798,-6.862215707589331,0.5179238822623426,-4.5158843527627654e-14,0.0,25.75655864380734,-0.7829667427400384,0.7829667427400384
1762151944.6284537,-6.874980679132582,0.5166530441195032,-9.512828316248063e-15,0.0,25.7558766938904,-0.7934590034589233,0.7934590034589233
1762151944.6528397,-6.88681496357741,0.5116098431323969,-1.0640839842668822e-14,0.0,25.759064677234047,-0.8048402425599138,0.8048402425599138
1762151944.6993086,-6.9012135213635615,0.5130719922077761,-8.534358123445286e-15,0.0,25.75543340201733,-0.8154473752645641,0.8154473752645641
1762151944.719138,-6.909169742659188,0.5200133257775286,-4.920560205435554e-16,0.0,25.747364575916844,-0.8187648556193776,0.8187648556193776
1762151944.7548802,-6.924891148729064,0.5147537588747064,-1.5884398316008757e-15,0.0,25.750176250477754,-0.8332694374381359,0.8332694374381359
1762151944.775552,-6.939442139876303,0.5228178620294023,-8.650512618954768e-15,0.0,25.799122206855074,-0.8251321400052012,0.8251321400052012
1762151944.800896,-6.9471020400631645,0.5233744960242547,-8.232100889485763e-15,0.0,25.798016097296337,-0.8306357160715598,0.8306357160715598
1762151944.8607006,-6.965999173294305,0.5314522618944584,-5.3565094914777676e-20,0.0,25.788600126895876,-0.8416344483862177,0.8416344483862177
1762151944.8995855,-6.9723581375103025,0.5384664339650455,-5.2880640996762896e-20,0.0,25.781146768933755,-0.8437263235281501,0.8437263235281501
1762151944.9221127,-6.974411824621455,0.5440474797537375,-1.5788291847815838e-15,0.0,25.775432470939073,-0.8431552540960656,0.8431552540960656
1762151944.9514956,-6.973907245343352,0.5511512641944127,-7.340081245574287e-15,0.0,25.76838337404183,-0.8400911295925194,0.8400911295925194
1762151945.1222446,-6.971863476292444,0.5642752400605218,-3.5363963462889255e-16,0.0,25.755440378514898,-0.8336283325522376,0.8336283325522376
1762151945.3110588,-6.972147349125036,0.5947579729019985,-5.789034528967942e-15,0.0,25.72501617177909,-0.8227202898723559,0.8227202898723559
1762151945.343398,-6.97499562737799,0.6011361592138995,-2.524812518444959e-16,0.0,25.718449648893856,-0.8226808602204609,0.8226808602204609
1762151945.3683426,-6.979663533253732,0.601467767705707,-2.975039807779266e-16,0.0,25.71778317298278,-0.8262009593901778,0.8262009593901778
1762151945.4607463,-6.985449344480572,0.589478639163152,-4.2375758423155644e-16,0.0,25.729325124143234,-0.8349104835316792,0.8349104835316792
1762151945.6646218,-6.992272092363572,0.6001371620489525,-1.7727026871497922e-14,0.0,25.71820349699318,-0.8364854160815726,0.8364854160815726
1762151945.712902,-6.993899715562685,0.5965357662254449,-3.148906137449331e-20,0.0,25.72167850378465,-0.8389946123395092,0.8389946123395092
1762151946.0355303,-7.003350145565566,0.5837245981447708,-9.537598081661262e-16,0.0,25.733776798042353,-0.8507973806345499,0.8507973806345499
1762151946.145695,-7.029552795988546,0.5776206170394449,-4.425934707254166e-15,0.0,25.737980418242746,-0.8731680583867727,0.8731680583867727
1762151946.2396152,-7.0411014482517,0.5611261222308771,-3.2829736625540266e-15,0.0,25.753601591480777,-0.8877534329299596,0.8877534329299596
1762151946.287512,-7.043659482668138,0.5616314726763866,-1.8366297360668724e-16,0.0,25.752913570227943,-0.8895398547920373,0.8895398547920373
1762151946.3251295,-7.046177392535249,0.5628703399260483,-1.792139155551489e-16,0.0,25.751496817648395,-0.8910443305520319,0.8910443305520319
1762151946.349816,-7.046875444885846,0.5618816569772134,-1.5181379752584158e-16,0.0,25.752432734666154,-0.8919203509283729,0.8919203509283729
1762151946.3740988,-7.044088590634202,0.5486647265008419,-2.9092497595593456e-15,0.0,25.765815873278548,-0.8943844872007404,0.8943844872007404
1762151946.403201,-7.040900935770784,0.5422863998943532,-3.062822388414611e-15,0.0,25.77240694481802,-0.8942105089668795,0.8942105089668795
1762151946.4348402,-7.042926561280388,0.5448115387233392,-5.295251183958559e-16,0.0,25.769742657979354,-0.8948562392280386,0.8948562392280386
1762151946.4736738,-7.044819214038481,0.5523865418025021,-2.737496707223843e-16,0.0,25.762051148509148,-0.8936389317734825,0.8936389317734825
1762151946.5057456,-7.048107995687031,0.5505590932270206,-2.817547363182478e-15,0.0,25.763637327923295,-0.8967867228252224,0.8967867228252224
1762151946.582709,-7.0439453185509535,0.5360460867719732,-9.580251974843346e-16,0.0,25.778412138243745,-0.898739068833487,0.898739068833487
1762151946.6047046,-7.049982522373613,0.5420870193280739,-1.6345288932987925e-16,0.0,25.771952641067525,-0.9011805383232159,0.9011805383232159
1762151946.8849149,-7.04435159655895,0.5505652012650296,-1.6022263766162953e-16,0.0,25.763901404309458,-0.8939188245128995,0.8939188245128995
1762151947.014629,-7.053964524050399,0.5358626116366803,-2.6465633124991773e-16,0.0,25.777874534610586,-0.906394661178314,0.906394661178314
1762151947.043748,-7.046511141486571,0.5436265343032874,-1.1600038317265836e-16,0.0,25.770666782520177,-0.8980000490479411,0.8980000490479411
1762151947.2322907,-7.062069696802636,0.5369893518576562,-1.841123375099531e-16,0.0,25.77616777026605,-0.9121447576767611,0.9121447576767611
1762151947.2621577,-7.071025946881934,0.5337310922280352,-1.830737394996346e-16,0.0,25.778773438307592,-0.9200711261092699,0.9200711261092699
1762151947.3018816,-7.070645779339162,0.5322747454393572,-8.777159647172434e-17,0.0,25.7802533560097,-0.9202896014975912,0.9202896014975912
1762151947.3416939,-7.07805398602881,0.5255748185562141,-1.8198436043439262e-15,0.0,25.78640311695691,-0.928225766983216,0.928225766983216
1762151947.3696184,-7.079906655343396,0.5324025668040864,-1.6666107662110921e-15,0.0,25.779459802807967,-0.9272614070569611,0.9272614070569611
1762151947.3874629,-7.076875708642399,0.5341531584005098,-1.0954218375364226e-16,0.0,25.777931737267313,-0.924359894805495,0.924359894805495
1762151947.414331,-7.073167798820896,0.535555165149098,-1.463946375886605e-16,0.0,25.776800042522353,-0.9210630607805259,0.9210630607805259
1762151947.4572246,-7.076926250675325,0.5299575867256373,-1.877853736789135e-16,0.0,25.78211280833498,-0.9258496448402559,0.9258496448402559
1762151947.4858449,-7.083227545568151,0.5297945060771522,-1.0201425409077024e-20,0.0,25.78182226345729,-0.9306757096447065,0.9306757096447065
1762151947.5209682,-7.084599464840872,0.5256443084696624,-4.6560969175038996e-15,0.0,25.7858630415663,-0.9331462278093624,0.9331462278093624
1762151947.6577203,-7.085614890592108,0.5295391813738695,-7.162725863586315e-17,0.0,25.781905223751313,-0.9325710104425897,0.9325710104425897
1762151947.6979835,-7.089277848560623,0.5289395955448194,-1.6529886491370717e-16,0.0,25.782239808689546,-0.9355499792069301,0.9355499792069301
1762151947.8687785,-7.111455884991761,0.522943813674858,-7.549499190799769e-17,0.0,25.786624969081533,-0.9543662838930879,0.9543662838930879
1762151947.9619746,-7.099201157424834,0.5097296900567343,-6.514244201707543e-17,0.0,25.80068625867647,-0.9496605633127296,0.9496605633127296
1762151948.015466,-7.0954358423806285,0.5084447584149927,-1.0517353980445409e-15,0.0,25.802238672515816,-0.9472840207774141,0.9472840207774141
1762151948.0420845,-7.10514822620909,0.5085640707367743,-7.250760861743104e-21,0.0,25.801421132870644,-0.9545275737667194,0.9545275737667194
1762151948.0835426,-7.098533076224528,0.511813657303441,-6.48985418306312e-17,0.0,25.79865573828911,-0.9484351581043813,0.9484351581043813
1762151948.1072981,-7.095868606405452,0.513768749072861,-3.2303775527263616e-15,0.0,25.79689734434627,-0.9457543756697844,0.9457543756697844
1762151948.1359031,-7.095907382069211,0.5188446582062359,-4.293458333895112e-16,0.0,25.79183179175225,-0.9440277311662274,0.9440277311662274
1762151948.2065403,-7.095568442524034,0.5147480893945825,-6.478822917388547e-21,0.0,25.795942128734097,-0.9451889335029243,0.9451889335029243
1762151948.2314599,-7.086203311161318,0.5225759930253381,-4.86881935277683e-17,0.0,25.78880805861343,-0.9354198219867238,0.9354198219867238
1762151948.261747,-7.086781012252135,0.517522815131857,-6.2362370400619124e-21,0.0,25.793806600452395,-0.9376122201911552,0.9376122201911552
1762151948.3149436,-7.081584029400535,0.5194621855090066,-2.1800622503107923e-16,0.0,25.79224603117459,-0.9330218946308106,0.9330218946308106
1762151948.3412156,-7.091645050527099,0.523108687410655,-6.281238111549974e-17,0.0,25.787885361741434,-0.9393430783139329,0.9393430783139329
1762151948.3842392,-7.088289470863066,0.5239619339758591,-4.887709152930739e-17,0.0,25.78727566565331,-0.9365150424773848,0.9365150424773848
1762151948.4077213,-7.087531246042376,0.5308270057661887,-5.1200374202741053e-17,0.0,25.780482905951946,-0.9335804678346749,0.9335804678346749
1762151948.4428318,-7.09560278749664,0.5379723915374093,-4.802058918750207e-17,0.0,25.772775501725054,-0.9372828393004969,0.9372828393004969
1762151948.488478,-7.097441346936269,0.5288992057057837,-4.9542829089230726e-17,0.0,25.781692956912725,-0.9417456711546645,0.9417456711546645
1762151948.5216737,-7.101770501253454,0.5219762934861938,-4.410978647621649e-17,0.0,25.788286578034544,-0.9473767097642438,0.9473767097642438
1762151948.555099,-7.113476147995626,0.5242041491247137,-5.1578757713859175e-21,0.0,25.785222595771874,-0.9554699934804382,0.9554699934804382
1762151948.5848038,-7.11132971539382,0.52845844037992,-8.11641594444037e-16,0.0,25.78113369831898,-0.9524180581517069,0.9524180581517069
1762151948.6120162,-7.108299331026877,0.5288782556563233,-4.8856035959843985e-17,0.0,25.780932922266633,-0.9499802576848559,0.9499802576848559
1762151948.6336522,-7.11526399900643,0.5317697786837703,-7.932961690374192e-16,0.0,25.77754797312211,-0.9542995112231593,0.9542995112231593
1762151948.6788301,-7.121811351473561,0.537904804572937,-6.57190936535214e-17,0.0,25.770957935263045,-0.9572607128722341,0.9572607128722341
1762151948.7099383,-7.116388985099738,0.5432219254707066,-8.021066506105513e-16,0.0,25.766044573103684,-0.9513880078722639,0.9513880078722639
1762151948.734958,-7.116595006470443,0.5452924422065648,-6.671228913514487e-16,0.0,25.763964600986583,-0.9508708684881686,0.9508708684881686
1762151948.762165,-7.120597973923943,0.5375792734904161,-4.546822860701743e-21,0.0,25.771369892119562,-0.9564425664132717,0.9564425664132717
1762151948.7888258,-7.1157133005589674,0.541195894276635,-3.769842372091341e-17,0.0,25.76811395410876,-0.951534451542695,0.951534451542695
1762151948.814283,-7.112965307115619,0.5384359172552714,-7.981049386154175e-16,0.0,25.771064425279334,-0.950346226183231,0.950346226183231
1762151948.8941658,-7.117643759304361,0.5559552822704857,-6.494428159961823e-17,0.0,25.75325394644459,-0.9482332758906261,0.9482332758906261
1762151948.9336634,-7.118108904999718,0.5566751159636283,-6.247041344729679e-16,0.0,25.752502522629698,-0.9483605381930135,0.9483605381930135
1762151948.956954,-7.120994411486715,0.5550552336263569,-3.742144429219748e-17,0.0,25.753910677801098,-0.9510962638158119,0.9510962638158119
1762151948.9787853,-7.123212159479663,0.5573071261467952,-3.897479279410422e-17,0.0,25.75150511175179,-0.9520845031607504,0.9520845031607504
1762151949.0012758,-7.119499193564197,0.5523887418886406,-3.3132796303279946e-17,0.0,25.75667780338179,-0.9508019153841035,0.9508019153841035
1762151949.0212865,-7.130107478030169,0.5582184863050996,-5.462248810111336e-16,0.0,25.750100185101264,-0.9571044256129464,0.9571044256129464
1762151949.0410726,-7.136720599379187,0.5589205083235192,-3.6355554004257506e-17,0.0,25.748924350708005,-0.9619796621191405,0.9619796621191405
1762151949.098737,-7.135071071626045,0.5650350882826717,-5.231246902294521e-16,0.0,25.742944243741686,-0.9588066611104794,0.9588066611104794
1762151949.1356652,-7.121187768478367,0.564393319494526,-5.066208131914663e-16,0.0,25.744582868640673,-0.9482823771930846,0.9482823771930846
1762151949.1646333,-7.115601845875895,0.5601283044080873,-5.055104094363351e-16,0.0,25.749238590389897,-0.9453281582391223,0.9453281582391223
1762151949.1868424,-7.1139966128320085,0.5640786645505156,-3.441909751168386e-21,0.0,25.745413912662407,-0.9428321401766786,0.9428321401766786
1762151949.2140155,-7.111436126076898,0.5654618503030173,-4.854656165349152e-16,0.0,25.744218464944883,-0.9404159745330132,0.9404159745330132
1762151949.2403018,-7.11235613693884,0.5601297872858423,-4.927943158053084e-16,0.0,25.749470549980384,-0.9428284192987202,0.9428284192987202
1762151949.26182,-7.108002546297511,0.5576844959294657,-7.004290229977794e-17,0.0,25.75222262857797,-0.9402657278387101,0.9402657278387101
1762151949.2796688,-7.106605228917281,0.5542409366641713,-4.753975331429519e-16,0.0,25.755757768044695,-0.9403085851884658,0.9403085851884658
1762151949.297652,-7.103694620433392,0.5490620724837161,-4.591285293672959e-16,0.0,25.76113255768073,-0.9397705155705858,0.9397705155705858
1762151949.3157065,-7.115519885282613,0.5423230127401163,-4.501760774408103e-16,0.0,25.767003665466483,-0.9510180069416729,0.9510180069416729
1762151949.3379705,-7.1260243498119955,0.5394858605573231,-5.205454938838647e-16,0.0,25.769077965589865,-0.9599584190133751,0.9599584190133751
1762151949.3688138,-7.133660649389537,0.5424859499517729,-3.1103208208871856e-21,0.0,25.765536425995915,-0.9648230489277347,0.9648230489277347
1762151949.3875496,-7.121085433895506,0.5424459328866006,-1.5942406411252721e-15,0.0,25.766480776980313,-0.9552276219647347,0.9552276219647347
1762151949.4230206,-7.112745547788237,0.5489857022485631,-2.993111533309639e-21,0.0,25.7605577672475,-0.9467242994106482,0.9467242994106482
1762151949.4540482,-7.10969066548271,0.5407971347272095,-3.185151859258978e-17,0.0,25.768944842319037,-0.9470716851456819,0.9470716851456819
1762151949.4924662,-7.123302053111771,0.5417373120635752,-2.163112666917398e-17,0.0,25.76702813844822,-0.9571504009075222,0.9571504009075222
1762151949.5202136,-7.117867524095687,0.536426539055905,-2.4276699193402827e-17,0.0,25.77271602129521,-0.954741134785692,0.954741134785692
1762151949.546702,-7.115371915958981,0.5387218075716483,-4.0159974722020775e-16,0.0,25.770606186672257,-0.9520857856561485,0.9520857856561485
1762151949.5752056,-7.115013169848981,0.538476779589261,-3.902873493404616e-16,0.0,25.770876381912288,-0.9518929875808306,0.9518929875808306
1762151949.5924525,-7.128273646996114,0.5366766630185613,-6.333418253963393e-17,0.0,25.771718113517743,-0.962585047617328,0.962585047617328
1762151949.6821504,-7.1342658176567735,0.558988422043226,-2.867581380850275e-17,0.0,25.74903316624644,-0.9600665580468759,0.9600665580468759
1762151949.7084827,-7.129820711745095,0.5650963959664298,-2.0048430030028902e-17,0.0,25.743260712426153,-0.9547298445285268,0.9547298445285268
1762151949.935577,-7.1089636872730555,0.545442364622497,-6.58462941912449e-17,0.0,25.764363928335474,-0.9449884968256111,0.9449884968256111
1762151950.0827827,-7.122431669558964,0.553116379186115,-1.737583752069472e-17,0.0,25.755741140272242,-0.9528197723867836,0.9528197723867836
1762151950.1061034,-7.124869091340808,0.5474505178681224,-1.468743065125878e-17,0.0,25.761217023573337,-0.9565044673324972,0.9565044673324972
1762151950.13952,-7.137132296437981,0.5539350060254941,-2.126634046844518e-17,0.0,25.753867331595202,-0.9638557738147777,0.9638557738147777
1762151950.20101,-7.149250217226244,0.5739983485992904,-1.610583966738891e-17,0.0,25.732984400306595,-0.9670622185369504,0.9670622185369504
1762151950.223829,-7.145560993249929,0.5780451941593683,-1.4638995717494814e-17,0.0,25.7292133723125,-0.9629790203664443,0.9629790203664443
1762151950.2534513,-7.133545772480668,0.5774415904834396,-9.925384062473475e-16,0.0,25.730679574285283,-0.9538120584395803,0.9538120584395803
1762151950.2989433,-7.14340254945659,0.5759089927294782,-1.6064646024124213e-17,0.0,25.731499281592736,-0.9619413012722993,0.9619413012722993
1762151950.331849,-7.130381438033652,0.5802271469166892,-1.0310113054688525e-15,0.0,25.728128817759597,-0.9505032620607314,0.9505032620607314
1762151950.3721437,-7.13918763491328,0.5892157469087157,-1.87933639006866e-17,0.0,25.71853013473176,-0.9547065150185688,0.9547065150185688
1762151950.4222112,-7.132867283963182,0.5869758747854276,-1.4992582855121857e-17,0.0,25.721218779871432,-0.9504202009638433,0.9504202009638433
1762151950.446984,-7.142399498478475,0.5882364709689877,-1.4693955969130088e-17,0.0,25.7192758701914,-0.9575058202612572,0.9575058202612572
1762151950.474464,-7.143089285944262,0.5978045283385695,-1.461581072480459e-17,0.0,25.709682980712646,-0.9553070751754427,0.9553070751754427
1762151950.5144756,-7.149914553704577,0.5935523380989468,-1.5288026950471684e-17,0.0,25.713433270327975,-0.9618729337402822,0.9618729337402822
1762151950.6744137,-7.159322826174524,0.6169421431273792,-1.181007123326601e-17,0.0,25.689427375266707,-0.9629903299367473,0.9629903299367473
1762151950.719341,-7.1560950364003455,0.6288493995494662,-4.034754794084442e-17,0.0,25.677783105587984,-0.9573959977640887,0.9573959977640887
1762151950.8644876,-7.157992354243105,0.6460918746928174,-9.984426829405413e-18,0.0,25.723920782212407,-0.9296242808058706,0.9296242808058706
1762151950.893353,-7.152726280139254,0.6475570749365605,-1.8008571886818698e-16,0.0,25.722457451764704,-0.9252661072169219,0.9252661072169219
1762151950.9198234,-7.1527990027770025,0.6467665017921232,-1.5770584988646228e-17,0.0,25.72324799903936,-0.9255275203701402,0.9255275203701402
1762151950.9481118,-7.1497089017200315,0.6463598245153707,-1.0526097698958788e-17,0.0,25.72365577342152,-0.9233011856473374,0.9233011856473374
1762151950.972687,-7.146723745699127,0.6476168005229178,-1.9881373797686761e-16,0.0,25.72239985736382,-0.9207161321375034,0.9207161321375034
1762151951.008168,-7.145589890602668,0.6487231979228455,-1.1025682508637329e-21,0.0,25.72129386260545,-0.919568662860818,0.919568662860818
1762151951.039497,-7.149608035440308,0.6427947228950104,-9.292137497737317e-18,0.0,25.72722091062944,-0.9241699581037706,0.9241699581037706
1762151951.0698583,-7.150163314981594,0.64723609176353,-1.018721737572696e-17,0.0,25.722779344890537,-0.9234141509601009,0.9234141509601009
1762151951.1102984,-7.153107506290527,0.64510237710101,-9.279826758249267e-18,0.0,25.724912014092347,-0.9261969776997543,0.9261969776997543
1762151951.1417806,-7.148742505693957,0.6423012932377141,-4.9479064540310136e-17,0.0,25.727714647559356,-0.9236497099657179,0.9236497099657179
1762151951.1660416,-7.145591834320643,0.6414415950893593,-9.043850337501248e-18,0.0,25.72857546428987,-0.9215077008058762,0.9215077008058762
1762151951.1995943,-7.146136778998547,0.643223399654415,-9.717254914549985e-22,0.0,25.726793466356163,-0.9214393320043843,0.9214393320043843
1762151951.2298055,-7.147716318862242,0.6432635104045972,-2.026761899167919e-16,0.0,25.726752794797655,-0.9226191319061083,0.9226191319061083
1762151951.2719347,-7.149268230667376,0.6496559536133631,-8.245923563197775e-18,0.0,25.720359800990202,-0.9221059396238119,0.9221059396238119
1762151951.2973766,-7.150250135604135,0.6491035935611086,-9.120954777320604e-22,0.0,25.720911812385264,-0.9229920346370512,0.9229920346370512
1762151951.3432302,-7.154236465165421,0.6447559069630269,-1.299456206006451e-16,0.0,25.725258083375053,-0.927139793065253,0.927139793065253
1762151951.3844357,-7.152135434593118,0.6515591467409195,-9.407044850952025e-18,0.0,25.71845558999052,-0.9237832425229878,0.9237832425229878
1762151951.406993,-7.147945660288426,0.6528100948204927,-1.0332445648051209e-17,0.0,25.71720612955649,-0.9202890388688286,0.9202890388688286
1762151951.425488,-7.150252280635718,0.651771469810215,-1.2042766552470286e-16,0.0,25.718243935542723,-0.9223030822782106,0.9223030822782106
1762151951.4470541,-7.149002763066458,0.6484145065588689,-8.243174636405067e-22,0.0,25.72160134221992,-0.9222289037708582,0.9222289037708582
1762151951.465589,-7.142908648999372,0.6593447345059454,-1.1820557045327064e-16,0.0,25.710673278658543,-0.9148004206500226,0.9148004206500226
1762151951.495766,-7.146677158106111,0.6590423854966423,-8.033156553088523e-22,0.0,25.710974289651023,-0.917740638258965,0.917740638258965
1762151951.5165815,-7.139719156997089,0.6587396132640015,-7.932936931272285e-22,0.0,25.71127953228184,-0.9125302447285655,0.9125302447285655
1762151951.54391,-7.14107470470748,0.6572502141224612,-1.0957624392346171e-16,0.0,25.71276845004639,-0.9139398080375435,0.9139398080375435
1762151951.5803013,-7.146847557042586,0.656181262898924,-1.0821534066177566e-16,0.0,25.71383535156878,-0.9185939318551083,0.9185939318551083
1762151951.598492,-7.143480641826757,0.6545745975938188,-8.034828143426796e-18,0.0,25.71544321218569,-0.916451379535965,0.916451379535965
1762151951.625776,-7.147245102741917,0.6515782271581394,-6.09405601071901e-18,0.0,25.71843824587204,-0.9200765397551092,0.9200765397551092
1762151951.6621735,-7.150963800685411,0.6496165250202609,-1.1492890488249315e-16,0.0,25.72039862757381,-0.923398373741455,0.923398373741455
1762151951.7014086,-7.150372919555801,0.6521462011699883,-5.457422234328089e-18,0.0,25.717869161374086,-0.9222980060352766,0.9222980060352766
1762151951.7234247,-7.14705760063654,0.657422299579779,-9.75204400060571e-17,0.0,25.712594240390803,-0.9184384501601851,0.9184384501601851
1762151951.7513871,-7.146933574945226,0.6565802129294419,-9.822549596521652e-17,0.0,25.71343637102301,-0.9185577967838239,0.9185577967838239
1762151951.7970319,-7.14823806824796,0.6650438196621998,-5.1063427629432074e-18,0.0,25.704972301667304,-0.917438364479301,0.917438364479301
1762151951.823307,-7.143612071320678,0.6639314271313099,-5.954867727519067e-18,0.0,25.706086336574305,-0.9141871616528532,0.9141871616528532
1762151951.8519766,-7.141517476559246,0.663832471900747,-5.409278021434932e-18,0.0,25.70618603547817,-0.9126159913899295,0.9126159913899295
1762151951.8872018,-7.142253415281327,0.6698595244455219,-9.047853188429676e-17,0.0,25.700158722020458,-0.9116959741837697,0.9116959741837697
1762151951.912867,-7.147673038041163,0.6669752923867248,-5.110824894267125e-18,0.0,25.703041029676786,-0.9165357609127454,0.9165357609127454
1762151951.9374928,-7.142521828791281,0.6671159225205391,-5.520888997278469e-18,0.0,25.702902228473107,-0.9125704121665382,0.9125704121665382
1762151951.9623702,-7.143620501362146,0.6652736714457179,-8.693401766020124e-17,0.0,25.704744089351436,-0.9138616100569904,0.9138616100569904
1762151951.9854207,-7.149411517732745,0.6647087325282129,-1.810662015874463e-17,0.0,25.705306972150478,-0.918414906700562,0.918414906700562
1762151952.004717,-7.143701453332418,0.670281819134017,-4.8841823318184425e-18,0.0,25.699735913237046,-0.9127004874234623,0.9127004874234623
1762151952.0206933,-7.14134594383059,0.6713956668319441,-5.0387297732891805e-18,0.0,25.69862290192585,-0.9106301750621133,0.9106301750621133
1762151952.0531425,-7.1411719206897235,0.6663335159542343,-4.7004057390808954e-18,0.0,25.703685114270886,-0.9117328815140092,0.9117328815140092
1762151952.0847178,-7.141407459872884,0.6737999405465683,-5.2552937620880905e-18,0.0,25.696218606521683,-0.9100992733384439,0.9100992733384439
1762151952.1182728,-7.141533832249245,0.6807511288534557,-4.434849506977635e-18,0.0,25.68926737378479,-0.908556983937513,0.908556983937513
1762151952.148007,-7.146942590394479,0.6785095633683159,-7.633470588623898e-17,0.0,25.691507018765417,-0.9132332550125839,0.9132332550125839
1762151952.1764262,-7.142657140388236,0.6782005720697958,-8.413276917855271e-17,0.0,25.691817531580533,-0.910015300861913,0.910015300861913
1762151952.2036715,-7.143298599457454,0.6814520855881531,-4.89751261435792e-18,0.0,25.688565790519014,-0.9097514105234171,0.9097514105234171
1762151952.249641,-7.139520704029702,0.6863761553022423,-4.224562861738433e-18,0.0,25.683643062445636,-0.9057124323809305,0.9057124323809305
1762151952.276945,-7.143905013991887,0.6915928724254633,-3.618753976479043e-18,0.0,25.67842478901522,-0.9079266197364363,0.9079266197364363
1762151952.2969284,-7.143804647880226,0.6872738147391093,-3.5444213052761795e-18,0.0,25.68274388206403,-0.9088130071973665,0.9088130071973665
1762151952.3158278,-7.1431827705972015,0.6844446708838663,-3.685800736567408e-18,0.0,25.685573246536606,-0.9089750941470144,0.9089750941470144
1762151952.3362389,-7.150219971283622,0.6778219301093709,-5.2657570573085364e-18,0.0,25.692193488356846,-0.9159087056252013,0.9159087056252013
1762151952.3663642,-7.148043886734109,0.6750862516387692,-4.913957698001286e-18,0.0,25.69492993926726,-0.9148784564122084,0.9148784564122084
1762151952.4060206,-7.151469867336789,0.6689492329012037,-8.099619737572782e-17,0.0,25.701065741233958,-0.9189576775750345,0.9189576775750345
1762151952.428244,-7.1496082608358895,0.6637839108621415,-6.341142123425644e-17,0.0,25.706231723905216,-0.9187916945744733,0.9187916945744733
1762151952.4532194,-7.144216387831891,0.6624301600456847,-4.441816640620996e-18,0.0,25.70758738900456,-0.9150206240440291,0.9150206240440291
1762151952.4784446,-7.1490557495872595,0.6628499540437941,-3.548457199883243e-18,0.0,25.707165876832146,-0.9186009304205864,0.9186009304205864
1762151952.5101478,-7.143754762660307,0.6608050945229571,-3.722731578858947e-18,0.0,25.70921261832348,-0.9150758387917808,0.9150758387917808
1762151952.5375047,-7.140611482933913,0.6585823054112134,-3.603591870341658e-18,0.0,25.711436523307086,-0.9132482456340488,0.9132482456340488
1762151952.5621889,-7.142285952113948,0.6567842995426013,-3.4132378446024632e-18,0.0,25.71323393454715,-0.9149783712232245,0.9149783712232245
1762151952.5844731,-7.143909140440066,0.6643082261843255,-5.804043586331234e-17,0.0,25.705709432071547,-0.9143201596851604,0.9143201596851604
1762151952.614753,-7.145671906455019,0.660886315731466,-3.504707105670908e-18,0.0,25.70913071644398,-0.9165137214421059,0.9165137214421059
1762151952.6426768,-7.1493969620628,0.6579166573901934,-3.6075543663007575e-18,0.0,25.712099052028346,-0.9200901202528919,0.9200901202528919
1762151952.6753979,-7.152099672564773,0.6634932196360412,-4.482737815858855e-18,0.0,25.70652153054479,-0.9207608559474757,0.9207608559474757
1762151952.7013369,-7.152713360178852,0.6643345694881553,-7.69563984398095e-17,0.0,25.705679962857776,-0.9210227075319949,0.9210227075319949
1762151952.7268884,-7.147676072282768,0.6687254446456088,-3.7102310420972594e-22,0.0,25.701290876450912,-0.9161136810165216,0.9161136810165216
1762151952.7594779,-7.147021499792679,0.6759511495867014,-3.622200256066859e-22,0.0,25.694065404369233,-0.9138914444216969,0.9138914444216969
1762151952.7919228,-7.153357906842241,0.6684903530316456,-5.163906904521193e-17,0.0,25.701523950731875,-0.920509760664971,0.920509760664971
1762151952.822214,-7.158755700390413,0.6747516813172715,-4.964550576080171e-17,0.0,25.695260706370615,-0.9231651968547997,0.9231651968547997
1762151952.8424776,-7.153522635060218,0.6662155953328479,-3.1459243847799318e-18,0.0,25.70379864980104,-0.9211829140728607,0.9211829140728607
1762151952.8718674,-7.155854765963935,0.6716445926089317,-9.253081345802628e-18,0.0,25.698368824851116,-0.9216691036991458,0.9216691036991458
1762151952.906731,-7.154176793047884,0.6776721097606881,-1.7331568677547633e-16,0.0,25.69234190383848,-0.9189801018904744,0.9189801018904744
1762151952.934552,-7.163045725610458,0.6769706044025998,-5.510421504924447e-17,0.0,25.693040260264656,-0.9259457808306942,0.9259457808306942
1762151952.9578395,-7.165578058797097,0.6806567288244308,-4.6097105235668143e-17,0.0,25.689353236977915,-0.9270613323334527,0.9270613323334527
1762151952.9862375,-7.167647152144595,0.6826905948897225,-3.2208764921825786e-18,0.0,25.68731863641548,-0.9282028550257524,0.9282028550257524
1762151953.016661,-7.1709808205749965,0.6835375496470427,-3.088133487257252e-18,0.0,25.686470498102643,-0.9305836182518117,0.9305836182518117
1762151953.0357857,-7.168633566384807,0.691101347761347,-2.9313984387845598e-18,0.0,25.678907533850584,-0.9271515370687406,0.9271515370687406
1762151953.0593703,-7.170227805901481,0.6909483780728773,-2.6818233059030487e-18,0.0,25.679059937499492,-0.9284161638916317,0.9284161638916317
1762151953.0916064,-7.167044955534089,0.6903869732287605,-2.6529579164868568e-18,0.0,25.679622472369623,-0.9260750539649913,0.9260750539649913
1762151953.1156156,-7.169448690333086,0.6835726700860839,-4.402375320438874e-17,0.0,25.686435921644026,-0.9293963968787219,0.9293963968787219
1762151953.1866188,-7.171661952470025,0.6780209141495309,-2.306726458570429e-18,0.0,25.691986891418626,-0.9323214567284213,0.9323214567284213
1762151953.213359,-7.169166694887477,0.6874562626935581,-2.380871487900323e-18,0.0,25.682552429402964,-0.9283390175356093,0.9283390175356093
1762151953.2503982,-7.165416873001419,0.6925190990921188,-1.9784258091219528e-18,0.0,25.677490924686435,-0.9243645563661039,0.9243645563661039
1762151953.2875967,-7.174054990538278,0.6920962784742193,-2.687072314108587e-18,0.0,25.677910678340165,-0.9311351750351785,0.9311351750351785
1762151953.3094976,-7.169180432813569,0.7006712711534681,-8.826042676230703e-17,0.0,25.669337416898376,-0.9255995142850512,0.9255995142850512
1762151953.3444762,-7.164457744883471,0.7020121659162132,-2.2163772787337565e-18,0.0,25.66799819899622,-0.9216571130139677,0.9216571130139677
1762151953.3658354,-7.161688461462031,0.7094418725747369,-3.5017555446004554e-17,0.0,25.66056947603169,-0.9180158681277988,0.9180158681277988
1762151953.4035883,-7.1688134208520236,0.7092204294756385,-1.811194252432135e-18,0.0,25.66078838942154,-0.9236223788572944,0.9236223788572944
1762151953.422835,-7.171257564844437,0.7043547829755722,-1.8853710861644066e-18,0.0,25.665653167828992,-0.9264800638350994,0.9264800638350994
1762151953.4423,-7.16631274765626,0.703445850451874,-1.5033898935958296e-18,0.0,25.666563855937795,-0.922811426168084,0.922811426168084
1762151953.4633198,-7.168191903034316,0.6995816378233778,-2.0959740219997293e-18,0.0,25.670427401134297,-0.9250522275359211,0.9250522275359211
1762151953.5257301,-7.169270152819418,0.7057169698624822,-2.2684244564174693e-22,0.0,25.66429168665257,-0.924663326524676,0.924663326524676
1762151953.5616403,-7.170317505425588,0.6991467087268587,-3.212911100958713e-17,0.0,25.6708615755147,-0.9267911284697394,0.9267911284697394
1762151953.588671,-7.174051352030625,0.691813401883617,-3.308807710233884e-17,0.0,25.67819355620478,-0.9311912189867334,0.9311912189867334
1762151953.6169097,-7.167397719509196,0.6940003346444718,-2.102336911027994e-18,0.0,25.676008985933876,-0.9255865226497335,0.9255865226497335
1762151953.6434987,-7.171041426994054,0.703099167579354,-7.441955563331986e-18,0.0,25.66690885988516,-0.9265604952531123,0.9265604952531123
1762151953.6634002,-7.175497684475314,0.6994278597049639,-2.907458759652748e-17,0.0,25.670578585347403,-0.9307569172093181,0.9307569172093181
1762151953.6836674,-7.169191154857373,0.7012726622633676,-1.6817539415882378e-18,0.0,25.66873602201955,-0.9254866686403516,0.9254866686403516
1762151953.706582,-7.17248830187729,0.7017994721112184,-5.588196026655453e-18,0.0,25.668208041562824,-0.9279445887412865,0.9279445887412865
1762151953.7251303,-7.169960751695105,0.7068350101888092,-1.7632024626214164e-18,0.0,25.663173401201668,-0.9249821691705188,0.9249821691705188
1762151953.7430284,-7.1643164335754586,0.714567792285096,-1.5084909000162472e-18,0.0,25.655442623590858,-0.9190773745340529,0.9190773745340529
1762151953.888099,-7.147255552339562,0.699812708366644,-1.562101520645145e-18,0.0,25.67020376399362,-0.9087434809074841,0.9087434809074841
1762151953.925504,-7.145805316386982,0.702660087191479,-1.3229911251499045e-18,0.0,25.66735690025014,-0.9070155965431798,0.9070155965431798
1762151953.9470341,-7.1387887270141945,0.7024204704842814,-2.856352336413014e-17,0.0,25.667599008161083,-0.9016081735045057,0.9016081735045057
1762151953.9751167,-7.139978219507187,0.7096055384205848,-1.2765168409889045e-18,0.0,25.660413518351934,-0.9010295719014564,0.9010295719014564
1762151954.0146677,-7.151867828970316,0.7104891967689707,-1.6118868177245182e-18,0.0,25.659525638689345,-0.9101373392528036,0.9101373392528036
1762151954.0475297,-7.148651928411463,0.7128128056060269,-2.2435108833514234e-18,0.0,25.657203171794517,-0.9071591609446706,0.9071591609446706
1762151954.0833771,-7.157490942089647,0.7099883355925657,-2.2199175400222078e-17,0.0,25.66002450336487,-0.9146298228938115,0.9146298228938115
1762151954.126671,-7.159918301038112,0.6991116993390472,-2.2480269783275268e-17,0.0,25.670900277106384,-0.9187239754670941,0.9187239754670941
1762151954.1528788,-7.168621902539724,0.6954504834347476,-1.4654155905998159e-18,0.0,25.67455840259252,-0.9262331754896711,0.9262331754896711
1762151954.1834261,-7.163045212068518,0.6925164717799787,-3.2502955707117222e-18,0.0,25.677494394049454,-0.9225303076200673,0.9225303076200673
1762151954.2037513,-7.157775922020978,0.6947152405015357,-1.5981173177466389e-18,0.0,25.675297496311984,-0.9179847209103862,0.9179847209103862
1762151954.2213502,-7.162673852112975,0.6948617639138632,-1.4132887391567565e-18,0.0,25.67514923391362,-0.9217476862265741,0.9217476862265741
1762151954.252233,-7.162212186196952,0.6911014404272044,-2.039459028903849e-17,0.0,25.678909721076355,-0.9221875250486204,0.9221875250486204
1762151954.282013,-7.158252149417356,0.6860169873651124,-1.9506697308824627e-17,0.0,25.68399557981707,-0.9202345598571273,0.9202345598571273
1762151954.3140237,-7.159094092034731,0.6841360825257466,-1.972272994489043e-17,0.0,25.6858761856087,-0.9212992724969687,0.9212992724969687
1762151954.3357296,-7.1588252476430965,0.6800069498887404,-1.2574971897252574e-18,0.0,25.690005413437838,-0.9220171969868606,0.9220171969868606
1762151954.372924,-7.1632753010898105,0.6746031511589496,-1.909904198894197e-17,0.0,25.695407631849008,-0.9266624476100692,0.9266624476100692
1762151954.4027624,-7.160335642166676,0.6744710340658593,-2.1357629324350192e-17,0.0,25.695540792650785,-0.9244405783338352,0.9244405783338352
1762151954.4232259,-7.160170935513365,0.6663150825466402,-1.1146609189731208e-18,0.0,25.70369680213454,-0.9262303801447339,0.9262303801447339
1762151954.4578147,-7.154930343300996,0.6618145801630502,-1.305313301233331e-18,0.0,25.708199164890893,-0.9233277569281424,0.9233277569281424
1762151954.487963,-7.156530571659231,0.6655369734125887,-2.21531105093279e-18,0.0,25.704476203719732,-0.9236407906392853,0.9236407906392853
1762151954.5243025,-7.149224347817298,0.6686471917660721,-2.171856129119461e-18,0.0,25.70136857961497,-0.9173151159098984,0.9173151159098984
1762151954.5458698,-7.149446330214376,0.6625786506619067,-1.66936078932762e-17,0.0,25.70743704152246,-0.9189653052048532,0.9189653052048532
1762151954.5709941,-7.157403294051582,0.668008317405733,-6.636936382898961e-17,0.0,25.702004550024906,-0.9237140525298295,0.9237140525298295
1762151954.6039398,-7.152093060637652,0.6724940614812094,-1.0664423366091626e-18,0.0,25.697520691614482,-0.9185905087679129,0.9185905087679129
1762151954.6201997,-7.1603760684975,0.6775378162594785,-9.35116315886235e-19,0.0,25.692473996297217,-0.9237683432540917,0.9237683432540917
1762151954.6403997,-7.1589909337045325,0.679842722583723,-4.104008862816771e-18,0.0,25.69016958190617,-0.9221816333387463,0.9221816333387463
1762151954.6648283,-7.162828378274214,0.6821413659176955,-9.53976494760332e-19,0.0,25.687869576243983,-0.9246166055382862,0.9246166055382862
1762151954.6851134,-7.160624191377601,0.680793498289559,-9.458830367452145e-19,0.0,25.68921822637706,-0.9232226469554367,0.9232226469554367
1762151954.7111714,-7.1607186033883705,0.6837412241479557,-1.889408833798185e-18,0.0,25.686270467183757,-0.9226377795902055,0.9226377795902055
1762151954.7434077,-7.155965155455438,0.6801718294561343,-1.1343748142713415e-18,0.0,25.68984154934792,-0.9197820082759182,0.9197820082759182
1762151954.77511,-7.150731841558806,0.6835178474846965,-1.4410444923537687e-17,0.0,25.686497389602536,-0.9149988000760261,0.9149988000760261
1762151954.7984257,-7.155100814242699,0.6861501096401372,-1.4314115554121687e-18,0.0,25.68386357642246,-0.917775654355159,0.917775654355159
1762151954.830306,-7.150683122482216,0.6816839492453062,-9.842261446049256e-23,0.0,25.688331305023897,-0.9153773523390244,0.9153773523390244
1762151954.8583274,-7.151037561069875,0.6796384513959585,-9.597737455339243e-23,0.0,25.69037667690197,-0.9161175561667144,0.9161175561667144
1762151954.88865,-7.1491666450893545,0.6824608463817347,-9.46335216639856e-23,0.0,25.68755494635715,-0.914033877789142,0.914033877789142
1762151954.9180613,-7.155042586513325,0.6823105848102865,-9.241048333885079e-23,0.0,25.68770312168389,-0.9185888529095015,0.9185888529095015
1762151954.9441905,-7.158842281410513,0.6683293749576513,-1.3149542163971802e-17,0.0,25.70168298158511,-0.9247364351367097,0.9247364351367097
1762151954.9708912,-7.152860281589225,0.6677219168634966,-9.00813697967155e-23,0.0,25.702292563531934,-0.9203142544488414,0.9203142544488414
1762151955.0661192,-7.1564841927638305,0.6590346496197774,-6.178901637794229e-19,0.0,25.710978543569393,-0.9251950500937401,0.9251950500937401
1762151955.0894413,-7.15511189911034,0.6630114773599609,-8.246901627131376e-23,0.0,25.70700220330858,-0.9231728163042427,0.9231728163042427
1762151955.120566,-7.148864298217865,0.6612571153035963,-1.1483589697848806e-17,0.0,25.70875878344618,-0.9188497774946716,0.9188497774946716
1762151955.1424441,-7.153754067541902,0.6617837589388261,-1.543169259094551e-17,0.0,25.708230403746324,-0.9224401709137774,0.9224401709137774
1762151955.1697676,-7.15058492094667,0.6669681548304344,-1.9968438614716364e-18,0.0,25.703047133377403,-0.9187595254424281,0.9187595254424281
1762151955.2216604,-7.1480189365466344,0.6674174075857386,-4.469179068483049e-18,0.0,25.70259879169542,-0.9166922809249795,0.9166922809249795
1762151955.2587934,-7.153222675302945,0.6641596552406192,-1.6078233044379788e-17,0.0,25.70585469626349,-0.9214534686210147,0.9214534686210147
1762151955.2886648,-7.154905860962074,0.6667814349689131,-7.550870941355322e-19,0.0,25.703232319090464,-0.9221017067089403,0.9221017067089403
1762151955.3137143,-7.155011802621018,0.6658413061719546,-9.99537409328577e-18,0.0,25.704172410213904,-0.9224091598957929,0.9224091598957929
1762151955.3410325,-7.157312828894524,0.6561825678184824,-9.970353919962311e-18,0.0,25.71383033098617,-0.9265344210721238,0.9265344210721238
1762151955.3624945,-7.161090778571369,0.6569579262425622,-6.995275221118479e-23,0.0,25.71305363126135,-0.9292084729334046,0.9292084729334046
1762151955.392394,-7.161616705767068,0.6656088852382103,-4.729554118819376e-19,0.0,25.704402486082103,-0.9275018503293478,0.9275018503293478
1762151955.418089,-7.155824063295755,0.6695483149816275,-1.0039415734758255e-17,0.0,25.700465113247184,-0.92214134491384,0.92214134491384
1762151955.439893,-7.152969927694695,0.6737054732117274,-5.329882694940864e-19,0.0,25.69630896863132,-0.9189767050381866,0.9189767050381866
1762151955.4767456,-7.148740315322126,0.6737348987418006,-4.76907846148063e-19,0.0,25.69628104481419,-0.9157306035977377,0.9157306035977377
1762151955.548255,-7.143251037767012,0.6713072806947876,-3.3273080959822806e-17,0.0,25.698710611659592,-0.9121086351663222,0.9121086351663222
1762151955.5715399,-7.13764624193862,0.6701348931966089,-1.2494019545018793e-17,0.0,25.699884989049693,-0.9081075947508154,0.9081075947508154
1762151955.5937216,-7.135803436540635,0.6702047974070388,-1.0640988334036411e-17,0.0,25.699815739126155,-0.906681884517271,0.906681884517271
1762151955.6281211,-7.141143930476711,0.6718123592135697,-6.853172774740136e-19,0.0,25.69820628129472,-0.910375043522258,0.910375043522258
1762151955.6789114,-7.143688752641086,0.6753625537637511,-8.388886264039605e-18,0.0,25.69465518343689,-0.9114752715697398,0.9114752715697398
1762151955.6963923,-7.144395157415242,0.6759351142840354,-5.500881955880476e-19,0.0,25.69408237214581,-0.9118814953048642,0.9118814953048642
1762151955.71417,-7.146961923163601,0.6713087980240386,-3.527321476651771e-17,0.0,25.698707776791796,-0.914946531325419,0.914946531325419
1762151955.7595387,-7.147505476300287,0.6736297119238951,-2.1153532898575736e-17,0.0,25.69638667005133,-0.9148098299876444,0.9148098299876444
1762151955.7953217,-7.151087416600552,0.6755910853718126,-1.2423771686559063e-18,0.0,25.69442402496996,-0.9170929807940428,0.9170929807940428
1762151955.8181922,-7.150524694495479,0.6744778305399194,-7.572760233030653e-18,0.0,25.695537479524468,-0.9169224176072877,0.9169224176072877
1762151955.9079,-7.150156273689884,0.6672239016910335,-1.2470819712555062e-17,0.0,25.702791538722835,-0.9183704788833085,0.9183704788833085
1762151955.9316218,-7.155556270952891,0.6712304969447177,-7.336800895827822e-19,0.0,25.69878302646898,-0.9215383857809955,0.9215383857809955
1762151955.9710362,-7.143843237681503,0.6810815836860763,-4.581008095267444e-19,0.0,25.688936099025582,-0.9102558250908053,0.9102558250908053
1762151955.9978302,-7.148544477997114,0.6805940121527616,-7.959691785398688e-19,0.0,25.689422001367003,-0.9139822852279385,0.9139822852279385
1762151956.0139644,-7.149335536653895,0.6745380964745308,-6.478590144489534e-18,0.0,25.69547763580055,-0.9159971744888503,0.9159971744888503
1762151956.0364912,-7.151389573886289,0.67371783078856,-4.2123803870105095e-19,0.0,25.69629717215511,-0.9177635211763728,0.9177635211763728
1762151956.0652483,-7.143890432290878,0.6687342022368112,-4.423404134466287e-18,0.0,25.7012834629403,-0.9132200827734761,0.9132200827734761
1762151956.1030943,-7.143505402517746,0.6672218254026819,-4.1460352062483493e-19,0.0,25.70279597638276,-0.9132950940713142,0.9132950940713142
1762151956.1426723,-7.144331395140243,0.6606148759048717,-6.676689169401813e-18,0.0,25.709402632197957,-0.9155621583598966,0.9155621583598966
1762151956.1663096,-7.146565305304952,0.6609350053806976,-6.218607841118768e-18,0.0,25.709081709599257,-0.9171811194981594,0.9171811194981594
1762151956.2882736,-7.153519346011944,0.663109925950452,-3.8592790929243035e-23,0.0,25.706904320155456,-0.9219359798721529,0.9219359798721529
1762151956.3175693,-7.151044634503212,0.6579635681210577,-5.4983271610799905e-18,0.0,25.71205155629932,-0.9213296964865069,0.9213296964865069
1762151956.350227,-7.149396113147557,0.6511164403793046,-6.104156609998529e-18,0.0,25.71889926891203,-0.921824036808222,0.921824036808222
1762151956.3718755,-7.149256374368662,0.6516250798501386,-2.679405005934508e-19,0.0,25.718390679087083,-0.9215869060456497,0.9215869060456497
1762151956.3940825,-7.152068956147714,0.6491330446574002,-2.7755197534995615e-19,0.0,25.720881715524094,-0.9243594112385111,0.9243594112385111
1762151956.491193,-7.15142358257486,0.6546272418644422,-3.608089067151235e-18,0.0,25.71538774780128,-0.9224598706692113,0.9224598706692113
1762151956.5255806,-7.15249673569716,0.6602160886154631,-2.8652957037126383e-19,0.0,25.709798520382748,-0.9218710900435664,0.9218710900435664
1762151956.5563433,-7.151471428222662,0.6604633905805184,-1.4324760903587172e-17,0.0,25.7095515824656,-0.921030032290928,0.921030032290928
1762151956.5927837,-7.151372169462053,0.6647038351148598,-3.403725510562604e-19,0.0,25.705311173440055,-0.9199104709956135,0.9199104709956135
1762151956.6218863,-7.148963940082354,0.6593515840782473,-4.435519144839118e-18,0.0,25.71066427917388,-0.9194009205017833,0.9194009205017833
1762151956.7001126,-7.147978108499469,0.6543664393281763,-5.16053422644609e-18,0.0,25.715649773626264,-0.9199143146582069,0.9199143146582069
1762151956.7214117,-7.1451998115428905,0.6580769435990556,-2.796523128525677e-19,0.0,25.71194025601519,-0.9168619410744415,0.9168619410744415
1762151956.9051096,-7.147389672576578,0.6665033576935739,-2.3138667857640002e-19,0.0,25.703513064948243,-0.9164345380617633,0.9164345380617633
1762151956.9254496,-7.153338051324673,0.6624625221484743,-3.942701585239508e-19,0.0,25.70755178828476,-0.9219566787747464,0.9219566787747464
1762151956.97126,-7.15202431986233,0.6634048952980561,-2.4397696649566187e-19,0.0,25.706609881630957,-0.9207251082849837,0.9207251082849837
1762151957.0251882,-7.148168465952853,0.6544121617943024,-2.3134576165574495e-19,0.0,25.715603983577182,-0.9200469264299911,0.9200469264299911
1762151957.0499988,-7.1508122854645935,0.6517113057205319,-2.3340947249715093e-19,0.0,25.718303900800596,-0.9227425085971576,0.9227425085971576
1762151957.0704803,-7.151174584340927,0.6500771107823041,-3.6767545643254795e-18,0.0,25.7199379670027,-0.9234384367267805,0.9234384367267805
1762151957.0912654,-7.148677797965736,0.6481319600485089,-2.0500956384893962e-19,0.0,25.72188400409035,-0.9220572487310605,0.9220572487310605
1762151957.1249726,-7.145970062241429,0.6520430951471573,-2.0275155676714806e-19,0.0,25.717973830611598,-0.918990916001959,0.918990916001959
1762151957.1523812,-7.15134018971577,0.6507409761344877,-3.4391809644616935e-19,0.0,25.71927404289467,-0.923392120305648,0.923392120305648
1762151957.2034967,-7.147853696761682,0.650408672973577,-1.7523561516040076e-19,0.0,25.71960758390342,-0.9208404010279722,0.9208404010279722
1762151957.2336178,-7.15167952235167,0.6449839325837309,-2.0162433899062115e-19,0.0,25.72503096560354,-0.9251508940026556,0.9251508940026556
1762151957.2629418,-7.151264421556325,0.646165692854596,-2.1036705941890695e-23,0.0,25.723849352787443,-0.9245264834200586,0.9245264834200586
1762151957.2885382,-7.1510889204634465,0.6416694121258572,-3.0960092677743497e-18,0.0,25.728345695543915,-0.9255861819466199,0.9255861819466199
1762151957.3167553,-7.151435807243104,0.6344621325669714,-2.8475666829755254e-18,0.0,25.672520010341287,-0.9522686982964872,0.9522686982964872
1762151957.341766,-7.15390311054158,0.637814434817508,-1.4149355448931216e-19,0.0,25.73219967343961,-0.9287398681215703,0.9287398681215703
1762151957.36446,-7.151950613541122,0.6437341315193761,-2.822164128417471e-18,0.0,25.726280670339012,-0.9256858031484734,0.9256858031484734
1762151957.3887868,-7.147486412355187,0.6439096313611689,-2.26058868234295e-19,0.0,25.726106755509417,-0.9222734115044684,0.9222734115044684
1762151957.4354885,-7.149343655606338,0.6449716508628854,-7.512860618014452e-19,0.0,25.725044076666038,-0.9233919866699647,0.9233919866699647
1762151957.4740024,-7.154822697993146,0.6508340815274088,-1.3717018827161003e-19,0.0,25.71917970105358,-0.9260032094653033,0.9260032094653033
1762151957.5029578,-7.158959346661273,0.652122343984164,-1.7081385780057142e-19,0.0,25.71788996997342,-0.9288055923504411,0.9288055923504411
1762151957.5336206,-7.153946119412799,0.6524641935552168,-2.246615243869371e-19,0.0,25.717549900355092,-0.9249223349283862,0.9249223349283862
1762151957.5850554,-7.156818491612791,0.6473341369480456,-1.2814802904739102e-19,0.0,25.722678936811853,-0.9284151457001131,0.9284151457001131
1762151957.649683,-7.1529202071309985,0.6476689961315245,-1.675451219261532e-23,0.0,25.722345461723602,-0.9253834235812916,0.9253834235812916
1762151957.6820738,-7.151198227014878,0.6405129193150549,-2.2736925665800144e-18,0.0,25.729502149472864,-0.9259784352031957,0.9259784352031957
1762151957.7049081,-7.147680146130634,0.640702961202345,-2.312465525678547e-18,0.0,25.729313356681537,-0.9232792107301224,0.9232792107301224
1762151957.7387924,-7.154075347431357,0.640668208060253,-1.1875144299874506e-18,0.0,25.72934583922455,-0.9281024268792496,0.9281024268792496
1762151957.9207866,-7.146958569982407,0.6567445314903928,-1.3277135947914777e-19,0.0,25.713272043598007,-0.9185350485102737,0.9185350485102737
1762151958.0739923,-7.148017506958689,0.6741140489191889,-1.1805847673531496e-19,0.0,25.695902151291623,-0.9150874209804893,0.9150874209804893
1762151958.107548,-7.152024598720884,0.6734274897446829,-6.457600746724503e-18,0.0,25.69658728771704,-0.9183181027252832,0.9183181027252832
1762151958.138377,-7.151689140938714,0.6743955935013421,-2.1049983731999613e-18,0.0,25.69561930312467,-0.917833824722643,0.917833824722643
1762151958.1619277,-7.1546326535289495,0.6750472198480264,-9.499581313726742e-20,0.0,25.69496663173381,-0.9199371065082544,0.9199371065082544
1762151958.188219,-7.151250631904196,0.6790819236011518,-1.7978258466923684e-19,0.0,25.690933129011544,-0.9164091261448627,0.9164091261448627
1762151958.2634685,-7.151214857801567,0.6687533624476901,-9.713174615601854e-20,0.0,25.70126170221549,-0.9188099009098507,0.9188099009098507
1762151958.2925818,-7.147529423964427,0.6644630319014745,-1.6075397358784287e-18,0.0,25.705553340993433,-0.9170408007016194,0.9170408007016194
1762151958.312987,-7.145690676171835,0.669336332246325,-9.22049544651133e-20,0.0,25.70068069379759,-0.9144493205591296,0.9144493205591296
1762151958.3545253,-7.147323854591689,0.6706604058079633,-1.54847821948442e-18,0.0,25.699356040464345,-0.9153786783242103,0.9153786783242103
1762151958.3807716,-7.13949047029895,0.6692607556332656,-8.640204331459054e-20,0.0,25.700758471770236,-0.9097305489786276,0.9097305489786276
1762151958.4016063,-7.146501824416044,0.6569900201334476,-2.401041724445533e-19,0.0,25.713026717136557,-0.9181260591242,0.9181260591242
1762151958.4373224,-7.149418905106737,0.6540078922232611,-5.967188220593466e-18,0.0,25.7160078091581,-0.9210980951886835,0.9210980951886835
1762151958.4782732,-7.147307003144516,0.6587646088342491,-1.7815259665509808e-18,0.0,25.71125184267133,-0.9182891278570435,0.9182891278570435
1762151958.496509,-7.147492270565433,0.6576998927482586,-9.314137474913833e-20,0.0,25.712316492911576,-0.9186983129464602,0.9186983129464602
1762151958.5204556,-7.144386652882674,0.6553816016179663,-7.08936871514017e-20,0.0,25.71463588653592,-0.9169311967864395,0.9169311967864395
1762151958.54239,-7.146870959798211,0.6502791903147909,-6.69599956503673e-20,0.0,25.719737415471833,-0.9201306566806167,0.9201306566806167
1762151958.573186,-7.150118346116709,0.6477490270529577,-7.404783969392224e-20,0.0,25.722266425599496,-0.9232458581832595,0.9232458581832595
1762151958.604885,-7.157387661759679,0.6421654927477976,-1.9748541047072007e-19,0.0,25.72784737860419,-0.9301985009829751,0.9301985009829751
1762151958.628517,-7.161867460346165,0.6481840672010014,-7.818907899702748e-20,0.0,25.721827213991382,-0.9320102036855856,0.9320102036855856
1762151958.6701396,-7.157122421544257,0.6490144940405014,-9.749899291502706e-20,0.0,25.72099847191591,-0.9282103984360746,0.9282103984360746
1762151958.693814,-7.156112602432893,0.6526231543756299,-7.215990810746682e-20,0.0,25.717390170341453,-0.9265225969798468,0.9265225969798468
1762151958.7149003,-7.154756659569214,0.6536030231180788,-7.748248263466432e-20,0.0,25.71641078308418,-0.9252463867326942,0.9252463867326942
1762151958.7366385,-7.152456769226093,0.6579656052620783,-8.358437430682294e-20,0.0,25.712049017784263,-0.9224016806686992,0.9224016806686992
1762151958.7606347,-7.154038181877456,0.6627875633566767,-8.146953067690488e-24,0.0,25.70722649851781,-0.9224100032325883,0.9224100032325883
1762151958.7950468,-7.1548871239350715,0.6613110496125797,-9.385404840064901e-20,0.0,25.70870271075453,-0.9234186485742786,0.9234186485742786
1762151958.8153865,-7.156114778324119,0.6584368042495171,-1.0469710376750194e-19,0.0,25.711576520061453,-0.9250626959407706,0.9250626959407706
1762151958.8608758,-7.156382176104624,0.6650864601121398,-7.64714822703808e-24,0.0,25.704926769679176,-0.9236364318696446,0.9236364318696446
1762151958.882931,-7.154727815327069,0.6606414320410207,-2.650588117347824e-19,0.0,25.709372384845924,-0.9234624903138946,0.9234624903138946
1762151958.9090586,-7.150961190690381,0.6595776412458931,-6.033377990620588e-20,0.0,25.71043751290269,-0.9208625030588686,0.9208625030588686
1762151958.9380782,-7.153303212510287,0.65957933908025,-6.880848401259273e-20,0.0,25.710434983540676,-0.9226423141206372,0.9226423141206372
1762151958.9787214,-7.150731242123471,0.666926924394519,-7.177062973343869e-24,0.0,25.70308831185983,-0.9188811654952048,0.9188811654952048
1762151959.0069842,-7.15459947597767,0.6667579465656172,-5.878693495323284e-20,0.0,25.703255916273342,-0.9218735852183129,0.9218735852183129
1762151959.0334952,-7.148543640204071,0.659396961999209,-6.909084707094925e-24,0.0,25.71061905048198,-0.9190701084351593,0.9190701084351593
1762151959.0565658,-7.146689720799441,0.6595313643556184,-9.697565765936726e-19,0.0,25.71048530636252,-0.9176272698495869,0.9176272698495869
1762151959.0789433,-7.151066727346769,0.6506008490552939,-9.616491597176475e-19,0.0,25.71941426705702,-0.9232214028600966,0.9232214028600966
1762151959.1070242,-7.149046620101416,0.6489049452503497,-8.550817482973828e-20,0.0,25.721110887988043,-0.9221339853312057,0.9221339853312057
1762151959.1397133,-7.149906158518481,0.6447756437173965,-9.525241729696437e-19,0.0,25.725239884084214,-0.9238682006046826,0.9238682006046826
1762151959.179491,-7.1488411277068495,0.6487979527005097,-6.31521421316671e-24,0.0,25.721217953490594,-0.922006575746232,0.922006575746232
1762151959.201118,-7.147569376353748,0.645398676190563,-6.900104998647017e-20,0.0,25.72461768131776,-0.9219402398173797,0.9219402398173797
1762151959.2351894,-7.14857655880043,0.6434530335659568,-3.619859090900196e-19,0.0,25.72656296622265,-0.9232169735335902,0.9232169735335902
1762151959.2729344,-7.152184774209953,0.6434969467103321,-5.936726994207016e-24,0.0,25.72651777199507,-0.9259252001922906,0.9259252001922906
1762151959.2926455,-7.149412097119358,0.6492228030191446,-5.7880621429801124e-24,0.0,25.720792900477772,-0.9223274325055334,0.9223274325055334
1762151959.3153925,-7.148787738723227,0.6473934707567418,-4.4113614149825874e-20,0.0,25.722622454301433,-0.9223339000798771,0.9223339000798771
1762151959.3368511,-7.150352893482522,0.649603317728463,-5.061231651138728e-20,0.0,25.720412051765532,-0.9229398380988594,0.9229398380988594
1762151959.3758266,-7.150466748965618,0.6510103424979613,-7.806215784294858e-19,0.0,25.71900498666067,-0.9226616616658969,0.9226616616658969
1762151959.396536,-7.1528476341845755,0.6426482321234336,-7.733047604193583e-19,0.0,25.727366251182044,-0.9266500648981295,0.9266500648981295
1762151959.419861,-7.154665945422966,0.6404793406871394,-7.781710601272671e-19,0.0,25.729534496895727,-0.928597450472847,0.928597450472847
1762151959.4458354,-7.155394318692751,0.639383724904314,-7.552274285170076e-19,0.0,25.730629854002768,-0.9294388225519085,0.9294388225519085
1762151959.472099,-7.157215697342469,0.6417575523553817,-9.924917247826592e-19,0.0,25.728255380026336,-0.9301769760344409,0.9301769760344409
1762151959.5021574,-7.160736562754543,0.6376781085450421,-4.520324309732202e-20,0.0,25.73233357350693,-0.9339125784816708,0.9339125784816708
1762151959.530713,-7.163197849694181,0.6417493631079345,-7.112021054568698e-19,0.0,25.72826144532816,-0.9346845763844515,0.9346845763844515
1762151959.549815,-7.158786193549314,0.6445130118160171,-4.10002231388948e-20,0.0,25.725499363139445,-0.9306351778504449,0.9306351778504449
1762151959.5748065,-7.152984793603542,0.6461183644045912,-6.86755379879513e-19,0.0,25.72389607042157,-0.9258375141912324,0.9258375141912324
1762151959.5936894,-7.150922150846639,0.6382600726817401,-4.78773164772687e-24,0.0,25.668768849282813,-0.950926171151802,0.950926171151802
1762151959.632842,-7.146972434245927,0.6417871073101469,-6.665934918434962e-19,0.0,25.72822946191303,-0.9224543525027351,0.9224543525027351
1762151959.6550455,-7.146746123438798,0.6422167365309742,-4.176688223970823e-20,0.0,25.727799913070253,-0.9221684310290933,0.9221684310290933
1762151959.6934743,-7.146664386290935,0.6418304855448939,-3.688990584391743e-20,0.0,25.728186193052515,-0.9222106753264802,0.9222106753264802
1762151959.725233,-7.145246669574948,0.6336117374410551,-3.9171981706728283e-20,0.0,25.673813339739496,-0.9475098165349861,0.9475098165349861
1762151959.7465684,-7.143639647886374,0.6398958542813006,-6.193320733565341e-19,0.0,25.66766107782043,-0.9446630805581924,0.9446630805581924
1762151959.7783113,-7.14111605451111,0.6422291526307887,-3.5154357322600214e-20,0.0,25.665515324612553,-0.9420586197770743,0.9420586197770743
1762151959.8053398,-7.135739081634592,0.6383768134688955,-3.639639051180164e-20,0.0,25.669744411037172,-0.9386812216360365,0.9386812216360365
1762151959.8322616,-7.137487418381832,0.6379725262673668,-4.526991802548355e-20,0.0,25.67002190695365,-0.9401880572709668,0.9401880572709668
1762151959.8592217,-7.135522934727999,0.6401955318863558,-3.4992828645841626e-20,0.0,25.66794594842635,-0.9380540281694352,0.9380540281694352
1762151959.8839443,-7.137734561929115,0.641004688283898,-4.0106552320423954e-24,0.0,25.66697982238486,-0.9396344249444661,0.9396344249444661
1762151959.9210308,-7.140388534785681,0.6395129137405874,-5.43983179007531e-19,0.0,25.66827685394562,-0.9421397172612112,0.9421397172612112
1762151959.951527,-7.147187234447204,0.6350937670623094,-7.253659011585449e-19,0.0,25.67219557845992,-0.9486995880888439,0.9486995880888439
1762151959.996911,-7.145603747435824,0.6315296089303996,-6.409088540446259e-19,0.0,25.67586439420671,-0.9483178097248396,0.9483178097248396
1762151960.033944,-7.147094803469212,0.6345187697567447,-3.0781043127623094e-20,0.0,25.672775734504295,-0.9487678504796775,0.9487678504796775
1762151960.065661,-7.1440727977745855,0.6245094108204772,-3.491105559206406e-20,0.0,25.682976521024088,-0.9488804516742736,0.9488804516742736
1762151960.0983424,-7.1408045883263105,0.6251873493212384,-6.57627279086033e-20,0.0,25.682535395134266,-0.9460954629767909,0.9460954629767909
1762151960.135159,-7.135608902307282,0.624100440611352,-2.8916199416302104e-20,0.0,25.68399317434472,-0.9422313353328136,0.9422313353328136
1762151960.1852725,-7.135728507614857,0.6322480576488466,-4.839488768264635e-19,0.0,25.67585805537555,-0.9402203001704466,0.9402203001704466
1762151960.210341,-7.135353602545322,0.6322569069479754,-8.902941063557722e-20,0.0,25.675876193002974,-0.9399175871461838,0.9399175871461838
1762151960.2337842,-7.139725438644179,0.6353548503915822,-1.904426309048541e-18,0.0,25.672471840274508,-0.9426411183939862,0.9426411183939862
1762151960.2718425,-7.134989275150184,0.6340151672938604,-2.5445436624637525e-20,0.0,25.67414868936334,-0.9391778476092356,0.9391778476092356
1762151960.2934318,-7.132646653495135,0.6371883836947245,-2.4398113031489462e-20,0.0,25.671152177397936,-0.9364939748177772,0.9364939748177772
1762151960.3147562,-7.138382063901849,0.6450519460017706,-3.8797762396977356e-20,0.0,25.72496767341221,-0.9151011279466947,0.9151011279466947
1762151960.3384428,-7.144453674912316,0.6480378925382253,-4.398572110628289e-19,0.0,25.721979571356822,-0.9188902275292914,0.9188902275292914
1762151960.3682308,-7.1431174093969405,0.6429406369858321,-2.961092325398843e-24,0.0,25.727077301024973,-0.9192396895591995,0.9192396895591995
1762151960.4103642,-7.143260609870844,0.648767303222636,-2.8858781146862833e-24,0.0,25.72125058431252,-0.9177964771930791,0.9177964771930791
1762151960.443623,-7.141283316392741,0.6491764455831006,-2.8479764439302063e-24,0.0,25.720842144009918,-0.9161939733902694,0.9161939733902694
1762151960.465456,-7.144504383866218,0.6532915851312688,-2.4763369887295196e-20,0.0,25.716725861090854,-0.9175580067254248,0.9175580067254248
1762151960.4826062,-7.147432709716103,0.6472020852754665,-3.8901953236920287e-19,0.0,25.7228143208696,-0.9213607688177121,0.9213607688177121
1762151960.5090914,-7.143487164781053,0.6458860035366248,-3.796367509453954e-19,0.0,25.724131803379294,-0.9187302091026374,0.9187302091026374
1762151960.540439,-7.1462202026355985,0.6488198913662603,-3.005293943020574e-20,0.0,25.72119694537775,-0.9200197366797395,0.9200197366797395
1762151960.581542,-7.1436290862449185,0.6425578593592571,-3.78462021774037e-19,0.0,25.727459896958102,-0.9197283392525655,0.9197283392525655
1762151960.605597,-7.145018588548665,0.6366276167859234,-3.5826950846304767e-19,0.0,25.67082167488577,-0.946577239010581,0.946577239010581
1762151960.6380153,-7.14813455711271,0.6392423511463879,-4.0771480580911642e-19,0.0,25.66798960464125,-0.9484425753065941,0.9484425753065941
1762151960.6796105,-7.150927697026395,0.6356345657627572,-2.3914008174712453e-20,0.0,25.67138715788305,-0.9515721610752716,0.9515721610752716
1762151960.6976006,-7.148105498832864,0.6375892260934952,-2.204514594781794e-20,0.0,25.669640538438152,-0.9488231562063798,0.9488231562063798
1762151960.72236,-7.1481782711731885,0.627932342980764,-3.350585310816948e-19,0.0,25.679267178620428,-0.9512873636837416,0.9512873636837416
1762151960.7429006,-7.147976117763673,0.6250991581185731,-2.2891072698068672e-20,0.0,25.68210756554629,-0.9518466978809639,0.9518466978809639
1762151960.7767007,-7.143311659142838,0.6275396591111748,-1.9129681505347577e-20,0.0,25.680008863128844,-0.9474939072863706,0.9474939072863706
1762151960.8074515,-7.142640966269061,0.6243635667525154,-4.184644789853753e-19,0.0,25.68322496790764,-0.9477749332540945,0.9477749332540945
1762151960.9623866,-7.149304861658933,0.6322886370305176,-2.0239616667382636e-24,0.0,25.674841139412855,-0.9510961416548139,0.9510961416548139
1762151961.1139925,-7.142659431475347,0.6598122996430091,-2.6265802047144484e-19,0.0,25.710205802034878,-0.9144928605978822,0.9144928605978822
1762151961.262506,-7.1478053937041315,0.6681735496886095,-2.363610411233535e-19,0.0,25.701842725457947,-0.9163459314145601,0.9163459314145601
1762151961.3037038,-7.149744367047193,0.6675126682508351,-2.33146604872107e-19,0.0,25.702502918427445,-0.9179861955916898,0.9179861955916898
1762151961.4235983,-7.14250594510175,0.6567421950422059,-1.0210529326666142e-19,0.0,25.713275960937047,-0.9151561086663227,0.9151561086663227
1762151961.4462113,-7.142427522642057,0.6485038088877563,-1.1239999388571505e-20,0.0,25.721514374415896,-0.9172362691704924,0.9172362691704924
1762151961.4832122,-7.142195589741786,0.6462962638246894,-1.2140859344644372e-20,0.0,25.723722001686898,-0.9176461197672643,0.9176461197672643
1762151961.5220928,-7.14437945688011,0.6371166467662035,-7.307679526972991e-19,0.0,25.67037987914985,-0.9459424753201335,0.9459424753201335
1762151961.549233,-7.145628473099242,0.6390050178337414,-1.1295599248956577e-20,0.0,25.668406566471607,-0.9464827496139697,0.9464827496139697
1762151961.579224,-7.148511097554561,0.6431771177853354,-1.9392261613204018e-19,0.0,25.726838905227698,-0.9232412312364815,0.9232412312364815
1762151961.6039803,-7.146343227544818,0.6428253540906946,-1.0329964749605013e-20,0.0,25.727191438595863,-0.9217015665415798,0.9217015665415798
1762151961.6312003,-7.1453462781858885,0.6481538952804231,-1.202712883339878e-20,0.0,25.72186325170584,-0.9195341340754678,0.9195341340754678
1762151961.678419,-7.146809217247651,0.6404579686060503,-2.1265330722290954e-19,0.0,25.66687245673544,-0.94707902518925,0.94707902518925
1762151961.705738,-7.148532836388068,0.637031647438304,-1.1066622343589994e-20,0.0,25.67016593802971,-0.9493036451041712,0.9493036451041712
1762151961.8083699,-7.143908844400569,0.6459222573845589,-8.434513718590003e-21,0.0,25.724095399817568,-0.91903882729624,0.91903882729624
1762151961.8453157,-7.149946043988526,0.6459896804855817,-1.6688684681888848e-19,0.0,25.724025833231334,-0.9235776653559972,0.9235776653559972
1762151961.9025197,-7.1514089907017855,0.6398500233320958,-4.017226517528734e-20,0.0,25.730164970583033,-0.9263152868659695,0.9263152868659695
1762151961.9214883,-7.152541947951086,0.6428079507453678,-2.879763474327528e-20,0.0,25.72720664110315,-0.926377280210038,0.926377280210038
1762151961.9422529,-7.152223122145237,0.6494283371124328,-9.552420966148032e-21,0.0,25.7205863683515,-0.9243994076626937,0.9243994076626937
1762151961.9616127,-7.150501932022126,0.6549000437727629,-1.5645867047282995e-19,0.0,25.715115273139396,-0.9216917118986807,0.9216917118986807
1762151961.987051,-7.148185129184405,0.6558343607645166,-1.4937730941300446e-19,0.0,25.71418177878038,-0.9196969819497455,0.9196969819497455
1762151962.0222154,-7.144698248798183,0.654922993562853,-8.304310721505516e-21,0.0,25.71509438393094,-0.9172850658904479,0.9172850658904479
1762151962.0826316,-7.148963949818512,0.6581958699955618,-8.701925235332237e-21,0.0,25.711819993180264,-0.9196909863023044,0.9196909863023044
1762151962.13961,-7.145088679738422,0.6545660091305388,-8.394512282293209e-21,0.0,25.715451229719427,-0.9176727031122928,0.9176727031122928
1762151962.1787987,-7.146203950979474,0.6473688760843127,-8.843206419829524e-21,0.0,25.722647966338343,-0.9203887773397693,0.9203887773397693
1762151962.201971,-7.148378054163182,0.6538370234982868,-1.0002779559142518e-20,0.0,25.716179047423285,-0.9203529696050329,0.9203529696050329
1762151962.2319171,-7.148168246300186,0.6532095937420491,-1.2990271551349187e-19,0.0,25.716806551631624,-0.9203549363566255,0.9203549363566255
1762151962.2720125,-7.144566881535908,0.6570547744153492,-1.3216926353239614e-19,0.0,25.712962649854354,-0.9166407729142126,0.9166407729142126
1762151962.3010972,-7.141175551779579,0.6532075875513759,-2.7279717923302524e-19,0.0,25.71681104055722,-0.9150577732167235,0.9150577732167235
1762151962.3351772,-7.151304674443099,0.6473485439429285,-1.2357689358729365e-19,0.0,25.722666487481998,-0.9242467610590073,0.9242467610590073
1762151962.3658292,-7.151846169340068,0.641845012341576,-3.0310731008566116e-20,0.0,25.72816982648034,-0.9261095790736125,0.9261095790736125
1762151962.4051437,-7.148824631087036,0.6376042583548285,-7.241787862927989e-21,0.0,25.669573823510618,-0.949398072115526,0.949398072115526
1762151962.4357698,-7.1469607501389305,0.6467245509232912,-7.705774913833217e-21,0.0,25.723292022759498,-0.9211302218110282,0.9211302218110282
1762151962.4700625,-7.145174940371347,0.6512691562632112,-2.6073720432335004e-20,0.0,25.718748051752378,-0.918589815468515,0.918589815468515
1762151962.501674,-7.144010440408281,0.6426119858357485,-1.1054444537706414e-19,0.0,25.72740563508638,-0.9200010986114531,0.9200010986114531
1762151962.5293827,-7.138999719275875,0.6395277110396919,-6.85314082399531e-21,0.0,25.668361981677844,-0.9410181872240598,0.9410181872240598
1762151962.5632799,-7.136799729814435,0.6377319698023546,-5.116780155063823e-21,0.0,25.670311300531857,-0.9396952286017202,0.9396952286017202
1762151962.6105185,-7.141216886395206,0.6464276479047719,-7.470015454192973e-21,0.0,25.72359096510076,-0.9168722855365301,0.9168722855365301
1762151962.6431363,-7.142169071249246,0.6452544531705494,-9.944109279243357e-20,0.0,25.724763821690686,-0.9179039656991039,0.9179039656991039
1762151962.671562,-7.1473137492095935,0.6498811734109181,-5.4781008050929515e-21,0.0,25.720135275139576,-0.9205692332462897,0.9205692332462897
1762151962.6913157,-7.147423454914672,0.6495698007174443,-1.448755477150442e-20,0.0,25.720446608862748,-0.9207333701373912,0.9207333701373912
1762151962.7169,-7.149885427863052,0.6493669569735868,-5.714781715118809e-21,0.0,25.720648578477768,-0.9226477885569739,0.9226477885569739
1762151962.7381606,-7.1561717909294975,0.6476951056185848,-9.292917393315442e-20,0.0,25.72231819777319,-0.9278330158201471,0.9278330158201471
1762151962.7735894,-7.150277323814517,0.6484046326624162,-9.163559320884096e-20,0.0,25.72161076358681,-0.9231946974058602,0.9231946974058602
1762151962.803629,-7.141679585149374,0.6552792525755357,-1.5365656440258618e-20,0.0,25.714739196708113,-0.9149043318762851,0.9149043318762851
1762151962.841504,-7.146746677973735,0.6576228450363794,-2.1765167245591067e-20,0.0,25.712393805338994,-0.9181516167745889,0.9181516167745889
1762151962.8776605,-7.142933851457328,0.6636933357450839,-4.708474515240256e-21,0.0,25.706324668745438,-0.9137295874348246,0.9137295874348246
1762151962.9072456,-7.145251050487643,0.6589445332442164,-1.0310498477592796e-19,0.0,25.71107264823248,-0.9166816042770172,0.9166816042770172
1762151962.9406948,-7.140767137721385,0.6609076649638841,-8.582259207027765e-20,0.0,25.709111108636222,-0.912777546212601,0.912777546212601
1762151962.9641964,-7.136236277486215,0.6566792986579894,-5.3117311915355175e-21,0.0,25.713341083343835,-0.9104136862615517,0.9104136862615517
1762151962.9905396,-7.145433504026663,0.6567199353313194,-7.994887170763618e-20,0.0,25.713297181225585,-0.9173837823623185,0.9173837823623185
1762151963.0115554,-7.147269256194981,0.6577329033484385,-7.921737043842587e-20,0.0,25.712283561494054,-0.918520618620624,0.918520618620624
1762151963.0433834,-7.145974489782969,0.6596437280659634,-4.76844765590209e-21,0.0,25.710373196599868,-0.9170553748492953,0.9170553748492953
1762151963.1138022,-7.146658902568451,0.6653873978373923,-7.618447367456481e-20,0.0,25.704629284191768,-0.916150196605079,0.916150196605079
1762151963.13737,-7.150723101877714,0.6604128537918782,-7.379806132701905e-20,0.0,25.709602384942063,-0.9204735097718897,0.9204735097718897
1762151963.1723716,-7.148033907584043,0.6580075726686007,-7.237715454067097e-20,0.0,25.71200862070404,-0.9190320031922303,0.9190320031922303
1762151963.198177,-7.144751254749525,0.656484981228606,-7.142034858864457e-20,0.0,25.713532377544034,-0.9169258331968319,0.9169258331968319
1762151963.224786,-7.146438217359332,0.6571798114495614,-7.110155058093668e-20,0.0,25.712836948415898,-0.9180296312659201,0.9180296312659201
1762151963.2446916,-7.1382088843168185,0.656358059010665,-6.673548799135623e-20,0.0,25.71366162260282,-0.9119935544632336,0.9119935544632336
1762151963.2711306,-7.137605425762291,0.661552382720075,-6.643146072397215e-20,0.0,25.70846751347694,-0.9102094228689087,0.9102094228689087
1762151963.2878554,-7.142790152041504,0.664974373498463,-2.411191038507317e-19,0.0,25.705043682092843,-0.9133025183966035,0.9133025183966035
1762151963.3138952,-7.142147864918854,0.6619932372534577,-3.953317034317194e-21,0.0,25.708025046192052,-0.9135552866891814,0.9135552866891814
1762151963.3650672,-7.148976410554996,0.6611129039301106,-7.569426709754677e-20,0.0,25.708902955005428,-0.9189709184375786,0.9189709184375786
1762151963.3938963,-7.143575403621925,0.6629352454956746,-9.916948848103446e-20,0.0,25.70708253116591,-0.9144067773427749,0.9144067773427749
1762151963.4455144,-7.146220895879154,0.6649672071865977,-6.308344074865646e-20,0.0,25.70504963032903,-0.9159194845330461,0.9159194845330461
1762151963.486515,-7.143282729972786,0.6620990130948831,-5.722216416344654e-20,0.0,25.707918867426887,-0.9143925762432188,0.9143925762432188
1762151963.5209727,-7.139749433646836,0.6535610269304654,-5.976388963414981e-20,0.0,25.716458107539342,-0.9138854476712741,0.9138854476712741
1762151963.5433888,-7.117611228349674,0.6411621807048535,-7.37848052041186e-20,0.0,25.66827005287731,-0.923397860962138,0.923397860962138
1762151963.5813918,-7.104985714809322,0.6392570205908427,-1.2266506876752669e-20,0.0,25.67107833419084,-0.9137472508537784,0.9137472508537784
1762151963.601741,-7.096736401144728,0.6345020494644641,-6.293568698545863e-20,0.0,25.67641430014011,-0.9084045536840357,0.9084045536840357
1762151963.6215649,-7.109579434428106,0.6436136176177213,-3.401229536351435e-21,0.0,25.66640262912835,-0.916306412699555,0.916306412699555
1762151963.642723,-7.116160095122518,0.6461291640736588,-5.2148528115506505e-20,0.0,25.66342030152802,-0.9209673153316823,0.9209673153316823
1762151963.6614883,-7.118177005872489,0.6485405752580188,-3.2564427012423086e-21,0.0,25.660870074591966,-0.921990022318163,0.921990022318163
1762151963.6885128,-7.124571793634043,0.6496981242650838,-3.1493374166675745e-21,0.0,25.659255595953017,-0.9268711672506926,0.9268711672506926
1762151963.7195983,-7.124870770766309,0.6625224527624407,-3.1995323202868258e-21,0.0,25.707501964896476,-0.9002698505642894,0.9002698505642894
1762151963.7496536,-7.1234836659054634,0.6707349115289784,-3.2633786066994928e-21,0.0,25.69928999913495,-0.8971323287076829,0.8971323287076829
1762151963.7727244,-7.11701132105491,0.6772363135092822,-3.4497493959322095e-21,0.0,25.692790895550896,-0.8905646218997675,0.8905646218997675
1762151963.795827,-7.11675664707001,0.6755379635645095,-4.744114596403222e-20,0.0,25.694489335809852,-0.8907884108110617,0.8907884108110617
1762151963.8166282,-7.113208870404064,0.6739333374174407,-1.589098533572131e-19,0.0,25.696095221483162,-0.8884697181130593,0.8884697181130593
1762151963.8388696,-7.123051409918066,0.6719631474449352,-4.6426935799072785e-20,0.0,25.69806191676759,-0.8964959044124449,0.8964959044124449
1762151963.859924,-7.116754294042733,0.6622010269713797,-3.236349922362068e-25,0.0,25.707826272397803,-0.8941744934251696,0.8941744934251696
1762151963.8797147,-7.095776526251805,0.6544779969475634,-2.5743151638604547e-21,0.0,25.656559121852165,-0.9023862625118145,0.9023862625118145
1762151963.8988676,-7.081362711309624,0.6470399498589537,-4.625372564513002e-20,0.0,25.665014579933622,-0.8926977656358355,0.8926977656358355
1762151963.93082,-7.096725901601255,0.6480254447778006,-3.7251795143792675e-21,0.0,25.662926682286088,-0.9048123755222361,0.9048123755222361
1762151963.951263,-7.090171716275097,0.6476857125677479,-4.3571055929732695e-20,0.0,25.663736926303322,-0.8996193826743384,0.8996193826743384
1762151963.9777586,-7.102676163786526,0.6572941382594926,-2.5483508985777755e-21,0.0,25.653254036337504,-0.9072636119246356,0.9072636119246356
1762151964.0009935,-7.111625689083283,0.659200328882908,-3.668907873207185e-21,0.0,25.710828791192828,-0.8910628522613434,0.8910628522613434
1762151964.019808,-7.1192738104376065,0.6659969634817362,-1.0518130165465869e-20,0.0,25.70402944158002,-0.8951144109307331,0.8951144109307331
1762151964.0693848,-7.120644274571397,0.6724879838100221,-1.681815405653285e-19,0.0,25.69753793508171,-0.894523394153675,0.894523394153675
1762151964.108741,-7.124087913978672,0.6894293587606619,-2.088403510343002e-21,0.0,25.68059533854511,-0.893101858239396,0.893101858239396
1762151964.1297312,-7.132237766739659,0.7091488528676396,-3.100821110500667e-21,0.0,25.66087295210045,-0.8950805787561004,0.8950805787561004
1762151964.15343,-7.128584141903525,0.7276253991492251,-2.9904622575959388e-21,0.0,25.64239770419188,-0.8884770016177276,0.8884770016177276
1762151964.1756968,-7.132468247269545,0.7307269545225475,-2.221636088359324e-21,0.0,25.639294769974178,-0.890946190813976,0.890946190813976
1762151964.2242188,-7.139846006613369,0.7335021543943203,-1.2488059801983586e-19,0.0,25.63651695082617,-0.8962601936165926,0.8962601936165926
1762151964.2556422,-7.141769716523284,0.7282997103251992,-2.513502989009129e-25,0.0,25.64171871156,-0.8987506598352445,0.8987506598352445
1762151964.291244,-7.134472766970846,0.7238468414039482,-2.0837896613605207e-21,0.0,25.646174170960467,-0.8938545107673456,0.8938545107673456
1762151964.3451433,-7.136866495973024,0.7128415538034555,-2.418515299372452e-25,0.0,25.65717860798106,-0.897933382385326,0.897933382385326
1762151964.3778355,-7.135560853789565,0.7086956567092695,-1.7597570410150997e-21,0.0,25.661324968378246,-0.8977694967750491,0.8977694967750491
1762151964.4147573,-7.135798146578232,0.7018523064595806,-1.8873447244982375e-21,0.0,25.668168233946513,-0.8994039683623154,0.8994039683623154
1762151964.4441104,-7.136707228941456,0.6989233901668116,-3.407245061425702e-20,0.0,25.671096827287734,-0.9007432225054741,0.9007432225054741
1762151964.4701571,-7.137278088736681,0.7159305282539301,-1.6247886352682986e-21,0.0,25.654089487590515,-0.8976289116464992,0.8976289116464992
1762151964.4943726,-7.1336769865101015,0.7189315613746121,-2.2568062254156913e-20,0.0,25.651089733219443,-0.8942017504830114,0.8942017504830114
1762151964.5226812,-7.131493935828506,0.7357958253437422,-2.9753743110607645e-20,0.0,25.6342262453988,-0.8892204499190486,0.8892204499190486
1762151964.5727901,-7.13451728389738,0.7455219897157902,-2.18242659787068e-21,0.0,25.62449900820919,-0.8898574039941294,0.8898574039941294
1762151964.5980425,-7.142064974222778,0.7359464986846596,-1.075186091963596e-19,0.0,25.634071818852156,-0.8975700506710292,0.8975700506710292
1762151964.6229556,-7.143128808739676,0.7289592949311,-5.243201390873112e-21,0.0,25.641058644454088,-0.899699479267827,0.899699479267827
1762151964.649429,-7.142589651583141,0.7224181544011092,-2.8436128298727623e-20,0.0,25.647599975997913,-0.9005187953302813,0.9005187953302813
1762151964.677104,-7.139803286611511,0.7162278039128899,-1.9297306504824846e-21,0.0,25.65379131538642,-0.8995483233897286,0.8995483233897286
1762151964.7069495,-7.140715964913958,0.7102908937219694,-3.363138294931546e-20,0.0,25.65972790115947,-0.9014649492425413,0.9014649492425413
1762151964.7266395,-7.134157113513932,0.7058676989551853,-5.257446279721244e-21,0.0,25.664153424347827,-0.897269505224589,0.897269505224589
1762151964.751843,-7.136931598806568,0.6978730715952758,-2.6127369319690256e-20,0.0,25.672147066131224,-0.9011460202526096,0.9011460202526096
1762151964.7780497,-7.1310814539487275,0.6957740350331472,-2.5999481157608064e-20,0.0,25.6742481796373,-0.8970720953324998,0.8970720953324998
1762151964.810794,-7.137921606318077,0.6869301610435409,-2.4908361337714396e-20,0.0,25.683089624494063,-0.9043529624195272,0.9043529624195272
1762151964.8380172,-7.143118437074312,0.6805930250894014,-2.5469214482210734e-20,0.0,25.689424914929727,-0.9098117586870224,0.9098117586870224
1762151964.882237,-7.142627347086252,0.6787740292703717,-1.5910026655660356e-21,0.0,25.691244084994125,-0.9098581410605469,0.9098581410605469
1762151964.931854,-7.141633750569757,0.6792855508065434,-2.3396224466929218e-20,0.0,25.69073291626363,-0.9089754287728754,0.9089754287728754
1762151964.972725,-7.1413564654790695,0.6711315117776037,-1.4706595431344594e-21,0.0,25.698887053227864,-0.9107020710406761,0.9107020710406761
1762151965.0004888,-7.141425542659212,0.6680408200416083,-1.5675901323440208e-21,0.0,25.70197772024341,-0.9115069214029704,0.9115069214029704
1762151965.0187337,-7.144196260780773,0.6689772079456127,-1.0996721103921058e-21,0.0,25.701040348663334,-0.9133946466726998,0.9133946466726998
1762151965.0365381,-7.142033467823144,0.6690496026169361,-2.232610711574167e-20,0.0,25.700968721889673,-0.911724850604663,0.911724850604663
1762151965.0731993,-7.140239573444497,0.6610245697624018,-1.389702613619666e-21,0.0,25.708994391155173,-0.9123467603014868,0.9123467603014868
1762151965.099254,-7.141224246639924,0.6576503628163073,-1.4771273614957074e-25,0.0,25.71236824828335,-0.9139511533756511,0.9139511533756511
1762151965.1299527,-7.1349676751373945,0.6563475987220038,-2.125660763817883e-20,0.0,25.713673233672342,-0.909536692787894,0.909536692787894
1762151965.1605904,-7.139925162568727,0.6635375998867854,-1.0742748380360595e-21,0.0,25.706481472819814,-0.9114765615353548,0.9114765615353548
1762151965.1865087,-7.142618305644284,0.665778796741458,-1.0446039031945329e-21,0.0,25.704239319914095,-0.9129728560459527,0.9129728560459527
1762151965.2073286,-7.139003489022027,0.6695208538084474,-1.1848607854831853e-21,0.0,25.70049854651268,-0.9092948967350676,0.9092948967350676
1762151965.2457807,-7.144525059398146,0.6623458401579998,-1.6411998509309433e-21,0.0,25.70767159929402,-0.9152766131125115,0.9152766131125115
1762151965.2696946,-7.144366199669305,0.6603284830485956,-1.1487553760167161e-21,0.0,25.70968901267894,-0.9156605469722454,0.9156605469722454
1762151965.3072915,-7.1475541727000556,0.6595053629543,-1.8895901877478037e-20,0.0,25.710511000841166,-0.9182908665398165,0.9182908665398165
1762151965.3536983,-7.14773940452878,0.6561816493913794,-1.9173531318304513e-20,0.0,25.713834648428595,-0.9192705465249111,0.9192705465249111
1762151965.3924618,-7.1475726225793155,0.6556637053295492,-1.0845695677983784e-21,0.0,25.714352651673206,-0.9192757516046923,0.9192757516046923
1762151965.4251227,-7.146381887758362,0.6576275179686837,-1.2067654217084035e-25,0.0,25.71238926192465,-0.9178734312268312,0.9178734312268312
1762151965.4519498,-7.147364571358347,0.6477410830712801,-1.170130467289009e-21,0.0,25.722275347300076,-0.9211675631877712,0.9211675631877712
1762151965.4910538,-7.146200726001537,0.6521163450306405,-1.6648024118712514e-20,0.0,25.71790049883626,-0.9191466061679268,0.9191466061679268
1762151965.5216331,-7.145294368901512,0.6528473416542226,-1.0073953680956268e-20,0.0,25.7171698240581,-0.9182712048191682,0.9182712048191682
1762151965.5484817,-7.146714016267025,0.6512882827057752,-1.304931178146821e-21,0.0,25.71872837886678,-0.9197496894894329,0.9197496894894329
1762151965.5739343,-7.150769325217784,0.653792925840297,-8.8858871420211e-22,0.0,25.716222296064938,-0.9221764524568524,0.9221764524568524
1762151965.5993776,-7.153117227973629,0.655584561515914,-1.0707400433305322e-21,0.0,25.71442982688647,-0.9235017197659134,0.9235017197659134
1762151965.668843,-7.148393160533454,0.6538458581014988,-1.5181789567882952e-20,0.0,25.71617020745716,-0.9203621550333659,0.9203621550333659
1762151965.7006466,-7.147798763021942,0.6620841952686931,-9.757698820041031e-21,0.0,25.70793208184826,-0.9178335475148447,0.9178335475148447
1762151965.7252467,-7.147998467552104,0.6645525127307285,-1.409446471490127e-20,0.0,25.705463693637313,-0.9173762675010818,0.9173762675010818
1762151965.750557,-7.145377999128496,0.6652398608912723,-1.2131522931781818e-21,0.0,25.704777275909482,-0.9152098520627763,0.9152098520627763
1762151965.7832406,-7.149966774552878,0.6667130198454716,-1.473105643028447e-20,0.0,25.703302487817293,-0.9183497099972051,0.9183497099972051
1762151965.8048308,-7.151995663727599,0.6726670983006128,-1.584232694377141e-20,0.0,25.697347689386465,-0.9184751162558734,0.9184751162558734
1762151965.8225896,-7.147469503749677,0.6720622786863948,-6.088162702419193e-20,0.0,25.69795411596198,-0.9151548168694917,0.9151548168694917
1762151965.8903544,-7.137390222120201,0.6677837238863609,-1.2964318442465614e-20,0.0,25.70223624911081,-0.908489269412551,0.908489269412551
1762151965.9231687,-7.13826200444666,0.6714870095994427,-1.270624628572861e-21,0.0,25.698532654107467,-0.908249149879109,0.908249149879109
1762151965.942464,-7.142509813302054,0.6668821551359079,-1.7181356458436993e-21,0.0,25.70313600010907,-0.9126186126656879,0.9126186126656879
1762151965.9730718,-7.150005809135294,0.6589529631649362,-6.159306446629437e-22,0.0,25.711062530149608,-0.9202925071354814,0.9202925071354814
1762151966.056354,-7.146673098086324,0.6585041098921443,-8.051119333279276e-26,0.0,25.711512566663092,-0.917873138853949,0.917873138853949
1762151966.0883117,-7.14604044592063,0.6701461489300979,-9.39089509729463e-22,0.0,25.699870752980164,-0.9145211572031188,0.9145211572031188
1762151966.119059,-7.142783393479105,0.6722432772369179,-1.1297654816455301e-20,0.0,25.69777478121215,-0.9115257329468296,0.9115257329468296
1762151966.1498322,-7.136361419793378,0.6631207556390102,-5.154748923696785e-20,0.0,25.706899582337414,-0.9088668732183328,0.9088668732183328
1762151966.1758242,-7.139351119149815,0.6574088563068701,-1.738980879624886e-21,0.0,25.712610419825822,-0.9125906156522863,0.9125906156522863
1762151966.2014954,-7.137566563237818,0.6596180169024181,-1.063282549806164e-20,0.0,25.710401892970697,-0.910670637901221,0.910670637901221
1762151966.2413151,-7.1387124579148145,0.6601869279374953,-5.499048810312064e-22,0.0,25.709832575125034,-0.9113972090580837,0.9113972090580837
1762151966.2639945,-7.1366837834445604,0.6591393047735278,-5.568830364682158e-22,0.0,25.71088091849771,-0.910121800911572,0.910121800911572
1762151966.2913694,-7.1362892665499835,0.6527267561670895,-6.916227875693622e-26,0.0,25.717293606772003,-0.911481798122509,0.911481798122509
1762151966.312331,-7.137549794263334,0.6563679349814544,-9.928091353676888e-21,0.0,25.713651980640584,-0.9114908609648688,0.9114908609648688
1762151966.3483572,-7.13928203857829,0.6590521373126135,-9.922353401067063e-21,0.0,25.7109671634505,-0.9121185245733597,0.9121185245733597
1762151966.381223,-7.141584145385778,0.651092238564625,-6.160776400628108e-22,0.0,25.71892624434072,-0.9159184217097478,0.9159184217097478
1762151966.418024,-7.14103995493721,0.6461144761502621,-5.424076458316605e-22,0.0,25.723904199654513,-0.9168222186694595,0.9168222186694595
1762151966.4467773,-7.144033773493009,0.6448783419559388,-8.953967587785784e-21,0.0,25.725139270824695,-0.9194111854060167,0.9194111854060167
1762151966.4862897,-7.1422225957750705,0.6371603353875231,-3.137175069372247e-20,0.0,25.67049142993409,-0.9441974101364913,0.9441974101364913
1762151966.522641,-7.147013458333755,0.632762397107999,-4.834046977074037e-22,0.0,25.674533409098167,-0.9491396502557377,0.9491396502557377
1762151966.5509846,-7.147789402362584,0.6292785893451045,-1.1288121861360422e-21,0.0,25.677952387019563,-0.9506358239768994,0.9506358239768994
1762151966.5773854,-7.147831698120359,0.6243007787212995,-4.58507779446699e-22,0.0,25.682914264317816,-0.9519358104418078,0.9519358104418078
1762151966.6035452,-7.1438451826457126,0.632427182400399,-8.115405238940003e-21,0.0,25.67509562513703,-0.9466821481338538,0.9466821481338538
1762151966.6280055,-7.148897363126134,0.6332621310695893,-7.142633446513499e-22,0.0,25.673899474690472,-0.950527048749528,0.950527048749528
1762151966.6775415,-7.147765826763358,0.6276034888134049,-3.6882867520704085e-21,0.0,25.6796248450575,-0.951040688028969,0.951040688028969
1762151966.7230744,-7.145224177217714,0.6252041596373866,-1.2268836542031714e-21,0.0,25.68220076165956,-0.9496211927904386,0.9496211927904386
1762151966.762174,-7.143649015385109,0.624303951837059,-4.428195261492424e-22,0.0,25.68321192729356,-0.9485951297512919,0.9485951297512919
1762151966.783842,-7.145624300133719,0.632137260035635,-5.1053994378087793e-26,0.0,25.675256838574338,-0.9481817475125635,0.9481817475125635
1762151966.8104496,-7.142241663708961,0.6313682600190313,-7.947420743014022e-21,0.0,25.676267133826055,-0.9456635773910371,0.9456635773910371
1762151966.834169,-7.142954583953931,0.6337913706829309,-6.63833569580672e-22,0.0,25.6737990236156,-0.9456253169122999,0.9456253169122999
1762151966.8797054,-7.145982822624076,0.6283369585957228,-4.374389609274754e-22,0.0,25.67902151241933,-0.9494278177698975,0.9494278177698975
1762151966.906541,-7.138979639614648,0.6251876862628738,-1.4468055172551204e-21,0.0,25.682666313448042,-0.944638076407632,0.944638076407632
1762151966.9388835,-7.1384614264002595,0.636133932428874,-1.30951677925815e-21,0.0,25.671785686451035,-0.941430609355005,0.941430609355005
1762151966.9590979,-7.144678431738285,0.6314538718801436,-2.9447355240417036e-20,0.0,25.676006485885754,-0.9475950795473916,0.9475950795473916
1762151967.0053663,-7.144687448646523,0.6286011027630475,-3.8707429830006043e-22,0.0,25.678851218507685,-0.9483240064073064,0.9483240064073064
1762151967.0434158,-7.14472312603729,0.631146896660968,-6.154712661697426e-21,0.0,25.676309451599987,-0.9477082290830044,0.9477082290830044
1762151967.1024785,-7.1434581604920036,0.6220016750533314,-2.3035482473440167e-21,0.0,25.685521968449404,-0.9490399897042963,0.9490399897042963
1762151967.1218326,-7.148030953280823,0.6243538585334276,-3.557132560826226e-22,0.0,25.682846991093825,-0.9520813325641587,0.9520813325641587
1762151967.1598413,-7.148112472727138,0.6253221323649639,-3.130114846852651e-22,0.0,25.68187536179585,-0.9518986556890174,0.9518986556890174
1762151967.1856923,-7.147598887183979,0.6242258849742323,-3.7158250177141676e-22,0.0,25.68300570839022,-0.9517691037844246,0.9517691037844246
1762151967.2152793,-7.143171325167096,0.6251298820214511,-6.088558479500003e-21,0.0,25.682422492613917,-0.9480005128279185,0.9480005128279185
1762151967.237448,-7.148263328673244,0.6255604587131914,-5.613009801050388e-21,0.0,25.681626802758764,-0.9519583552322051,0.9519583552322051
1762151967.2646563,-7.153359056998099,0.6287982220535404,-3.768808558566209e-26,0.0,25.67803092828922,-0.9552171477162301,0.9552171477162301
1762151967.2908869,-7.151378719660727,0.6323469743596473,-5.257498896254002e-21,0.0,25.67463379666896,-0.9527455637939183,0.9527455637939183
1762151967.3086934,-7.150744427994093,0.62927764436271,-3.2262298578627474e-22,0.0,25.677740797518588,-0.9530027811399695,0.9530027811399695
1762151967.3365312,-7.154100246583627,0.6271355652882573,-5.114901109578791e-21,0.0,25.67963597116879,-0.9562274090746563,0.9562274090746563
1762151967.3566177,-7.153940997372616,0.6319750207893147,-1.9782303939863827e-20,0.0,25.674820502240408,-0.9548936367449254,0.9548936367449254
1762151967.3768654,-7.152654645772806,0.6437566329064924,-4.917692825257293e-21,0.0,25.7262579189888,-0.9262106226999367,0.9262106226999367
1762151967.4024744,-7.149770800197291,0.6387669799656842,-1.777031892994434e-20,0.0,25.668346062472963,-0.9498758929804418,0.9498758929804418
1762151967.4354002,-7.150628632937518,0.6349544546817287,-1.866919864540784e-20,0.0,25.672087016998077,-0.9514989807359056,0.9514989807359056
1762151967.475689,-7.1485690547133665,0.6477980862258069,-2.9057773867889627e-22,0.0,25.72221791650097,-0.9220625582839586,0.9220625582839586
1762151967.5131757,-7.146346155867056,0.6439311435171716,-2.7049365205553407e-22,0.0,25.72608564819939,-0.9214079432816238,0.9214079432816238
1762151967.5406423,-7.145846254291399,0.6426789949524767,-2.9340737069139615e-22,0.0,25.727337974173707,-0.9213663460108117,0.9213663460108117
1762151967.58058,-7.151128174310651,0.6443087160601795,-4.396225922998945e-21,0.0,25.72570637783899,-0.9249134800774279,0.9249134800774279
1762151967.6025608,-7.1514986309434345,0.646989471897016,-2.2224218645806068e-22,0.0,25.72302549064161,-0.9244872185837035,0.9244872185837035
1762151967.6275663,-7.147726967872653,0.6459829911460915,-4.2179744362404216e-21,0.0,25.724033310446668,-0.9219045162312504,0.9219045162312504
1762151967.6494582,-7.148338629870812,0.6481505329049219,-2.516889193097961e-22,0.0,25.72186555165571,-0.9217961037562374,0.9217961037562374
1762151967.6808112,-7.146208150738216,0.65852190724372,-4.388817489989114e-21,0.0,25.71149493439079,-0.9175154285590578,0.9175154285590578
1762151967.7066195,-7.145396350605617,0.6541587519662992,-3.9719654101043044e-21,0.0,25.715858377620386,-0.9180105454333028,0.9180105454333028
1762151967.739096,-7.149041864758695,0.6530832878895952,-7.48769402023879e-21,0.0,25.716932547300527,-0.9210492017393743,0.9210492017393743
1762151967.769805,-7.147653081890071,0.6538519206283405,-4.813343161690566e-21,0.0,25.716164407693384,-0.9197997287058145,0.9197997287058145
1762151967.8047433,-7.148165760578644,0.6538333390121261,-3.538897076818105e-22,0.0,25.71618280728341,-0.9201930268623826,0.9201930268623826
1762151967.8356178,-7.145461714693286,0.6571010496217743,-3.8552396062455676e-21,0.0,25.71291605694304,-0.9173083035489038,0.9173083035489038
1762151967.8755367,-7.143226326828405,0.6583217263884781,-7.516593868298329e-21,0.0,25.711696173920977,-0.9153008920276375,0.9153008920276375
1762151967.9066894,-7.144353250569308,0.656451969017224,-2.234116334125776e-22,0.0,25.713565531063516,-0.9166322111866207,0.9166322111866207
1762151967.946283,-7.1458194254655245,0.6691019583435368,-1.9440584983021313e-22,0.0,25.700915021973557,-0.9146043851149446,0.9146043851149446
1762151967.9791048,-7.1452026976795056,0.6721791990456087,-2.185478578197178e-22,0.0,25.697838000432778,-0.9133923800996857,0.9133923800996857
1762151968.0092657,-7.140503694464331,0.6730282080918005,-3.3204855820324745e-21,0.0,25.696990659806985,-0.9095922990705224,0.9095922990705224
1762151968.0439029,-7.142982456346388,0.6727208736448677,-3.934572831381966e-21,0.0,25.69729711415763,-0.9115635066836395,0.9115635066836395
1762151968.0904415,-7.1440763301687324,0.6673092784152762,-3.1858810387994867e-21,0.0,25.702708320669544,-0.9137094365596071,0.9137094365596071
1762151968.122131,-7.148473722626399,0.6661440578925626,-2.1872878102324072e-26,0.0,25.703871979837913,-0.9173491137629303,0.9173491137629303
1762151968.1451702,-7.145026839041184,0.6635999514051769,-3.0436840314387552e-21,0.0,25.706417309970544,-0.9153470943111623,0.9153470943111623
1762151968.167277,-7.1494574007765035,0.6604489093608232,-2.1325809913641665e-26,0.0,25.709566778758738,-0.9195020136720398,0.9195020136720398
1762151968.21332,-7.152353102503587,0.6587228328819978,-6.158125700644275e-22,0.0,25.711291827018627,-0.9221335951771348,0.9221335951771348
1762151968.2516763,-7.149026569109487,0.6641897491384844,-3.3464795271024803e-21,0.0,25.705826092182342,-0.9182488166574242,0.9182488166574242
1762151968.2779016,-7.149204164768299,0.6600799370854312,-1.5612330557468825e-22,0.0,25.709935840921556,-0.9194014541177075,0.9194014541177075
1762151968.2982826,-7.152485174902203,0.6596542804825304,-2.728926204320944e-22,0.0,25.710360332584898,-0.9220018609023701,0.9220018609023701
1762151968.319016,-7.148525042037147,0.6582115294047512,-1.5386056696106134e-22,0.0,25.711804489604944,-0.9193536607511373,0.9193536607511373
1762151968.3432093,-7.147377521313026,0.6548849122120511,-4.098765491316325e-22,0.0,25.715131514011734,-0.9193264298950512,0.9193264298950512
1762151968.3809638,-7.144765508297833,0.6551090411912172,-1.5888808291692726e-22,0.0,25.71490831243402,-0.9172883648883245,0.9172883648883245
1762151968.408433,-7.141003744491287,0.6464117309235907,-3.0059992652348298e-21,0.0,25.723606957756328,-0.9167156162982387,0.9167156162982387
1762151968.4359381,-7.144035796952416,0.6497668640196178,-2.5201226883969926e-21,0.0,25.72025074835071,-0.918120065621675,0.918120065621675
1762151968.453632,-7.1453471960944155,0.6440792077900581,-1.7640876748276277e-26,0.0,25.725937938613484,-0.9206151703627424,0.9206151703627424
1762151968.4898226,-7.147007130160368,0.6462290221040317,-1.3555926211758146e-22,0.0,25.723787535080437,-0.9212961229908061,0.9212961229908061
1762151968.5356941,-7.147996035245713,0.6394758105772086,-2.6109013242884917e-21,0.0,25.66776671261536,-0.9482741463805393,0.9482741463805393
1762151968.5793307,-7.149519459763463,0.6364000144429836,-2.796048470470957e-21,0.0,25.670724975094693,-0.9502520995774364,0.9502520995774364
1762151968.6109324,-7.152505245866439,0.631534313495813,-2.407013323413387e-21,0.0,25.67536333066057,-0.9538509704782174,0.9538509704782174
1762151968.6602533,-7.154918062914625,0.6256111153973243,-1.4914139799469133e-22,0.0,25.68109765392975,-0.9572653851269601,0.9572653851269601
1762151968.679595,-7.149154182310834,0.6361190909383274,-1.3586828920417381e-22,0.0,25.671031442645045,-0.9500274095366488,0.9500274095366488
1762151968.704782,-7.14726496396912,0.6449689775917716,-1.3880537364684742e-22,0.0,25.725047487970166,-0.9218245597172383,0.9218245597172383
1762151968.725858,-7.142147646124522,0.6428401600900675,-1.2611770411105693e-22,0.0,25.727178122225922,-0.9185359693517519,0.9185359693517519
1762151968.7517693,-7.147275867324127,0.6512313634686429,-1.1061644527071947e-22,0.0,25.718785098616802,-0.9201896780967613,0.9201896780967613
1762151968.7762542,-7.146992128078581,0.6497634661948181,-1.136293307505987e-22,0.0,25.72025309653887,-0.920356683594897,0.920356683594897
1762151968.806913,-7.147143975815997,0.6609096645900161,-2.0881910396028487e-21,0.0,25.709106844933125,-0.9176276188010956,0.9176276188010956
1762151968.830084,-7.1448645150842545,0.6695867217287413,-1.1517552367500792e-22,0.0,25.70043059765695,-0.9137574894446683,0.9137574894446683
1762151968.852621,-7.137497386926901,0.6666082280505362,-1.2461215861950265e-22,0.0,25.703411706824006,-0.9088617176925039,0.9088617176925039
1762151968.8985522,-7.1388279437459445,0.6633684469762053,-2.206650330979638e-21,0.0,25.70665101528396,-0.910683156716692,0.910683156716692
1762151968.938607,-7.143480863858138,0.6674309204635306,-7.960025175400106e-21,0.0,25.702586890047467,-0.9132252005376905,0.9132252005376905
1762151968.964716,-7.142536329006677,0.6611404156671408,-1.6727832637977178e-22,0.0,25.708877729801618,-0.9140647982463335,0.9140647982463335
1762151969.009093,-7.1458513049094945,0.652940833813282,-3.804884817095248e-22,0.0,25.71707613416649,-0.9186689315681102,0.9186689315681102
1762151969.041421,-7.1434031573157695,0.6478095131083086,-1.7823746543075184e-21,0.0,25.722208323755442,-0.9181567873379792,0.9181567873379792
1762151969.102872,-7.147147271045847,0.6501454093261044,-1.1920307599031242e-26,0.0,25.719871098348616,-0.9203744950788337,0.9203744950788337
1762151969.1438384,-7.142933824896776,0.6558461755063493,-2.5258221029096544e-21,0.0,25.714171828499,-0.9157101113021032,0.9157101113021032
1762151969.306468,-7.144660130105396,0.6631511671640734,-1.0369973996718631e-26,0.0,25.70686622438226,-0.9151791135434875,0.9151791135434875
1762151969.4556942,-7.143891616646153,0.6632686554432901,-9.371906973448781e-27,0.0,25.706749008968828,-0.9145646432857735,0.9145646432857735
1762151969.4762402,-7.140661302463325,0.6619530677747923,-1.3388200782868955e-21,0.0,25.708065743467692,-0.9124339690388145,0.9124339690388145
1762151969.511688,-7.142709646269433,0.6596464505575146,-1.308685306978721e-21,0.0,25.71037163328131,-0.914572914267785,0.914572914267785
1762151969.5386643,-7.141359298697455,0.6706052761251216,-2.379185847279057e-22,0.0,25.69941328784125,-0.9108316350909469,0.9108316350909469
1762151969.636991,-7.147559423702336,0.6673180293376738,-5.2664361372185234e-23,0.0,25.702698333085866,-0.9163656984666828,0.9163656984666828
1762151969.6713874,-7.146856205909237,0.6648218395638609,-8.259834794945561e-27,0.0,25.7051947723777,-0.9164394925908608,0.9164394925908608
1762151969.8923922,-7.1511126533163045,0.665065572678024,-1.0198354502689474e-21,0.0,25.704949528040114,-0.9196243966339752,0.9196243966339752
1762151969.924774,-7.147731306488785,0.6621990573922042,-7.005746272670911e-27,0.0,25.70781724368223,-0.9177537055839416,0.9177537055839416
1762151969.9556456,-7.147463060946262,0.6665754405500142,-6.830602874970709e-27,0.0,25.703440956040026,-0.9164729473968188,0.9164729473968188
1762151970.0013616,-7.148684813348894,0.6681634828674561,-5.327450947350463e-23,0.0,25.70185248004318,-0.9170198694365612,0.9170198694365612
1762151970.0246778,-7.144923405125325,0.6640398793419482,-5.624064319709624e-23,0.0,25.705977418785398,-0.9151593891754776,0.9151593891754776
1762151970.0450902,-7.142765794582364,0.6704166488837864,-4.988592861847344e-23,0.0,25.699601415698584,-0.9119526096623946,0.9119526096623946
1762151970.087537,-7.139601617627126,0.6681981095670034,-3.2227542199973704e-21,0.0,25.701821078307,-0.9100757038052525,0.9100757038052525
1762151970.1381745,-7.140590667110951,0.6735148086605046,-5.209718769115593e-23,0.0,25.696504028389576,-0.9095420656349049,0.9095420656349049
1762151970.1672857,-7.143761491551353,0.6847958588055275,-5.846749345704292e-23,0.0,25.685221853163956,-0.9093408524361666,0.9093408524361666
1762151970.1956728,-7.1453462083043835,0.6781394076406366,-5.123840426940928e-23,0.0,25.691877741260402,-0.9120938845948705,0.9120938845948705
1762151970.2211368,-7.146783451994976,0.6708183874712523,-4.818843973863102e-23,0.0,25.69919825067932,-0.9149275771885533,0.9149275771885533
1762151970.269643,-7.144976863491282,0.6721850875542705,-8.271020026527452e-22,0.0,25.697832192106233,-0.9132181620098714,0.9132181620098714
1762151970.2910943,-7.148041014793983,0.6728543627412183,-9.596355696119571e-23,0.0,25.69716182904381,-0.9154037398079,0.9154037398079
1762151970.3103688,-7.1427759499930845,0.6670907098238134,-7.733720128658319e-22,0.0,25.70292735094328,-0.9127705263900764,0.9127705263900764
1762151970.342495,-7.146550285598406,0.6714571186657778,-7.615924419299331e-22,0.0,25.69855960231008,-0.9145961716831691,0.9145961716831691
1762151970.365321,-7.146695584290857,0.6680339703296017,-4.396111407544607e-23,0.0,25.701982698842635,-0.9155323745121139,0.9155323745121139
1762151970.3851976,-7.143674927870601,0.6745629453526203,-7.618333738337436e-22,0.0,25.695454796706063,-0.9116543089408392,0.9116543089408392
1762151970.418058,-7.148767225958788,0.6819639475396175,-5.107636038760179e-27,0.0,25.688051986980504,-0.9138398662313038,0.9138398662313038
1762151970.4476817,-7.148052374583664,0.685722437296645,-5.203059138449374e-23,0.0,25.68429375126619,-0.9124376838848114,0.9124376838848114
1762151970.4724758,-7.146277819569579,0.6821920276574686,-9.225550714112227e-22,0.0,25.68782479073324,-0.9118726819927055,0.9118726819927055
1762151970.493968,-7.146925153861075,0.6707334913268869,-4.848553121113272e-23,0.0,25.699283096507518,-0.9150562975938564,0.9150562975938564
1762151970.5128374,-7.1459826718959665,0.6726439752808983,-4.355801814246489e-23,0.0,25.697372947299293,-0.9138782747760191,0.9138782747760191
1762151970.5348291,-7.1459136204608615,0.665970169899422,-3.974217605397282e-23,0.0,25.70404677677663,-0.9154389762330883,0.9154389762330883
1762151970.6745932,-7.136637810179229,0.6719408136443334,-6.60558676381511e-22,0.0,25.698079426756443,-0.9068964145726448,0.9068964145726448
1762151970.7086544,-7.1401904277854955,0.6629546146222138,-4.278714986845856e-27,0.0,25.707064363866028,-0.9118243870470805,0.9118243870470805
1762151970.7328932,-7.139086129843264,0.6584768093762497,-3.675540069129875e-23,0.0,25.711542560907404,-0.9121163110136422,0.9121163110136422
1762151970.9337022,-7.138087018009716,0.6724008227074115,-6.020969973767007e-22,0.0,25.6976189031855,-0.9078938139127399,0.9078938139127399
1762151971.0727172,-7.144243370861805,0.6666106204662329,-3.7854477129291325e-23,0.0,25.703406919267255,-0.9140079255783313,0.9140079255783313
1762151971.1005442,-7.142502904627726,0.6655230474481723,-2.7826735470545985e-23,0.0,25.704495110164043,-0.9129479548980683,0.9129479548980683
1762151971.1285896,-7.140554551572032,0.674211814630838,-2.0433506773764713e-22,0.0,25.695807035285885,-0.909347475162986,0.909347475162986
1762151971.2812214,-7.146137708222391,0.655132222574738,-2.710399997026707e-23,0.0,25.714884643856525,-0.9183230466397372,0.9183230466397372
1762151971.3124588,-7.141591956758461,0.6643157945372385,-6.058704480431753e-22,0.0,25.70570268642817,-0.9125525473742393,0.9125525473742393
1762151971.3361385,-7.14162864033295,0.6644371382751281,-2.9998306598109547e-23,0.0,25.70558132967354,-0.9125503651095497,0.9125503651095497
1762151971.3770046,-7.140803783663043,0.6663205501802134,-2.8160516445014266e-23,0.0,25.70369821075003,-0.9114552545903383,0.9114552545903383
1762151971.3992727,-7.1361759712249215,0.6637908177987236,-6.047285148648918e-22,0.0,25.70622958606289,-0.9085571621833314,0.9085571621833314
1762151971.4219408,-7.139026757061026,0.6592916336987116,-2.71394261589396e-27,0.0,25.710727757716427,-0.9118635723379508,0.9118635723379508
1762151971.4398813,-7.138269083858024,0.6618100555088787,-2.05401567610144e-23,0.0,25.708209605074575,-0.9106493820036909,0.9106493820036909
1762151971.4606497,-7.141183586351879,0.6587046171877436,-2.6459289440207497e-27,0.0,25.71131400841468,-0.9136517963110997,0.9136517963110997
1762151971.4796638,-7.136354448333638,0.653417903416949,-3.7340392944222538e-22,0.0,25.71660243642311,-0.9113503239751517,0.9113503239751517
1762151971.5092876,-7.140167421089931,0.6548151807557577,-5.25834901650573e-22,0.0,25.71520380538792,-0.9138772955028345,0.9138772955028345
1762151971.5299766,-7.14174644911295,0.6499989629901614,-2.589753329955668e-22,0.0,25.720019462220826,-0.916327762403221,0.916327762403221
1762151971.5522416,-7.14525335641282,0.6464757283514896,-1.0447443284266163e-22,0.0,25.723541451520596,-0.9199068851875413,0.9199068851875413
1762151971.5856252,-7.146383383902585,0.6468124778592257,-2.19283327897103e-23,0.0,25.72320430082124,-0.9206710530800902,0.9206710530800902
1762151971.6151118,-7.149053824193046,0.6395331583337388,-2.5916272466036662e-23,0.0,25.667633434834563,-0.949112176278047,0.949112176278047
1762151971.6448681,-7.147751244400457,0.636151632935913,-3.4589563706511704e-22,0.0,25.671099887347804,-0.9488915469197093,0.9488915469197093
1762151971.6806667,-7.146076656968708,0.642122587436007,-2.1098237259667496e-23,0.0,25.727894299851332,-0.921689420702714,0.921689420702714
1762151971.703734,-7.144570852625021,0.6432911303868902,-7.316854343351686e-23,0.0,25.72672629160538,-0.9202409037144219,0.9202409037144219
1762151971.7218394,-7.14083288399208,0.6381252759975038,-4.778967805115289e-23,0.0,25.669628939457766,-0.9428405581861107,0.9428405581861107
1762151971.7441568,-7.139758054781816,0.6355215735631046,-1.796630147712321e-23,0.0,25.672303203050113,-0.9426255290776671,0.9426255290776671
1762151971.7712836,-7.135826170957223,0.6325089248448498,-3.1656450105568115e-22,0.0,25.675590839596744,-0.9402320671622795,0.9402320671622795
1762151971.7915957,-7.134711042060791,0.631383610188789,-3.5270667691768803e-22,0.0,25.6767934425193,-0.9396261216875074,0.9396261216875074
1762151971.9100678,-7.142333139749674,0.6294814794812965,-1.001307791518928e-21,0.0,25.678142448899607,-0.9462155466923122,0.9462155466923122
1762151971.938206,-7.143953486778763,0.6325436413466635,-2.768548584172534e-22,0.0,25.67497167831627,-0.946739750225934,0.946739750225934
1762151971.962105,-7.1432691233035515,0.6300620265095801,-6.94213347881197e-23,0.0,25.67749608732172,-0.9468175523022759,0.9468175523022759
1762151972.0884547,-7.138523405776885,0.6553091752507035,-2.576860677398161e-22,0.0,25.714710394626778,-0.9125028920558359,0.9125028920558359
1762151972.1098633,-7.147397424175801,0.6558600027889624,-1.3792876913094022e-23,0.0,25.71415641642983,-0.9190928713997499,0.9190928713997499
1762151972.1368537,-7.142819929782462,0.6559212462662343,-1.5909174546232996e-23,0.0,25.714096798181966,-0.9156044649279459,0.9156044649279459
1762151972.165234,-7.145250176999792,0.6546976054636208,-1.699612804134438e-27,0.0,25.715319576055524,-0.9177613736225598,0.9177613736225598
1762151972.1882586,-7.148150975428617,0.6524665704261999,-2.4862269946908433e-22,0.0,25.717549581032614,-0.9205329949350886,0.9205329949350886
1762151972.226338,-7.144722797691883,0.651957907294574,-1.6351728673654115e-27,0.0,25.71805946129632,-0.9180686580475441,0.9180686580475441
1762151972.2493417,-7.145351450974263,0.6530054371367231,-5.596793797227084e-23,0.0,25.717011708318747,-0.9182736120233544,0.9182736120233544
1762151972.2716343,-7.151670409653021,0.6540055905078742,-6.588430394441148e-23,0.0,25.71600931148346,-0.9228051389907553,0.9228051389907553
1762151972.293186,-7.152549784501837,0.6543970048252522,-1.353797907813874e-23,0.0,25.71561758497137,-0.9233721573279535,0.9233721573279535
1762151972.3171096,-7.1484399096959805,0.6652991237522279,-1.5357592412463132e-27,0.0,25.70471692593017,-0.9175297256793883,0.9175297256793883
1762151972.3521829,-7.147727702038653,0.6626047008663021,-2.0992723966180842e-22,0.0,25.707411601513446,-0.9176504200293276,0.9176504200293276
1762151972.3853056,-7.148774830851802,0.6596658544237339,-1.324545988909758e-23,0.0,25.710350075990863,-0.9191785228754688,0.9191785228754688
1762151972.404238,-7.142245584257408,0.6567172427084506,-7.618434612947641e-22,0.0,25.71330100570956,-0.9149648754285508,0.9149648754285508
1762151972.4273129,-7.137896302655584,0.6596581312993847,-2.004114747745879e-22,0.0,25.710361661503274,-0.910911075457686,0.910911075457686
1762151972.4622645,-7.140163891501115,0.6610285318934475,-1.2918931981632454e-23,0.0,25.708990455895023,-0.9122881895944279,0.9122881895944279
1762151972.4897316,-7.142355044549465,0.6607132179990066,-1.2772911991187619e-23,0.0,25.709304991807322,-0.9140343137693439,0.9140343137693439
1762151972.510311,-7.145614392610878,0.6597813900955891,-3.4753979296120466e-22,0.0,25.710235662430332,-0.91674704180065,0.91674704180065
1762151972.530909,-7.148123562082223,0.6576354961673025,-1.8535711578864084e-23,0.0,25.71238066535033,-0.9191939569787189,0.9191939569787189
1762151972.5571754,-7.146063856394204,0.6567419211786055,-1.3052569754507058e-23,0.0,25.713274971574982,-0.9178566249491763,0.9178566249491763
1762151972.584206,-7.140873292032631,0.6596959052824908,-1.1606668329894243e-23,0.0,25.71032283055147,-0.9131644806152828,0.9131644806152828
1762151972.618552,-7.142160721813,0.6567413563261164,-2.683594011836529e-23,0.0,25.71327692222357,-0.9148942996198153,0.9148942996198153
1762151972.644551,-7.145216735322442,0.6497454266451365,-1.0635733555201552e-23,0.0,25.720271766435243,-0.9190187585287768,0.9190187585287768
1762151972.6714842,-7.145637931982298,0.6522142561250047,-1.7985700670267728e-22,0.0,25.717802787566384,-0.9186951230109497,0.9186951230109497
1762151972.6996856,-7.14756434654734,0.6542811882141698,-1.720786493002752e-22,0.0,25.715735171639828,-0.9196224817860484,0.9196224817860484
1762151972.9456356,-7.148970829060448,0.6401427997775011,-1.0274778382610731e-23,0.0,25.729873059818,-0.924401741615338,0.924401741615338
1762151973.185604,-7.14577632030634,0.657527906560123,-7.374752261719899e-24,0.0,25.712489088331825,-0.9174388393088522,0.9174388393088522
1762151973.312776,-7.142260725060347,0.6546890761732619,-1.405382507681124e-22,0.0,25.71532916674122,-0.9154970022412316,0.9154970022412316
1762151973.4899926,-7.144957669930693,0.6571269804798834,-1.076524083851443e-22,0.0,25.712890305046134,-0.9169190705810262,0.9169190705810262
1762151973.5139937,-7.144959114626115,0.659574959566649,-6.523075523058438e-24,0.0,25.710442325600727,-0.9163008481554216,0.9163008481554216
1762151973.5423684,-7.1439439446572,0.657664634716307,-5.921878060125409e-24,0.0,25.712353010763692,-0.9160127500374748,0.9160127500374748
1762151973.578411,-7.145815176611277,0.6659992862499358,-7.495979114484829e-24,0.0,25.70401769538014,-0.915356758624631,0.915356758624631
1762151973.6075974,-7.141952827998559,0.6687853217059104,-3.365323173894757e-22,0.0,25.70123303141497,-0.911727668198525,0.911727668198525
1762151973.6441333,-7.147049094191398,0.6702010726680656,-6.775513672568232e-24,0.0,25.69981547112814,-0.9152789362381246,0.9152789362381246
1762151973.6722043,-7.143385626947079,0.675514703825679,-5.89996998837439e-24,0.0,25.69450314100841,-0.9112068937211105,0.9112068937211105
1762151973.8628767,-7.1528208489111895,0.6587759580842956,-8.575706135454719e-23,0.0,25.71123853574773,-0.9224757295056293,0.9224757295056293
1762151974.0777674,-7.141401642143208,0.645464123059776,-4.428024351314382e-24,0.0,25.72455442428806,-0.9172688724734633,0.9172688724734633
1762151974.1386812,-7.144794588622374,0.6436826878862394,-2.6191226338867422e-22,0.0,25.726334654693922,-0.9203045974335633,0.9203045974335633
1762151974.2795215,-7.1522966701138575,0.6494674094491537,-3.4275103436499995e-24,0.0,25.72054726990426,-0.9244448971922757,0.9244448971922757
1762151974.522272,-7.146294831583161,0.6517341449242566,-1.1459765499269769e-23,0.0,25.718282665506653,-0.9193168114251692,0.9193168114251692
