timestamp,x_m,y_m,vx_mps,vy_mps,s_m,d_m (lateral_error),abs_lateral_error
1762247602.5978293,-7.397759232658315,2.169596510636716,1.4938051399173167,0.0,20.017928510339054,-0.6709178080966054,0.6709178080966054
1762247602.6218615,-7.413024230450165,2.120399287464481,1.565552669025225,0.0,20.061030449113844,-0.6630384449898317,0.6630384449898317
1762247602.646478,-7.420285946951882,2.1021162918102227,1.6286437832643326,0.0,20.077743895661023,-0.6616982061297464,0.6616982061297464
1762247602.6802309,-7.4262747163649285,2.092514296816192,1.6633275151521107,0.0,20.087313429013868,-0.6629965799580045,0.6629965799580045
1762247602.6967695,-7.434793174264341,2.0678462271426308,1.7097023410717884,0.0,20.109403035729784,-0.6602391728382168,0.6602391728382168
1762247602.7205124,-7.445359969010255,2.004294779460093,1.8644675174611627,0.0,20.16183552580992,-0.6434713472124445,0.6434713472124445
1762247602.7515564,-7.445656531852696,1.972606249167614,1.934565327794793,0.0,20.1866831971138,-0.6308982767755806,0.6308982767755806
1762247602.7764893,-7.455848898770069,1.9337803189711273,1.993117632647703,0.0,20.22004495442304,-0.6248031336399323,0.6248031336399323
1762247602.7971723,-7.462482475481923,1.9004136735771102,2.0780060353766783,0.0,20.24849497452078,-0.6179069501660921,0.6179069501660921
1762247602.8130887,-7.473052785163795,1.8610783959697201,2.067592793708284,0.0,20.28300491618548,-0.6126715710895714,0.6126715710895714
1762247602.834631,-7.477956805066664,1.8100159650300407,2.0764307130857107,0.0,20.324571219194674,-0.598265524979827,0.598265524979827
1762247602.8560126,-7.502444237446687,1.7741814717011506,2.082434239937439,0.0,20.36065831225523,-0.6081771546836974,0.6081771546836974
1762247602.8870568,-7.545213827197316,1.7549893974279696,1.9551367584968613,0.0,20.38869131910688,-0.641454541970755,0.641454541970755
1762247602.9053166,-7.566980394128714,1.796766347481613,1.9584401012739423,0.0,20.362134781242666,-0.6765262589164143,0.6765262589164143
1762247602.9226692,-7.590409604280669,1.760723380569126,2.1358904297765857,0.0,20.397361241673686,-0.685832373530019,0.685832373530019
1762247602.9410372,-7.577513687048026,1.8154222826447712,2.13930290027013,0.0,20.350641137312294,-0.693025131689099,0.693025131689099
1762247602.9640744,-7.58470640439951,1.790113545796244,2.300173262146399,0.0,20.37260488909181,-0.6907497329860135,0.6907497329860135
1762247602.9808493,-7.557611736669396,1.7976016276661695,2.304243409195651,0.0,20.358684846995406,-0.6680681899459873,0.6680681899459873
1762247602.9964187,-7.548881776253603,1.7682156441811936,2.3263194280199246,0.0,20.379288888376184,-0.64951293033697,0.64951293033697
1762247603.0124812,-7.5445397805121015,1.733265824141906,2.332683859923798,0.0,20.405764204893764,-0.633310173602574,0.633310173602574
1762247603.030933,-7.538119580042876,1.702247713185197,2.265708228105016,0.0,20.428063499796863,-0.6167181093928867,0.6167181093928867
1762247603.0486894,-7.5427125453247905,1.6704280391301003,2.2072487132489624,0.0,20.454911506788363,-0.6104399397246579,0.6104399397246579
1762247603.0701113,-7.561634809008679,1.6580147139825567,2.14087579877395,0.0,20.470137555179686,-0.6242526745450409,0.6242526745450409
1762247603.0915866,-7.5710139252342215,1.623483878345944,2.046942884316956,0.0,20.50045222538319,-0.622044753535782,0.622044753535782
1762247603.1201253,-7.568258155471378,1.606285952737702,1.9877846495084768,0.0,20.51357731488573,-0.6140108765599439,0.6140108765599439
1762247603.1459064,-7.5367454019375675,1.5693923723307217,1.9530958903870002,0.0,20.53464373381748,-0.5726091312314188,0.5726091312314188
1762247603.1679826,-7.528036522105131,1.4993767563633025,2.059842925346071,0.0,20.589888083708647,-0.5433486606624125,0.5433486606624125
1762247603.1834273,-7.523334239256454,1.457532970308198,2.1401832325426486,0.0,20.62293068529386,-0.5268573634846918,0.5268573634846918
1762247603.2100616,-7.515091687847911,1.4199783305285498,2.2284974517078777,0.0,20.652240401872266,-0.5085242235496832,0.5085242235496832
1762247603.228082,-7.506455378682775,1.3872409658905211,2.297891837274128,0.0,20.677649001691766,-0.4913923262656939,0.4913923262656939
1762247603.2525244,-7.501361999334221,1.3320070830804125,2.3103684920606002,0.0,20.722742892585735,-0.4721820455620357,0.4721820455620357
1762247603.269235,-7.486571691019774,1.273673381787923,2.196366952266179,0.0,20.769194765203302,-0.4435559307096056,0.4435559307096056
1762247603.291228,-7.476924216560221,1.2165202538971165,2.1342195898092187,0.0,20.81604164170997,-0.4209869927414273,0.4209869927414273
1762247603.311455,-7.477037878792011,1.1816774609042682,2.053025251900307,0.0,20.846152308589744,-0.4134769185430066,0.4134769185430066
1762247603.3304646,-7.481367502491341,1.14778256729143,1.9555702720704242,0.0,20.876304574487353,-0.41061465220477494,0.41061465220477494
1762247603.3549182,-7.487727915586156,1.0960972774156341,1.8741267780381363,0.0,20.922062290610192,-0.4066467861678631,0.4066467861678631
1762247603.3802037,-7.478415768043301,1.0380241846299478,1.8249790217853192,0.0,20.97125526149183,-0.38690208555312133,0.38690208555312133
1762247603.410173,-7.463908716575899,1.0032779363663122,1.7712493925541786,0.0,20.999599414781756,-0.36670203813931834,0.36670203813931834
1762247603.4261806,-7.461379116269906,0.9800797391406595,1.7360208819394698,0.0,21.01954577613051,-0.36044567812571177,0.36044567812571177
1762247603.4520566,-7.466598340473933,0.9324187165899339,1.741166545127681,0.0,21.06243045165737,-0.35836711534819793,0.35836711534819793
1762247603.479509,-7.464191255578029,0.9703051254505947,1.6420183962572013,0.0,21.028580673508774,-0.36168462591569306,0.36168462591569306
1762247603.4992075,-7.459203334683175,0.9195902245517554,1.599562121120955,0.0,21.07286483976902,-0.3492120888566478,0.3492120888566478
1762247603.52011,-7.456822156559239,0.887728958282697,1.557460904702101,0.0,21.10091392595522,-0.34249466935540934,0.34249466935540934
1762247603.536768,-7.450918624599509,0.845837681279915,1.503912473976012,0.0,21.137490855262808,-0.33135666333319935,0.33135666333319935
1762247603.5559847,-7.446581413228,0.8090493555257359,1.4226209908985217,0.0,21.169999131917404,-0.32283487873750233,0.32283487873750233
1762247603.5742996,-7.450433312982701,0.7747554372989052,1.3698834070187969,0.0,21.201133691170746,-0.32310578358394676,0.32310578358394676
1762247603.5956144,-7.455876103626678,0.7480868832415514,1.3779627054083203,0.0,21.225389221083557,-0.32600641744554093,0.32600641744554093
1762247603.6166515,-7.457397080626351,0.718517547762968,1.3090319200269689,0.0,21.252042724464904,-0.324987063035519,0.324987063035519
1762247603.634124,-7.456064520455628,0.7011355042173688,1.265673613211134,0.0,21.267560647795367,-0.3222939879794719,0.3222939879794719
1762247603.6585886,-7.4641068615394355,0.6796130380323798,1.2316526180756362,0.0,21.28740474575865,-0.3287563306765833,0.3287563306765833
1762247603.6735282,-7.467432226875532,0.6634374573531108,1.241381808324311,0.0,21.30210779230275,-0.3309990543999428,0.3309990543999428
1762247603.6933424,-7.4652748470204635,0.6435210491690111,1.3458814782943405,0.0,21.31970343614386,-0.327633474519843,0.327633474519843
1762247603.715406,-7.467195070843604,0.6154443198107773,1.3942254166203996,0.0,21.34498872279591,-0.32805192535196154,0.32805192535196154
1762247603.7414396,-7.471181443895258,0.5884441113420954,1.3918422324712427,0.0,21.36936302697587,-0.33082667050737385,0.33082667050737385
1762247603.7653158,-7.473504506623711,0.5663477623096448,1.3170785797678979,0.0,21.389244466327682,-0.3323311505067231,0.3323311505067231
1762247603.7896497,-7.469267728171025,0.573574706978717,1.2739110646396012,0.0,21.382633739467828,-0.32834729213986275,0.32834729213986275
1762247603.8151782,-7.467704863948655,0.5905107218206194,1.2397733098989623,0.0,21.367383525408247,-0.32743732375933443,0.32743732375933443
1762247603.8456576,-7.472561381925188,0.6169323590214524,1.1969047163122735,0.0,21.343887289324663,-0.33348492285404835,0.33348492285404835
1762247603.8646958,-7.480134853890989,0.6533655509626107,1.1926262152750975,0.0,21.311830837057993,-0.34305004521804466,0.34305004521804466
1762247603.889275,-7.467917496332749,0.683423508988785,1.1874240912876048,0.0,21.284226454503536,-0.3328227990573299,0.3328227990573299
1762247603.9183314,-7.470751536844901,0.6968692676063972,1.2069102275438817,0.0,21.27237083739493,-0.3366195809472898,0.3366195809472898
1762247603.943796,-7.468738434403486,0.6963630257313056,1.1978532112551599,0.0,21.272690775882484,-0.33457448783865457,0.33457448783865457
1762247603.9635286,-7.469167159030233,0.6699958499355381,1.2273111020510867,0.0,21.296331766791635,-0.3331561924045685,0.3331561924045685
1762247603.99017,-7.464882521813058,0.6590891375378226,1.2316329012373726,0.0,21.305862277835498,-0.3281792696532315,0.3281792696532315
1762247604.014115,-7.46017684418966,0.641550216647614,1.2412888974812986,0.0,21.321215088427532,-0.32243054030919654,0.32243054030919654
1762247604.0323787,-7.461092713994433,0.6322254237704734,1.290442743066362,0.0,21.329640909575062,-0.32282465683598865,0.32282465683598865
1762247604.0564787,-7.458841379585944,0.6135808876057979,1.3164098638886135,0.0,21.346302650885054,-0.3196173109851054,0.3196173109851054
1762247604.078515,-7.452147418320941,0.5798094475592687,1.3554293207474684,0.0,21.3764619926482,-0.31146863208788905,0.31146863208788905
1762247604.0975506,-7.450209931356373,0.5555053053785302,1.3852812769026381,0.0,21.398328560096413,-0.3087026662974945,0.3087026662974945
1762247604.1173565,-7.446657439748514,0.5362314253441929,1.3815813712883476,0.0,21.415520374805574,-0.3046265276659894,0.3046265276659894
1762247604.1399913,-7.442378210500649,0.5152530362939498,1.370274999645183,0.0,21.434411673089528,-0.2999109401851207,0.2999109401851207
1762247604.1621494,-7.435152490600098,0.4767915107069748,1.3287820296682622,0.0,21.469176623430897,-0.2922495471021431,0.2922495471021431
1762247604.1868408,-7.422945459663024,0.5075899975021538,1.3285207220854265,0.0,21.441091637423543,-0.2803556920974112,0.2803556920974112
1762247604.2143703,-7.411753102077967,0.49028973850709506,1.3302669592881324,0.0,21.45674572272267,-0.26895025396387884,0.26895025396387884
1762247604.2335792,-7.404647998683415,0.5172336012686017,1.3229130245991931,0.0,21.43202013472496,-0.26222230438024563,0.26222230438024563
1762247604.254493,-7.393474857810022,0.5389447549038903,1.3406880607119707,0.0,21.41196301602595,-0.2515277071341276,0.2515277071341276
1762247604.281941,-7.387027034284054,0.5579695630370846,1.338519161696412,0.0,21.394299296720202,-0.2456265029798149,0.2456265029798149
1762247604.3023665,-7.385231995726773,0.5512068253795159,1.426412702225578,0.0,21.40047507320165,-0.24362522988877353,0.24362522988877353
1762247604.3255434,-7.381790619566039,0.5207193512496625,1.4360641544027974,0.0,21.42843187353493,-0.23943526305254773,0.23943526305254773
1762247604.3521602,-7.384579337507132,0.4983007189505614,1.4280450968913023,0.0,21.4491356233236,-0.2418657223358482,0.2418657223358482
1762247604.3691876,-7.364206622417608,0.48603239592923647,1.4254498995094378,0.0,21.460287886046444,-0.2213675362022961,0.2213675362022961
1762247604.3869896,-7.350976574385757,0.47005651394499676,1.283030414027135,0.0,21.47506646611112,-0.20804659423791105,0.20804659423791105
1762247604.4126773,-7.34722242636113,0.45112200737881847,1.3383076956269615,0.0,21.492708536615066,-0.20429398341166938,0.20429398341166938
1762247604.4366934,-7.3369051134511585,0.43321670212570046,1.3198789617277933,0.0,21.509485863414305,-0.1940885220677372,0.1940885220677372
1762247604.4549406,-7.323237708196892,0.4248894389690296,1.4596958213158315,0.0,21.517398237307052,-0.1805107290183589,0.1805107290183589
1762247604.4750829,-7.31203533843726,0.40901813617530447,1.4822468087129066,0.0,21.53249012648976,-0.16954456290057507,0.16954456290057507
1762247604.5062175,-7.306617740111439,0.38533408625309,1.4958102411192853,0.0,21.5549368145665,-0.16463902781725595,0.16463902781725595
1762247604.5243318,-7.292224735582368,0.39025319708964246,1.5125923780992276,0.0,21.55062409679858,-0.15012826545097074,0.15012826545097074
1762247604.55732,-7.2849393873659265,0.3517016620823648,1.4497498124327546,0.0,21.58742507309143,-0.14403051277827414,0.14403051277827414
1762247604.575928,-7.2753735027796,0.3447530327347818,1.426532276400905,0.0,21.594386770410207,-0.13474031471250594,0.13474031471250594
1762247604.604054,-7.2658286537998205,0.34525880333751424,1.3632317476389548,0.0,21.594267874365027,-0.12518288769324734,0.12518288769324734
1762247604.631207,-7.255087270361129,0.33275084119572207,1.2570143605807855,0.0,21.606676213491546,-0.11497782665386858,0.11497782665386858
1762247604.6553428,-7.2463003885307815,0.30520554379943615,1.2301266787490155,0.0,21.63352745385286,-0.10755813658833697,0.10755813658833697
1762247604.678158,-7.2361873727207895,0.29373981194140764,1.208281851515006,0.0,21.645110477421007,-0.09810594155897764,0.09810594155897764
1762247604.7012138,-7.227050971409177,0.28089984974156473,1.2425226858151421,0.0,21.658038511159287,-0.0897657855698103,0.0897657855698103
1762247604.7219276,-7.205530063312804,0.23959574706876988,1.2349055235881632,0.0,21.699537370993653,-0.07121523094419828,0.07121523094419828
1762247604.7475805,-7.198337656622897,0.2221255067540579,1.2188598914484219,0.0,21.717093264073508,-0.0654688110803335,0.0654688110803335
1762247604.782311,-7.189460244901053,0.20628148616705458,1.2236301832512342,0.0,21.733286574009682,-0.058012936207061876,0.058012936207061876
1762247604.8009918,-7.171959957654322,0.17940840315574763,1.2992296333590487,0.0,21.761190350528427,-0.0431626516960856,0.0431626516960856
1762247604.8291428,-7.152492254810948,0.15255684259941749,1.4358472711838677,0.0,21.78958685287437,-0.026648899474137587,0.026648899474137587
1762247604.8475688,-7.140166771848005,0.13114190894039185,1.4262500618030898,0.0,21.81209784318849,-0.016873819733871042,0.016873819733871042
1762247604.8634121,-7.132569357754966,0.13135402859713968,1.4124461239788761,0.0,21.812791843892136,-0.009305508446353574,0.009305508446353574
1762247604.881041,-7.122160996515496,0.12399629194904828,1.4174412636855427,0.0,21.821341950646378,0.00013431038217030485,0.00013431038217030485
1762247604.912465,-7.115844349408776,0.11364063320383895,1.4523523659268511,0.0,21.832415095977744,0.005109148729520847,0.005109148729520847
1762247604.9356635,-7.103687281006153,0.10182494941851081,1.4801059975076254,0.0,21.845753719930684,0.015636702055051677,0.015636702055051677
1762247604.9625282,-7.08975326589027,0.09290391785374481,1.510211402314099,0.0,21.856544762081537,0.028252854578188095,0.028252854578188095
1762247604.9889307,-7.071947910688111,0.054810035409875474,1.6172517322863025,0.0,21.897312647337877,0.040421425797667686,0.040421425797667686
1762247605.0114067,-7.064682476393613,0.03788498057823586,1.6826562907559364,0.0,21.915442042146783,0.044994091707823806,0.044994091707823806
1762247605.0339327,-7.051468198303517,0.02045832234555631,1.7365997479748252,0.0,21.935135216519367,0.05523159540689695,0.05523159540689695
1762247605.0570428,-7.0410176024792674,0.001717032335042212,1.7244028276121532,0.0,21.95582190148528,0.062377591962526416,0.062377591962526416
1762247605.07343,-7.033918810831559,-0.016065447699391455,1.7226085248285512,0.0,21.97503637887508,0.06624121460190834,0.06624121460190834
1762247605.1052938,-7.026431196021706,-0.01796235649541583,1.7087731032788924,0.0,21.9783351466251,0.07326552333545974,0.07326552333545974
1762247605.1318216,-7.002805682713247,-0.0701844391487961,1.8594549041332193,0.0,22.035828090848337,0.08647954611977926,0.08647954611977926
1762247605.1565127,-6.996500804374498,-0.08335061988611835,1.9217104927627233,0.0,22.05048808271578,0.08996165867690713,0.08996165867690713
1762247605.1786594,-6.99389664518628,-0.09702253842623688,1.96284031389067,0.0,22.06488526606904,0.0896420165811284,0.0896420165811284
1762247605.2015371,-6.969138863401833,-0.1127835095927886,1.999862303831643,0.0,22.086430823708504,0.11040693130047548,0.11040693130047548
1762247605.223919,-6.950074231898866,-0.1361887294157839,2.092110821232442,0.0,22.114772109410573,0.12370882085387515,0.12370882085387515
1762247605.2446728,-6.948008673057412,-0.11909982124167513,2.0944064792286428,0.0,22.097792072926595,0.1296054562860683,0.1296054562860683
1762247605.2629354,-6.934158197602899,-0.1631662176818582,2.209062765146424,0.0,22.146241038894633,0.13280518658116752,0.13280518658116752
1762247605.2860434,-6.921555583044949,-0.19359089624183923,2.270293395113271,0.0,22.18055102766414,0.13747056133706395,0.13747056133706395
1762247605.3234918,-6.914497738568119,-0.2102672511806692,2.3380166781015013,0.0,22.19944611702576,0.13999694056401402,0.13999694056401402
1762247605.3597522,-6.871347596448675,-0.24885804487804156,2.466617410485255,0.0,22.25122308455236,0.17112597335292726,0.17112597335292726
1762247605.3857355,-6.8485954595635,-0.2752398767720874,2.529606251045747,0.0,22.285207098253323,0.1854121460991989,0.1854121460991989
1762247605.4129393,-6.810091495447201,-0.3551366374338804,2.506630145044534,0.0,22.379734917057416,0.19747095168954878,0.19747095168954878
1762247605.431841,-6.792228245472271,-0.3825940967600477,2.4809267306704337,0.0,22.41415589921281,0.20526601909281267,0.20526601909281267
1762247605.4528072,-6.766763793299482,-0.4107919366731604,2.41979191066736,0.0,22.452415403915733,0.2195148061432996,0.2195148061432996
1762247605.4841163,-6.7404818545703185,-0.4258759393332454,2.428683579586124,0.0,22.478043947937323,0.23874852127201115,0.23874852127201115
1762247605.5016918,-6.719202014974018,-0.45031826063709857,2.301130772727358,0.0,22.51166922027724,0.24964607082686027,0.24964607082686027
1762247605.5242753,-6.668423796253211,-0.5034049324654909,2.2744133798973256,0.0,22.587936635337815,0.27612343684887414,0.27612343684887414
1762247605.5455234,-6.6306369337671605,-0.5356374926662358,2.2490018212834384,0.0,22.6382727136935,0.29754023008050745,0.29754023008050745
1762247605.5832064,-6.6146032698818455,-0.5476105935265643,2.205835843695331,0.0,22.65806599086413,0.3070894113094113,0.3070894113094113
1762247605.6108332,-6.561441370770088,-0.5894024869144118,2.271490628719886,0.0,22.7265300423979,0.33691058926999856,0.33691058926999856
1762247605.6371574,-6.517106922938088,-0.6183961859398593,2.3189512688060008,0.0,22.778038548444286,0.3634028495337429,0.3634028495337429
1762247605.663505,-6.513670870755831,-0.6204149402478303,2.401778298361276,0.0,22.78182755317066,0.3655300885951505,0.3655300885951505
1762247605.6902776,-6.4990054419872445,-0.6950601058563363,2.444658912912647,0.0,22.863351579112404,0.34337507462112143,0.34337507462112143
1762247605.7154753,-6.467731276034952,-0.7121063334640534,2.4492466740690735,0.0,22.897320249056634,0.3624347796404682,0.3624347796404682
1762247605.7533774,-6.42980623991498,-0.7608090404737387,2.5142268327275903,0.0,22.969425368490903,0.3707348226301671,0.3707348226301671
1762247605.7830908,-6.395113659205147,-0.7979419170376034,2.5619094237561546,0.0,23.03089333840021,0.3805629040598554,0.3805629040598554
1762247605.8028467,-6.38284837831492,-0.8044068593955547,2.576688538864368,0.0,23.04597761403589,0.38732688379899394,0.38732688379899394
1762247605.8202627,-6.347624627510202,-0.8739704190804146,2.692891089879953,0.0,23.14079617393143,0.376745546392734,0.376745546392734
1762247605.8392305,-6.334341535858209,-0.870429924467451,2.696597560799484,0.0,23.146639656569516,0.3895746225468447,0.3895746225468447
1762247605.8598895,-6.285978086491587,-0.9243598837966364,2.797867214043289,0.0,23.229986171087944,0.39584244137796776,0.39584244137796776
1762247605.8876307,-6.2433682744912,-0.9569245119541409,2.796886646170997,0.0,23.28783220812427,0.4092473718028012,0.4092473718028012
1762247605.9113503,-6.226846090001223,-0.9737276707282061,2.7826567830030817,0.0,23.31384458351484,0.4116257868754444,0.4116257868754444
1762247605.9447834,-6.187498082611873,-0.985762289488245,2.7586816681218074,0.0,23.351590049287886,0.4345452409972299,0.4345452409972299
1762247605.9665267,-6.140006059743081,-0.9944088348041284,2.7038380686684476,0.0,23.392412472714966,0.4656027234275528,0.4656027234275528
1762247605.9975502,-6.088159675945169,-1.003264602629191,2.6289889903261927,0.0,23.436849178414302,0.4995316175260901,0.4995316175260901
1762247606.0266776,-5.9897564979788775,-1.0642651875415325,2.5032169547977694,0.0,23.562901174179956,0.5335409689139575,0.5335409689139575
1762247606.0450659,-5.956255736874753,-1.0704164042199869,2.46556154749543,0.0,23.595910227704483,0.5541435750037571,0.5541435750037571
1762247606.0724223,-5.918870043894782,-1.0756977473237206,2.3861251739680553,0.0,23.634305505620986,0.5778322276529577,0.5778322276529577
1762247606.0956867,-5.86890803760415,-1.0680780544263124,2.3182176841347517,0.0,23.67313104075204,0.6190669904477561,0.6190669904477561
1762247606.1160672,-5.782753634280207,-1.047998826021614,2.2429313015045595,0.0,23.735002280325556,0.6940427843423971,0.6940427843423971
1762247606.1426256,-5.733360966961709,-1.0336605347521408,2.167154198736044,0.0,23.76678705931443,0.7386422144594292,0.7386422144594292
1762247606.1652977,-5.682356280630043,-1.019434733260969,2.069784658249961,0.0,23.799614410417966,0.7840541334135804,0.7840541334135804
1762247606.1905847,-5.642431954481031,-1.0092317492392313,1.9737935399949749,0.0,23.82584054312954,0.8187875975419661,0.8187875975419661
1762247606.2123911,-5.5950484571376675,-1.0319117167996936,1.754809286828863,0.0,23.88249150516738,0.8342929230337861,0.8342929230337861
1762247606.2326574,-5.582928213248941,-1.020171734609017,1.6593225032428407,0.0,23.883654586872332,0.8511371500510346,0.8511371500510346
1762247606.2476077,-5.576539452118066,-0.9996388201779409,1.5343824823759813,0.0,23.873077305533407,0.8705823309755814,0.8705823309755814
1762247606.2724035,-5.575525129746664,-0.9787339229169605,1.381359639837485,0.0,23.857984522949298,0.8866425631284724,0.8866425631284724
1762247606.2926202,-5.576259986623626,-0.958989364886727,1.2115859485743674,0.0,23.842253263485564,0.9006376003224681,0.9006376003224681
1762247606.3167634,-5.576048134279155,-0.9448115809294181,1.0293005724813733,0.0,23.831326392050883,0.9111712760011956,0.9111712760011956
1762247606.341108,-5.572112262069002,-0.922429061148852,0.8781925355454244,0.0,23.816776727501843,0.9302259297194657,0.9302259297194657
1762247606.3612864,-5.574068552334189,-0.9024616382276806,0.7562146858790848,0.0,23.798023183451726,0.9434505014151298,0.9434505014151298
1762247606.3830347,-5.576667888159586,-0.8742238333001113,0.60292781659852,0.0,23.771121763645514,0.962164119779967,0.962164119779967
1762247606.4065735,-5.581233755490389,-0.8603433900398123,0.05474349844585539,0.0,23.754234037967066,0.9690315541794496,0.9690315541794496
1762247606.4315515,-5.583403343166467,-0.840637533051292,3.5300340087141e-07,0.0,23.733559801720062,0.9816815590565535,0.9816815590565535
1762247606.4599226,-5.585619072266504,-0.8220825607897765,-0.022511773918411634,0.0,23.709735592806698,0.9933727477695993,0.9933727477695993
1762247606.6033516,-5.59498634785497,-0.6662731954216454,-0.000298626484899116,0.0,23.52099284607236,1.093051481311902,1.093051481311902
1762247606.756314,-5.605241678891503,-0.5445929166722528,-0.0002534613266046403,0.0,23.389575392331828,1.1643882539310475,1.1643882539310475
1762247606.791095,-5.607754673168954,-0.5040199291891033,-0.005291912507423611,0.0,23.346448530179035,1.1883050835772004,1.1883050835772004
1762247606.812073,-5.6083407108841925,-0.46510350346464063,-0.0003206037942351712,0.0,23.30330179391455,1.2123613316287165,1.2123613316287165
1762247606.8402612,-5.6075612720335695,-0.42480445331643757,-0.00044182511361092743,0.0,23.260374849879934,1.238035720235928,1.238035720235928
1762247606.863286,-5.609060786885864,-0.39081168911901815,-0.0002650873686732006,0.0,23.22065574673681,1.257698901695884,1.257698901695884
1762247606.8942611,-5.613015937997803,-0.3659280036133017,-0.0002731451266437308,0.0,23.180236987682985,1.2695608206886069,1.2695608206886069
1762247606.9136884,-5.612294090214565,-0.3351828857676447,-0.004648316654783951,0.0,23.13899674771199,1.2883218203566364,1.2883218203566364
1762247606.9710946,-5.611162174626892,-0.28408667266078313,-0.0002607046037168246,0.0,23.0054489766886,1.3178389745524388,1.3178389745524388
1762247606.9943852,-5.612103207086817,-0.2554888200182261,-0.004989573128774597,0.0,22.955054012995756,1.3318640317712969,1.3318640317712969
1762247607.0177372,-5.613163244443699,-0.23121728099757152,-0.004355072571709703,0.0,22.89806985516512,1.343016589919348,1.343016589919348
1762247607.042418,-5.610654799183832,-0.19976856481581062,-0.004284413621161971,0.0,22.855078924887835,1.3604340975930094,1.3604340975930094
1762247607.0655706,-5.608099330155645,-0.1731852508970672,-0.0002392694287731205,0.0,22.822235415547052,1.375262161172675,1.375262161172675
1762247607.0841255,-5.604230577780201,-0.15726160181181575,-0.0006983784949662208,0.0,22.793129451432044,1.3860855259773068,1.3860855259773068
1762247607.1580973,-5.600350402121348,-0.09265757987684652,-0.0002588599433059589,0.0,22.691181060363455,1.4185064934052678,1.4185064934052678
1762247607.1816566,-5.602008222557041,-0.07066718320576694,-0.004588654038774841,0.0,22.654703097142093,1.42636839182566,1.42636839182566
1762247607.213957,-5.601516529408955,-0.04736827627410058,-0.00026688645470786737,0.0,22.6011909297996,1.4363763470472992,1.4363763470472992
1762247607.235854,-5.601605038078718,-0.03232607747208116,-0.003953903605365093,0.0,22.575572128695846,1.4422720705314054,1.4422720705314054
1762247607.2648528,-5.599268474042759,-0.015544190121036942,-0.009754330196135764,0.0,22.54845979669605,1.4509110245627668,1.4509110245627668
1762247607.2889209,-5.598767361409686,0.0034512346074494077,-0.00023459170808569688,0.0,22.498413592039064,1.4584498229101113,1.4584498229101113
1762247607.3155463,-5.598899954282672,0.012532121474450113,-0.00031460905409825163,0.0,22.482546510569417,1.4616194249004633,1.4616194249004633
1762247607.3442206,-5.595771260646196,0.028527517561812737,-0.00351487542854199,0.0,22.45680160285037,1.4702080258389114,1.4702080258389114
1762247607.3632185,-5.595158075196512,0.0405398074128378,-0.00027553921925852615,0.0,22.437593370944384,1.4749240153089378,1.4749240153089378
1762247607.38271,-5.593555559702715,0.05585702945079479,-0.003475898424313002,0.0,22.393387401201664,1.481531831924358,1.481531831924358
1762247607.6285079,-5.572716254687781,0.19408173161190262,-0.0001369044548670125,0.0,22.104356371149652,1.5400978735950683,1.5400978735950683
1762247607.809735,-5.57434061037058,0.24591508454212235,-0.00013627491603004227,0.0,21.987391610545245,1.5491333451854163,1.5491333451854163
1762247607.8331976,-5.5794888121863435,0.26314083224758616,-0.00018332836641244026,0.0,21.953153070963943,1.5470858293726684,1.5470858293726684
1762247607.9668128,-5.567621467997972,0.4752504631289917,-1.691935672988587e-08,0.0,21.459488847525158,1.5752439284828554,1.5752439284828554
1762247607.9969583,-5.570578876662388,0.520148543310587,-0.0025511114935482687,0.0,21.358483350660215,1.5709589875821757,1.5709589875821757
1762247608.0283942,-5.57392421663135,0.5513266784276356,-0.0001301006155274368,0.0,21.284896385893273,1.5657714366825066,1.5657714366825066
1762247608.050959,-5.5750505833762505,0.5843517868071346,-0.0022515842967448115,0.0,21.20941398486,1.5619043832541535,1.5619043832541535
1762247608.0735786,-5.575339556039189,0.6046827140013172,-0.00015316161334502607,0.0,21.172787964888748,1.5595350363027394,1.5595350363027394
1762247608.0979042,-5.576481180541774,0.625010793706885,-0.00019309409447245882,0.0,21.137522966236798,1.5560352365890013,1.5560352365890013
1762247608.1262596,-5.573208473576642,0.6405322620828638,-1.5288732061607968e-08,0.0,21.093755341700994,1.5572609070413728,1.5572609070413728
1762247608.1494653,-5.574258276646115,0.6558167918890371,-0.002161632916949592,0.0,21.066949896902152,1.5540836079104006,1.5540836079104006
1762247608.1731124,-5.574574284332453,0.6759393291822453,-0.002120307964175163,0.0,21.033202249614472,1.5507266441088652,1.5507266441088652
1762247608.197809,-5.57382784271254,0.6937599681094616,-0.00013844858304422005,0.0,20.986848328793073,1.548523428113739,1.548523428113739
1762247608.2254925,-5.571701202904227,0.7014702806458563,-0.00011142671958138478,0.0,20.972812022876624,1.5492875901191847,1.5492875901191847
1762247608.2668252,-5.5704850326831234,0.7147176574295595,-0.001969861050514162,0.0,20.94946852466605,1.5481082333536713,1.5481082333536713
1762247608.2930062,-5.571382795397622,0.7277181611055649,-0.0001468255278202357,0.0,20.92939918148993,1.5447924762570695,1.5447924762570695
1762247608.314978,-5.569376203568474,0.7386178927829696,-0.00013263428060561106,0.0,20.895357192478663,1.5446180191821106,1.5446180191821106
1762247608.3392107,-5.569181606945796,0.7536278558528814,-0.0019288897901744823,0.0,20.869674641349807,1.5417559174993944,1.5417559174993944
1762247608.3628032,-5.569717337921324,0.7632238961610668,-1.3136973101360305e-08,0.0,20.853548509901323,1.5392102320465912,1.5392102320465912
1762247608.3871627,-5.568593243465232,0.7753830703948729,-9.458976260206097e-05,0.0,20.833764879341153,1.5376687555289184,1.5376687555289184
1762247608.413404,-5.570306330235608,0.7843244330683691,-0.00010673382029830675,0.0,20.806393750730948,1.5339907162590045,1.5339907162590045
1762247608.4321918,-5.56707177357521,0.8035929201570008,-0.0017981032300958934,0.0,20.77286040184205,1.5326675939216376,1.5326675939216376
1762247608.4577677,-5.568896119946387,0.8114987646096814,-0.00013645130160219016,0.0,20.760413657854542,1.5290006765748898,1.5290006765748898
1762247608.5764124,-5.563230277941046,0.8704695355437897,-0.0016517068212860888,0.0,20.650199467151108,1.5192072902777498,1.5192072902777498
1762247608.6012528,-5.566926078642851,0.8778382048840827,-0.0016048038790591346,0.0,20.639939045433934,1.5136161102941554,1.5136161102941554
1762247608.624148,-5.561852489114064,0.8888826446307043,-8.134116270712077e-05,0.0,20.609793858470677,1.5153664664426871,1.5153664664426871
1762247608.6493664,-5.5622924689175814,0.8928852415253622,-0.0001259586303358523,0.0,20.603591924607024,1.5137992460929122,1.5137992460929122
1762247608.6674533,-5.564216987022586,0.8979890811488654,-8.129620668542361e-05,0.0,20.596356707952825,1.5104846733679094,1.5104846733679094
1762247608.6865554,-5.56357348171238,0.9009091200551659,-0.0015105183970491372,0.0,20.591383411698335,1.5102527246800244,1.5102527246800244
1762247608.7125835,-5.564162778056009,0.9085317117625555,-8.595257206421445e-05,0.0,20.579520796540024,1.507455950510324,1.507455950510324
1762247608.8132946,-5.5643693730830455,0.9191980887373442,-0.00012079885782861885,0.0,20.56267848661686,1.5040852582081772,1.5040852582081772
1762247608.8337355,-5.561348046318131,0.9244849611184015,-0.00010786131606576226,0.0,20.55281237853678,1.505370698134612,1.505370698134612
1762247608.8570857,-5.564734980910307,0.9217117523969246,-0.0013396397918683802,0.0,20.558874831985207,1.5029805706108041,1.5029805706108041
1762247608.8837469,-5.564164270639895,0.9288318257868555,-9.138945396534074e-05,0.0,20.54732746559133,1.5013659107445059,1.5013659107445059
1762247608.9469244,-5.563670075079195,0.9391530153676699,-0.0013466703023568062,0.0,20.531809360481553,1.4986632916537135,1.4986632916537135
1762247608.9709518,-5.563427643209088,0.9455367983389051,-0.0001023845905136801,0.0,20.51156578512856,1.4968976637472133,1.4968976637472133
1762247608.9981027,-5.564638782155006,0.9387551755730985,-7.919853072221716e-05,0.0,20.532780923573437,1.4978653715965715,1.4978653715965715
1762247609.0239081,-5.564952993782701,0.9434282319697365,-0.0012191564859233102,0.0,20.5264569735417,1.496115404583957,1.496115404583957
1762247609.0423555,-5.5652233810341984,0.933948127933226,-0.0012249042979435838,0.0,20.539773825072427,1.4987913557140555,1.4987913557140555
1762247609.0600266,-5.565979165321099,0.9355018567648181,-8.43607729159035e-09,0.0,20.537863576297966,1.4975944131164065,1.4975944131164065
1762247609.080276,-5.559637381726593,0.9408714237582149,-0.0012271638016277979,0.0,20.527675593163714,1.5019630727475624,1.5019630727475624
1762247609.1052282,-5.560682734353827,0.9505545912790817,-0.005465188759571642,0.0,20.50229471007279,1.497922823927969,1.497922823927969
1762247609.1388938,-5.564283017673319,0.9624046763904661,-5.7459289982543396e-05,0.0,20.485706052847288,1.490731659895787,1.490731659895787
1762247609.1597927,-5.561938830776068,0.9781401538857276,-7.918171790119444e-09,0.0,20.460048223197223,1.4878286678585964,1.4878286678585964
1762247609.1856487,-5.5557585633183795,1.002709112478309,-7.726337894946912e-05,0.0,20.410275051308002,1.4854026495459411,1.4854026495459411
1762247609.21998,-5.558570544171976,1.0343516821029468,-0.001086818643097033,0.0,20.36361448000286,1.4717258384640826,1.4717258384640826
1762247609.2429786,-5.5598981113259205,1.035904348483037,-7.990214708827957e-05,0.0,20.36201761270689,1.469932355730062,1.469932355730062
1762247609.264272,-5.558006279142737,1.0742372774415387,-7.435096729697249e-09,0.0,20.295536155063683,1.4576962427688476,1.4576962427688476
1762247609.2851958,-5.559303434320458,1.119268043242331,-0.0010382890557574717,0.0,20.230734583919105,1.4392495577132176,1.4392495577132176
1762247609.3103328,-5.556194814577206,1.1531945131090502,-6.137349231910902e-05,0.0,20.172542885646877,1.4285481519333794,1.4285481519333794
1762247609.3322425,-5.5547880263692635,1.204817310334843,-7.1558583485814564e-09,0.0,20.09297197261879,1.4083433727703536,1.4083433727703536
1762247609.3516333,-5.557984229604394,1.2819325844102796,-0.0009750932280133084,0.0,19.983738796037752,1.3715793976664483,1.3715793976664483
1762247609.369442,-5.555676123195278,1.3164905783105862,-5.980230545639543e-05,0.0,19.935444279800443,1.3577608555186425,1.3577608555186425
1762247609.3909333,-5.55229233198385,1.3631031284181712,-4.8091754384604654e-05,0.0,19.86582883331389,1.3386589033134322,1.3386589033134322
1762247609.4139225,-5.552373118166436,1.4025525139907535,-8.195887675980009e-05,0.0,19.809635012400452,1.3193224234664647,1.3193224234664647
1762247609.4427898,-5.552945362839701,1.431167774324015,-7.570629131302299e-05,0.0,19.77338076350266,1.3045423504260385,1.3045423504260385
1762247609.4677835,-5.5508599614053935,1.461415604048949,-4.95493279754913e-05,0.0,19.73359034425275,1.2909621026263491,1.2909621026263491
1762247609.5162897,-5.552452433364811,1.5106096790383334,-5.940646952770183e-05,0.0,19.670422388304445,1.264025336131409,1.264025336131409
1762247609.5386682,-5.552336388314529,1.5226430929741295,-7.788603004423296e-05,0.0,19.655805755977706,1.257768133600406,1.257768133600406
1762247609.565981,-5.547929244152729,1.5347832406919006,-0.00021002106662875892,0.0,19.6379828410365,1.255045808717179,1.255045808717179
1762247609.5914097,-5.552588123760085,1.5404024777852268,-4.85903851405697e-05,0.0,19.63477311863733,1.2481062882773182,1.2481062882773182
1762247609.6238217,-5.55085917978062,1.5558529455624823,-5.060301343846169e-05,0.0,19.612527242182974,1.2412788357369275,1.2412788357369275
1762247609.6504004,-5.547144382527907,1.5615102430888221,-0.0008354897929053232,0.0,19.603194049514457,1.2413562348319418,1.2413562348319418
1762247609.674481,-5.549110068449971,1.5728498136236853,-0.000821297939865078,0.0,19.59156830238415,1.2335641954022267,1.2335641954022267
1762247609.7039926,-5.545018171114051,1.5804274398416802,-0.0008100456127609147,0.0,19.57984811830598,1.2328781188715265,1.2328781188715265
1762247609.7275457,-5.54551093414877,1.5914290108797189,-4.727276740741986e-05,0.0,19.567687429780747,1.2264576709039894,1.2264576709039894
1762247609.7549462,-5.543457484802007,1.6005337201595624,-4.465685544154877e-05,0.0,19.555865461691763,1.2231820093131127,1.2231820093131127
1762247609.7902906,-5.542728702508826,1.613231092284787,-4.556016136725039e-05,0.0,19.540984761753492,1.2167946201340836,1.2167946201340836
1762247609.8113637,-5.54505488045736,1.6163040337702026,-0.000737313687542324,0.0,19.53924921962005,1.2131578402605303,1.2131578402605303
1762247609.8294551,-5.543350305847055,1.6221231654610613,-4.726604274179214e-05,0.0,19.531419738841077,1.2113567637443916,1.2113567637443916
1762247609.8505905,-5.546839996694166,1.6362932606834477,-0.0007250202194864229,0.0,19.51807861806335,1.200583154820662,1.200583154820662
1762247609.8728533,-5.5438679955214925,1.64203148339884,-0.0028785519895770007,0.0,19.507311701531933,1.1998497204002512,1.1998497204002512
1762247609.8974514,-5.541887917477644,1.6617207680323929,-0.0007158767607224635,0.0,19.483726522541218,1.1904464082229402,1.1904464082229402
1762247609.9308288,-5.543953287144949,1.6663845059899043,-3.982285603741736e-05,0.0,19.480080309186164,1.1861120809309171,1.1861120809309171
1762247609.958091,-5.543269320603737,1.6731319348420741,-7.2683896690299e-05,0.0,19.472012089736165,1.1828664317877122,1.1828664317877122
1762247609.9915552,-5.542800811064348,1.6939505341928331,-4.7143406708798075e-09,0.0,19.44831776685025,1.1714301134329819,1.1714301134329819
1762247610.0141318,-5.543182358719303,1.705267957075871,-4.622646046931017e-05,0.0,19.43576715571976,1.1646471110428072,1.1646471110428072
1762247610.0342162,-5.543675222769016,1.7104519919068322,-4.208381207698977e-05,0.0,19.430229577493648,1.1612693483606091,1.1612693483606091
1762247610.0655692,-5.544175714995605,1.7177578232038597,-3.303074773768113e-05,0.0,19.422229892576926,1.1566572223455123,1.1566572223455123
1762247610.08513,-5.543522098718782,1.7332045872368596,-3.267721264626634e-05,0.0,19.4005563900141,1.1482545511824371,1.1482545511824371
1762247610.110393,-5.540511233972898,1.7433566380088408,-0.000624061842467089,0.0,19.38587418209997,1.144786613321391,1.144786613321391
1762247610.1338315,-5.5415299566701375,1.7524433702355748,-4.3156426440295326e-09,0.0,19.3758156038476,1.1386372289765052,1.1386372289765052
1762247610.192178,-5.543362331384022,1.7798163264261169,-0.0026775542100146853,0.0,19.344199352852122,1.1209652523107096,1.1209652523107096
1762247610.2186213,-5.543857215874054,1.806214261377321,-0.0005767444799598111,0.0,19.308651137692497,1.1047245277880795,1.1047245277880795
1762247610.2478719,-5.54338621835487,1.811874430149715,-4.005101738760626e-05,0.0,19.301607953277852,1.1016736665072409,1.1016736665072409
1762247610.2735493,-5.538718689019789,1.8206204282703746,-0.0005645444195698577,0.0,19.28727111298787,1.100061372394053,1.100061372394053
1762247610.300218,-5.5395129830178345,1.8290654866382907,-2.6949913294826077e-05,0.0,19.278210629746933,1.0942722346662734,1.0942722346662734
1762247610.3204386,-5.539549810852381,1.8358956878381871,-4.2860175893334274e-05,0.0,19.2703859943148,1.090054838773899,1.090054838773899
1762247610.341039,-5.540019303947251,1.8549094031766413,-2.8992649679600803e-05,0.0,19.249337937005365,1.077958819365673,1.077958819365673
1762247610.3758135,-5.541837418404487,1.9116996924364311,-0.0005334587910751713,0.0,19.193371143160995,1.041110765511768,1.041110765511768
1762247610.5844004,-5.543307130178674,2.0389454037694006,-2.6460223622478852e-05,0.0,19.090429033570143,0.9598105579818329,0.9598105579818329
1762247610.614184,-5.542808474101908,2.0459831995428193,-3.0484358925982196e-05,0.0,19.084623683037673,0.9557551805818996,0.9557551805818996
1762247610.647913,-5.5408791111791755,2.048742972746996,-3.0797336397999636e-05,0.0,19.081256625140124,0.955509662420901,0.955509662420901
1762247610.6664772,-5.539729041743503,2.0538168964598142,-3.564248348330318e-05,0.0,19.076595007974728,0.9531989914993465,0.9531989914993465
1762247610.6966546,-5.54006339768964,2.0650969414494393,-0.0004401117047142304,0.0,19.068091480875896,0.9458197746404668,0.9458197746404668
1762247610.721326,-5.54400631567679,2.0627387601619662,-0.0004224112250031198,0.0,19.07238627136214,0.9442499725844957,0.9442499725844957
1762247610.7497091,-5.54221623687908,2.0666960461526185,-1.980775513923982e-05,0.0,19.06820918848047,0.9431406306785297,0.9431406306785297
1762247610.7729697,-5.541989367562468,2.0710006576708264,-2.2765834459424915e-05,0.0,19.064751840503778,0.9405996774247125,0.9405996774247125
1762247610.7897162,-5.5445032084818715,2.0705663460791883,-2.3157359836171133e-05,0.0,19.0666616327257,0.9389239330171459,0.9389239330171459
1762247610.8103986,-5.542599541017734,2.0735059153520408,-0.000401677457369459,0.0,19.06320027825369,0.9385451908563757,0.9385451908563757
1762247610.8309712,-5.541255858387407,2.0729539676795388,-2.7720837602381726e-09,0.0,19.062781318566252,0.9399357946029161,0.9399357946029161
1762247610.8591418,-5.539295085993561,2.073999387728327,-0.00038303225891380446,0.0,19.060732869934498,0.9407968746005932,0.9407968746005932
1762247610.8781128,-5.540296093720546,2.0804880264241215,-0.0003856910902801255,0.0,19.056304412472564,0.9359250807290032,0.9359250807290032
1762247610.899316,-5.540010887533272,2.0787431838241077,-0.0003729997475120849,0.0,19.0574887239325,0.937247587830617,0.937247587830617
1762247610.9298396,-5.540008494481766,2.0839967808300623,-0.00012203100546650165,0.0,19.053362755169953,0.9339334710332214,0.9339334710332214
1762247610.9570549,-5.539301549468821,2.0931907406253214,-2.3206678275901547e-05,0.0,19.045606359171448,0.9286778693145581,0.9286778693145581
1762247610.9806807,-5.5415747765860965,2.099082351802124,-0.0003579238670246019,0.0,19.042364978218693,0.9231951231789122,0.9231951231789122
1762247611.0025666,-5.53933489960419,2.1002581949711647,-0.00038355988159993623,0.0,19.039945647747775,0.9241893749638658,0.9241893749638658
1762247611.022991,-5.542362053991183,2.0999340407026605,-2.009831187039765e-05,0.0,19.042195522051696,0.9220468567960561,0.9220468567960561
1762247611.0497568,-5.538827017287371,2.1032728958756612,-2.1600191364398005e-05,0.0,19.037167182081582,0.922679140830106,0.922679140830106
1762247611.0742471,-5.541169178283195,2.1076814341402423,-0.0012284744509682688,0.0,19.035132036823864,0.918078680646335,0.918078680646335
1762247611.0977268,-5.542263295523256,2.1080111420318683,-0.0003294496964336047,0.0,19.03558999141804,0.9170222287806447,0.9170222287806447
1762247611.1255581,-5.540128122016456,2.108042622988789,-1.7025403137149697e-05,0.0,19.034144731200605,0.918657524401907,0.918657524401907
1762247611.148239,-5.54025579877748,2.1042974484624013,-2.3329768144664863e-05,0.0,19.037280493461164,0.92092431024644,0.92092431024644
1762247611.1797857,-5.538487082547874,2.0944876586992254,-0.00033757531811885543,0.0,19.04403639480699,0.9284906290448761,0.9284906290448761
1762247611.201537,-5.540905298320734,2.1008970802281555,-0.0004037041868328424,0.0,19.040462824180956,0.9225682789217846,0.9225682789217846
1762247611.224007,-5.540561288920788,2.1052567698422506,-0.0003149084153757232,0.0,19.03670311586024,0.9200815356074407,0.9200815356074407
1762247611.2635722,-5.542736074978442,2.100617248008814,-2.1550526870189677e-05,0.0,19.041890722143485,0.9213254216599902,0.9213254216599902
1762247611.2845993,-5.543886189467001,2.105975646198071,-1.7481394939786635e-05,0.0,19.03831853901957,0.9170497397693628,0.9170497397693628
1762247611.3110654,-5.541230967574417,2.105012985973026,-1.883016358333705e-05,0.0,19.03734459757901,0.9197163353384801,0.9197163353384801
1762247611.347508,-5.54202008776141,2.098572450860098,-0.00028880037926568903,0.0,19.043066516909157,0.9231717847240786,0.9231717847240786
1762247611.3797398,-5.541249479500481,2.0904711939043743,-1.683253890457596e-05,0.0,19.049038427568576,0.9288840824408712,0.9288840824408712
1762247611.3981392,-5.540875036267282,2.0903019959674722,-0.00027683797226377404,0.0,19.048930681334618,0.929281295410469,0.929281295410469
1762247611.4217129,-5.542018207224689,2.087282891151486,-0.0002657560719123049,0.0,19.052060302184078,0.9303004825727252,0.9303004825727252
1762247611.447788,-5.540210617681545,2.0929241642151823,-0.0002649933784244346,0.0,19.046410851237898,0.9281411857962532,0.9281411857962532
1762247611.4732754,-5.541473642501908,2.0929267825735263,-1.849106604162945e-09,0.0,19.047229171577293,0.9271600333009138,0.9271600333009138
1762247611.5352173,-5.542469407872032,2.093704087566116,-1.780071611596698e-09,0.0,19.04725571450632,0.9258970665442572,0.9258970665442572
1762247611.5632677,-5.54050585571467,2.1038487339522876,-2.6876813292372397e-05,0.0,19.037810187857325,0.9210138572786497,0.9210138572786497
1762247611.5922854,-5.544438686047421,2.0946505398384665,-1.6575723902461026e-05,0.0,19.047778892871662,0.9237723253017545,0.9237723253017545
1762247611.6136136,-5.5408451508186545,2.092500760027205,-1.365644341676385e-05,0.0,19.047160918976516,0.9279163996231168,0.9279163996231168
1762247611.63814,-5.542631835680673,2.0928830666299905,-1.4444735269459454e-05,0.0,19.048015110611185,0.926289413578518,0.926289413578518
1762247611.6628673,-5.541564909182512,2.090686201903999,-1.629135131051701e-09,0.0,19.049071592273496,0.9285037189491301,0.9285037189491301
1762247611.6909292,-5.5388025283157445,2.0848791968539255,-0.00023073260114594055,0.0,19.051891676769557,0.9343118345061223,0.9343118345061223
1762247611.716831,-5.541193602006657,2.092015052984214,-1.3616028318192499e-05,0.0,19.047774054286876,0.9279527964676995,0.9279527964676995
1762247611.7362719,-5.541083844346769,2.0930683511034567,-0.0002226414451135486,0.0,19.046863179635434,0.9273729558441433,0.9273729558441433
1762247611.762037,-5.538136472917582,2.0949748570798894,-1.3998033181591066e-05,0.0,19.043416197687154,0.9284548911013881,0.9284548911013881
1762247611.7845304,-5.538100829290085,2.095858032048045,-0.000223830276411958,0.0,19.04268307503485,0.9279248723279376,0.9279248723279376
1762247611.8024058,-5.537088893828243,2.0951721079802907,-0.00022305009006802178,0.0,19.04257199436008,0.9291426724429851,0.9291426724429851
1762247611.8228552,-5.5402219439813045,2.0984347829452425,-0.00020825579041934078,0.0,19.04199949161724,0.9246530391784982,0.9246530391784982
1762247611.8464723,-5.540012229733387,2.0953867388002503,-0.000215855495128683,0.0,19.04431123149313,0.9267402606641393,0.9267402606641393
1762247611.8686812,-5.540139676476525,2.0881060549915795,-1.4356870842993294e-09,0.0,19.050198726485622,0.9312378385400355,0.9312378385400355
1762247611.89527,-5.541410160287696,2.0892350993360407,-1.110089770866168e-05,0.0,19.05012341838565,0.9295397677556514,0.9295397677556514
1762247611.9165492,-5.53967970456505,2.084872705177342,-0.00019280721792723995,0.0,19.052460730767827,0.9336355917054932,0.9336355917054932
1762247611.9512057,-5.538704074953844,2.100709295542885,-0.0001966242836921092,0.0,19.0391651069116,0.9243935956023454,0.9243935956023454
1762247611.9692414,-5.539807489996498,2.099367989961483,-1.347348075231465e-09,0.0,19.04097533232297,0.9243851117627175,0.9243851117627175
1762247611.9876626,-5.539662995932322,2.1059940969982858,-1.184975344600252e-05,0.0,19.03550704927144,0.9203121831033061,0.9203121831033061
1762247612.0079157,-5.54018180644198,2.1081694565372087,-1.7139093398179496e-05,0.0,19.034076847021275,0.9185357825991995,0.9185357825991995
1762247612.024981,-5.542149028351619,2.1026002957714534,-1.2974816355863783e-09,0.0,19.039905218596026,0.920528329562237,0.920528329562237
1762247612.0441532,-5.540820444915635,2.09976354541693,-0.00018724498231002337,0.0,19.041321624662917,0.9233498904500225,0.9233498904500225
1762247612.067807,-5.539997807938385,2.1001529732538695,-1.5985219324226654e-05,0.0,19.040466861350062,0.9237418286552252,0.9237418286552252
1762247612.0907583,-5.542783729136944,2.103905839907648,-9.850377903622328e-06,0.0,19.039267497968158,0.9192117185574047,0.9192117185574047
1762247612.1115625,-5.541071541607042,2.1104428321968585,-0.00017576130791359246,0.0,19.032810335678132,0.9164098332875346,0.9164098332875346
1762247612.1476104,-5.540558501997593,2.1123261826996496,-1.2013328745446647e-05,0.0,19.030922093845046,0.9156174853204937,0.9156174853204937
1762247612.1757326,-5.540887836998029,2.107971972820028,-0.00016510336079330118,0.0,19.0347079823165,0.9181132385934305,0.9181132385934305
1762247612.1987586,-5.539054209723551,2.1168138377841457,-9.429594327273496e-06,0.0,19.02620500286559,0.9139469675912554,0.9139469675912554
1762247612.2231395,-5.539427212575456,2.120131897581749,-0.00016481142379817565,0.0,19.023700699606653,0.9115602397488465,0.9115602397488465
1762247612.245628,-5.539432989805137,2.125811232362984,-0.0001903675412888868,0.0,19.01895427519749,0.9079639463248468,0.9079639463248468
1762247612.262673,-5.538653226745265,2.122605171730638,-0.0005877661428277044,0.0,19.021108469109485,0.9105958026468641,0.9105958026468641
1762247612.3001916,-5.538365786293926,2.1178486536278696,-8.387737571987775e-06,0.0,19.024879721791613,0.9138261812789756,0.9138261812789756
1762247612.319662,-5.540695995264295,2.1181036677829597,-8.433389922435938e-06,0.0,19.026246065387923,0.9118594701657693,0.9118594701657693
1762247612.3436987,-5.540499667582972,2.1153649665646457,-0.00015332444462162704,0.0,19.028379302083763,0.9137426906518953,0.9137426906518953
1762247612.3693023,-5.540499755861777,2.1077181435591923,-1.0463983631404244e-09,0.0,19.03465703229165,0.9185744264480378,0.9185744264480378
1762247612.3898544,-5.538744870236593,2.110792938176678,-8.321303702227506e-06,0.0,19.030966993534783,0.9179919974846877,0.9179919974846877
1762247612.4153538,-5.540207910721968,2.108604047276295,-0.00014536122473265338,0.0,19.033739012892017,0.9182409907525886,0.9182409907525886
1762247612.441638,-5.541562114761955,2.098045160493312,-1.153704183113903e-05,0.0,19.04319054485861,0.9238598577680326,0.9238598577680326
1762247612.4595041,-5.540805167360949,2.0937624675092983,-0.000139366159132614,0.0,19.04612786488556,0.927150855286057,0.927150855286057
1762247612.5660172,-5.538916627488849,2.0951343453862807,-8.470329191225394e-06,0.0,19.043798142923897,0.9277492174963347,0.9277492174963347
1762247612.590501,-5.537905263164932,2.1010639510554228,-1.0295441176983213e-05,0.0,19.038350614060032,0.9247889444566484,0.9247889444566484
1762247612.6170661,-5.529084637412182,2.0824591599937023,-7.618250152863723e-06,0.0,19.04753411564898,0.943376401018997,0.943376401018997
1762247612.6442645,-5.5316559574392885,2.0710467260650343,-9.28049159689517e-06,0.0,19.058190453230957,0.9485858086927282,0.9485858086927282
1762247612.6624503,-5.532044238195928,2.041509442360083,-8.655066760401668e-10,0.0,19.081290526055152,0.9669279721367388,0.9669279721367388
1762247612.684001,-5.518188925826262,2.015627141708134,-0.00011950594019381903,0.0,19.0926805936536,0.9940111246714405,0.9940111246714405
1762247612.7113743,-5.4999393643385135,1.990047005167791,-6.51015946320567e-06,0.0,19.101106363205282,1.0243111778713125,1.0243111778713125
1762247612.737849,-5.494165444685549,1.9808171031671975,-7.99268892436208e-06,0.0,19.104680999046234,1.0346148115646878,1.0346148115646878
1762247612.763031,-5.4740421624483675,1.9771685166730333,-2.505210739022592e-05,0.0,19.09466821756855,1.0525271963323999,1.0525271963323999
1762247612.7846942,-5.434319378584796,1.981277166510864,-0.0001135018718490686,0.0,19.066376601142263,1.0807440704310685,1.0807440704310685
1762247612.8140156,-5.421389919093774,1.9815103827824188,-0.00011279849686348264,0.0,19.058043078841475,1.0906257136043882,1.0906257136043882
1762247612.8368394,-5.398331013754037,1.9818946709317053,-7.0076078290400485e-06,0.0,19.042803425233224,1.108266868881054,1.108266868881054
1762247612.8577652,-5.383144078221979,1.983512867373763,-7.628193546662179e-10,0.0,19.031319135779857,1.119018651132757,1.119018651132757
1762247612.8852034,-5.368984728183926,1.9836078117789997,-0.00010830147660922361,0.0,19.021513602657144,1.129930096887088,1.129930096887088
1762247612.9055831,-5.354482904557946,1.9854427974504247,-5.0469924602837885e-06,0.0,19.00961864081347,1.139997441142004,1.139997441142004
1762247612.931622,-5.382896112632216,1.983581073549618,-2.417599752888503e-05,0.0,19.031094114567143,1.1191677418148465,1.1191677418148465
1762247612.9530706,-5.4460448291958805,1.9792785449220078,-0.00010211001421233691,0.0,19.07527710739905,1.0729109537485462,1.0729109537485462
1762247612.9774837,-5.485637498998872,1.9772512115715601,-9.984255100273505e-05,0.0,19.102021000384916,1.043480550043597,1.043480550043597
1762247613.0029464,-5.4984241827933324,1.9774724439907163,-9.799149541118623e-05,0.0,19.11006768445636,1.0334214104963912,1.0334214104963912
1762247613.0285168,-5.5122435494150785,1.97712757612574,-9.782013269148536e-05,0.0,19.11928154923767,1.0229167481190249,1.0229167481190249
1762247613.0553493,-5.53051885418365,1.9754793512819482,-9.458890048532988e-05,0.0,19.1325045258859,1.0097730972767842,1.0097730972767842
1762247613.0812066,-5.568250352030002,1.9670207665253219,-5.273662484320686e-06,0.0,19.16429896545563,0.9857978908341708,0.9857978908341708
1762247613.1063082,-5.620907196942979,1.9568886621407782,-4.708163474932527e-06,0.0,19.210062674143174,0.9511696307747954,0.9511696307747954
1762247613.141106,-5.656194462383122,1.9555799235678033,-5.13036596490474e-06,0.0,19.239441707734667,0.9243916885815495,0.9243916885815495
1762247613.16388,-5.46854497120233,1.9849651570295035,-6.309342424329258e-10,0.0,19.085077715455512,1.0518700330720194,1.0518700330720194
1762247613.1901565,-5.617984110155288,1.9885249532767901,-0.0004030012513715658,0.0,19.179950108180396,0.9336073066015967,0.9336073066015967
1762247613.2094924,-5.681382199132405,1.9942064599104647,-0.00010477119646541057,0.0,19.22109811496129,0.8806343950306288,0.8806343950306288
1762247613.2317498,-5.627009664229088,2.0022981192199185,-6.074850595434375e-10,0.0,19.174479794438394,0.9179297870874068,0.9179297870874068
1762247613.2475145,-5.681291073067307,1.9880367397072456,-8.58787323611855e-05,0.0,19.226953073464134,0.8845524713649797,0.8845524713649797
1762247613.2642226,-5.697474471189554,1.9846147836227013,-7.509409348154874e-06,0.0,19.24295543751213,0.8740036349709474,0.8740036349709474
1762247613.284739,-5.702350926470993,1.9711754343464976,-6.353920202018877e-06,0.0,19.260734230353265,0.878481769052539,0.878481769052539
1762247613.3058712,-5.706898615702661,1.958311794462745,-8.11831196207206e-05,0.0,19.278164795578796,0.8827952615200636,0.8827952615200636
1762247613.3384156,-5.708932457089599,1.9443633984798518,-5.004290324913407e-06,0.0,19.294814824401843,0.8896925763784618,0.8896925763784618
1762247613.3597896,-5.711227640095198,1.9255737659926369,-4.029146115696107e-06,0.0,19.319532086413293,0.8992344738701412,0.8992344738701412
1762247613.380387,-5.719795208929678,1.9089189072478763,-3.4564837420068076e-06,0.0,19.34491684322438,0.9023461920165872,0.9023461920165872
1762247613.4000287,-5.724588557659334,1.890893464184967,-4.337169854872961e-06,0.0,19.368971482808295,0.9091588543078053,0.9091588543078053
1762247613.4156158,-5.73326424006758,1.8756594128053528,-3.635952324216115e-06,0.0,19.39278819489666,0.9110512928608083,0.9110512928608083
1762247613.439556,-5.743809750092531,1.855878696482255,-7.60447861801796e-05,0.0,19.423915350842393,0.9139081694287683,0.9139081694287683
1762247613.460475,-5.756968700300607,1.8354066834403147,-4.1984388025903145e-06,0.0,19.455260154146824,0.9148266696141658,0.9148266696141658
1762247613.6357093,-5.71173610902834,1.8899437018600997,-5.383320740234601e-06,0.0,19.35954015692061,0.9200942893256397,0.9200942893256397
1762247613.6514761,-5.700523718479684,1.8995368992886115,-4.658548616658615e-06,0.0,19.339539463556733,0.9234117114519982,0.9234117114519982
1762247613.6685185,-5.684397391824503,1.913239180121704,-9.053792200711558e-06,0.0,19.308337611612128,0.9280729761514674,0.9280729761514674
1762247613.6867135,-5.6733853571479544,1.9212074138825905,-3.798762699879604e-06,0.0,19.290389723206545,0.9319916190218862,0.9319916190218862
1762247613.7200098,-5.6982084643671245,1.9167159138840015,-3.157620521285321e-06,0.0,19.318696207749205,0.9149624869400464,0.9149624869400464
1762247613.756404,-5.75047076965964,1.8754457450518414,-4.340638503762493e-06,0.0,19.40642806540323,0.8971710460427355,0.8971710460427355
1762247613.7831345,-5.7824656076859435,1.8491951187304196,-2.87934742643201e-06,0.0,19.459195202920544,0.8860114471695251,0.8860114471695251
1762247613.8015535,-5.823064964452849,1.8132714276584867,-6.66348011248713e-05,0.0,19.525453262016246,0.8725897935309388,0.8725897935309388
1762247613.8180652,-5.8524595405018465,1.7893916778116399,-4.208661978999025e-06,0.0,19.570039387910487,0.8612152942863247,0.8612152942863247
1762247613.8355458,-5.887854650364697,1.7631195115855247,-3.6752547859205876e-06,0.0,19.62200208721206,0.8456966806605801,0.8456966806605801
1762247613.8563828,-5.926819119561833,1.7320669990946425,-3.0643467579271404e-06,0.0,19.68081524986931,0.8291388035413785,0.8291388035413785
1762247613.8818395,-5.958836317462065,1.7080457756614555,-3.507652369786854e-06,0.0,19.7285088925742,0.8142368957085889,0.8142368957085889
1762247613.9128327,-6.027043782183537,1.688345887246306,-3.119569455463621e-06,0.0,19.79309774754867,0.7653895643896087,0.7653895643896087
1762247613.9339533,-6.101038460901971,1.6740226378050898,-5.4748141436934665e-05,0.0,19.854444630850853,0.7079899291952764,0.7079899291952764
1762247613.9637485,-6.184077613220215,1.6521831025308602,-4.783560500886204e-06,0.0,19.926654580366765,0.6453261700658918,0.6453261700658918
1762247613.9865353,-6.300523451084086,1.6374479869986882,-3.229488902242418e-06,0.0,20.005625889140614,0.5484874169886008,0.5484874169886008
1762247614.014263,-6.465515579753573,1.574417240688247,-3.26144136438377e-06,0.0,20.153229407548626,0.42648536698956707,0.42648536698956707
1762247614.0445752,-6.516436095477667,1.5272570953320719,-2.7338918907356826e-06,0.0,20.225212940602773,0.39878618947011535,0.39878618947011535
1762247614.0675433,-6.568602823648358,1.518700183213353,-5.085785826552164e-06,0.0,20.256664407667472,0.3540297785826987,0.3540297785826987
1762247614.0849588,-6.617327576024099,1.5185916355591806,-5.003754926186947e-05,0.0,20.277279076416036,0.3090259402375335,0.3090259402375335
1762247614.1260633,-6.651497387097662,1.5184250019821794,-5.086088453147262e-05,0.0,20.291494215613596,0.27743425707137875,0.27743425707137875
1762247614.1465342,-6.675680707908227,1.5175444270979495,-5.043746971721482e-05,0.0,20.302154987072605,0.255327205533337,0.255327205533337
1762247614.1696618,-6.698059626139781,1.5065162678519497,-0.00016224729205225317,0.0,20.322123384933267,0.23859921632967304,0.23859921632967304
1762247614.188212,-6.687815863767187,1.5068982083284963,-4.7156467052986246e-05,0.0,20.317699599314263,0.24798792820995375,0.24798792820995375
1762247614.2090955,-6.68194053560757,1.5074351542642672,-4.759142122113088e-05,0.0,20.31483201653272,0.2532533456131354,0.2532533456131354
1762247614.23406,-6.68596338262316,1.493935837125654,-3.6434329853950335e-06,0.0,20.329981958082996,0.2544555346552463,0.2544555346552463
1762247614.2562573,-6.683801775770604,1.4887675360454757,-3.832018091959843e-06,0.0,20.33433568622543,0.25834878520128574,0.25834878520128574
1762247614.278284,-6.698665428220573,1.4801154796913143,-3.430074962407219e-06,0.0,20.348836827019035,0.24761256372413928,0.24761256372413928
1762247614.297719,-6.70445403334073,1.458926120756543,-4.467007900319743e-06,0.0,20.37241388969955,0.2497443513000566,0.2497443513000566
1762247614.325462,-6.71562909571603,1.4385936984632253,-4.279364660493136e-05,0.0,20.39716938283896,0.2463738368744718,0.2463738368744718
1762247614.3521726,-6.718967132236434,1.417448962178231,-4.568683532076474e-05,0.0,20.419872689011047,0.2504836496290533,0.2504836496290533
1762247614.3801067,-6.726333454405285,1.3998134856782152,-4.8621275071388574e-05,0.0,20.440474515431784,0.249484345643843,0.249484345643843
1762247614.4035008,-6.72723727680007,1.375547539972446,-2.2126832005280412e-06,0.0,20.46555071607967,0.2566456086951701,0.2566456086951701
1762247614.4256582,-6.731198413263691,1.358270012370026,-2.8442357366889603e-10,0.0,20.48463295987944,0.25849741049005603,0.25849741049005603
1762247614.4479127,-6.73343960147324,1.3352783732082896,-2.226153118675855e-06,0.0,20.509033556360617,0.26368239312422664,0.26368239312422664
1762247614.478146,-6.729214995514191,1.3191237934521622,-3.8858820888478835e-05,0.0,20.52433010927523,0.27274097421367216,0.27274097421367216
1762247614.530138,-6.730043864381763,1.2958531647284968,-2.66980096559101e-10,0.0,20.548744410997053,0.27908821231634107,0.27908821231634107
1762247614.5577428,-6.737859900060873,1.2704315646281743,-2.377201909948993e-06,0.0,20.577765199905073,0.27923068661756006,0.27923068661756006
1762247614.5770917,-6.7473583178045695,1.246012485055578,-8.215263941777433e-06,0.0,20.606279711145877,0.27724058484610226,0.27724058484610226
1762247614.6010349,-6.7500302966221115,1.2250412545230558,-2.8321804967951227e-06,0.0,20.629136963411632,0.2806171943432905,0.2806171943432905
1762247614.6218984,-6.754069176430454,1.2192321293312012,-2.1779107038202797e-06,0.0,20.636462847137675,0.27835796998619117,0.27835796998619117
1762247614.6461098,-6.757758878437186,1.2124355626228553,-2.11433333539113e-06,0.0,20.64471063589438,0.27669134496630404,0.27669134496630404
1762247614.6698592,-6.760473710343005,1.2071485751160265,0.05020806910855654,0.0,20.651074850303274,0.2755311179607468,0.2755311179607468
1762247614.685186,-6.760604742365715,1.1899881687547071,0.056575751438353236,0.0,20.669166988142077,0.2800507172932313,0.2800507172932313
1762247614.7085738,-6.765913219138808,1.1760426889056228,0.09915958170806045,0.0,20.68541325022095,0.2786371290245042,0.2786371290245042
1762247614.7455335,-6.769742090973444,1.1608507570657474,0.202666034147096,0.0,20.70254829974857,0.2789001176184627,0.2789001176184627
1762247614.7820983,-6.771706444983725,1.1455275243235155,0.18469026701677224,0.0,20.719381796215295,0.28091674323734905,0.28091674323734905
1762247614.8042119,-6.774907283164712,1.1259499838066713,0.19046704011068838,0.0,20.741031897102914,0.2827067098739662,0.2827067098739662
1762247614.8198056,-6.781991961722042,1.1099770108654747,0.33905064850882094,0.0,20.759901865682185,0.27972628523267,0.27972628523267
1762247614.8365664,-6.784164394439216,1.0979269578130286,0.45142847185086815,0.0,20.77329512036409,0.28049255352170066,0.28049255352170066
1762247614.8572865,-6.785146850874121,1.0866641092449056,0.40603321141434906,0.0,20.78555450639154,0.28218130906310623,0.28218130906310623
1762247614.878551,-6.780364435335733,1.076160699765188,0.39722229550044164,0.0,20.795564636862718,0.2892635740705305,0.2892635740705305
1762247614.9012442,-6.778679632592375,1.0729028828495568,0.4414625820664657,0.0,20.798628847536428,0.29165049161477613,0.29165049161477613
1762247614.9340365,-6.768790746895062,1.0699588563062739,0.4564368902842078,0.0,20.799295227714612,0.30195060318589817,0.30195060318589817
1762247614.9545875,-6.7719760032859435,1.0763841202242639,0.4892671556621625,0.0,20.79319938893828,0.29737543904681313,0.29737543904681313
1762247614.9840508,-6.75554589211822,1.0742125879353845,0.5304242925719567,0.0,20.791343739462143,0.3138631768824711,0.3138631768824711
1762247615.0114639,-6.75601736426408,1.0652384229289187,0.5798445194162591,0.0,20.80115453396498,0.31546437968869256,0.31546437968869256
1762247615.028785,-6.758529781541901,1.0653668007865704,0.6401467113734294,0.0,20.801651301955758,0.31298885126757137,0.31298885126757137
1762247615.0452712,-6.768729633223415,1.0371379071960076,0.7255191633737567,0.0,20.83477407351536,0.309334103830055,0.309334103830055
1762247615.0706627,-6.788162605322778,1.0161021299556288,0.7628188365774976,0.0,20.862076729601963,0.2948375313177459,0.2948375313177459
1762247615.0956469,-6.801831875885357,1.0136419762722442,0.8026722249371905,0.0,20.86785510754275,0.28198010958198594,0.28198010958198594
1762247615.1228814,-6.806854933886798,1.0117868483744161,0.8172490626958016,0.0,20.870986554418113,0.27744933769482333,0.27744933769482333
1762247615.152425,-6.819161599855892,1.0080417725237436,0.829127287032659,0.0,20.877762469434114,0.2661734586864856,0.2661734586864856
1762247615.1774185,-6.833978625437124,0.9813935468343312,0.8886621020606256,0.0,20.909479435484204,0.2569617152306033,0.2569617152306033
1762247615.1972528,-6.8421257548500645,0.9808823114878152,0.9043513507921096,0.0,20.91174443290889,0.2490681931467065,0.2490681931467065
1762247615.2215893,-6.849726516076269,0.9834148299851713,0.9236744535088329,0.0,20.910645833483834,0.2411208887809207,0.2411208887809207
1762247615.2425718,-6.847032661658363,0.9542588379296026,0.9349564495440558,0.0,20.941227353721338,0.24927603284958144,0.24927603284958144
1762247615.26199,-6.851251495910607,0.9060797297644682,0.9674534849838126,0.0,20.993672656093572,0.2535883987257395,0.2535883987257395
1762247615.2825124,-6.861459783907521,0.8756181377444897,1.0134033218287533,0.0,21.02827076587113,0.24843882154131552,0.24843882154131552
1762247615.3081415,-6.875060748979807,0.8428774434652542,1.062139657659623,0.0,21.065681336380738,0.23990039206010016,0.23990039206010016
1762247615.3293393,-6.878842515176225,0.8140902567506482,1.1048231619281619,0.0,21.097220343259234,0.24014513207791965,0.24014513207791965
1762247615.3570476,-6.8842687870797405,0.7799591733699742,1.1613378810207984,0.0,21.134814164018874,0.23910281026511926,0.23910281026511926
1762247615.3795881,-6.888940020429803,0.7421627388789634,1.20450582038792,0.0,21.176219377922024,0.23876902611774026,0.23876902611774026
1762247615.4000916,-6.893380045897225,0.7023436209218898,1.2662176631910074,0.0,21.21985557956768,0.23831733623834062,0.23831733623834062
1762247615.4243646,-6.8943546945185235,0.6835196043763414,1.339981059032611,0.0,21.240357721155043,0.239016338016827,0.239016338016827
1762247615.456654,-6.89950281339821,0.6646094534271954,1.4882117047701329,0.0,21.261323081886143,0.23542863254855861,0.23542863254855861
1762247615.482108,-6.9111095708509165,0.6552296643408829,1.5326974763249852,0.0,21.272432561803974,0.22456932330228133,0.22456932330228133
1762247615.526992,-6.92397700798883,0.6202747971143137,1.6944091879849097,0.0,21.31109667024555,0.21409089372432877,0.21409089372432877
1762247615.5501502,-6.922247621970835,0.5531747467622473,1.8452768295212683,0.0,21.383534823387755,0.21905236200414388,0.21905236200414388
1762247615.5762491,-6.925866989757713,0.5082392608859652,1.9323319944196302,0.0,21.432325585324634,0.21664312923378268,0.21664312923378268
1762247615.5974638,-6.931428923468243,0.48336652411473513,2.0083425417910967,0.0,21.45930875630366,0.21141718351091518,0.21141718351091518
1762247615.6209538,-6.935448963806937,0.5038525717638369,2.1021703010203048,0.0,21.43724225045596,0.2071389690037926,0.2071389690037926
1762247615.6382878,-6.939230569124762,0.5012468814031774,2.204104883974869,0.0,21.440115087023766,0.20339960661903192,0.20339960661903192
1762247615.665461,-6.946173546083169,0.5235616524396511,2.2914455261298574,0.0,21.416260142704417,0.19601732854477988,0.19601732854477988
1762247615.696751,-6.941907139845912,0.5136305210330562,2.3042534518186937,0.0,21.42683445308723,0.20050214605468988,0.20050214605468988
1762247615.7194235,-6.934801153288624,0.47787388671066733,2.314690603658443,0.0,21.465268839880686,0.20808696404117039,0.20808696404117039
1762247615.7472422,-6.929123953602211,0.4916499016249453,2.273589638900885,0.0,21.45032777868629,0.21363679193592272,0.21363679193592272
1762247615.769522,-6.924935464377918,0.46793099650103165,2.212791150816053,0.0,21.475975780672925,0.21799890145153103,0.21799890145153103
1762247615.7923377,-6.916831672970133,0.39746497754126975,2.12640523004378,0.0,21.552641928674635,0.22532898656340822,0.22532898656340822
1762247615.8104773,-6.902701659474914,0.3796407899932132,2.2345539690885703,0.0,21.57252271149042,0.23894762290840274,0.23894762290840274
1762247615.830527,-6.8905261144054215,0.35283626812147384,2.301907127495653,0.0,21.602395414842995,0.2501124657614394,0.2501124657614394
1762247615.8499842,-6.872211320439838,0.32208479038130533,2.39568802471467,0.0,21.637350948412617,0.26689381576587645,0.26689381576587645
1762247615.8686354,-6.872383190879211,0.2959930044348563,2.412894407762491,0.0,21.66615480266768,0.26513712439679893,0.26513712439679893
1762247615.8914917,-6.867368870070788,0.2506218728674742,2.1961607561167193,0.0,21.716739706519853,0.26672421720290446,0.26672421720290446
1762247615.9132981,-6.857226967889399,0.22170011762396372,2.175044875829017,0.0,21.749709022430356,0.2742076864685595,0.2742076864685595
1762247615.9342337,-6.840076319539242,0.1979958053330019,2.1784716609943757,0.0,21.7779350284332,0.28885915708874227,0.28885915708874227
1762247615.9545014,-6.833607829109228,0.17771027602286565,2.2646438144941965,0.0,21.80129228286203,0.29303299296894475,0.29303299296894475
1762247615.9778125,-6.81567888979132,0.13993980988824603,2.3375451088423396,0.0,21.846007426157566,0.3061561499061797,0.3061561499061797
1762247615.9973216,-6.805803043934937,0.1035900436830157,2.425682532060832,0.0,21.888141318095343,0.3108636482672843,0.3108636482672843
1762247616.016748,-6.793310189141932,0.07397525286301744,2.349741568859958,0.0,21.923569349851757,0.3186544278133927,0.3186544278133927
1762247616.0361218,-6.7800286660221945,0.05523622382198402,2.252889837434576,0.0,21.947046823775466,0.32867080685641037,0.32867080685641037
1762247616.0625622,-6.7740039837294965,0.02961893534668009,2.1439107520683605,0.0,21.97695965075838,0.33013467583686007,0.33013467583686007
1762247616.089712,-6.7445431238657605,-0.038349410673210314,2.0057530843815465,0.0,22.05990664476297,0.3457633499714702,0.3457633499714702
1762247616.1106472,-6.723097546659795,-0.04096076896435628,1.989872007103893,0.0,22.06808983775838,0.3661685741582914,0.3661685741582914
1762247616.1442113,-6.70380065485173,-0.05172517189523536,1.9530007322523069,0.0,22.085129707079194,0.38267702150188826,0.38267702150188826
1762247616.171237,-6.679830697547233,-0.10752970976944144,2.0763435238408516,0.0,22.155160462168897,0.3930265670138058,0.3930265670138058
1762247616.2012408,-6.660104789730299,-0.1257412194708107,2.0904683738221403,0.0,22.181564476623116,0.4075804719539723,0.4075804719539723
1762247616.226908,-6.634776966277253,-0.14758610653135007,2.2341597361177907,0.0,22.214540919053757,0.42635041078124725,0.42635041078124725
1762247616.2524009,-6.6079150498645385,-0.200573762405525,2.2270112498371786,0.0,22.28363093149753,0.43740418047669366,0.43740418047669366
1762247616.2779477,-6.571521453216492,-0.2146421200070377,2.2420892857865438,0.0,22.312514261123084,0.4680135245667041,0.4680135245667041
1762247616.2951577,-6.562606900809891,-0.24908298175148275,2.2845537917486185,0.0,22.35567817997528,0.4658802417186425,0.4658802417186425
1762247616.3160415,-6.54509727062905,-0.2647354011767508,2.3415229527655663,0.0,22.380301093986745,0.477460521433814,0.477460521433814
1762247616.335702,-6.527285613964162,-0.25149539110737085,2.322916779068403,0.0,22.37209472935994,0.4985931421829551,0.4985931421829551
1762247616.3502223,-6.499337846227137,-0.24804433447055735,2.3225317933844023,0.0,22.379169848626017,0.5261595811838617,0.5261595811838617
1762247616.3828814,-6.474672226793667,-0.2591871465989112,2.317340664894419,0.0,22.402236105680206,0.5458061820448091,0.5458061820448091
1762247616.4108534,-6.42588929610724,-0.3151551997614523,2.2596446741969656,0.0,22.490310218230928,0.5720981770347947,0.5720981770347947
1762247616.5618856,-6.254168987210646,-0.5103781175080765,1.9505162323595677,0.0,22.808418738541004,0.6464952946669403,0.6464952946669403
1762247616.5838025,-6.223859513001633,-0.5138657533656931,1.8946027636312965,0.0,22.830699249745297,0.6716226475038769,0.6716226475038769
1762247616.6189935,-6.197604086772004,-0.5127640723306774,1.8116871140617266,0.0,22.84507338372114,0.6952618683213647,0.6952618683213647
1762247616.6529589,-6.160830936692069,-0.5267859294605339,1.6365501593903782,0.0,22.883103032897615,0.7207546999019065,0.7207546999019065
1762247616.6878078,-6.133486995422666,-0.4891741798659737,1.5533750912788453,0.0,22.85775957358868,0.7628592618933738,0.7628592618933738
1762247616.7104974,-6.095807640708125,-0.4868201183427951,1.3368172889050618,0.0,22.878797486428965,0.7970046814619657,0.7970046814619657
1762247616.7364001,-6.071310017129536,-0.4709487352640932,1.239238928813953,0.0,22.876166754974307,0.8261251244612088,0.8261251244612088
1762247616.7728124,-6.0458247136258265,-0.47647811763985776,1.0444301860883374,0.0,22.89974346323439,0.8456761555672174,0.8456761555672174
1762247616.800083,-6.034398664676242,-0.47408032799144945,0.9439825727081308,0.0,22.904693670732506,0.8568025236596549,0.8568025236596549
1762247616.8266733,-6.015592341523272,-0.4777519541199493,0.7322192913726769,0.0,22.92808952969933,0.8713140462927085,0.8713140462927085
1762247616.876454,-6.004689300709068,-0.46769456424233835,0.6662299239765344,0.0,22.923880830801675,0.8857795500433581,0.8857795500433581
1762247616.8975072,-5.989881258833086,-0.46244827712990394,0.4551735918113954,0.0,22.92804403434596,0.90123259744632,0.90123259744632
1762247616.9329696,-5.988806656123374,-0.4371706958576983,0.26100244341949413,0.0,22.89089889775431,0.9146408062516078,0.9146408062516078
1762247616.9732406,-5.981609870064806,-0.4091273851001013,-0.0002657382337472503,0.0,22.86170176430799,0.9345193650534351,0.9345193650534351
1762247617.000931,-5.986184862939221,-0.38119390985716856,-0.0002891678449486958,0.0,22.825331609802348,0.9437741216384654,0.9437741216384654
1762247617.031814,-5.9858116467040565,-0.3527609474717795,-2.8724853816733398e-08,0.0,22.78865486614873,0.9573467772202018,0.9573467772202018
1762247617.0543983,-5.983194296515307,-0.3320622044573921,-2.8338697876176266e-08,0.0,22.76488672696686,0.9691474052928755,0.9691474052928755
1762247617.0775952,-5.9842960701095205,-0.30949277558747423,-0.0002892664722001665,0.0,22.736065564231687,0.9783241804769649,0.9783241804769649
1762247617.1014004,-5.984449816829472,-0.28775454380104076,-0.00385126102697071,0.0,22.704711403145037,0.9877848662812697,0.9877848662812697
1762247617.133776,-5.982071417076899,-0.2600654057902207,-0.00021949126298361862,0.0,22.66938685981842,1.0018734647063714,1.0018734647063714
1762247617.1554613,-5.985234928238037,-0.22943459891301785,-0.000369682576785598,0.0,22.625948522146608,1.0117869465342304,1.0117869465342304
1762247617.1838531,-5.984455274688079,-0.19694445890466142,-0.00029187154837027093,0.0,22.574668877729977,1.0255306404171618,1.0255306404171618
1762247617.2102637,-5.9818831764412375,-0.1595938239478649,-0.012895045986381108,0.0,22.52388423113029,1.042205674527285,1.042205674527285
1762247617.2548335,-5.977932166134329,-0.1239957836837781,-0.003617259326948645,0.0,22.466694050005497,1.058817609603009,1.058817609603009
1762247617.288298,-5.979890525209334,-0.08834102922740078,-0.01211446182445537,0.0,22.407016638086176,1.0692412007655576,1.0692412007655576
1762247617.313842,-5.979516566573524,-0.05869559476792994,-0.0034369835826052264,0.0,22.363584387826407,1.0792532784048368,1.0792532784048368
1762247617.352151,-5.978089558046526,-0.031467335807243535,-0.0001983540596997485,0.0,22.325190864272777,1.0890616933224915,1.0890616933224915
1762247617.376787,-5.976786576423439,-0.005971809952088903,-0.00017360968002404844,0.0,22.280152214674338,1.097844798641694,1.097844798641694
1762247617.4086533,-5.977553987188635,0.011081299904524155,-0.0001931001693532732,0.0,22.254247620740422,1.1019522553933514,1.1019522553933514
1762247617.43536,-5.97644530300631,0.025343531034711174,-0.00021190170759393268,0.0,22.233507556263273,1.10694350250707,1.10694350250707
1762247617.4571588,-5.9762021447692755,0.051099295692140716,-0.0003997242689594622,0.0,22.187504842381557,1.1139675198316414,1.1139675198316414
1762247617.4822085,-5.980584753208815,0.07581998099805287,-0.00015600844713784334,0.0,22.147915215501207,1.1158703821828337,1.1158703821828337
1762247617.5307333,-5.976477600733055,0.12704747094777188,-0.00020361319386402553,0.0,22.06272817534413,1.13143653600116,1.13143653600116
1762247617.5499394,-5.976311679276667,0.14429705807955562,-0.00018609771294544569,0.0,22.03587179982647,1.1351370576450595,1.1351370576450595
1762247617.5706768,-5.973707441025367,0.15898730321009083,-0.0028197168078473154,0.0,22.005683753090672,1.1405550535601618,1.1405550535601618
1762247617.6010885,-5.973925865282879,0.17371023656080586,-0.0034857347654212224,0.0,21.98232824959688,1.1430799553515159,1.1430799553515159
1762247617.6200979,-5.974094069611239,0.19087580377361146,-0.0001592730431369266,0.0,21.955061873356996,1.1459358286980659,1.1459358286980659
1762247617.640113,-5.970587823608162,0.2048426908900687,-0.0001723275521808833,0.0,21.934265725913022,1.151717484051272,1.151717484051272
1762247617.659708,-5.970383730499154,0.2165591854118534,-0.00013766985790225676,0.0,21.907278487983056,1.1537692829570694,1.1537692829570694
1762247617.689137,-5.967833320283043,0.2339237556870713,-0.0005128024563437046,0.0,21.88018239333448,1.15888113911362,1.15888113911362
1762247617.7153068,-5.967919927955137,0.25143222125348563,-0.0026636034496423356,0.0,21.852176570553404,1.1612155855917499,1.1612155855917499
1762247617.7347596,-5.96821817520711,0.26568921487200536,-0.002586354392753384,0.0,21.830245893799724,1.1627482514869059,1.1627482514869059
1762247617.7692966,-5.96947055846866,0.2852554658296794,-0.00017046743023327277,0.0,21.78976804542652,1.1637918475342237,1.1637918475342237
1762247617.7980149,-5.968496622440277,0.30644933694609694,-0.002528245688505306,0.0,21.755942601951787,1.1669694405443771,1.1669694405443771
1762247617.8234715,-5.97059270328665,0.31994531236838153,-1.732034898144219e-08,0.0,21.734337889266293,1.1661408077862196,1.1661408077862196
1762247617.8580627,-5.9714424157403965,0.3410469874262139,-0.0026269237003731793,0.0,21.692106650756536,1.167019903009629,1.167019903009629
1762247617.8919451,-5.968300901007338,0.36390970871796136,-0.00035510137820334134,0.0,21.655742227836644,1.171711274778539,1.171711274778539
1762247617.930117,-5.965883246976259,0.3809058625819065,-0.002572241161865423,0.0,21.62965190748859,1.1750721528114623,1.1750721528114623
1762247617.9460366,-5.964351681755917,0.41038074422538995,-0.00011535170145426777,0.0,21.573489789426727,1.1778010616766124,1.1778010616766124
1762247617.9834101,-5.9624059957651925,0.44497481413097467,-0.002983950909198239,0.0,21.510283993309805,1.1804603527727142,1.1804603527727142
1762247618.0103588,-5.958529526583059,0.4869157353168218,-0.0001240049987261928,0.0,21.443154234307382,1.184206882772247,1.184206882772247
1762247618.0395272,-5.952726448341436,0.531713191825276,-0.00011312477083468293,0.0,21.364073147931926,1.1886742722483727,1.1886742722483727
1762247618.0784593,-5.955331999007001,0.5741380460497799,-0.00013483766448221975,0.0,21.29002073863104,1.1837001013161836,1.1837001013161836
1762247618.0970063,-5.95240523285113,0.6165757045341187,-0.009571688467778316,0.0,21.22439367182207,1.1831961397333122,1.1831961397333122
1762247618.124038,-5.950311555047943,0.6650994907814386,-0.00010477259722317898,0.0,21.140629931958117,1.1800970054009905,1.1800970054009905
1762247618.1427567,-5.9484482874748466,0.7159714638402495,-0.008717045273846192,0.0,21.055897098076077,1.1751162656331273,1.1751162656331273
1762247618.1651146,-5.943903131383326,0.7491387856400313,-0.00013594341624561523,0.0,20.998578672842292,1.1744023854043582,1.1744023854043582
1762247618.1839244,-5.939535135495692,0.7808911270327257,-0.001948751651017104,0.0,20.949547666327096,1.1731772063721528,1.1731772063721528
1762247618.2104928,-5.938335586770794,0.8074230297207866,-0.00011373938344798033,0.0,20.904011132062422,1.169335804333301,1.169335804333301
1762247618.2422943,-5.933913146505079,0.8403756316391706,-0.00015181275647223192,0.0,20.853735022781347,1.1669362446544882,1.1669362446544882
1762247618.2726097,-5.92885937345362,0.8709133126280608,-0.00012476964314510214,0.0,20.801965735409283,1.1651420347867651,1.1651420347867651
1762247618.3095076,-5.927119542971913,0.9065830611764099,-0.00011700145922160608,0.0,20.749300761317162,1.158405269759217,1.158405269759217
1762247618.3477755,-5.92820863516619,0.9393274398936963,-0.00011447277045397473,0.0,20.697759364801293,1.149093801050822,1.149093801050822
1762247618.3805058,-5.929767814540218,0.966589128027239,-1.2313393116768212e-08,0.0,20.659471550827917,1.1403524489123567,1.1403524489123567
1762247618.418553,-5.929931718957316,0.9929442519277478,-9.400167347006847e-05,0.0,20.622876781755565,1.1328910763483233,1.1328910763483233
1762247618.4499462,-5.928882461714696,1.0209205005443016,-9.755222703045913e-05,0.0,20.578520766793474,1.1258122779376452,1.1258122779376452
1762247618.56998,-5.929426367561637,1.1328990023427281,-0.0001036293659457921,0.0,20.42227424826079,1.0897360709952426,1.0897360709952426
1762247618.769689,-5.91546827962461,1.32212829034244,-0.0037811076359436993,0.0,20.15988480365647,1.0316142334624363,1.0316142334624363
1762247618.8012877,-5.913122770047564,1.3563734264543437,-0.001344774224188023,0.0,20.11375920730958,1.0195392143836008,1.0195392143836008
1762247618.8269148,-5.910962150942434,1.3861060372875487,-7.974285208614601e-05,0.0,20.076013448225154,1.0088478838561443,1.0088478838561443
1762247618.8678975,-5.9054847412584275,1.4132488098790397,-8.97418866128985e-09,0.0,20.03975351974844,1.0019818798760625,1.0019818798760625
1762247618.888178,-5.9038635911567265,1.4373024296425743,-7.51545767543913e-05,0.0,20.00763301610119,0.9927783655163094,0.9927783655163094
1762247618.9561856,-5.902402625074416,1.49802304575851,-0.00010355204582299168,0.0,19.934108895798698,0.9663868566960093,0.9663868566960093
1762247618.984484,-5.899453359665142,1.5118671849081808,-0.00038036975854743903,0.0,19.914022922292023,0.962522089371229,0.962522089371229
1762247619.010237,-5.900511087739904,1.526108096210457,-6.04862879586017e-05,0.0,19.897944139795804,0.9548716607001899,0.9548716607001899
1762247619.0349488,-5.897077339489131,1.5352642784206756,-8.130840985501228e-05,0.0,19.885043727223398,0.9535408114444014,0.9535408114444014
1762247619.0578399,-5.893517606920967,1.5491747117901158,-6.46166326342293e-05,0.0,19.866528264434717,0.9499998621723387,0.9499998621723387
1762247619.0756443,-5.895655753394869,1.558649925983428,-0.0011301015627046235,0.0,19.856865786147363,0.9435542832345132,0.9435542832345132
1762247619.0941768,-5.894942640386579,1.5708038392533932,-0.0010921725152184582,0.0,19.842322274228287,0.9382761274524322,0.9382761274524322
1762247619.1370652,-5.892229177323679,1.5851767336620577,-8.929993729109241e-05,0.0,19.823999858317467,0.9336060078051641,0.9336060078051641
1762247619.1571324,-5.893994202681535,1.593215474604446,-7.512564306755287e-09,0.0,19.81429573374178,0.9281090644917884,0.9281090644917884
1762247619.1828506,-5.894142404021173,1.6020418842488244,-7.329402761362819e-09,0.0,19.80432058610399,0.9236122163216479,0.9236122163216479
1762247619.2033038,-5.890738256603718,1.6111208937842583,-0.0012334403973672907,0.0,19.79177385944008,0.9220476066343237,0.9220476066343237
1762247619.2201893,-5.892333621456581,1.620336271815523,-7.1462064364993805e-09,0.0,19.782371678369287,0.9160568532517513,0.9160568532517513
1762247619.2417476,-5.890927093947629,1.6289990812084567,-0.0010233537555599803,0.0,19.771664893340702,0.9129194155086463,0.9129194155086463
1762247619.2568254,-5.886282730729705,1.6393422523058365,-0.0003239366232358441,0.0,19.756967260099913,0.9116978882250943,0.9116978882250943
1762247619.3072104,-5.886850131006242,1.6422558822149607,-7.237544803433522e-05,0.0,19.75407010862694,0.9097301218192211,0.9097301218192211
1762247619.3292687,-5.888202381796319,1.633886206989656,-6.707306263349644e-09,0.0,19.764367662395763,0.9128053750912067,0.9128053750912067
1762247619.3484564,-5.881348912216482,1.626679981587274,-5.854048395206326e-05,0.0,19.767985632808752,0.9223601793026217,0.9223601793026217
1762247619.3699152,-5.88022735021557,1.6197730976028546,-6.538839304216781e-09,0.0,19.775064211839275,0.9268089475743956,0.9268089475743956
1762247619.3889558,-5.883798090888827,1.62023839387016,-6.909930833492555e-05,0.0,19.776885260019355,0.9234884277199357,0.9234884277199357
1762247619.422256,-5.8924414122788615,1.63324507319243,-5.7624672127391344e-05,0.0,19.767874522402405,0.9094706796063159,0.9094706796063159
1762247619.4436717,-5.852826797159399,1.639924734738185,-5.246579492095142e-05,0.0,19.734112702618532,0.9401810493741872,0.9401810493741872
1762247619.471192,-5.79427713673988,1.6405801336095014,-0.0009462602058966685,0.0,19.692067301205324,0.9899555580056667,0.9899555580056667
1762247619.4909205,-5.71422840755918,1.6409551499991013,-4.5209933125096364e-05,0.0,19.635804449498757,1.057746740132103,1.057746740132103
1762247619.517661,-5.656626520078136,1.652584024621943,-0.0008932322694432082,0.0,19.580120519536884,1.099976252149121,1.099976252149121
1762247619.5461006,-5.625583923182207,1.6577245053796792,-4.154013541558125e-05,0.0,19.552156385359055,1.1231384123522148,1.1231384123522148
1762247619.583969,-5.618095346748264,1.6540416489550553,-6.104852288637827e-05,0.0,19.550794690549917,1.13141778388897,1.13141778388897
1762247619.623542,-5.609236525222121,1.648818291940247,-0.0030217834012782226,0.0,19.550135203794834,1.1416888916702148,1.1416888916702148
1762247619.6526961,-5.615123179118737,1.6376740945104036,-5.949580802296862e-05,0.0,19.566741962160783,1.1428866781165925,1.1428866781165925
1762247619.6734104,-5.598472341228132,1.6194998114467636,-0.002771639826393276,0.0,19.574913626379566,1.1667641980554506,1.1667641980554506
1762247619.7043633,-5.600239850443843,1.617617114949443,-4.256358494260961e-05,0.0,19.5783121200316,1.166309853112982,1.166309853112982
1762247619.7398777,-5.62121049425455,1.5889984633153222,-0.0008346333490474517,0.0,19.628365047823056,1.164132039121784,1.164132039121784
1762247619.7751825,-5.6320193007281,1.569100946248423,-4.5321999250620496e-05,0.0,19.659386140032332,1.1655723481590565,1.1655723481590565
1762247619.8013961,-5.648026530231848,1.5470581470806462,-0.0007084197134184465,0.0,19.69699859881492,1.1635142844442374,1.1635142844442374
1762247619.8353589,-5.665345567020959,1.5235722795734878,-5.351840644801967e-05,0.0,19.740375084495295,1.1607969972275691,1.1607969972275691
1762247619.8642414,-5.68432896298189,1.5054917671273815,-9.953281614363523e-05,0.0,19.775753984805274,1.1536047988540925,1.1536047988540925
1762247619.8921227,-5.70110821517531,1.4864604230871097,-4.006076080360177e-05,0.0,19.81072717979085,1.1485528223075856,1.1485528223075856
1762247619.923489,-5.717200646584314,1.4602802128090109,-3.873814432306382e-05,0.0,19.85712802485383,1.1473257472328633,1.1473257472328633
1762247619.9637876,-5.729619527070946,1.4320200731462698,-0.0006254226050928946,0.0,19.90067648958915,1.149942296286332,1.149942296286332
1762247619.99151,-5.747458739961572,1.395449454242988,-3.5261711425913345e-05,0.0,19.961542095422246,1.1511907062643694,1.1511907062643694
1762247620.0360658,-5.763241564280684,1.3819228399940509,-3.6937541593635725e-05,0.0,19.98876289380835,1.1432915473940024,1.1432915473940024
1762247620.0669215,-5.777304500970793,1.3757796836488532,-4.0171589671739204e-05,0.0,20.005430097959515,1.1334902996130105,1.1334902996130105
1762247620.0871735,-5.797433141547266,1.3550173704547508,-0.00016859072729813397,0.0,20.04708540582047,1.1246252582621765,1.1246252582621765
1762247620.1090708,-5.796867781031976,1.372022273486782,-0.000568227705527151,0.0,20.02529991098717,1.1176459696099295,1.1176459696099295
1762247620.1285026,-5.80434628163265,1.3706199847259042,-3.1016491324398466e-05,0.0,20.031652497276113,1.11155858192044,1.11155858192044
1762247620.1695006,-5.8228639305078485,1.3464172257097888,-5.911457138931689e-05,0.0,20.07329886678186,1.1054505900341351,1.1054505900341351
1762247620.1992605,-5.838628174757644,1.3269436154498782,-0.0005475389645479266,0.0,20.10722884121936,1.0994984168908664,1.0994984168908664
1762247620.220815,-5.828421049777389,1.3111432028874186,-0.00022528193373431803,0.0,20.124214581100738,1.1154026530964316,1.1154026530964316
1762247620.2485647,-5.818296331894899,1.2785709001983228,-4.274240253378691e-05,0.0,20.16018102451346,1.1381020144160612,1.1381020144160612
1762247620.2704961,-5.815024505541594,1.234533712972325,-2.6614887634391173e-05,0.0,20.220016115973962,1.1588004013464857,1.1588004013464857
1762247620.2975154,-5.826399254466262,1.2205152634754617,-3.643251732417252e-09,0.0,20.244291060519227,1.1538146532923859,1.1538146532923859
1762247620.3263164,-5.828236524683513,1.191330125267127,-3.8699051583199114e-05,0.0,20.28429610150654,1.163274132870305,1.163274132870305
1762247620.356795,-5.872964857586421,1.24072107732347,-3.516634517006928e-09,0.0,20.24322340848043,1.1030571572471621,1.1030571572471621
1762247620.387132,-5.87850882842577,1.1861955813528007,-0.000484299141561989,0.0,20.322019206583168,1.1185217557600904,1.1185217557600904
1762247620.414166,-5.906106585121077,1.175342307125547,-0.0002828789535856394,0.0,20.350248286467707,1.0967513359504308,1.0967513359504308
1762247620.4365337,-5.914734563069337,1.1553738999854402,-2.6002620502975884e-05,0.0,20.381250782292295,1.095769614817954,1.095769614817954
1762247620.4698925,-5.8812458459658465,1.1787531852757698,-2.6208769995387838e-05,0.0,20.332963525132325,1.1186958006909176,1.1186958006909176
1762247620.6313853,-6.129547851156266,1.0844011844058947,-0.0001831429042592745,0.0,20.576091106269377,0.9153499704979752,0.9153499704979752
1762247620.7241673,-6.33289248677383,1.0359825263427782,-2.920330150569598e-05,0.0,20.71263496412003,0.7331641048904501,0.7331641048904501
1762247620.7469914,-6.354734887683921,1.021960396865999,-2.2281613971524133e-05,0.0,20.738123743366426,0.7155458085132701,0.7155458085132701
1762247620.769385,-6.3950038309420885,1.0099266212338371,-2.1634755050924415e-05,0.0,20.76525036939111,0.6794158597599136,0.6794158597599136
1762247620.7978444,-6.586445275509392,0.995631215254052,-2.4095096795777725e-05,0.0,20.835961191074503,0.4962823464663661,0.4962823464663661
1762247620.9725456,-6.826776607992065,1.0806464441749906,-1.6912363563649228e-05,0.0,20.80238332072225,0.2430556554799907,0.2430556554799907
1762247620.999805,-6.835706822586049,1.0898773010160097,-3.2244622496565984e-05,0.0,20.794879311210163,0.23225014403396013,0.23225014403396013
1762247621.0293088,-6.8375046840780564,1.0957662856999948,-2.610257248752599e-05,0.0,20.789148473926307,0.22914131048098302,0.22914131048098302
1762247621.1490989,-6.844797641644933,1.130358232471253,-0.00030068128661925965,0.0,20.75488843376847,0.21385763258721438,0.21385763258721438
1762247621.395043,-6.826531899147411,1.3868248695737428,-1.616274460399245e-05,0.0,20.48840461927763,0.1590423646756101,0.1590423646756101
1762247621.4134831,-6.82327685139104,1.4609868607475245,-0.00025929154661237964,0.0,20.414068414795274,0.13758331939209636,0.13758331939209636
1762247621.5979276,-6.801679417790289,1.8154588896429946,0.21048858050444694,0.0,20.070987746530424,0.020057434929872057,0.020057434929872057
1762247621.743042,-6.786927724333459,1.9312387027124025,0.3967099151668743,0.0,19.960704888800578,-0.018239118472494778,0.018239118472494778
1762247621.7654839,-6.7854750270036615,1.9508388567445194,0.47145267628649534,0.0,19.942748568031107,-0.025977375123017156,0.025977375123017156
1762247621.7874293,-6.779341088914772,1.9620830766426816,0.5440837034921298,0.0,19.930032945670465,-0.0257660045340813,0.0257660045340813
1762247621.814428,-6.7825611527838445,1.9731131366346366,0.6036940172239389,0.0,19.92184971233606,-0.033763422612262714,0.033763422612262714
1762247621.8462334,-6.792298502341624,1.9930057432318484,0.6577388133948056,0.0,19.909008319499407,-0.05169977459204286,0.05169977459204286
1762247621.8657763,-6.79073339167176,1.996464216522799,0.7706977577470963,0.0,19.905273863051242,-0.05195009269123129,0.05195009269123129
1762247621.900973,-6.794872792142295,1.9953342407626793,0.8197713478306157,0.0,19.908179424412157,-0.05506747399085055,0.05506747399085055
1762247621.935927,-6.807279762297269,1.9763364762400486,0.9492133791001068,0.0,19.93043095805095,-0.0571278700112189,0.0571278700112189
1762247621.9595847,-6.803910971141345,1.974921539405877,1.0361940962353433,0.0,19.930118510126828,-0.05348779598583477,0.05348779598583477
1762247621.9957285,-6.80515325859218,1.9703708500278052,1.0723806092537265,0.0,19.934658136614328,-0.052469864492009945,0.052469864492009945
1762247622.0272849,-6.811793536643102,1.9677932978129469,1.0981604731747994,0.0,19.93994304286685,-0.057155337851480296,0.057155337851480296
1762247622.0689857,-6.82780193872288,1.946875660510432,1.1494674678507761,0.0,19.965462399981305,-0.061737129046069414,0.061737129046069414
1762247622.0972795,-6.836467095901617,1.923816447598932,1.2588056107120977,0.0,19.989539816492805,-0.058981653565090615,0.058981653565090615
1762247622.1292892,-6.846131262286139,1.9053965960962427,1.3589075721065256,0.0,20.010003831223823,-0.05935133303926465,0.05935133303926465
1762247622.161486,-6.844338947529721,1.8967737399564053,1.4115129329015061,0.0,20.016819034910576,-0.05390575829186613,0.05390575829186613
1762247622.1911108,-6.849991803868903,1.8935255687700905,1.4691009344092791,0.0,20.022157165348627,-0.05752907740575208,0.05752907740575208
1762247622.2139347,-6.85880236583147,1.8506587295121593,1.6125263527078626,0.0,20.063953025968818,-0.04666747701105683,0.04666747701105683
1762247622.2539713,-6.870801536512116,1.8027342162547046,1.7505417267752215,0.0,20.111860553837378,-0.037051078157231826,0.037051078157231826
1762247622.2980113,-6.887173470970188,1.7631817556374496,1.8065332845335702,0.0,20.15421364663784,-0.035495601684713246,0.035495601684713246
1762247622.3199103,-6.902384933435429,1.6819312751483617,2.0131327973828888,0.0,20.23417279588551,-0.016914793445001648,0.016914793445001648
1762247622.3352077,-6.909708799028031,1.6734266443906,2.045730284542136,0.0,20.244797865296558,-0.020359405443561643,0.020359405443561643
1762247622.3517172,-6.908978709719802,1.6731842659916287,2.0519572617710495,0.0,20.24473906581763,-0.01959241106755634,0.01959241106755634
1762247622.3716233,-6.923728507469729,1.6102991857246203,2.1537447289519784,0.0,20.308259666183915,-0.009430350970995009,0.009430350970995009
1762247622.3880668,-6.939398547441839,1.5642545519636772,2.164065918159815,0.0,20.3567307967313,-0.0072866601196022686,0.0072866601196022686
1762247622.4093163,-6.941000669979351,1.5661809802111624,2.1700442330810583,0.0,20.355506646692305,-0.00947112543345642,0.00947112543345642
1762247622.432846,-6.959639672952144,1.5088125239778976,2.1302558350660172,0.0,20.415626305157772,-0.00691506379816563,0.00691506379816563
1762247622.4567196,-6.972499950902713,1.499436376246386,2.1358613393886037,0.0,20.42876096122831,-0.015837187588299887,0.015837187588299887
1762247622.4812813,-6.993883398363439,1.4232235078104427,1.9845478388857882,0.0,20.507463882559456,-0.011204906926907432,0.011204906926907432
1762247622.505513,-7.006691477840157,1.3776229599960128,1.9611281393781812,0.0,20.554645445175705,-0.009334878681790558,0.009334878681790558
1762247622.5278275,-7.008910346772456,1.321918389768424,1.9742835439679258,0.0,20.60850764435238,0.00490504385755548,0.00490504385755548
1762247622.554797,-7.020231376837034,1.2883906126839448,1.9328691281902493,0.0,20.643909264432803,0.003450711466740605,0.003450711466740605
1762247622.582272,-7.026133433129228,1.2584845363578436,1.9491882695856382,0.0,20.674338255865717,0.005874386515312154,0.005874386515312154
1762247622.5991573,-7.0290150296730864,1.2187019716654073,1.9178872255896662,0.0,20.713613357808676,0.013461062561850208,0.013461062561850208
1762247622.633357,-7.026599202085716,1.1738813145537528,1.856144693228548,0.0,20.75670253660125,0.026927228954435806,0.026927228954435806
1762247622.672788,-7.039417380161282,1.128387390383898,1.8546023935319196,0.0,20.804323285046998,0.025129398360865012,0.025129398360865012
1762247622.7019942,-7.05149179404269,1.027580527124768,1.7106451454703313,0.0,20.90638176253714,0.03461855025711805,0.03461855025711805
1762247622.7331607,-7.05647168325641,0.9885759874709106,1.6880792336523252,0.0,20.94608443708552,0.03709527951613429,0.03709527951613429
1762247622.7650344,-7.063631422382755,0.9203395995361827,1.6290616853376299,0.0,21.015430554589923,0.04173857532427144,0.04173857532427144
1762247622.7851696,-7.069467611857316,0.8565311204064014,1.7673812957341437,0.0,21.08032933411535,0.04551544564559144,0.04551544564559144
1762247622.8165743,-7.06250141000147,0.8344953252127422,1.8186060092380594,0.0,21.101575097815424,0.05540254177414296,0.05540254177414296
1762247622.8399947,-7.0729654518527285,0.7923310956339262,1.8089266518128093,0.0,21.145492780974887,0.05027548552215278,0.05027548552215278
1762247622.871509,-7.072764555862541,0.7439416884753152,1.8039568126633945,0.0,21.194449292683906,0.05575373654080625,0.05575373654080625
1762247622.898228,-7.070715086818365,0.6755191749082247,1.842861418696512,0.0,21.26383858997466,0.06388596889218388,0.06388596889218388
1762247622.9297094,-7.081237265202896,0.6368613599656937,1.8866997785517423,0.0,21.303970759037917,0.05610432944362877,0.05610432944362877
1762247622.9599369,-7.073154306010713,0.55105081851783,2.010924152235291,0.0,21.391191433798056,0.06830611691429123,0.06830611691429123
1762247622.9858127,-7.072329952825358,0.5298058836306093,2.034136094170964,0.0,21.41293184271808,0.06974562540322155,0.06974562540322155
1762247623.0147555,-7.082460622051807,0.43328573403251136,2.157622168081143,0.0,21.51181615453171,0.06034477844053932,0.06034477844053932
1762247623.0401871,-7.0858832642749645,0.37750848753017663,2.247868050371208,0.0,21.56870215298459,0.05578894144924772,0.05578894144924772
1762247623.1017187,-7.075670841765655,0.33122175496456824,2.2888993119527687,0.0,21.6163914141745,0.06417729646134769,0.06417729646134769
1762247623.1382015,-7.063782705464958,0.12755540057146297,2.565615993935811,0.0,21.825057985849188,0.05850541864382864,0.05850541864382864
1762247623.184787,-7.064910658322965,0.06620246184363922,2.639251645207823,0.0,21.886921595754824,0.04907492963904846,0.04907492963904846
1762247623.2150471,-7.0429087181797145,-0.11198571329125726,2.8101954210024505,0.0,22.069164562678633,0.03856730645281398,0.03856730645281398
1762247623.2372224,-7.012078103877239,-0.191472008234914,2.8921672743080795,0.0,22.15502420088037,0.05033917221145003,0.05033917221145003
1762247623.2570555,-7.007033787467923,-0.25837898165567846,2.9567984947872343,0.0,22.222072158782126,0.03802215270655753,0.03802215270655753
1762247623.3167112,-6.984026227826774,-0.33646552825405485,3.044972855335081,0.0,22.304625712809848,0.037955988832420066,0.037955988832420066
1762247623.510945,-6.692086802120491,-1.0753830795684955,3.2495990579279748,0.0,23.10205491029613,-0.020705521727842447,0.020705521727842447
1762247623.7126806,-6.311390663825521,-1.6240434968187853,3.3804790172462997,0.0,23.75669555761542,-0.08754752357883942,0.08754752357883942
1762247623.7491066,-6.2500309205919535,-1.6751281364714197,3.380265723509444,0.0,23.834971196959454,-0.082610555749393,0.082610555749393
1762247623.789656,-6.107299154103089,-1.7908179662549837,3.3223543338228825,0.0,24.01485285246697,-0.07361591606130215,0.07361591606130215
1762247623.8094707,-6.049703573283028,-1.84450193956966,3.3588921210761464,0.0,24.090646793535992,-0.0788341150533067,0.0788341150533067
1762247623.8297348,-5.956548666098845,-1.8796698400578247,3.402669159779085,0.0,24.18300917942996,-0.051409893733956935,0.051409893733956935
1762247623.8547919,-5.892417976481725,-1.916717320772555,3.3597035244134688,0.0,24.25465249847983,-0.04645227068065336,0.04645227068065336
1762247623.8841982,-5.747474742408047,-1.966329039801575,3.4163972753858287,0.0,24.40223008830965,-0.017239865558286604,0.017239865558286604
1762247623.916152,-5.662279300730827,-2.006905524669016,3.397066264513576,0.0,24.495886723764006,-0.015894495539799647,0.015894495539799647
1762247623.949446,-5.5661768159945995,-2.025220236481822,3.414012597628625,0.0,24.590959326744066,0.006361744519709565,0.006361744519709565
1762247623.9886515,-5.308206605345235,-2.0273113902103144,3.4508879707471913,0.0,24.839818243974623,0.0914228971466934,0.0914228971466934
1762247624.0080225,-5.056654682801046,-2.0407653561809638,3.5217686480189783,0.0,25.09922018926535,0.13783988254848475,0.13783988254848475
1762247624.0418944,-5.000556170584141,-2.070404889709031,3.552119322559637,0.0,25.162641464799723,0.11851612779269838,0.11851612779269838
1762247624.0719886,-4.895307949429359,-2.0566988760821197,3.5726028897334285,0.0,25.26984931705834,0.14737470356673701,0.14737470356673701
1762247624.1004815,-4.715860676429966,-2.0477565644394233,3.5572981715368175,0.0,25.457927495649212,0.17323745500094584,0.17323745500094584
1762247624.132083,-4.528344071588267,-2.0294242216787057,3.4782905342425514,0.0,25.65673844023742,0.1972815017383895,0.1972815017383895
1762247624.15359,-4.465502905051439,-2.0324532526990846,3.413153030211923,0.0,25.72364526407634,0.1934986998826659,0.1934986998826659
1762247624.1770148,-4.387387548110394,-2.0340473608092284,3.335217238534395,0.0,25.806512762954764,0.1891521890910118,0.1891521890910118
1762247624.2028844,-4.29760498963637,-2.0316318297217126,3.2388503350387383,0.0,25.90161490515788,0.18597586131130656,0.18597586131130656
1762247624.225738,-4.216548202302173,-2.026437171639318,3.1844129972491544,0.0,25.98738210045808,0.1839565105014727,0.1839565105014727
1762247624.2467737,-4.110287864725498,-2.017273556410098,3.1282542710106362,0.0,26.099591355621442,0.1806911635107302,0.1806911635107302
1762247624.27207,-4.062865399433102,-2.0152470197045194,3.0957955178588215,0.0,26.14917886369449,0.17615440668621893,0.17615440668621893
1762247624.2957518,-3.9919707195005327,-2.026794050177247,3.0632853150011568,0.0,26.22048710746727,0.15385668741735806,0.15385668741735806
1762247624.3263013,-3.9272308186364526,-2.0140553608186775,3.0145412709401262,0.0,26.28909974701734,0.15533209260488515,0.15533209260488515
1762247624.353562,-3.8507341767861627,-2.0050637755853082,2.9687160215902137,0.0,26.368865721341844,0.14970034911136107,0.14970034911136107
1762247624.3720238,-3.716494249048962,-1.987825691222069,2.9108652292785635,0.0,26.50831508979292,0.1377557182139436,0.1377557182139436
1762247624.3950675,-3.671278546017817,-1.9849870072941533,2.9560298666723583,0.0,26.554291404904998,0.1298941664651869,0.1298941664651869
1762247624.4157739,-3.6354456274470963,-1.9805326688966345,3.000184086289938,0.0,26.5911484963845,0.125481673582724,0.125481673582724
1762247624.435319,-3.5786330190053715,-1.9744778102808045,3.0815780269306683,0.0,26.649128259648148,0.1169345694301657,0.1169345694301657
1762247624.452159,-3.5159659509508963,-1.9677115171057158,3.1290004211580604,0.0,26.712801938761896,0.1068015536790374,0.1068015536790374
1762247624.4898145,-3.4132162627611384,-1.9561790874003435,3.128208759604463,0.0,26.816631052293047,0.08889709631352741,0.08889709631352741
1762247624.5539489,-3.167107760248951,-1.92296071788312,3.116097648725148,0.0,27.06370759912382,0.04340177645538076,0.04340177645538076
1762247624.5868254,-3.095914019631511,-1.908158178114001,3.1702901873395186,0.0,27.136149966724396,0.03321942379467602,0.03321942379467602
1762247624.6169474,-2.976449471766389,-1.8840257948326469,3.1899288460761905,0.0,27.25687647288626,0.013677682140659526,0.013677682140659526
1762247624.6415904,-2.9022031680425053,-1.868870840411502,3.2189689825474876,0.0,27.331595506584335,0.0006224707980920702,0.0006224707980920702
1762247624.6584163,-2.8327312280287487,-1.8541361589904914,3.185958797129956,0.0,27.40147286916207,-0.011765079153193064,0.011765079153193064
1762247624.6802557,-2.7770842184747146,-1.8394627249197273,3.157493368995313,0.0,27.458388408279667,-0.019493665928571834,0.019493665928571834
1762247624.7146106,-2.734718199764026,-1.8292638674074542,3.1074157360463452,0.0,27.501271188603134,-0.02654204228461419,0.02654204228461419
1762247624.7458236,-2.600934392179009,-1.7921546050605208,2.933987344185029,0.0,27.638224624608597,-0.0457156242930015,0.0457156242930015
1762247624.9512398,-1.8056933409005487,-1.5613146379486718,3.1813964113115145,0.0,28.450416106518944,-0.1817444229776864,0.1817444229776864
1762247624.9724863,-1.7263922109408316,-1.5519067755647955,3.057627135303495,0.0,28.525420695466046,-0.20896634468318406,0.20896634468318406
1762247625.1140208,-1.2263824673596604,-1.4762596076980377,3.26828389168255,0.0,29.012677351811355,-0.3631757922025039,0.3631757922025039
1762247625.1634538,-1.0847272768902225,-1.4654752147124024,3.273703036939864,0.0,29.149779545917905,-0.41408587700718325,0.41408587700718325
1762247625.1884713,-0.9524874264052066,-1.446544405017329,3.2104071710236473,0.0,29.28396170026294,-0.4519736763520865,0.4519736763520865
1762247625.2127118,-0.8703943460055171,-1.4220703791207774,3.1581979918247565,0.0,29.37384723782099,-0.4628633727594999,0.4628633727594999
1762247625.2338667,-0.801613166802159,-1.4091628773780098,3.3061996905098834,0.0,29.446416076329783,-0.4782524409957922,0.4782524409957922
1762247625.3478873,-0.37337223103205125,-1.3718697973194771,3.282592746900205,0.0,29.903397168235532,-0.596907746963459,0.596907746963459
1762247625.3864753,-0.302240446254944,-1.3832825663787092,3.1907995031641305,0.0,29.977250884120167,-0.6297549472538111,0.6297549472538111
1762247625.5939233,0.31757837694475033,-1.4753060740089365,2.528537538931444,0.0,30.695032143928923,-0.8577497665565547,0.8577497665565547
1762247625.614528,0.3867281403777948,-1.4653748084825964,2.304865906974007,0.0,30.788468513348914,-0.855869446374175,0.855869446374175
1762247625.653061,0.43633083756517954,-1.4504877939924585,2.1587046445151703,0.0,30.857564659615512,-0.845578146940191,0.845578146940191
1762247625.676174,0.52272146174293,-1.4238468808429399,1.7874158411314525,0.0,30.97648036756472,-0.8243717335653837,0.8243717335653837
1762247625.7083082,0.5684705875864023,-1.418629108891959,1.6215102263831833,0.0,31.039847182762202,-0.820681812225485,0.820681812225485
1762247625.7301111,0.6221109253681947,-1.4182302565101532,1.2948971721488516,0.0,31.113783778518595,-0.8208766694195663,0.8208766694195663
1762247625.755515,0.6371079959166343,-1.424892432348193,1.1502159375677716,0.0,31.133831802968594,-0.8274746414627155,0.8274746414627155
1762247625.7799015,0.6435998338763262,-1.425622617046695,1.0190711155592262,0.0,31.142536178079382,-0.8281461079942677,0.8281461079942677
1762247625.7966502,0.6497526066825211,-1.4330752220509304,0.905051737206329,0.0,31.150927985916482,-0.8355252646557259,0.8355252646557259
1762247625.8181338,0.659687973350627,-1.4445995853103486,0.719884420659921,0.0,31.164546973924804,-0.8468946171132601,0.8468946171132601
1762247625.8435948,0.6602184847901907,-1.455413036779596,0.5455629577458002,0.0,31.1655494085962,-0.8576968766146468,0.8576968766146468
1762247625.880271,0.6550688968703685,-1.4617141278124195,-0.0007314789846886527,0.0,31.158747992257965,-0.8640840864659611,0.8640840864659611
1762247625.905091,0.6523211272682855,-1.465303608669353,0.10982845980261197,0.0,31.155108735855922,-0.8677148563075463,0.8677148563075463
1762247625.9604023,0.6455443857799757,-1.466434805034029,-0.0007046026714100738,0.0,31.1459314349663,-0.86893446149906,0.86893446149906
1762247626.0001187,0.6449535246032675,-1.468135937816044,-0.0007734724630790685,0.0,31.14516188250374,-0.8706422302703417,0.8706422302703417
1762247626.0254622,0.6400721411783331,-1.463293535298707,-0.0005718248594086333,0.0,31.138440493037685,-0.8658497588834955,0.8658497588834955
1762247626.0526316,0.6340263796556064,-1.4280581447631473,-0.007886088431176459,0.0,31.129746532200752,-0.8306616276951064,0.8306616276951064
1762247626.1016302,0.6332262015819017,-1.2479627963584607,-0.00946988272289228,0.0,31.126614563566818,-0.6505738515051585,0.6505738515051585
1762247626.3510427,0.636524709365719,-1.2325645852539717,-4.643105807472514e-08,0.0,31.130578853525652,-0.6351557724656541,0.6351557724656541
1762247626.3784983,0.6372828393397475,-1.2331901594271024,-0.006619983560749284,0.0,31.131532178617277,-0.6357760864808308,0.6357760864808308
1762247626.6861312,0.6366179295588197,-1.2328000422790815,-0.0002682212671629583,0.0,31.130697850318477,-0.6353905918924554,0.6353905918924554
1762247626.8950071,0.6393260965507795,-1.232741833901287,-0.004983653270572024,0.0,31.13407660595237,-0.6353124678571456,0.6353124678571456
1762247627.0156348,0.6400601008171807,-1.233722897540929,-0.004452570411549331,0.0,31.13500509914495,-0.6362875853538439,0.6362875853538439
1762247627.1422617,0.6341804872051064,-1.2333808038958207,-0.00022358983671557948,0.0,31.127661623547557,-0.6359867105779912,0.6359867105779912
1762247627.1798236,0.6363471506169237,-1.2336508922376055,-0.0002249096494426922,0.0,31.130369458154675,-0.6362432500387848,0.6362432500387848
1762247627.202743,0.6359656323632118,-1.2339347879925997,-0.003796115186877131,0.0,31.129896298764635,-0.6365296639423667,0.6365296639423667
1762247627.2475166,0.6323108144849106,-1.2328387282846474,-0.00028595929531960673,0.0,31.125322188045956,-0.6354547862405538,0.6354547862405538
1762247627.272374,0.6335170941039949,-1.2338170166094737,-2.599000154500375e-08,0.0,31.12683771687275,-0.6364266798726652,0.6364266798726652
1762247627.2912185,0.6362511258961603,-1.233045372718413,-0.000182352158718756,0.0,31.130242814118038,-0.6356383845531154,0.6356383845531154
1762247627.4102318,0.634519047530921,-1.233040283431987,-0.014163420572530536,0.0,31.128080763193985,-0.6356442061978352,0.6356442061978352
1762247627.5869472,0.6374311152715816,-1.2332675633162253,-0.00017056526017840661,0.0,31.13171815043146,-0.635852434960007,0.635852434960007
1762247627.6139774,0.640157935126467,-1.2334970166848989,-0.00026857885410181743,0.0,31.135124282509416,-0.6360609069888494,0.6360609069888494
1762247627.649149,0.6474354715429028,-1.2355952483800572,-0.000728140920705328,0.0,31.144238754599954,-0.6380881885616849,0.6380881885616849
1762247627.6744986,0.6591541225559678,-1.2389204767809552,-0.002883061136342864,0.0,31.15893194728704,-0.641253573869159,0.641253573869159
1762247627.791063,0.7584939932991028,-1.2725275172874542,-0.0026280129561942456,0.0,31.2851793581545,-0.6712656757792195,0.6712656757792195
1762247627.809621,0.7716851464376028,-1.279863644238964,-0.0025843814591693733,0.0,31.302133375373007,-0.6778218238626371,0.6778218238626371
1762247627.8291943,0.7773279535076153,-1.28308623756593,-0.003163834338898927,0.0,31.310257487237813,-0.6806891015088402,0.6806891015088402
1762247627.8634293,0.7894038802720181,-1.2898121107306744,-0.0024993216049035067,0.0,31.325854824064603,-0.686611344276122,0.686611344276122
1762247627.8855977,0.7918904885032899,-1.2905664375798398,-0.0024524207631505817,0.0,31.329015851833482,-0.6871943459214868,0.6871943459214868
1762247627.910465,0.7930837223251157,-1.28997133081218,-0.0027219219268476203,0.0,31.33044783339814,-0.686518455552303,0.686518455552303
1762247627.9332302,0.7980667857060747,-1.2957528605280544,-0.00012135574454854381,0.0,31.337170430890076,-0.6919363881735454,0.6919363881735454
1762247627.9578073,0.7968544473955147,-1.292673365146482,-0.00875733394313136,0.0,31.335381517816906,-0.688950529755715,0.688950529755715
1762247627.9847078,0.7854119047461872,-1.2908339402827875,-0.00042641917612333644,0.0,31.32097209134579,-0.6878982538469137,0.6878982538469137
1762247628.008157,0.791522141899953,-1.2882287511433248,-0.00259967598948628,0.0,31.32835145671912,-0.6848874185783309,0.6848874185783309
1762247628.0350614,0.7937812866577506,-1.2898645497838404,-0.0022604412514171555,0.0,31.331306054592044,-0.6863636373337065,0.6863636373337065
1762247628.065408,0.7937079979377114,-1.2902834184279894,-0.00018283704493615667,0.0,31.33125219233818,-0.6867865803334173,0.6867865803334173
1762247628.0849338,0.793394905795362,-1.2885654848523065,-0.0001218293081682622,0.0,31.33071001202567,-0.6850944576609208,0.6850944576609208
1762247628.1182663,0.7951844913008953,-1.2913281690369869,-0.0022089668319648596,0.0,31.33318246070733,-0.6877259802981215,0.6877259802981215
1762247628.137474,0.7953922808213936,-1.2913267545676714,-0.00015068016905689805,0.0,31.333440850120333,-0.6877100315672825,0.6877100315672825
1762247628.163003,0.7903366850868273,-1.2877103885907308,-0.00013507325605038737,0.0,31.326831690232172,-0.6844511622897672,0.6844511622897672
1762247628.1910477,0.7903136745297074,-1.287960956122896,-1.4521666456129845e-08,0.0,31.326825003078326,-0.6847027147247287,0.6847027147247287
1762247628.2216995,0.7902932961021056,-1.2881370738515963,-0.002380625124563545,0.0,31.32681507228888,-0.6848798106762037,0.6848798106762037
1762247628.2452586,0.7915665980244414,-1.2896269468997537,-0.00016914769100180916,0.0,31.328529923067975,-0.686279285759568,0.686279285759568
1762247628.273329,0.7925541314783578,-1.2918330975646737,-0.00011470907640363505,0.0,31.329953992180663,-0.6884123382951027,0.6884123382951027
1762247628.3016715,0.7888367557529535,-1.2910436803867387,-0.00017980201818040953,0.0,31.325256158522972,-0.6878784470757752,0.6878784470757752
1762247628.327307,0.7854416751493901,-1.288043060881341,-9.854203540481514e-05,0.0,31.320770174526757,-0.685111525939772,0.685111525939772
1762247628.3517659,0.7669345840862681,-1.278633226378885,-0.00012780046670096267,0.0,31.296125822649163,-0.6768779878527958,0.6768779878527958
1762247628.3803058,0.7141918039958755,-1.2588174064955944,-0.00019096045217720895,0.0,31.229170585966628,-0.6596493686572765,0.6596493686572765
1762247628.3978653,0.6665243458645477,-1.2406700503432107,-0.0018911867092912486,0.0,31.168171862537196,-0.6428738987976592,0.6428738987976592
1762247628.4157178,0.6523961047709211,-1.2348816996287642,-9.710854831006183e-05,0.0,31.1504169534203,-0.6373140277936901,0.6373140277936901
1762247628.4331572,0.642972199403383,-1.232881246816063,-0.0019021193423845017,0.0,31.138627461904022,-0.6354203362118285,0.6354203362118285
1762247628.4600253,0.6437818959069357,-1.2315136468890637,-0.0001082695303985234,0.0,31.13961759724195,-0.6340450612885118,0.6340450612885118
1762247628.5579543,0.6371995451075008,-1.2313338467329573,-0.0016194630995785904,0.0,31.131406704359524,-0.6339204068486782,0.6339204068486782
1762247628.5767303,0.6397351595369116,-1.2322294862424577,-0.00012592208961350937,0.0,31.13458047646522,-0.6347968682099537,0.6347968682099537
1762247628.6085086,0.6406981814370454,-1.2315915604849301,-0.0015970191415792475,0.0,31.135773386229527,-0.634151002644806,0.634151002644806
1762247628.6330285,0.6377086634213166,-1.231287946103904,-7.186827562358919e-05,0.0,31.132041166445397,-0.6338708728059164,0.6338708728059164
1762247628.6518548,0.6398460436125937,-1.2310850315266602,-8.854219624357924e-05,0.0,31.134704171150602,-0.6336515532053689,0.6336515532053689
1762247628.6718624,0.6407577256513654,-1.2310807388672715,-8.534298946150611e-05,0.0,31.135840904909333,-0.6336396946390993,0.6336396946390993
1762247628.7020524,0.6447508312281375,-1.2316974188980994,-9.494836776227646e-05,0.0,31.140828406224,-0.6342192172734167,0.6342192172734167
1762247628.7235126,0.6461940225906618,-1.231967868864224,-7.247174458168334e-05,0.0,31.142631958838063,-0.6344746338811459,0.6344746338811459
1762247628.7475212,0.6439467134669753,-1.2318398516334246,-0.0014259000880991232,0.0,31.139827872463755,-0.6343696433671798,0.6343696433671798
1762247628.7733426,0.6402705424543867,-1.2315726627364343,-0.0014433382334502933,0.0,31.135239819321477,-0.6341356870524041,0.6341356870524041
1762247628.7982585,0.6380596398161331,-1.2318535770744232,-9.936677908446712e-09,0.0,31.13248567690152,-0.6344339214409316,0.6344339214409316
1762247628.8252356,0.638744532918872,-1.23181657046872,-9.689289804520884e-09,0.0,31.13333957239627,-0.6343917606021042,0.6343917606021042
1762247628.845676,0.6404300327325639,-1.231362344117361,-0.0014698264636191067,0.0,31.13543598098489,-0.6339240486718728,0.6339240486718728
1762247628.8665314,0.6419457553273528,-1.2314715929521463,-9.44659667590636e-09,0.0,31.137327539540223,-0.6340201656627625,0.6340201656627625
1762247628.888376,0.635257849538291,-1.2325229783129488,-0.0013263173626327919,0.0,31.128997430226626,-0.635122406891955,0.635122406891955
1762247628.9097939,0.6336756712465231,-1.2328120437433592,-7.085235817007516e-05,0.0,31.12702568533476,-0.6354208389787503,0.6354208389787503
1762247628.9349318,0.6405421791376085,-1.2335991862166333,-7.81038089046464e-05,0.0,31.135605163911816,-0.6361598734032787,0.6361598734032787
1762247628.954609,0.6431532491688863,-1.2336066599496587,-7.635125764003711e-05,0.0,31.13886370520306,-0.6361440097452707,0.6361440097452707
1762247628.9842587,0.6394876951125286,-1.2340133700654683,-5.9750766540418585e-05,0.0,31.13429432190597,-0.6365826810204319,0.6365826810204319
1762247629.0177238,0.6343113111939953,-1.2329220023548249,-0.0012351773526411236,0.0,31.127820232348533,-0.6355271533820224,0.6355271533820224
1762247629.042232,0.6337484044063979,-1.2331962124357583,-8.941328060126663e-05,0.0,31.127120325774836,-0.6358045933479192,0.6358045933479192
1762247629.0619376,0.6434932464659925,-1.2336207257989613,-0.001182863892395749,0.0,31.139288161128707,-0.6361548317020943,0.6361548317020943
1762247629.0848053,0.6400463429723156,-1.2333866499623294,-0.00024788046108404325,0.0,31.134983588141587,-0.6359514618686056,0.6359514618686056
1762247629.1149597,0.6365937452390246,-1.232788890754488,-0.00012071176249336636,0.0,31.130667542062163,-0.6353796050033139,0.6353796050033139
1762247629.1463637,0.63738462321928,-1.2338573078696689,-5.3892929183366146e-05,0.0,31.131667017478915,-0.6364424961132384,0.6364424961132384
1762247629.1712842,0.6338108989415279,-1.2332832707763817,-7.813895101273227e-09,0.0,31.127199220244417,-0.6358912976323803,0.6358912976323803
1762247629.2007246,0.6346521075014734,-1.2333540259922084,-5.072265385079241e-05,0.0,31.1282501344436,-0.6359571485260301,0.6359571485260301
1762247629.2406118,0.6363574890151564,-1.2343839406109633,-7.522559163260223e-09,0.0,31.13039059818387,-0.6369762130535613,0.6369762130535613
1762247629.2600896,0.6343948038163449,-1.2334452099955782,-0.0010253633140790558,0.0,31.12792985280983,-0.6360498614512317,0.6360498614512317
1762247629.2806866,0.6368832621149046,-1.2332668833235343,-5.529597909872173e-05,0.0,31.131034330377805,-0.6358556028168623,0.6358556028168623
1762247629.3007514,0.6392525083347602,-1.233839756201946,-5.73321456783024e-05,0.0,31.133998553634616,-0.6364109372451299,0.6364109372451299
1762247629.3292928,0.637620613174663,-1.2335946496581478,-0.00029565298314016415,0.0,31.131958528911987,-0.6361781534755865,0.6361781534755865
1762247629.359919,0.6358294314875828,-1.2338423583369649,-0.0011300224676674177,0.0,31.129725226149695,-0.636438122985882,0.636438122985882
1762247629.383294,0.6371730723500778,-1.2347505524497595,-0.000982855329673798,0.0,31.13141328071692,-0.6373372156663514,0.6373372156663514
1762247629.4036438,0.6363105609685683,-1.2337208417191248,-0.0009540241538074023,0.0,31.130324563105873,-0.6363134426414818,0.6363134426414818
1762247629.4242828,0.6412947515558662,-1.2335155065756442,-6.049051615582068e-05,0.0,31.136543252844422,-0.636069755661101,0.636069755661101
1762247629.4507015,0.6333570636987123,-1.232713227036678,-6.5274235838512495e-09,0.0,31.126627008922082,-0.6353237872855612,0.6353237872855612
1762247629.4753673,0.6328053332073708,-1.233151204642699,-0.0009273382705644011,0.0,31.125942516568237,-0.6357647148178134,0.6357647148178134
1762247629.5813925,0.6397978454897222,-1.2330638341776916,-0.0008721802075398498,0.0,31.13466933701875,-0.6356306822975145,0.6356306822975145
1762247629.598382,0.63147668234618,-1.2330880411046197,-3.503133271844714e-05,0.0,31.12428310030117,-0.6357081603616244,0.6357081603616244
1762247629.614966,0.6306064324668779,-1.2334588166581335,-5.330430326283381e-05,0.0,31.123199710910487,-0.636082869619086,0.636082869619086
1762247629.6475258,0.6348923765705523,-1.233369047809109,-0.0008396476796697488,0.0,31.128550245103682,-0.6359707165058757,0.6359707165058757
1762247629.6665726,0.6346343300963342,-1.2341454155370348,-5.694074350047484e-09,0.0,31.12823620462283,-0.6367486308262469,0.6367486308262469
1762247629.6926582,0.6370325995752603,-1.232971860578958,-4.35069611418263e-05,0.0,31.131217330452703,-0.6355595503992855,0.6355595503992855
1762247629.7149613,0.6366757304020978,-1.2337618358366569,-0.0008139280222074719,0.0,31.130780917051688,-0.6363519695986586,0.6363519695986586
1762247629.7407637,0.6299767005828218,-1.2332772202685862,-0.0007918618051850605,0.0,31.12241178663998,-0.6359039307434368,0.6359039307434368
1762247629.760198,0.6295195897068412,-1.2330130882259982,-5.762847560742793e-05,0.0,31.121838821333334,-0.6356416267755648,0.6356416267755648
1762247629.7806315,0.6386282123880443,-1.2329393036985061,-4.115606184589861e-05,0.0,31.133208219970953,-0.6355153507005262,0.6355153507005262
1762247629.8015077,0.6373244109063714,-1.233323270084739,-0.0007374933572358886,0.0,31.131585617114094,-0.6359088993935954,0.6359088993935954
1762247629.8269975,0.6351384342923674,-1.2331090928667383,-3.974979333427385e-05,0.0,31.128854648357308,-0.6357092534040499,0.6357092534040499
1762247629.8490188,0.6402316402875817,-1.2337552317668534,-0.000730411416758588,0.0,31.135219622521838,-0.6363185042510124,0.6363185042510124
1762247629.8732498,0.6392922363561397,-1.2335521705996209,-0.0026810672062489113,0.0,31.134044531033364,-0.6361230471062138,0.6361230471062138
1762247629.891264,0.6379111535651232,-1.23361965149917,-0.0007250249351681875,0.0,31.13232149902039,-0.6362010415840835,0.6362010415840835
1762247629.921846,0.641322777147844,-1.2343541674472438,-0.0007371277748440218,0.0,31.13658954241668,-0.6369081405856777,0.6369081405856777
1762247629.944692,0.6391514637340854,-1.23414146021833,-3.55211091228704e-05,0.0,31.133876196434855,-0.6367134262880284,0.6367134262880284
1762247629.964333,0.6373519617025301,-1.2335985815854194,-4.711284416411554e-09,0.0,31.131623220120506,-0.6361840085193087,0.6361840085193087
1762247629.982965,0.6412823749019501,-1.2335045139315586,-0.0006652435053647655,0.0,31.136527659495563,-0.6360588712250557,0.6360588712250557
1762247630.0013173,0.6405604546600744,-1.2332552854042926,-9.539948744988093e-05,0.0,31.135623454586046,-0.63581583095081,0.63581583095081
1762247630.0225608,0.63525916210549,-1.2333262934765554,-3.337631522508526e-05,0.0,31.12900767559266,-0.6359256985366437,0.6359256985366437
1762247630.0459354,0.6375214898964288,-1.2333251856766916,-4.232815809266611e-05,0.0,31.13183162784111,-0.6359094093459556,0.6359094093459556
1762247630.0627167,0.6326429013665755,-1.2333095071992237,-0.0017443894058049002,0.0,31.12574123259649,-0.6359238619568888,0.6359238619568888
1762247630.079098,0.633288883532588,-1.2335583676771604,-4.1382471935764954e-05,0.0,31.126550203278526,-0.6361692878036364,0.6361692878036364
1762247630.1078417,0.6384472098545597,-1.2333028612708155,-5.372968111788082e-05,0.0,31.13298677074747,-0.6358802711142193,0.6358802711142193
1762247630.1359885,0.635327120258919,-1.2332638538262366,-0.0006071451688104367,0.0,31.129091839573626,-0.6358628345027205,0.6358628345027205
1762247630.15697,0.6362548829740382,-1.2328010651878776,-0.000702085568863954,0.0,31.130244774909904,-0.6353940573280618,0.6353940573280618
1762247630.1780944,0.6421992623170296,-1.2330380697372412,-0.0006195344581689801,0.0,31.13766536580036,-0.6355842914316648,0.6355842914316648
1762247630.1979785,0.637985667090231,-1.2333073357641475,-7.141789765992726e-05,0.0,31.132410774479627,-0.635888186701312,0.635888186701312
1762247630.2158399,0.6358861145503623,-1.2331717299132199,-0.0006085802509543564,0.0,31.129788613827948,-0.635767140332996,0.635767140332996
1762247630.246628,0.6340192465848207,-1.2329505765300048,-2.7392934373154513e-05,0.0,31.127455951822842,-0.6355574212771526,0.6355574212771526
1762247630.2886217,0.6343415724556987,-1.23337939189534,-0.0005527452841276593,0.0,31.12786271661673,-0.635984357715364,0.635984357715364
1762247630.3174987,0.6323019644026638,-1.2325311614799943,-0.0005366088740660327,0.0,31.125308260361393,-0.6351472677994425,0.6351472677994425
1762247630.342113,0.6314134070838683,-1.2329708298826716,-3.065978438781764e-05,0.0,31.1242030477006,-0.6355912470617509,0.6355912470617509
1762247630.367665,0.6297458013246566,-1.2330008470175746,-6.366369170779895e-05,0.0,31.122121182001127,-0.6356284927040835,0.6356284927040835
1762247630.392055,0.6354206618852446,-1.2329275593219955,-0.0005064768602811017,0.0,31.12920497968197,-0.6355259576814475,0.6355259576814475
1762247630.4121456,0.6359692264893562,-1.233423326984989,-3.879350763860568e-05,0.0,31.129895134767622,-0.6360181901447739,0.6360181901447739
1762247630.434626,0.6333228874606409,-1.2325854554329152,-0.0005122086439245344,0.0,31.126583093607472,-0.6351962042264644,0.6351962042264644
1762247630.5727427,0.6346486125871719,-1.232947360885136,-3.0240932991230984e-05,0.0,31.128241525900737,-0.6355505115198633,0.6355505115198633
1762247630.597329,0.6389276540911265,-1.2331047743213759,-3.8470100438285065e-05,0.0,31.133583938415207,-0.6356785155603842,0.6356785155603842
1762247630.6339734,0.6345695915471585,-1.23299310753113,-3.1029992108785875e-09,0.0,31.12814336538327,-0.6355967300828258,0.6355967300828258
1762247630.6505375,0.6338554131167489,-1.2329397622771958,-2.5849185153021803e-05,0.0,31.12725133208804,-0.6355475422929671,0.6355475422929671
1762247630.6665924,0.6378017528299734,-1.2331381904905616,-2.6407125995675197e-05,0.0,31.132179217435368,-0.635720392875761,0.635720392875761
1762247630.6891613,0.6359608353835137,-1.2333404016594243,-0.0004245399277913276,0.0,31.12988374423724,-0.6359353214079794,0.6359353214079794
1762247630.7179716,0.6383173335587805,-1.2336091820312753,-0.0005687747499452517,0.0,31.13282838589529,-0.6361875605189852,0.6361875605189852
1762247630.7417595,0.6382773860986181,-1.2330469230590295,-2.9083161857774548e-05,0.0,31.132771721118143,-0.6356256162566954,0.6356256162566954
1762247630.771972,0.6409671759171841,-1.233337795266,-0.0015292556682102254,0.0,31.136132086575945,-0.635894882821036,0.635894882821036
1762247630.7932408,0.639576237904575,-1.2334117153310735,-0.00041383540378211813,0.0,31.134397213671967,-0.6359803374777531,0.6359803374777531
1762247630.8171177,0.6403661753283187,-1.2329573734222992,-0.00038674748636745776,0.0,31.135377129644294,-0.6355195557490154,0.6355195557490154
1762247630.8378522,0.6349829118645782,-1.2329421255667363,-3.875093826631083e-05,0.0,31.128658746803147,-0.6355432482704619,0.6355432482704619
1762247630.8699946,0.6309340745528011,-1.2330201425554344,-0.0003840609808733132,0.0,31.12360502442027,-0.6356427535787256,0.6356427535787256
1762247630.901678,0.6332008982315516,-1.2340045147118497,-2.680956349363162e-05,0.0,31.126444710326275,-0.6366159059365467,0.6366159059365467
1762247630.9326422,0.6347758741649948,-1.239712487885574,-2.5659281498603e-09,0.0,31.12847171343474,-0.6423147508422998,0.6423147508422998
1762247630.957414,0.6310651288942979,-1.2500150120670308,-2.359619103923311e-05,0.0,31.12392028892923,-0.6526368659209114,0.6526368659209114
1762247630.9764538,0.6248236232838366,-1.2454637938863287,-0.00035267109243645745,0.0,31.116049309718257,-0.648106120720456,0.648106120720456
1762247631.0079284,0.6237706810104616,-1.2581756724860853,-2.150619363851623e-05,0.0,31.114800613565215,-0.6608198582704766,0.6608198582704766
1762247631.0311167,0.6240433555593289,-1.26518415238775,-0.0004879723210625848,0.0,31.115186142958567,-0.6678278924124982,0.6678278924124982
1762247631.049917,0.6184215656992181,-1.2755197247514516,-0.0003378333385905087,0.0,31.108114960299396,-0.6781663503464749,0.6781663503464749
1762247631.0691402,0.6205438868148669,-1.2795472278438107,-1.9773297481625977e-05,0.0,31.11082672985733,-0.6821943171226817,0.6821943171226817
1762247631.0875726,0.6211772440450527,-1.290385597116138,-0.00032177273452563434,0.0,31.111685059337546,-0.6930324682066425,0.6930324682066425
1762247631.1151965,0.6199909898195919,-1.2742445335137011,-0.0003251685630498838,0.0,31.11010139313304,-0.6768916792071074,0.6768916792071074
1762247631.1466498,0.6223355517190393,-1.2565136621027502,-0.00045623874188544845,0.0,31.11298275450618,-0.6591596630333605,0.6591596630333605
1762247631.170749,0.6251439980919882,-1.2399876412381994,-1.96546429871851e-05,0.0,31.116417230910464,-0.6426293185996735,0.6426293185996735
1762247631.1893768,0.6227680518291041,-1.271540257277906,-2.1773426935132317e-09,0.0,31.113608844431393,-0.6741858039475993,0.6741858039475993
1762247631.2106164,0.6270699325878002,-1.2732043085029012,-1.882677150560656e-05,0.0,31.11907103499449,-0.675841030972056,0.675841030972056
1762247631.2267864,0.6282485766598088,-1.2920990787450917,-2.122980826291948e-09,0.0,31.12071984008452,-0.6947319404541642,0.6947319404541642
1762247631.2490077,0.6291165362921193,-1.3016009434984397,-1.582840738908959e-05,0.0,31.12191123634485,-0.7042305769369442,0.7042305769369442
1762247631.2694378,0.6278633210973342,-1.310221695811823,-1.9308922673925543e-05,0.0,31.120378482165464,-0.7128557786182397,0.7128557786182397
1762247631.2852943,0.6303539455518523,-1.317288850922258,-0.0002869462469089934,0.0,31.123646164723233,-0.7199132666167566,0.7199132666167566
1762247631.3197455,0.6306527639784341,-1.3221569451116615,-0.000305470506226781,0.0,31.12407913374673,-0.7247799828937542,0.7247799828937542
1762247631.345024,0.6310499995539637,-1.3303536306368458,-1.4090127084018343e-05,0.0,31.124675054088005,-0.7329747515356861,0.7329747515356861
1762247631.3730273,0.6314906919765997,-1.3393470891503816,-3.355919338107865e-05,0.0,31.12533996214908,-0.7419659900370412,0.7419659900370412
1762247631.3939292,0.6349387188269213,-1.3459700282309508,-2.1862487856658847e-05,0.0,31.12989710790908,-0.7485692798834988,0.7485692798834988
1762247631.4196877,0.638388426868738,-1.3500687593506084,-1.6495624767179124e-05,0.0,31.134442243926472,-0.7526432083990887,0.7526432083990887
1762247631.4411285,0.637842664965839,-1.3594244147321088,-0.00026997383610824466,0.0,31.13386135915017,-0.7620028462316847,0.7620028462316847
1762247631.5293694,0.6438359981995763,-1.3847921761932822,-1.689289292543564e-05,0.0,31.142127722313422,-0.7873153890979855,0.7873153890979855
1762247631.6646767,0.7894947548099553,-1.310272789812521,-1.607534606405843e-09,0.0,31.32776796164789,-0.7070184985888938,0.7070184985888938
1762247631.828177,0.7974387195636385,-1.301213125184912,-6.199928185260843e-05,0.0,31.336885673105755,-0.6974274855187637,0.6974274855187637
1762247631.8465664,0.8058689175439663,-1.3087809720666312,-1.2184073574093994e-05,0.0,31.34811536067464,-0.7043623057834643,0.7043623057834643
1762247631.8631036,0.8131259613832794,-1.3148247152922012,-1.4056492630750927e-05,0.0,31.35776830010423,-0.7098383055902093,0.7098383055902093
1762247631.8795772,0.8116818607827371,-1.3148847939360377,-1.437137410956005e-05,0.0,31.355968975760582,-0.7100094104821028,0.7100094104821028
1762247631.904646,0.8106478417082911,-1.308436313945555,-1.0664789398604852e-05,0.0,31.354048538521994,-0.7036588568819186,0.7036588568819186
1762247631.9497216,0.7914250811017083,-1.3126288084764006,-1.4076622132499016e-05,0.0,31.33039717616624,-0.7092363954382493,0.7092363954382493
1762247631.9726324,0.7614892511241417,-1.3180978628955837,-0.0007195810463661032,0.0,31.292198390948435,-0.7165930998946074,0.7165930998946074
1762247631.9899585,0.7394909063825099,-1.3242276892730984,-0.0001878900385852006,0.0,31.264756634440555,-0.7238914064696984,0.7238914064696984
1762247632.0094607,0.7405606060312128,-1.3243551372729783,-4.593895960358851e-05,0.0,31.26612344592732,-0.7239657715686834,0.7239657715686834
1762247632.031586,0.7003583493393866,-1.2751671156299489,-2.3186550488809753e-05,0.0,31.21263830463364,-0.676480762570881,0.676480762570881
1762247632.0521715,0.6367483301126823,-1.2332385090780307,-1.0328129735435182e-05,0.0,31.130865585548953,-0.6358281581130913,0.6358281581130913
1762247632.0754302,0.6140507140504491,-1.2278444401691748,-0.0001759914563062283,0.0,31.101652229015595,-0.6304841887775305,0.6304841887775305
1762247632.0959854,0.6125357934250759,-1.2273980637709465,-0.00017462776338321364,0.0,31.099763350357392,-0.6300336399224932,0.6300336399224932
1762247632.1145327,0.6194545705661633,-1.2259282383401968,-1.0004715893206433e-05,0.0,31.109242553979698,-0.628575281958421,0.628575281958421
1762247632.148385,0.6299148793178124,-1.219948051795887,-0.00016908677868281605,0.0,31.122225430552064,-0.6225751168487544,0.6225751168487544
1762247632.177818,0.6538939666964253,-1.2175353883083655,-1.1717311808323583e-09,0.0,31.151955013966912,-0.6199490828894598,0.6199490828894598
1762247632.213699,0.7040580481674699,-1.2094823806421118,-1.2245782090907474e-05,0.0,31.21430405727019,-0.610709315881122,0.610709315881122
1762247632.2421145,0.7976196385226477,-1.2016662077379539,-1.015045516507605e-05,0.0,31.328336301798075,-0.598110497961745,0.598110497961745
1762247632.266492,0.9353304275458859,-1.2279827039947149,-9.863212267091384e-06,0.0,31.497051529610893,-0.6114772500531506,0.6114772500531506
1762247632.2970586,0.9945794203302393,-1.2695570945348218,-7.960376277381584e-06,0.0,31.574604233926486,-0.6451426683124457,0.6451426683124457
1762247632.3163948,1.0252048763599644,-1.2942442627197124,-0.00015184403130483065,0.0,31.616015164768868,-0.6651723059580001,0.6651723059580001
1762247632.337689,1.0466006170890074,-1.3087992400144384,-1.351999990233826e-05,0.0,31.644290808793453,-0.6762848878382643,0.6762848878382643
1762247632.3629048,1.1062732843849894,-1.3827183878352611,-8.316261364142385e-06,0.0,31.73175429434274,-0.7391410974941813,0.7391410974941813
1762247632.3846025,1.112938282048319,-1.3819729021817957,-0.0004929203530237526,0.0,31.739617934332077,-0.7372080005155461,0.7372080005155461
1762247632.4109464,1.0981880007968416,-1.3782764926683828,-0.00014934264207418308,0.0,31.72103017157651,-0.7362061752073167,0.7362061752073167
1762247632.4303756,1.089214273831641,-1.3821556534106043,-9.942772919010676e-10,0.0,31.711037283517758,-0.7415958751647557,0.7415958751647557
1762247632.4564176,1.0812606590599192,-1.3880695069531144,-0.000136244677661068,0.0,31.701959932663602,-0.7487940144716878,0.7487940144716878
1762247632.4778705,1.0737571068565563,-1.3851352240644228,-8.359556658326756e-06,0.0,31.692236725895768,-0.7471805501423849,0.7471805501423849
1762247632.5702977,1.0702591471476415,-1.3903752883063338,-8.109201032960201e-06,0.0,31.689076830240765,-0.7529354907385835,0.7529354907385835
1762247632.5882986,1.0670195981972834,-1.3912147302349547,-0.0001256590348613088,0.0,31.68530856664797,-0.754306490767581,0.754306490767581
1762247632.6090016,1.0642809215491034,-1.3899991372699827,-8.83019505910285e-06,0.0,31.681723133672044,-0.7535647527620769,0.7535647527620769
1762247632.6291068,1.0695458335951133,-1.3931001545424473,-8.75870929061516e-10,0.0,31.688775503302853,-0.7557415158806238,0.7557415158806238
1762247632.6497774,1.0650777336363606,-1.393820080567119,-0.00012005863212154647,0.0,31.683482114130474,-0.7571995938024673,0.7571995938024673
1762247632.683839,1.0702579825402625,-1.3982067246053311,-0.00011903669784829776,0.0,31.690707661019243,-0.7606552090731,0.7606552090731
1762247632.713944,1.0685720070048101,-1.400970360485987,-0.00011752999494415256,0.0,31.68922829607453,-0.7636633832551402,0.7636633832551402
1762247632.7416954,1.069468783523998,-1.4049888188387576,-6.6534843658217285e-06,0.0,31.69116319641235,-0.7674732281443137,0.7674732281443137
1762247632.7897162,1.0657836133779441,-1.4001959257326426,-0.0003949126091917105,0.0,31.685663922686448,-0.763367881875216,0.763367881875216
1762247632.8115423,1.064942864939031,-1.4012393410739852,-0.00011041910910535439,0.0,31.68485404572466,-0.7645372186013125,0.7645372186013125
1762247632.8355775,1.070028054106881,-1.403338766661693,-5.867531707399122e-06,0.0,31.691500554816287,-0.7657524419879724,0.7657524419879724
1762247632.854142,1.066974319312272,-1.4038296526832286,-5.797914162874968e-06,0.0,31.687873979053595,-0.7667505658336683,0.7667505658336683
1762247632.875051,1.065932522168663,-1.4017152937466335,-6.209317205471171e-06,0.0,31.686161407547655,-0.7648408731177018,0.7648408731177018
1762247632.8934867,1.0649811056307381,-1.3952700777059388,-5.821235396487756e-06,0.0,31.683664107866914,-0.7586453922892933,0.7586453922892933
1762247632.9313788,1.0659212762351888,-1.3885831635982475,-6.254944103722752e-06,0.0,31.683427906050127,-0.7518953386723428,0.7518953386723428
1762247632.9743478,1.0402658854076092,-1.3767134873223867,0.060261280817582155,0.0,31.649800882718836,-0.7443500462498259,0.7443500462498259
1762247632.9947362,1.0247237175309982,-1.3685204202888,0.1986951870693024,0.0,31.629275392655845,-0.7386706629712145,0.7386706629712145
1762247633.0130816,1.0174871670411203,-1.3672767207559617,0.20724387177248332,0.0,31.620213936630492,-0.738537168183956,0.738537168183956
1762247633.0359454,1.0084887952988204,-1.3714459374557013,0.2954583583048137,0.0,31.609996068215438,-0.7439995646790531,0.7439995646790531
1762247633.058344,1.0047035212209223,-1.3756802745318018,0.09016019916389975,0.0,31.60614283216191,-0.7487443354230968,0.7487443354230968
1762247633.0806117,0.998554569669935,-1.3844299915832496,0.09035170610009981,0.0,31.59937867897929,-0.7582964473123021,0.7582964473123021
1762247633.1116896,0.9939280395069113,-1.406596254079966,0.28761745917225884,0.0,31.597666960209324,-0.7808988202578191,0.7808988202578191
1762247633.1417658,0.981707240439172,-1.4271358652007564,0.3576752254089434,0.0,31.586147545848288,-0.8029738200094535,0.8029738200094535
1762247633.1770787,0.9822403532233777,-1.4781066345891045,0.5058379254319586,0.0,31.596088181322536,-0.8533471971071339,0.8533471971071339
1762247633.2040524,0.9874454365925894,-1.5171783184636438,0.5620028556890199,0.0,31.611382204381925,-0.8912418288170855,0.8912418288170855
1762247633.2261078,1.0056578196684716,-1.5189638802997987,0.5823580145455474,0.0,31.634988743082232,-0.8902585581057296,0.8902585581057296
1762247633.2487404,1.0285645753247665,-1.5307087229913297,0.5937386929397303,0.0,31.666586435233334,-0.8982313182922425,0.8982313182922425
1762247633.2716675,0.9945839106335999,-1.5851506275950322,0.24517004134248788,0.0,31.63421290329792,-0.9573611104589598,0.9573611104589598
1762247633.29949,1.0309092184359445,-1.462205190284023,0.2570437616749404,0.0,31.65535215829245,-0.8302430651606805,0.8302430651606805
1762247633.3188694,1.0620150560161232,-1.5405267164207903,0.6813062073134417,0.0,31.71246869256384,-0.9022839626932527,0.9022839626932527
1762247633.341824,1.063650144941338,-1.5643618823540673,0.6518197294760474,0.0,31.72001187593352,-0.925465654612178,0.925465654612178
1762247633.3644042,1.076985697821601,-1.5836938725096381,0.6630066484407974,0.0,31.741559964189918,-0.9421043920923563,0.9421043920923563
1762247633.3862066,1.1043878851921567,-1.6872352729406772,0.8279149625234544,0.0,31.80509755439065,-1.0385953332862625,1.0385953332862625
1762247633.4236114,1.1806818121726161,-1.786010752300587,0.8271883544256083,0.0,31.934629492364408,-1.118874674721267,1.118874674721267
1762247633.4515493,1.0491012855793977,-1.7835457275444442,0.8764627749206872,0.0,31.754372247151036,-1.1436847998306934,1.1436847998306934
1762247633.5938404,1.0356750321159955,-1.873815015353899,1.0370365368898056,0.0,31.759565448009276,-1.2348792049289357,1.2348792049289357
1762247633.6283863,1.0802997756000263,-1.8896628662178203,1.0513626450849105,0.0,31.828704116677482,-1.241754450722298,1.241754450722298
1762247633.6604457,1.14576827591691,-1.8982668841066586,1.1159990255993564,0.0,31.923504665184378,-1.2361269383529592,1.2361269383529592
1762247633.6799464,1.2262907429220329,-1.9134077060975385,1.1983351809712135,0.0,32.03869824879341,-1.231562585944298,1.231562585944298
1762247633.7109807,1.2691189867509678,-1.9120185809977033,1.246188565531457,0.0,32.09442356549087,-1.2191342628344108,1.2191342628344108
1762247633.7322173,1.3673822558312316,-1.8845942524464414,1.3040744631962378,0.0,32.212825845555834,-1.1655024520573793,1.1655024520573793
1762247633.7531233,1.364171824390476,-1.8818058379521228,1.3660834398542216,0.0,32.20779726830079,-1.1637615551473088,1.1637615551473088
1762247633.7763638,1.3782193865406691,-1.8817852906734074,1.3789055923544795,0.0,32.225221173958474,-1.159661915507468,1.159661915507468
1762247633.798094,1.3973768604955643,-1.8668914771086869,1.3213784451206088,0.0,32.24317835164217,-1.1397937817142274,1.1397937817142274
1762247633.818961,1.413832904714597,-1.845680006892926,1.3250233821145907,0.0,32.2552063480355,-1.1146519276659506,1.1146519276659506
1762247633.8384576,1.405242032618986,-1.8322778187221322,1.2760757020014348,0.0,32.239632988010555,-1.1044016041026223,1.1044016041026223
1762247633.8631182,1.4321763855928131,-1.8158315492130035,1.159324606267055,0.0,32.26606033378171,-1.0806818984305655,1.0806818984305655
1762247633.890565,1.4255054833492637,-1.7973290442553198,1.2303358735789063,0.0,32.25100230448645,-1.065018578518332,1.065018578518332
1762247633.9195483,1.4204578393059641,-1.7622400741900681,1.3494942776227878,0.0,32.231798492385686,-1.0329878935314407,1.0329878935314407
1762247633.9459877,1.4140557783775523,-1.7399994096567826,1.4295381888205962,0.0,32.215900700908605,-1.013585811982218,1.013585811982218
1762247633.965994,1.416189786139935,-1.7127400041856058,1.5340268716109262,0.0,32.20850769866543,-0.9868768467223732,0.9868768467223732
1762247633.9926212,1.4169161866018571,-1.6925078798639293,1.5492506407499067,0.0,32.201238607761645,-0.9672940745097153,0.9672940745097153
1762247634.019245,1.407709217279161,-1.682644904264586,1.5688957945499187,0.0,32.18672604094703,-0.9604777349230855,0.9604777349230855
1762247634.042102,1.413843693242399,-1.6925086408295176,1.6016401552937174,0.0,32.197570784194454,-0.9681773193973484,0.9681773193973484
1762247634.0661645,1.4489327991644267,-1.7100160899661472,1.5486017338857463,0.0,32.246433137489454,-0.974687255050715,0.974687255050715
1762247634.1029532,1.489391382235102,-1.723741494339085,1.4920133791317007,0.0,32.29914257916888,-0.9755698145188225,0.9755698145188225
1762247634.1243618,1.4804847142650788,-1.7431930658660282,1.4462775872091473,0.0,32.29603860101513,-0.9968147834551557,0.9968147834551557
1762247634.152723,1.5010333842660273,-1.7686850413170685,1.3623472382740702,0.0,32.33066189448325,-1.0147016809469116,1.0147016809469116
1762247634.1758902,1.5240795250318726,-1.7965386219565174,1.272029264126117,0.0,32.36849799780467,-1.0338483573857757,1.0338483573857757
1762247634.208074,1.525311154783263,-1.8165532458178781,1.2521038048599098,0.0,32.37785627787324,-1.0524149783560204,1.0524149783560204
1762247634.2338793,1.5543829277606172,-1.8302696611038025,1.1604168724151989,0.0,32.417926560588654,-1.0559551481315153,1.0559551481315153
1762247634.2516296,1.5536516958171853,-1.84772481630574,1.107174279903753,0.0,32.42415532520887,-1.0726818907492222,1.0726818907492222
1762247634.2745008,1.5554430202864533,-1.8616703810659039,1.1398945439022037,0.0,32.43192336430383,-1.0852571612427409,1.0852571612427409
1762247634.299802,1.5692881614760854,-1.88099752033808,1.1334034067458731,0.0,32.45595394384473,-1.0988831147178335,1.0988831147178335
1762247634.3299677,1.591267728190207,-1.899732302180886,1.1752205422901016,0.0,32.489201239602366,-1.1091087211390063,1.1091087211390063
1762247634.3507524,1.6082900528276345,-1.9167529969405657,1.2404987094176994,0.0,32.51667162808893,-1.1192778965545696,1.1192778965545696
1762247634.3838422,1.6203867815309212,-1.9314437195368441,1.2426529602107164,0.0,32.53682237376406,-1.1288768344268854,1.1288768344268854
1762247634.411711,1.6259152790274538,-1.9371086783979128,1.235718034540164,0.0,32.54558826239313,-1.1322619626082757,1.1322619626082757
1762247634.4356048,1.6510047271550683,-1.945973951077105,1.2455072756140626,0.0,32.57808814888048,-1.1317433323857862,1.1317433323857862
1762247634.4555256,1.6890774359718173,-1.9661688127398957,1.317097387816849,0.0,32.630652306057286,-1.13697221521973,1.13697221521973
1762247634.4821076,1.7252955516642545,-1.9801829375645448,1.371478022995758,0.0,32.67753679107848,-1.1367884676146178,1.1367884676146178
1762247634.5369534,1.8495617878216968,-2.062343841932803,1.476168363648222,0.0,32.852408458087005,-1.1654842304207873,1.1654842304207873
1762247634.558674,1.880444341136877,-2.083963061165152,1.5196895141525606,0.0,32.8957390618442,-1.1731758333279028,1.1731758333279028
1762247634.5880826,1.8568833707885697,-2.091972708782686,1.5726214198980606,0.0,32.87405135981703,-1.189852145031143,1.189852145031143
1762247634.6115646,1.9005534458151647,-2.105915599969065,1.6568443745079915,0.0,32.92784051602244,-1.1852911114120186,1.1852911114120186
1762247634.644241,1.9137474537226402,-2.1288413396108474,1.67835053050901,0.0,32.952679513491056,-1.2009812208499089,1.2009812208499089
1762247634.6659467,1.9537218012923037,-2.14893250527196,1.7202268263696758,0.0,33.00481114855549,-1.2031074197043496,1.2031074197043496
1762247634.6943774,1.9164888239071676,-2.155332628003601,1.738826251918256,0.0,32.96808853866995,-1.224105012010467,1.224105012010467
1762247634.7207475,1.9002654475302898,-2.1668659607923058,1.7398979230769922,0.0,32.95620444767347,-1.2412130488113993,1.2412130488113993
1762247634.7462232,1.8951934684069989,-2.1640429646927712,1.7468219320883362,0.0,32.94943418124354,-1.240675311273609,1.240675311273609
1762247634.7691195,1.9294549227366258,-2.166004505062037,1.8726538116032245,0.0,32.986938894328595,-1.2285937010585772,1.2285937010585772
1762247634.7971442,1.9007217965510734,-2.170532522830107,1.9134443146507927,0.0,32.95842780071494,-1.2443831389048756,1.2443831389048756
1762247634.8154004,1.8809774776615888,-2.177924090071716,1.9675355233351786,0.0,32.94072126092299,-1.2591037825030593,1.2591037825030593
1762247634.8355827,1.8849270361610289,-2.1769765916385886,2.0420043917750608,0.0,32.94452395818995,-1.2566479241420259,1.2566479241420259
1762247634.8572242,1.9208489484586913,-2.1730407963545084,2.1317727329139253,0.0,32.981115352844824,-1.2385217853705721,1.2385217853705721
1762247634.8803473,1.9568645811065204,-2.1610328245105688,2.1513747280926405,0.0,33.013859064964656,-1.2128610771329447,1.2128610771329447
1762247634.911297,1.953061666805226,-2.149905208155909,2.1292107099465913,0.0,33.00457506241745,-1.2042650067728125,1.2042650067728125
1762247634.9438362,1.9412918549675542,-2.1470990017095937,2.0972675689419567,0.0,32.99055318426604,-1.206506586221847,1.206506586221847
1762247634.9682393,2.005510281091779,-2.1547864144308146,2.1298221494518357,0.0,33.06187066178856,-1.1871151894684955,1.1871151894684955
1762247634.9878762,2.011622936087897,-2.1357435927114463,2.2201992437719156,0.0,33.059201169799,-1.1672516881922734,1.1672516881922734
1762247635.020998,2.033660657547561,-2.1286768074925955,2.261155765002149,0.0,33.07869685374611,-1.1516696614528965,1.1516696614528965
1762247635.0534923,2.0462013569291027,-2.140429793186559,2.185110987029329,0.0,33.09720593348418,-1.15711900395315,1.15711900395315
1762247635.08468,2.134446591027533,-2.166154416602203,1.9462401575762451,0.0,33.19948130956308,-1.143131214319923,1.143131214319923
1762247635.1124156,2.1465701067867253,-2.171562336636868,1.9441068343945835,0.0,33.214351613773474,-1.1428345259883725,1.1428345259883725
1762247635.1365616,2.1524137925290865,-2.1775128826576786,1.9655203103924475,0.0,33.223050391641635,-1.1457059415139774,1.1457059415139774
1762247635.162664,2.24066490566036,-2.1924079987437333,1.9133279700241754,0.0,33.31776836420905,-1.1209618967092534,1.1209618967092534
1762247635.184034,2.2833937293855264,-2.1992721394228023,1.9501066183976052,0.0,33.36276838830234,-1.1084449675904047,1.1084449675904047
1762247635.2079902,2.328856334060714,-2.206351388193251,2.0055824757280596,0.0,33.410122829633885,-1.0947865841045064,1.0947865841045064
1762247635.229722,2.358235258149718,-2.215102637695052,2.0379280006104237,0.0,33.44244120914389,-1.0896346990524786,1.0896346990524786
1762247635.2565007,2.3603490192033445,-2.2089754449960717,2.0419144867821006,0.0,33.44156478201154,-1.0832054344193554,1.0832054344193554
1762247635.2766342,2.4066983778819284,-2.2205645916022863,1.8217892861364016,0.0,33.49110409402314,-1.072983189417178,1.072983189417178
1762247635.3018124,2.428491821407989,-2.240371580551045,1.8816086190359689,0.0,33.52098809842743,-1.0809804860002985,1.0809804860002985
1762247635.3264055,2.466684539566921,-2.2532041761693424,1.9297757710941272,0.0,33.56277290499131,-1.0753530501560218,1.0753530501560218
1762247635.3581445,2.5441594980324798,-2.277669153164248,2.05810663599202,0.0,33.645780545938976,-1.0623552266606318,1.0623552266606318
1762247635.385413,2.5569990748360505,-2.301020502582177,2.0572353062048547,0.0,33.668324082081014,-1.0774032762261203,1.0774032762261203
1762247635.4120615,2.604862422331537,-2.3342189130150133,2.0882097083522995,0.0,33.72706521096887,-1.085394623893113,1.085394623893113
1762247635.435236,2.633087684797717,-2.355798681211562,2.16035611813935,0.0,33.76234321848297,-1.0918722755532109,1.0918722755532109
1762247635.4587905,2.6780370945870384,-2.3750940303110473,2.215475645904781,0.0,33.81125956518361,-1.0887364683789258,1.0887364683789258
1762247635.5658479,2.906421069685494,-2.473439146313034,2.583691389998462,0.0,34.055410615525076,-1.0734394945056454,1.0734394945056454
1762247635.5947618,2.9745981369030337,-2.4988038647079516,2.63381136674411,0.0,34.12576926965935,-1.065537670452666,1.065537670452666
1762247635.618049,3.013652522575609,-2.5187702624867274,2.6940086061854713,0.0,34.16829533464111,-1.0659386988408746,1.0659386988408746
1762247635.6432543,3.0348248053463034,-2.535509822005977,2.7909781557705444,0.0,34.19385516436779,-1.071474724277945,1.071474724277945
1762247635.672182,3.070899173960498,-2.5552066936335436,2.8659060079126455,0.0,34.23351159792486,-1.0730526583316768,1.0730526583316768
1762247635.6956666,3.1729136567455725,-2.5912737586063463,2.9873624859609764,0.0,34.33673630319005,-1.0602099351712369,1.0602099351712369
1762247635.7165356,3.1914949425518153,-2.5997266126463536,3.066394013498352,0.0,34.35624362234789,-1.0596097393179067,1.0596097393179067
1762247635.7393045,3.2217409469685423,-2.6075717181991793,3.1589058076788596,0.0,34.38545029225907,-1.0533570810430422,1.0533570810430422
1762247635.7742524,3.405012139874573,-2.652246743307471,3.1401532386877937,0.0,34.55983974822093,-1.01387578816936,1.01387578816936
1762247635.7986407,3.5088277389599947,-2.68124380628515,3.122557619614156,0.0,34.65901549766564,-0.9957428263190415,0.9957428263190415
1762247635.8222592,3.6363710477465157,-2.725475103767846,3.0778556915141566,0.0,34.78296157415629,-0.9824166525706065,0.9824166525706065
1762247635.8464122,3.727299031368755,-2.763123197536504,3.0154028310709298,0.0,34.87259439280801,-0.979428632901981,0.979428632901981
1762247635.861917,3.744997970224193,-2.7670275777470716,2.864326135662456,0.0,34.888703042000365,-0.9758204128323651,0.9758204128323651
1762247635.883891,3.7983308332744707,-2.8042409054246162,2.8687860487117627,0.0,34.946157167516056,-0.9884658196314468,0.9884658196314468
1762247635.9000192,3.8721991852101962,-2.8424883991841967,2.8424619512938616,0.0,35.02026061748209,-0.9944372377630406,0.9944372377630406
1762247635.926564,4.022533585311587,-2.906547747742207,2.7451236864672075,0.0,35.16453611228841,-0.9962044852013968,0.9962044852013968
1762247635.9546359,4.117074781073034,-2.9677018052113726,2.671862921394201,0.0,35.260434895766146,-1.0184710899718574,1.0184710899718574
1762247635.9742463,4.206020899560325,-3.017747867074093,2.5992377440513885,0.0,35.34690566413371,-1.033879800858264,1.033879800858264
1762247636.0006905,4.277726690984677,-3.051140498188242,2.530876456253376,0.0,35.414020971408455,-1.0407990506545581,1.0407990506545581
1762247636.0188093,4.340821500143623,-3.084238590575441,2.434027617911644,0.0,35.473298687983814,-1.0511587133153881,1.0511587133153881
1762247636.036792,4.384449849262404,-3.119756463022855,2.3096058204393146,0.0,35.51764123867028,-1.0707401776666374,1.0707401776666374
1762247636.0600383,4.395535119291511,-3.187817882239838,1.8680109625721915,0.0,35.54339252028511,-1.1318229708030425,1.1318229708030425
1762247636.0822473,4.322225845327314,-3.2201002470716444,1.86851541120083,0.0,35.4953327202484,-1.1857199276773405,1.1857199276773405
1762247636.0978827,4.289104333406473,-3.2947325425802743,1.668171828883375,0.0,35.48931257519411,-1.2670462502059965,1.2670462502059965
1762247636.1170948,4.377040704313428,-3.284313250923788,1.50334154311665,0.0,35.55358547830064,-1.2292676408806391,1.2292676408806391
1762247636.1400452,4.42092232602399,-3.2800835288580963,1.3631631144169831,0.0,35.58665657495121,-1.2117135214928827,1.2117135214928827
1762247636.161286,4.457976251946532,-3.2805817193533056,1.1390440311578132,0.0,35.616496617555825,-1.2009769783208797,1.2009769783208797
1762247636.1808183,4.4914534751918005,-3.272616786652462,1.0565862231158112,0.0,35.63882948858955,-1.1834127890061368,1.1834127890061368
1762247636.2140934,4.505399535945008,-3.2640986294489167,0.9634317047821396,0.0,35.64716050864084,-1.1711670882948562,1.1711670882948562
1762247636.2348752,4.510939914138862,-3.2696000962844636,0.8824686593185594,0.0,35.65278522087522,-1.1748043225925398,1.1748043225925398
1762247636.2551534,4.501574741401403,-3.270093129906357,0.8085608001896799,0.0,35.64560137444531,-1.1780204088757815,1.1780204088757815
1762247636.2765706,4.560268114508547,-3.2578713698735133,0.7448504015596771,0.0,35.68852845706837,-1.1493273408979294,1.1493273408979294
1762247636.2954588,4.639595237624499,-3.2470984071172304,0.7011836425013054,0.0,35.74656149177115,-1.1168351107091612,1.1168351107091612
1762247636.3226652,4.722134297442574,-3.258248369113801,0.614177685007607,0.0,35.81487176596527,-1.1056420408592138,1.1056420408592138
1762247636.3414218,4.818592505724738,-3.232464742376992,0.6020420668697642,0.0,35.882022044632116,-1.0565065959779754,1.0565065959779754
1762247636.3642712,4.920207245027206,-3.202235577066849,0.5439965781016842,0.0,35.95466449913216,-1.0033539880806677,1.0033539880806677
1762247636.3872342,4.887076947986799,-3.1996864889349323,0.540245533954121,0.0,35.929536639299535,-1.0084313857682374,1.0084313857682374
1762247636.407653,4.844120080731757,-3.2086587585776365,0.4548675104209976,0.0,35.897463645456334,-1.0272545584857966,1.0272545584857966
1762247636.4267938,4.835677329077379,-3.1692594836530104,0.397976954970934,0.0,35.88308971657696,-0.9910449215509918,0.9910449215509918
1762247636.4460843,4.854719568526684,-3.1125002670186515,0.37362419098841654,0.0,35.8870204888186,-0.9313651660625469,0.9313651660625469
1762247636.602561,4.847929478057355,-2.948827823695018,-0.00045807067157656816,0.0,35.848003042446194,-0.7743904350296154,0.7743904350296154
1762247636.624314,4.849287909978323,-2.9336567230368424,-0.00029697354243174255,0.0,35.84590674458993,-0.7593634321662317,0.7593634321662317
1762247636.648342,4.8172677630245095,-2.9385182054325294,-0.00026745470064979695,0.0,35.820695657841355,-0.7721955265529352,0.7721955265529352
1762247636.6730137,4.795471046883264,-2.9395928863259213,-0.0002558940173164219,0.0,35.8037024080445,-0.7788737142054233,0.7788737142054233
1762247636.7439485,4.752504966083703,-2.9676785967147614,-0.00453479546573366,0.0,35.77453814494771,-0.8173037440630069,0.8173037440630069
1762247636.7792356,4.747795704545016,-2.973555146882071,-0.0002233155061094524,0.0,35.772017221953405,-0.8242254730057992,0.8242254730057992
1762247636.7977152,4.741171320767426,-2.9780950093563074,-0.004629761671848504,0.0,35.76763510302955,-0.8303752358127162,0.8303752358127162
1762247636.825059,4.744959005880464,-2.980832759659554,-3.1127126851743236e-08,0.0,35.7713469261289,-0.8319968675694738,0.8319968675694738
1762247636.8514009,4.745434775668309,-2.9781207809996917,-0.00446646546408814,0.0,35.77112188450155,-0.8292565379638764,0.8292565379638764
1762247636.881161,4.751074552376534,-2.980092182378261,-0.0002746027888673271,0.0,35.77617123112539,-0.8296487540992815,0.8296487540992815
1762247636.9048278,4.757557290398898,-2.982124263739355,-0.00028856989501293423,0.0,35.781919117935345,-0.8298824031864346,0.8298824031864346
1762247636.9348805,4.76031454908091,-2.981044938702083,-2.921957350902893e-08,0.0,35.78392762073296,-0.8281103301209658,0.8281103301209658
1762247636.950812,4.7648815626902685,-2.981705629087793,-2.8781466782784593e-08,0.0,35.78780317403512,-0.8275389219191378,0.8275389219191378
1762247636.9674408,4.769798309122171,-2.982996401212362,-0.004015312436563126,0.0,35.79210376960728,-0.8274873157210072,0.8274873157210072
1762247636.984508,4.769399211324292,-2.9834388395705957,-2.8133949652592305e-08,0.0,35.79187652108482,-0.8280192189494963,0.8280192189494963
1762247637.0030346,4.792653853960771,-2.98642428700253,-0.0039512200372150055,0.0,35.81159283344936,-0.8248285472290322,0.8248285472290322
1762247637.0222266,4.804727320929082,-2.982968721833829,-0.004522115393038251,0.0,35.82027190770706,-0.8183758033647247,0.8183758033647247
1762247637.0481203,4.8113731821036865,-2.9871043957919183,-0.003724860123466099,0.0,35.826319282295195,-0.820670797627492,0.820670797627492
1762247637.0830572,4.8204060209726824,-2.987421581748763,-0.003745636674517985,0.0,35.83363928571685,-0.8186774138108327,0.8186774138108327
1762247637.1036305,4.800853534153356,-2.987712213987388,-0.00405835665690375,0.0,35.81825400715978,-0.8239559190524856,0.8239559190524856
1762247637.1294134,4.78386070401717,-2.9889808338653876,-0.0037938758672330284,0.0,35.80529074420647,-0.8295808271638162,0.8295808271638162
1762247637.148431,4.73994925744473,-2.9852075563075067,-0.00019719138553205858,0.0,35.76825005010503,-0.837554712015492,0.837554712015492
1762247637.170257,4.716014190651649,-2.97232469421797,-0.00020061777183434486,0.0,35.74576931921356,-0.8316368694624293,0.8316368694624293
1762247637.2037919,4.696786344012952,-2.9636613914088925,-0.00022608701930951284,0.0,35.72803908903319,-0.8285985769238264,0.8285985769238264
1762247637.227778,4.672978342413762,-2.9523133768435676,-0.0001804740151974786,0.0,35.70651782240392,-0.8243526674432496,0.8243526674432496
1762247637.2510464,4.659258414761325,-2.9436283088786435,-0.00019562979549929738,0.0,35.69310863934697,-0.8199054320742492,0.8199054320742492
1762247637.275911,4.647030672454931,-2.930402229583887,-0.00021109522704958826,0.0,35.67983822182866,-0.8107243666155529,0.8107243666155529
1762247637.319201,4.635495445843341,-2.932390260610868,-0.0002145003599260717,0.0,35.670853195126085,-0.8159499462935434,0.8159499462935434
1762247637.3450243,4.620385510366423,-2.9407415165306263,-0.00019079163422649245,0.0,35.66052545108484,-0.8283229554758768,0.8283229554758768
1762247637.364792,4.6136141051471435,-2.9457038830973796,-0.0003169359829564607,0.0,35.656211059759755,-0.8350429230382058,0.8350429230382058
1762247637.3877568,4.619109163145073,-2.947606207162326,-0.00017947171421674098,0.0,35.661184255445974,-0.8352620910656852,0.8352620910656852
1762247637.4099798,4.621808543378198,-2.9563041796180776,-0.0029948359349834157,0.0,35.66554665885061,-0.842801529264718,0.842801529264718
1762247637.4355392,4.62307240482764,-2.9603548529306303,-0.00016545792070400266,0.0,35.667579551261596,-0.8463122995097486,0.8463122995097486
1762247637.458843,4.622589526020699,-2.960091986258441,-0.00016506595150128322,0.0,35.66712007942304,-0.8462005201297581,0.8462005201297581
1762247637.5737596,4.608486004630145,-2.957998019215623,-0.00023755110462976328,0.0,35.65507410948554,-0.8482985213305724,0.8482985213305724
1762247637.6048195,4.599440971147374,-2.9582297191793336,-0.0001614397606664373,0.0,35.64773922802382,-0.8511678343778518,0.8511678343778518
1762247637.6254048,4.58101206300655,-2.946286731701115,-0.00014529011799274937,0.0,35.629664114139295,-0.8451978265152025,0.8451978265152025
1762247637.6442502,4.560177448410645,-2.931282377146253,-0.000511066294677274,0.0,35.60907204873054,-0.8371096404524244,0.8371096404524244
1762247637.665592,4.543520329328002,-2.9217736250852653,-0.00014080609369052929,0.0,35.593121953430895,-0.8330862634223682,0.8330862634223682
1762247637.6838207,4.535561313426958,-2.9189690101143886,-0.00017999436303154314,0.0,35.58585303461064,-0.8328407755150481,0.8328407755150481
1762247637.7850049,4.513590217269748,-2.9121420670617204,-0.0024334198188359518,0.0,35.56600573313022,-0.8330962378518604,0.8330962378518604
1762247637.814468,4.4931707416671545,-2.9089463545376386,-0.0024821121502297187,0.0,35.548380901603004,-0.8364049028704743,0.8364049028704743
1762247637.834691,4.481284671852706,-2.9135658756627727,-0.0026114662115290115,0.0,35.53987126586037,-0.8445145324257406,0.8445145324257406
1762247637.8548772,4.479292886391223,-2.9172287550548623,-0.00016268945733582382,0.0,35.53922771959674,-0.8486175854923123,0.8486175854923123
1762247637.8695374,4.493907164448636,-2.9281835509138876,-0.0024234392119192928,0.0,35.554147324450724,-0.8544529251654536,0.8544529251654536
1762247637.9372127,4.478369135880484,-2.9721817708714626,-0.0005322126361318882,0.0,35.55319813647647,-0.9011020810843314,0.9011020810843314
1762247637.9631922,4.452607425691208,-3.005648469581123,-0.00014202770486532244,0.0,35.54120424819199,-0.9409448207764212,0.9409448207764212
1762247637.9820921,4.446569310812499,-3.0226959033902903,-0.0020791470658596827,0.0,35.54085613092672,-0.9590259018893281,0.9590259018893281
1762247638.012642,4.442796382598881,-3.035660749012993,-0.0021488475980625354,0.0,35.54125145130561,-0.9725198671288409,0.9725198671288409
1762247638.0417325,4.43834976765003,-3.0513887805342224,-0.0021595122977613184,0.0,35.54183302962498,-0.9888489383571316,0.9888489383571316
1762247638.0704846,4.424509303353118,-3.0592168694496977,-0.0020080139899359348,0.0,35.53279417349786,-1.0006313794786386,1.0006313794786386
1762247638.089961,4.416729378481115,-3.06656379759184,-7.075639055520023e-05,0.0,35.52850939639956,-1.0100581036664826,1.0100581036664826
1762247638.114776,4.403307341368922,-3.0732933000636917,-0.00013623418150265774,0.0,35.51998369854162,-1.0206928313363288,1.0206928313363288
1762247638.137916,4.383858242101882,-3.079966963286669,-0.002322939181669554,0.0,35.50687257333654,-1.0332185724202931,1.0332185724202931
1762247638.1619656,4.363871395124899,-3.0829471535424053,-0.0019693003968861804,0.0,35.491355583920104,-1.0424634038622311,1.0424634038622311
1762247638.1804533,4.365018071140726,-3.0905347090831063,-1.313178902596912e-08,0.0,35.494333538546826,-1.0492760774359013,1.0492760774359013
1762247638.2014177,4.3842341952172665,-3.1039257144801633,-0.002029029710894486,0.0,35.51339581659985,-1.0558021475720945,1.0558021475720945
1762247638.2177417,4.390732081603344,-3.1161013385803162,-1.2839471349827825e-08,0.0,35.52145027637554,-1.0652786446617775,1.0652786446617775
1762247638.2398968,4.379323207478552,-3.2109269381982166,-0.0017857530351579108,0.0,35.536770371864996,-1.1588526059283721,1.1588526059283721
1762247638.2708223,4.364450169480904,-3.292356258465784,-1.2508210128249486e-08,0.0,35.54584153241818,-1.2408381394390957,1.2408381394390957
1762247638.2902033,4.372794649561995,-3.3420623808771497,-0.0017534480155699996,0.0,35.5648132777486,-1.2854831728612477,1.2854831728612477
1762247638.3171556,4.371877764325894,-3.3739419796322045,-0.0001260710774460903,0.0,35.5720348562685,-1.3160893512786527,1.3160893512786527
1762247638.3399522,4.387082512870608,-3.3961003786529314,-0.002212071387806243,0.0,35.5891672709137,-1.3325234381136852,1.3325234381136852
1762247638.367836,4.3970906482984,-3.415142049980701,-0.00012902973904084796,0.0,35.60437780764734,-1.3476258514438388,1.3476258514438388
1762247638.396188,4.416667139232522,-3.4350094690475945,-0.0016811017399394645,0.0,35.62241477892664,-1.3606892291895758,1.3606892291895758
1762247638.415943,4.431118442637401,-3.449169843792737,-0.00012315393305284102,0.0,35.63546606806622,-1.3699111279882021,1.3699111279882021
1762247638.4467216,4.442460593216101,-3.463525067720049,-9.400238666794189e-05,0.0,35.64631041085778,-1.38028341615565,1.38028341615565
1762247638.4625633,4.4532159440287336,-3.474958337263947,-0.00012880632939517536,0.0,35.65618008450974,-1.388068024875404,1.388068024875404
1762247638.6466405,4.504299540028269,-3.5514046714893728,-0.00010301777064335754,0.0,35.71537977748841,-1.4467014897153863,1.4467014897153863
1762247638.777101,4.517980483728644,-3.5620407718213163,-0.0016599179509951339,0.0,35.72649041562152,-1.4530947744641995,1.4530947744641995
1762247638.7963133,4.512610090353123,-3.5688223324829877,-7.148101385244113e-05,0.0,35.72431310099799,-1.4611025854254402,1.4611025854254402
1762247638.8126488,4.50106053085957,-3.5798282958391243,-6.042812893685125e-05,0.0,35.71895039080093,-1.4748943780510493,1.4748943780510493
1762247638.828362,4.499944934445837,-3.590479909775339,-6.298424376174975e-05,0.0,35.72033772317044,-1.485433086665768,1.485433086665768
1762247638.852413,4.495127779505099,-3.6075401899161466,-7.139062098808716e-05,0.0,35.7205839499981,-1.5031596898919246,1.5031596898919246
1762247638.9071946,4.4820395229189565,-3.6245399281171236,-0.00029825625166387545,0.0,35.71402054675394,-1.5231453727318573,1.5231453727318573
1762247638.9368422,4.471006383551705,-3.6382230308803734,-0.0014532870171102745,0.0,35.70694962576135,-1.5393800659049195,1.5393800659049195
1762247638.9657,4.468123359557912,-3.645185214304615,-4.5528386197356045e-05,0.0,35.705987611877994,-1.5468726083251731,1.5468726083251731
1762247639.0039623,4.471588274158179,-3.6465126330075694,-0.00018517518562739035,0.0,35.70967908349687,-1.5471704219091753,1.5471704219091753
1762247639.0377326,4.468069110238284,-3.6518267577692907,-0.001097254068470239,0.0,35.70767208257219,-1.5532603679501498,1.5532603679501498
1762247639.0706463,4.452786531239091,-3.6632793794030976,-0.0013752485778488162,0.0,35.698088903839896,-1.568563441495343,1.568563441495343
1762247639.095367,4.450263732083737,-3.6700344340519377,-5.173992610350485e-05,0.0,35.69769566511511,-1.5757565001455194,1.5757565001455194
1762247639.229671,4.444434748672919,-3.6830482441182584,-6.822081125706925e-09,0.0,35.696219301399374,-1.589889021143923,1.589889021143923
1762247639.3575656,4.4317931974365745,-3.686887542416844,-4.720829707219655e-05,0.0,35.68766917883743,-1.5971667520623214,1.5971667520623214
1762247639.5927677,4.417217189311552,-3.69807025812115,-0.0008147137726043359,0.0,35.67931328304777,-1.6120534198818446,1.6120534198818446
1762247639.6150677,4.414375095050046,-3.7002560908552904,-4.0532417396562454e-05,0.0,35.67768740861356,-1.6149633686835672,1.6149633686835672
1762247639.636316,4.410503145606995,-3.7016451403761397,-6.732587261269613e-05,0.0,35.675122366333085,-1.6174072584714394,1.6174072584714394
1762247639.659521,4.414786570954302,-3.7006527561273557,-4.312323560139008e-05,0.0,35.67808024659829,-1.615225094039559,1.615225094039559
1762247639.6830604,4.418144251249037,-3.698122289765505,-4.00404728861451e-05,0.0,35.68001265162342,-1.6118372399035958,1.6118372399035958
1762247639.7038987,4.41732931825956,-3.7017677411348857,-0.0007590680542741493,0.0,35.68021251002858,-1.6155632511997429,1.6155632511997429
1762247639.7234778,4.415197904396728,-3.703278095747771,-4.96593562451797e-09,0.0,35.67896491208189,-1.617621724648292,1.617621724648292
1762247639.7481742,4.417748839777109,-3.7044849525839267,-0.0007009465305950139,0.0,35.68112295066156,-1.6180460489671198,1.6180460489671198
1762247639.7653365,4.419493797337188,-3.706647236430132,-4.847992905558651e-09,0.0,35.682893455118325,-1.6196177755682553,1.6196177755682553
1762247639.798139,4.421824610841827,-3.706729659320432,-4.139779290064494e-05,0.0,35.684639928589895,-1.6190297909570774,1.6190297909570774
1762247639.8276372,4.421625401315287,-3.7077601265638753,-0.0006685662680625791,0.0,35.68471904698209,-1.6200741920558757,1.6200741920558757
1762247639.8490772,4.421277780187868,-3.705171058775779,-4.201833383010649e-05,0.0,35.68389123089689,-1.617692740401942,1.617692740401942
1762247639.8701026,4.423183022110852,-3.705067250524781,-4.549796200816608e-09,0.0,35.68528136709024,-1.6170483885979854,1.6170483885979854
1762247639.891466,4.425172940688011,-3.703338995223763,-3.6477744449114296e-05,0.0,35.68637695815559,-1.6148235803409638,1.6148235803409638
1762247639.9163225,4.423188095146832,-3.700947766302069,-0.0006771988834240689,0.0,35.684378004982264,-1.6130994563628205,1.6130994563628205
1762247639.9399257,4.420719689242693,-3.7002975792143733,-3.4501408989602385e-05,0.0,35.68240338019769,-1.6131829898914225,1.6131829898914225
1762247639.9583218,4.422801795009607,-3.69705664870876,-3.116488844647038e-05,0.0,35.68323384310866,-1.6094815775135451,1.6094815775135451
1762247639.974528,4.422806583349656,-3.69761243415255,-6.096622994307039e-05,0.0,35.683359923852755,-1.6100127363666792,1.6100127363666792
1762247639.9943345,4.4239673493232265,-3.700317011450834,-2.587522796265256e-05,0.0,35.68481722303853,-1.6122721886174682,1.6122721886174682
1762247640.020279,4.430931049600103,-3.7050499477414998,-2.8098049758397114e-05,0.0,35.69102441119428,-1.614821361933973,1.614821361933973
1762247640.0469692,4.428227713415725,-3.707582839160734,-3.8193758079828077e-05,0.0,35.68957580875785,-1.6180194046190604,1.6180194046190604
1762247640.0732841,4.429617382659897,-3.706936644831901,-3.388939769442138e-05,0.0,35.69046444989984,-1.617004044236995,1.617004044236995
1762247640.0951753,4.4328559609760685,-3.718061861993088,-0.0005575207786922678,0.0,35.69530546196093,-1.626749055906357,1.626749055906357
1762247640.115853,4.441533786797953,-3.729011072219161,-3.8067851053666796e-05,0.0,35.70224466533994,-1.6347942357469136,1.6347942357469136
1762247640.1456065,4.453963487279274,-3.7407038398411325,-0.0005315960591003644,0.0,35.71729960012039,-1.6425232496619953,1.6425232496619953
1762247640.1814134,4.475707229656888,-3.7559669271365554,-3.124489223929611e-05,0.0,35.73657544347321,-1.6511426458946699,1.6511426458946699
1762247640.2021282,4.4927141871340135,-3.7700914471818683,-4.18131408992577e-05,0.0,35.749473170153216,-1.6600603839709003,1.6600603839709003
1762247640.2295413,4.5136463460325436,-3.7857363218691016,-3.62461976361958e-09,0.0,35.76479444869976,-1.6694504794147131,1.6694504794147131
1762247640.2580402,4.534848059344795,-3.805540872966113,-0.0005063424144446936,0.0,35.78398575866582,-1.6828777763156206,1.6828777763156206
1762247640.2943618,4.556743867157269,-3.8252062938374203,-0.0005038363469688323,0.0,35.79808543148842,-1.6960934468575748,1.6960934468575748
1762247640.3250582,4.584921656531003,-3.8550287041007953,-2.5706172849478045e-05,0.0,35.832559880040634,-1.7176445522414943,1.7176445522414943
1762247640.3442445,4.601580619901604,-3.8736853354349563,-0.0004738053855063329,0.0,35.84641277663355,-1.731473393012736,1.731473393012736
1762247640.3668604,4.612570953240862,-3.8913842437410335,-3.316469936349986e-09,0.0,35.85532541157989,-1.7458576584735976,1.7458576584735976
1762247640.3949094,4.624025970037241,-3.9125801829118583,-3.8427260832702886e-05,0.0,35.86484699374956,-1.763553630091236,1.763553630091236
1762247640.4325743,4.631435170184398,-3.9308361503286764,-3.3221294488367766e-05,0.0,35.87172144468882,-1.779430938889558,1.779430938889558
1762247640.460465,4.652280212708202,-3.943940607241388,-2.966997706022979e-05,0.0,35.88932826019831,-1.7870864334919365,1.7870864334919365
1762247640.5733325,4.755897088538136,-4.0117958708420085,-2.9229253214850537e-09,0.0,35.96912770659011,-1.8291686295243936,1.8291686295243936
1762247640.5961516,4.773884119567905,-4.022278711014761,-2.884015188556882e-09,0.0,35.982298910988916,-1.8354462845914703,1.8354462845914703
1762247640.621623,4.783742858746169,-4.030808228842294,-2.3384301893864486e-05,0.0,35.99089026442834,-1.8416347899922683,1.8416347899922683
1762247640.6466627,4.793885063669797,-4.033871102301244,-2.4318940118743053e-05,0.0,35.98321532051598,-1.8423986950826752,1.8423986950826752
1762247640.6745574,4.804925914486681,-4.039283630091161,-2.7429466777344896e-09,0.0,35.99507697617295,-1.8453536222796936,1.8453536222796936
1762247640.7041187,4.808820347656192,-4.040721603303289,-0.00037514280456162795,0.0,35.999172331696776,-1.8459400302247397,1.8459400302247397
1762247640.723488,4.814813586735578,-4.046332041117614,-2.641461256322475e-09,0.0,36.006113628417175,-1.8501690996065046,1.8501690996065046
1762247640.7463365,4.822689920202512,-4.049416857420014,-0.00037290422733727744,0.0,36.014429521419714,-1.8515430430063262,1.8515430430063262
1762247640.7656016,4.826607058858126,-4.051152455261608,-2.575605318974085e-09,0.0,36.018603141552894,-1.8524269364059587,1.8524269364059587
1762247640.783377,4.830047929673521,-4.0521129088389225,-1.6316796888545502e-05,0.0,36.02216323442946,-1.852653456095939,1.852653456095939
1762247640.8147626,4.837687065725925,-4.052177896009662,-0.0003545585496272762,0.0,36.029678324564735,-1.8511395315658052,1.8511395315658052
1762247640.842433,4.830118653127845,-4.052895829402712,-0.00043223276437470503,0.0,36.022379913568535,-1.853404764573205,1.853404764573205
1762247640.8608463,4.84938534115706,-4.051862126290565,-2.4157507086310787e-09,0.0,36.04110855171938,-1.8484292239506077,1.8484292239506077
1762247640.880426,4.858241868779558,-4.051889331620041,-0.0003335145804133556,0.0,36.04923257641595,-1.846650812557488,1.846650812557488
1762247640.9004827,4.863648416681969,-4.053185483765508,-0.00034669966775929914,0.0,36.052099214807264,-1.846828861198873,1.846828861198873
1762247640.9287105,4.853451633860043,-4.031438311977764,-2.023827172116663e-05,0.0,36.04126189840587,-1.8276050777774382,1.8276050777774382
1762247640.9491124,4.8078851869707036,-3.981461668588819,-8.052068150125213e-05,0.0,35.98711085204608,-1.7882200974946876,1.7882200974946876
1762247640.9749687,4.750842465989241,-3.9468600181290574,-2.3661019003194132e-05,0.0,35.958308478377006,-1.7669928885198776,1.7669928885198776
1762247640.9979618,4.742523031985394,-3.9382194199807334,-0.000408442237234953,0.0,35.952677518350434,-1.7604488281611315,1.7604488281611315
1762247641.021764,4.787558089614478,-3.9600719514170537,-0.0003155427993875381,0.0,35.98231049964438,-1.771754822159413,1.771754822159413
1762247641.0468805,4.822950232172555,-3.9853916916863277,-0.00030763716988974413,0.0,36.002646154838644,-1.788881545570132,1.788881545570132
1762247641.0689685,4.756966211303776,-4.051140996584559,-2.186875447655331e-05,0.0,35.97455377422145,-1.8673095738104868,1.8673095738104868
1762247641.0879173,4.71369296218336,-4.093718800995578,-1.7703273935050184e-05,0.0,35.95754635891826,-1.9184430134881825,1.9184430134881825
1762247641.1119242,4.711345188798834,-4.108328398491126,-1.7173888563638595e-05,0.0,35.95816259819549,-1.9332063178132097,1.9332063178132097
1762247641.1370416,4.715575795280617,-4.119779742589311,-0.0002863969262939625,0.0,35.96164717111404,-1.943417392595168,1.943417392595168
1762247641.1636605,4.715163385810816,-4.126127801962784,-5.4632676645163634e-05,0.0,35.962200497322954,-1.9496968944804902,1.9496968944804902
1762247641.1807654,4.726163753310792,-4.122712094789756,-0.00027596982437772726,0.0,35.967221041222174,-1.943916485876204,1.943916485876204
1762247641.2047927,4.778161984868465,-4.104691311238166,-0.0003246041264612947,0.0,35.9810894555906,-1.914929716078656,1.914929716078656
1762247641.2253268,4.740026557629423,-4.1037933876682855,-1.925614543903456e-09,0.0,35.971893529626314,-1.9223993108651554,1.9223993108651554
1762247641.2566903,4.884085453352019,-4.085569572942671,-1.5321070696678557e-05,0.0,36.065762333355885,-1.874491899128278,1.874491899128278
1762247641.289939,5.193174043691814,-4.073645303770563,-1.4997663795733909e-05,0.0,36.26689182347063,-1.8101093080822166,1.8101093080822166
1762247641.3250117,5.255282590967684,-4.069115288252841,-1.3805870027271392e-05,0.0,36.29156331346813,-1.7970502298936035,1.7970502298936035
1762247641.34974,5.276327952199451,-4.065818468970249,-1.1834598676036797e-05,0.0,36.31214837844078,-1.7910898490722689,1.7910898490722689
1762247641.368083,4.9833891763263205,-4.096757640702971,-1.7620900075437235e-09,0.0,36.13032972873756,-1.8667732637442593,1.8667732637442593
1762247641.389449,5.022425576692756,-4.081161299778837,-0.0002525480519186038,0.0,36.158472949012456,-1.8445327192913663,1.8445327192913663
1762247641.416419,5.007421472958414,-4.069842861854492,-0.0002389281602973793,0.0,36.14970837267432,-1.8360064840021786,1.8360064840021786
1762247641.4476902,5.018601611633174,-4.060717848528862,-1.5144705597332943e-05,0.0,36.1546450399338,-1.8250643747173034,1.8250643747173034
1762247641.5170808,4.720216984734649,-4.0693226603828645,-1.3030345259098401e-05,0.0,35.95782681285055,-1.8932048036078042,1.8932048036078042
1762247641.5530875,4.748462268301313,-4.056635788714354,-1.19463845106422e-05,0.0,35.97065391770775,-1.8745427234459708,1.8745427234459708
1762247641.5820177,4.760978167950114,-4.04621189236014,-1.3547198265229261e-05,0.0,35.976696999071905,-1.8616206593483688,1.8616206593483688
1762247641.6124618,4.758207121002412,-4.024690879916888,-1.4567307425412785e-05,0.0,35.971870898116876,-1.8412348166428678,1.8412348166428678
1762247641.6538968,4.783112779555097,-4.010639753868018,-5.453402908682806e-05,0.0,35.98718881501492,-1.822080162022208,1.822080162022208
1762247641.6730976,4.794174255770721,-3.980523675665182,-1.198233138657081e-05,0.0,35.9904565016042,-1.7902840998212433,1.7902840998212433
1762247641.7015264,4.78449975700709,-3.9417151062064533,-0.0007120841387222151,0.0,35.97710578220753,-1.7545096166424745,1.7545096166424745
1762247641.7256343,4.785913053819948,-3.899104240254957,-1.0430437766973335e-05,0.0,35.97127109786433,-1.712629945194048,1.712629945194048
1762247641.775048,4.7341815801944245,-3.842684041287568,-1.3684849937273258e-09,0.0,35.932547425088345,-1.6693551591248434,1.6693551591248434
1762247641.8044238,4.709730512606742,-3.7818177724808755,-0.00019640399989519352,0.0,35.895645679694084,-1.6159189386970603,1.6159189386970603
1762247641.8397393,4.672284768428963,-3.7108129993154946,-9.07268110254401e-06,0.0,35.8624421828657,-1.55611727889946,1.55611727889946
1762247641.984829,4.574010336846877,-3.377033055855515,-1.6856926381466715e-05,0.0,35.72697271854042,-1.2598048578946688,1.2598048578946688
1762247642.0074475,4.587650048349666,-3.35917989299392,-1.0557600004504904e-05,0.0,35.73279558474305,-1.238872932281045,1.238872932281045
1762247642.0360441,4.6065078534036665,-3.344700814962829,-5.618113846168486e-05,0.0,35.743028444469935,-1.2197653269685143,1.2197653269685143
1762247642.0640922,4.55823112346709,-3.3189826481979714,-0.00015948235012382613,0.0,35.70358568153228,-1.2084996652832236,1.2084996652832236
1762247642.149444,4.4806875329617855,-3.2430120762264,-9.450044302913508e-06,0.0,35.6242436673405,-1.1583353235599452,1.1583353235599452
1762247642.1825325,4.4353991241748,-3.218852684770285,-0.0004974574950594072,0.0,35.582640611587216,-1.148988162012285,1.148988162012285
1762247642.2035527,4.36953705866777,-3.187648964904703,-0.00017996253789349126,0.0,35.52373272155105,-1.1398547056970156,1.1398547056970156
1762247642.2244005,4.348386959204452,-3.1667234361523326,-8.26448653859241e-06,0.0,35.502651579758755,-1.1267666155014278,1.1267666155014278
1762247642.250137,4.2987901862906455,-3.1470017182587715,-2.2807306349303483e-05,0.0,35.45711168973157,-1.124219249450351,1.124219249450351
1762247642.3954413,4.061815203659713,-3.1647870402398115,-0.000129054452675533,0.0,35.27663860191141,-1.2222681429667623,1.2222681429667623
1762247642.420805,4.032016245926607,-3.191552293358979,-8.80722388688147e-06,0.0,35.26124770318583,-1.2579345593961826,1.2579345593961826
1762247642.55378,3.8820976062985664,-3.4011086857150037,-8.053245101237067e-06,0.0,35.21002969596316,-1.5076344634790462,1.5076344634790462
1762247642.5727317,3.9078473695640565,-3.432849456879871,-0.0001377074577549787,0.0,35.23752931373312,-1.5277907612716997,1.5277907612716997
1762247642.5999498,3.9174353405279274,-3.4564613164802958,-0.0001129103631767068,0.0,35.25144450561418,-1.5463331526281747,1.5463331526281747
1762247642.6202497,3.9429663378624094,-3.4789412100276595,-1.1222109865836156e-05,0.0,35.27745672980901,-1.5581497523093695,1.5581497523093695
1762247642.7989523,3.7478597873672195,-3.5326827656452826,-0.0003666430269447806,0.0,35.146685552395475,-1.6796300157954362,1.6796300157954362
1762247642.950624,3.528936876445359,-3.650165072586205,-6.488288936071923e-10,0.0,35.02073229328325,-1.872030788152442,1.872030788152442
1762247642.9838274,3.6164377557846263,-3.6770093419455985,-4.601784953416894e-06,0.0,35.093401368751515,-1.8629740277034306,1.8629740277034306
1762247643.005371,3.7033288197755265,-3.70079516546814,-8.882451915153123e-05,0.0,35.163991829037485,-1.8521954756289571,1.8521954756289571
1762247643.0280669,3.765819552325674,-3.714605987157434,-4.128911176369892e-06,0.0,35.21652504663905,-1.8419332839806801,1.8419332839806801
1762247643.0533893,3.819716078721148,-3.730438511743169,-4.247803705891184e-06,0.0,35.25714042322823,-1.8371164562751834,1.8371164562751834
1762247643.082318,3.854118655933818,-3.7354624527448537,-8.49024513662267e-05,0.0,35.28409024782645,-1.8294896079443208,1.8294896079443208
1762247643.1045022,3.8796557968752077,-3.748571456183765,-4.541791759533357e-06,0.0,35.31006369327132,-1.8326940057131789,1.8326940057131789
1762247643.1482751,3.90513421675361,-3.760805528708292,-5.499932322557203e-06,0.0,35.32988880511834,-1.8352027192174445,1.8352027192174445
1762247643.183703,3.9204801879531126,-3.764306623018136,-2.2185149980655267e-05,0.0,35.34077977882367,-1.8331350493765708,1.8331350493765708
1762247643.2137764,3.9481244747804247,-3.7711456753953847,-4.01884078758326e-06,0.0,35.360742612263444,-1.8299876492878535,1.8299876492878535
1762247643.2456954,3.96332888921662,-3.77977566612327,-4.374170683412435e-06,0.0,35.37427151438746,-1.8328750368246278,1.8328750368246278
1762247643.2667685,3.971093916972218,-3.780420655053216,-4.228450893732841e-06,0.0,35.38017061969439,-1.8308278140092855,1.8308278140092855
1762247643.287343,3.97673523567882,-3.785139886967058,-0.00027120416256213946,0.0,35.38558802447786,-1.8333417641951684,1.8333417641951684
1762247643.3183193,3.972364269981476,-3.7864945413328837,-3.811982768854663e-06,0.0,35.382726296302216,-1.8361042821451607,1.8361042821451607
1762247643.3541517,3.968830203884895,-3.7893256701646427,-4.601956321560265e-06,0.0,35.380875670136504,-1.8399708278050801,1.8399708278050801
1762247643.3791587,3.9312688179393573,-3.7922967214946874,-5.359632870072047e-06,0.0,35.354566198596345,-1.8556533418239918,1.8556533418239918
1762247643.6094592,3.307658593313525,-3.716740604488728,-0.0002854906091588712,0.0,34.87568911908751,-2.0212873883292146,2.0212873883292146
1762247643.630271,3.2357878505810818,-3.708761580310947,-4.220659743741067e-10,0.0,34.81896665374012,-2.043375400542689,2.043375400542689
1762247643.7737105,3.036748468168752,-3.689554272813314,-3.607089957520792e-06,0.0,34.65877616698329,-2.1090930963932726,2.1090930963932726
1762247643.8008254,3.025814697336787,-3.6815555688052646,-3.12065587397059e-05,0.0,34.64727910154689,-2.1064899298734856,2.1064899298734856
1762247643.821857,3.0248196931029576,-3.6807267582385226,-3.2946666449523053e-06,0.0,34.64619423150877,-2.106162259122905,2.106162259122905
1762247643.8433034,3.021693589334293,-3.6826609255949054,-3.2309171270500184e-06,0.0,34.644453867955974,-2.1092413582363214,2.1092413582363214
1762247643.8673208,3.014275333745815,-3.671353967672545,-5.096301457550755e-05,0.0,34.63446434942928,-2.1021624962653562,2.1021624962653562
1762247643.893938,3.002409477758763,-3.666688256468011,-3.307414403367939e-06,0.0,34.62340814810953,-2.1029956815966213,2.1029956815966213
1762247643.9179351,2.9970211349463978,-3.664255313403152,-1.312249915383625e-05,0.0,34.61826393361802,-2.103093224568484,2.103093224568484
1762247643.942974,2.995359291414188,-3.654990665701167,-2.5286099801056504e-06,0.0,34.61351294672185,-2.095424164883248,2.095424164883248
1762247643.9767816,2.982259775485784,-3.650825548927153,-5.0938469383954914e-05,0.0,34.601801121164044,-2.097256667208762,2.097256667208762
1762247644.002151,2.97535827067703,-3.651627388582998,-5.098451530622352e-05,0.0,34.59680598091966,-2.1009345059513906,2.1009345059513906
1762247644.0428634,2.969115858794254,-3.6503586051707995,-5.122559567521631e-05,0.0,34.591390535071845,-2.1024610980714575,2.1024610980714575
1762247644.0735931,2.989337294389596,-3.655136301271346,-4.608633968251514e-05,0.0,34.608820958142644,-2.0981279828581725,2.0981279828581725
1762247644.100984,2.995781652541026,-3.662143141337871,-0.00015834358545266283,0.0,34.61650352598459,-2.101711926488325,2.101711926488325
1762247644.1370564,3.0089704177362986,-3.6713499543103993,-4.5235355502865044e-05,0.0,34.630293602945,-2.1044173663730126,2.1044173663730126
1762247644.159317,3.0149352153823714,-3.6741198974778184,-0.00015231324574174036,0.0,34.63600345509148,-2.1043846749061306,2.1043846749061306
1762247644.1950717,3.0152161033220746,-3.6783290312031722,-2.366683366420548e-06,0.0,34.63777619703412,-2.1080743907907467,2.1080743907907467
1762247644.217081,3.043446033687378,-3.68275397995269,-2.5141783518780237e-06,0.0,34.661528488386026,-2.1000950795871516,2.1000950795871516
1762247644.240119,3.0680036331615708,-3.690706861820707,-4.1088412501126576e-05,0.0,34.68360990080659,-2.096914165199107,2.096914165199107
1762247644.2687113,3.091237730298836,-3.6940284048966534,-3.9881579182499514e-05,0.0,34.703126442573925,-2.0901333587406996,2.0901333587406996
1762247644.2887304,3.1103397917136486,-3.693779036183212,-2.4124119318107767e-06,0.0,34.71734692395159,-2.081879926973159,2.081879926973159
1762247644.3103023,3.1448270594067487,-3.6947585354090844,-3.8292818724153494e-05,0.0,34.744144419704746,-2.068332362324004,2.068332362324004
1762247644.362097,3.181791476412683,-3.6998970169649157,-4.1033166404623635e-06,0.0,34.774472597605254,-2.0576145926541805,2.0576145926541805
1762247644.410227,3.2189606072549566,-3.7048722750940897,-2.080569237710866e-06,0.0,34.8053876927184,-2.046762505847365,2.046762505847365
1762247644.450311,3.238061835206599,-3.705583701924862,-2.543336762169616e-10,0.0,34.81957288091161,-2.0395435191626845,2.0395435191626845
1762247644.7485998,3.2182179601370464,-3.716792623237228,-1.5998684704848884e-06,0.0,34.8088171608031,-2.057928394938258,2.057928394938258
1762247644.9260597,3.1060524740998847,-3.6744458936099966,-1.8546533417113792e-10,0.0,34.70740040793104,-2.066136057090436,2.066136057090436
1762247644.9513419,3.064342480336469,-3.682981412972289,-1.4642318533765412e-06,0.0,34.677944873036814,-2.0914581828339007,2.0914581828339007
1762247644.9777675,3.038538317801508,-3.688900210335959,-1.8080766571448859e-10,0.0,34.65993715160763,-2.1077419777696744,2.1077419777696744
1762247645.0083241,2.9410275842569087,-3.696473441432091,-6.013663111948701e-06,0.0,34.586473128798595,-2.156163889217336,2.156163889217336
1762247645.0398028,2.9040824539483934,-3.6963634123782185,-1.4893096895118266e-06,0.0,34.55719517215111,-2.1719355287500286,2.1719355287500286
1762247645.063901,2.8846542643959063,-3.696990579014098,-1.3895442705052595e-06,0.0,34.54201287108553,-2.1808729985501283,2.1808729985501283
1762247645.0888388,2.687799094277578,-3.6772477701122215,-2.5576351747777373e-05,0.0,34.376334370659805,-2.2488506893846676,2.2488506893846676
1762247645.1241994,2.5024292777675847,-3.6622202255688068,-2.6310983806651257e-05,0.0,34.217670875356895,-2.3173829676111817,2.3173829676111817
1762247645.1677406,2.4754539009725103,-3.65858360281665,-1.6134967733910047e-10,0.0,34.193759033774136,-2.3261422164961356,2.3261422164961356
1762247645.2065465,2.546725220019709,-3.651860437480804,-1.6250394515057074e-06,0.0,34.25018898239763,-2.288410786098905,2.288410786098905
1762247645.2264843,2.441298557510736,-3.6475964190897225,-1.5339672281423737e-10,0.0,34.160679600390615,-2.331550661341052,2.331550661341052
1762247645.2441633,2.39524612471797,-3.643339831764025,-3.403204979370871e-05,0.0,34.12032089595416,-2.3483389087601845,2.3483389087601845
1762247645.2721457,2.3593193246016746,-3.6468463351384206,-1.4954344252986976e-10,0.0,34.091618608699164,-2.3675719223053715,2.3675719223053715
1762247645.370595,2.6700340279561,-3.719723813079638,-1.4039166065847684e-10,0.0,34.37878370873003,-2.2948124959110907,2.2948124959110907
1762247645.6194386,3.312603947042491,-3.356969217476848,-1.008170513680518e-06,0.0,34.75424605978767,-1.6913483668391047,1.6913483668391047
1762247645.8533146,3.3825980054634712,-3.084776303856705,-6.928810272284351e-05,0.0,34.709852495627906,-1.414846356682953,1.414846356682953
1762247645.9655268,3.3642096817939624,-3.0111562746940135,-1.1435236568426366e-06,0.0,34.667036819759396,-1.3558534535007654,1.3558534535007654
1762247645.985796,3.287937615394052,-3.0060730241852274,-1.372346625713099e-05,0.0,34.6023381381101,-1.38371306443639,1.38371306443639
1762247646.0081174,3.102345147150958,-3.002956856292478,-8.64645943313782e-07,0.0,34.44724310096943,-1.4611150405037931,1.4611150405037931
1762247646.029225,2.716834669192799,-3.0136090628509278,-7.381143280155928e-07,0.0,34.12569222995128,-1.6412688506387776,1.6412688506387776
1762247646.0497499,2.52148397535672,-3.015937764371008,-1.3740358881061036e-05,0.0,33.958723963125685,-1.7311478264299507,1.7311478264299507
1762247646.1259332,2.2040459205738214,-3.0136708280111937,-6.310125952375522e-07,0.0,33.675283950469016,-1.872639636754492,1.872639636754492
1762247646.161457,2.118515442948682,-2.9999607983776606,-7.105266201579821e-07,0.0,33.588309376559714,-1.8989328636734684,1.8989328636734684
1762247646.1935544,2.0254548722040497,-2.975508301357928,-6.72119890100401e-07,0.0,33.48578642052597,-1.918715036410681,1.918715036410681
1762247646.232259,1.934749220425126,-2.9584976763792916,-5.769100286524934e-07,0.0,33.38565158079911,-1.9436426194165988,1.9436426194165988
1762247646.2619998,1.8403019976193595,-2.943610490630812,-1.2420964024516983e-06,0.0,33.27902629786212,-1.9715108328372186,1.9715108328372186
1762247646.2966423,1.7754274108540424,-2.925541304046137,-1.1213543602960752e-05,0.0,33.19911096538745,-1.9831092575988483,1.9831092575988483
1762247646.3181264,1.7304305959318893,-2.904389565998308,-1.1783843501754501e-05,0.0,33.13834117057883,-1.983057804972002,1.983057804972002
1762247646.4923944,1.5677851611605615,-2.783367815278703,-9.939724719967739e-06,0.0,32.88344704316706,-1.9392190981104853,1.9392190981104853
1762247646.521157,1.5551911969702965,-2.7757078675549844,-9.830133804009846e-06,0.0,32.86428218341825,-1.9371442712634646,1.9371442712634646
1762247646.5497298,1.5359047326889816,-2.758286109494972,0.05376059898930142,0.0,32.83184459309663,-1.9286519449877901,1.9286519449877901
1762247646.75986,1.5306708556050714,-2.721340740329638,0.3279559198436779,0.0,32.80667483829846,-1.8966194951288982,1.8966194951288982
1762247646.786664,1.5524811983260018,-2.7285949526427387,0.3323661327898376,0.0,32.83668356174455,-1.8948497174580796,1.8948497174580796
1762247646.9736602,1.6564779172124127,-2.7124194179393823,0.560909725351663,0.0,32.95294441492678,-1.8387515521015692,1.8387515521015692
1762247647.1713605,1.8166491110444356,-2.6809516338356136,1.1171107048638926,0.0,33.11885906009304,-1.7440867838890088,1.7440867838890088
1762247647.194398,1.8410563049829147,-2.675487263547726,1.166080029725858,0.0,33.142684451279344,-1.7288518286498429,1.7288518286498429
1762247647.3845615,2.0759893503554543,-2.536465862212094,1.4670866452747977,0.0,33.31983010278594,-1.5023941836834536,1.5023941836834536
1762247647.632734,2.462361272570207,-2.4026121051482963,1.636358063196787,0.0,33.6285602271307,-1.2107549454105069,1.2107549454105069
1762247647.908665,2.8243620937357683,-2.3365317162578907,1.5617278201721199,0.0,33.92319837857697,-0.9881766311205333,0.9881766311205333
1762247648.0433886,3.047191110054849,-2.3616494067899505,1.7455913185874499,0.0,34.12920660425244,-0.9103970666543982,0.9103970666543982
1762247648.1722703,3.3055060443064073,-2.4598638378955306,1.7729545776281215,0.0,34.39543477678898,-0.883872114271572,0.883872114271572
1762247648.3547385,3.633159619352459,-2.600168337123078,1.705440757970148,0.0,34.73206056071954,-0.8698328001620269,0.8698328001620269
1762247648.381429,3.6714185231428367,-2.625557609635649,1.7776035142253754,0.0,34.77416508048111,-0.8769624331471211,0.8769624331471211
1762247648.5654533,4.091570516100997,-2.7545675076799436,2.1720848441496763,0.0,35.17118467130136,-0.8294457257812541,0.8294457257812541
1762247648.5869634,4.103381680708988,-2.758211045116223,2.1760560831518467,0.0,35.18220451362427,-0.8284431109397197,0.8284431109397197
1762247648.6133409,4.172156343204304,-2.773598506482487,2.174948661955603,0.0,35.244138009005916,-0.8175681968542856,0.8175681968542856
1762247648.6386135,4.232115875560725,-2.7802343515098404,2.1806400474055447,0.0,35.296030980776585,-0.8022857660943314,0.8022857660943314
1762247648.658415,4.321486591427373,-2.790643705356755,2.1417346187915225,0.0,35.373280998621006,-0.7808985184420394,0.7808985184420394
1762247648.6848233,4.402475853893765,-2.798182544812074,2.0029953647275636,0.0,35.44265890034017,-0.7607202962993831,0.7607202962993831
1762247648.716044,4.453666920656107,-2.79545747031052,1.9518051061144295,0.0,35.48454296804628,-0.7413817146724602,0.7413817146724602
1762247648.7401905,4.511031046142885,-2.790065781897323,1.951073375812213,0.0,35.530691299929636,-0.717929200386835,0.717929200386835
1762247648.7670004,4.568506355682474,-2.789817204990399,2.035914731510647,0.0,35.57876330523964,-0.6998040610217161,0.6998040610217161
1762247648.7954822,4.655296480337537,-2.7928816645579464,2.178034241439242,0.0,35.652168487233695,-0.6767106689855799,0.6767106689855799
1762247648.8244581,4.709195058517449,-2.787107389225675,2.26822806558741,0.0,35.696085893229565,-0.6556471237727042,0.6556471237727042
1762247648.8423402,4.767133527404342,-2.781091207909592,2.2945540024477653,0.0,35.74324923879328,-0.6337138181839814,0.6337138181839814
1762247648.8774395,4.814270443738195,-2.7770635037893907,2.221566026190164,0.0,35.7821992690036,-0.6171237654533477,0.6171237654533477
1762247648.8985944,4.9261288486352655,-2.7774655331163927,2.0579719640969096,0.0,35.876968642264494,-0.5890152519977004,0.5890152519977004
1762247648.927088,5.018694785047849,-2.788573183237588,1.9416279369752818,0.0,35.95780025547926,-0.5781398579923426,0.5781398579923426
1762247648.9559822,5.078583342378265,-2.7982509681586234,1.9729477248826859,0.0,36.0104050325125,-0.5745434741435812,0.5745434741435812
1762247648.9772036,5.112940506619996,-2.8053479404026485,2.0911278991254814,0.0,36.04100602913268,-0.5743654772890826,0.5743654772890826
1762247648.998381,5.155250879601082,-2.8137226663534074,2.161634517354012,0.0,36.0785708281763,-0.5741746211442111,0.5741746211442111
1762247649.0196965,5.222159366371513,-2.8300246007721874,2.1770537702042843,0.0,36.137955427485224,-0.5777613062973734,0.5777613062973734
1762247649.0460112,5.269492328309649,-2.84083229900913,2.221700094482595,0.0,36.17998035737823,-0.5802526805652416,0.5802526805652416
1762247649.0793273,5.339961741225707,-2.8608888130774117,2.231040018335064,0.0,36.24241207897204,-0.588915921488394,0.588915921488394
1762247649.1105561,5.419718380527657,-2.8845408654972577,2.335311856904693,0.0,36.31283474047852,-0.6011963125248098,0.6011963125248098
1762247649.1353765,5.50601701097086,-2.918637761824567,2.393837822289016,0.0,36.389169756365604,-0.6247994468295437,0.6247994468295437
1762247649.1589084,5.5961044952744246,-2.9527847776424494,2.4532535253858643,0.0,36.46703728924137,-0.6501245849970498,0.6501245849970498
1762247649.1876903,5.637209630766679,-2.9736596136816744,2.5400124480317254,0.0,36.50352453583182,-0.6676826118898422,0.6676826118898422
1762247649.212003,5.682647618757224,-2.9846364224507105,2.596281223136655,0.0,36.54033489704296,-0.6755539364766434,0.6755539364766434
1762247649.3878567,6.23540456907562,-3.0206278311261663,2.936476668671791,0.0,36.98705919528451,-0.7185686573233419,0.7185686573233419
1762247649.561467,6.818094667561729,-2.8605347023972967,2.786108775496065,0.0,37.4551606040359,-0.668085033446754,0.668085033446754
1762247649.780721,7.449335845741525,-2.5886743039860725,3.086395349327128,0.0,37.96433039701717,-0.6730573104299529,0.6730573104299529
1762247649.8030837,7.477548431818813,-2.562014993050284,3.128536571782181,0.0,37.99217645701301,-0.6654898742801216,0.6654898742801216
1762247649.8301082,7.565688295692844,-2.5033065036330373,3.205461630373719,0.0,38.06660091672029,-0.665932111450234,0.665932111450234
1762247649.8616705,7.634716286799662,-2.4829639580093423,3.1993703361140056,0.0,38.12069238030579,-0.6900247842356547,0.6900247842356547
1762247649.891125,7.6942154774798395,-2.4416429037311396,3.167104491825083,0.0,38.172758926102155,-0.693407167087728,0.693407167087728
1762247649.9236887,7.847326667045031,-2.3581446887105315,3.2280637838964106,0.0,0.06362750993857699,-0.726438804648933,0.726438804648933
1762247649.9435685,7.914626133509554,-2.310930826593111,3.1586645376886158,0.0,0.12614827146681598,-0.7360390574309408,0.7360390574309408
1762247649.9660044,7.969119163184469,-2.2592375470126793,3.2391045016800977,0.0,0.17358653163062404,-0.7361464899461007,0.7361464899461007
1762247649.9895692,8.041719108768532,-2.1631930271821647,3.258926279807267,0.0,0.2549193427441312,-0.7219526572738268,0.7219526572738268
1762247650.012417,8.09506191726915,-2.1041816199845234,3.3119274203227502,0.0,0.3133335236471353,-0.722896734277199,0.722896734277199
1762247650.0347219,8.144907174257089,-2.0336043370346064,3.2566594724149582,0.0,0.3833918006282881,-0.7158006829253004,0.7158006829253004
1762247650.0657663,8.172721941307783,-1.9745938522399227,3.271222029718812,0.0,0.43944320940956066,-0.700179326836394,0.700179326836394
1762247650.0972483,8.253265017024813,-1.8717491486235742,3.3084534637606375,0.0,0.5450217751539117,-0.7007824234681009,0.7007824234681009
1762247650.1360972,8.358428285004889,-1.8065225401596958,3.414390900951939,0.0,0.6269611409827132,-0.7487920436907861,0.7487920436907861
1762247650.1622066,8.378297952928644,-1.6656058925899784,3.477026413533111,0.0,0.7188640075815437,-0.6896870170307461,0.6896870170307461
1762247650.202773,8.448926822582246,-1.5073188852213608,3.472613147913904,0.0,0.8518994332603101,-0.6732000578443632,0.6732000578443632
1762247650.227776,8.452516568274289,-1.3733688205748296,3.461453646619583,0.0,0.9485431249417007,-0.6158367388518946,0.6158367388518946
1762247650.269788,8.477850395283573,-1.2516383139301934,3.5248361372230987,0.0,1.0470892886714722,-0.5881152876349429,0.5881152876349429
1762247650.2951987,8.51431525227541,-1.124948379390854,3.548178742457656,0.0,1.1515325027138734,-0.5739324934556314,0.5739324934556314
1762247650.3151429,8.537821753682362,-1.0377600253633854,3.572374559879996,0.0,1.2255099880113447,-0.5659895880497974,0.5659895880497974
1762247650.3394425,8.568320818296776,-0.9566217871329394,3.5865512597984766,0.0,1.2959077915028099,-0.5691927573297465,0.5691927573297465
1762247650.362563,8.612493091528354,-0.8040906731821866,3.6190942590492794,0.0,1.4267430204942162,-0.5689122857378364,0.5689122857378364
1762247650.3995588,8.637198045510411,-0.7188577531887478,3.6236052215671233,0.0,1.4996768820064845,-0.572172274777055,0.572172274777055
1762247650.4259472,8.668089601442555,-0.5613677520859153,3.6403028454590665,0.0,1.6326514853610983,-0.5699643826151803,0.5699643826151803
1762247650.4620433,8.70254339062272,-0.487274964030275,3.6422327155665593,0.0,1.6975331600519117,-0.5912824370222405,0.5912824370222405
1762247650.6341357,8.837326000275425,0.2481617067358855,3.6744691859401857,0.0,2.3077889772490803,-0.6865205217947103,0.6865205217947103
1762247650.8585176,8.822304022830274,0.9026032704342363,2.5188519283864523,0.0,2.8385602091811797,-0.7586778538211978,0.7586778538211978
1762247651.0191274,8.789028932932466,1.190526670849978,2.949144515605261,0.0,3.070158096912613,-0.798076892317574,0.798076892317574
1762247651.1306095,8.745764409735402,1.3471962427329336,3.108690568436685,0.0,3.201797203832016,-0.8040019543558745,0.8040019543558745
1762247651.1592255,8.695323073084909,1.524738784358812,3.1018641976549284,0.0,3.3498798778594843,-0.8169828717896122,0.8169828717896122
1762247651.183232,8.700472587363288,1.577636324284322,3.026432813854203,0.0,3.38852644556198,-0.8411266041705969,0.8411266041705969
1762247651.209608,8.68228194194218,1.573001988232835,2.9090379162088946,0.0,3.3905371768646235,-0.8225154615846664,0.8225154615846664
1762247651.2469182,8.661653786766607,1.5892346839959188,2.826226999444741,0.0,3.4091908462390172,-0.8094548880881487,0.8094548880881487
1762247651.2778726,8.645015996062265,1.6276457593979974,2.7058619675454905,0.0,3.4435334410688756,-0.8087067069401963,0.8087067069401963
1762247651.349117,8.573982720381032,1.847628781645298,3.04363940954955,0.0,3.629483450213675,-0.8341215249429377,0.8341215249429377
1762247651.37705,8.564172895159743,1.8650482863399036,3.1644990778355053,0.0,3.6458483223411635,-0.8328896090885507,0.8328896090885507
1762247651.5134432,8.42163474742373,2.1489234139013904,3.5216497646860465,0.0,3.903380659805428,-0.8404935923364256,0.8404935923364256
1762247651.540367,8.399054846571058,2.172244436797076,3.5270458877762345,0.0,3.929358477033779,-0.8327428862822049,0.8327428862822049
1762247651.5628695,8.326849891769285,2.2567737842888405,3.5316009007690368,0.0,4.018808038139888,-0.8146926639567837,0.8146926639567837
1762247651.5919476,8.293944562630891,2.304103242459739,3.5450903554424062,0.0,4.0653538257452775,-0.8120978750719303,0.8120978750719303
1762247651.62477,8.24500892490832,2.384960410629021,3.541349896663721,0.0,4.1434896836876955,-0.8154271983210961,0.8154271983210961
1762247651.6584415,8.24218555398741,2.4176401085182366,3.5428524187498116,0.0,4.1660420347323655,-0.8313551197164031,0.8313551197164031
1762247651.688842,8.202836795112058,2.5053271103344863,3.5515409919768337,0.0,4.243847736388737,-0.8490418325219302,0.8490418325219302
1762247651.733583,8.18450604867808,2.5526992003597515,3.576335040119671,0.0,4.283009660880582,-0.8617832335224033,0.8617832335224033
1762247651.7662795,8.138323719763138,2.6365069669916763,3.6068908126585995,0.0,4.359537777712495,-0.8746523929835861,0.8746523929835861
1762247651.7993789,8.093177634013172,2.7263466083749512,3.594080967002066,0.0,4.440422620231834,-0.8940257485560892,0.8940257485560892
1762247651.8340278,8.048262093159375,2.808137884656848,3.612700466124175,0.0,4.514294622801868,-0.9105271249550712,0.9105271249550712
1762247651.8602514,8.00886348364597,2.8578310211341704,3.6119267848526673,0.0,4.564906270920403,-0.9121770084104518,0.9121770084104518
1762247651.886305,7.942441702661557,2.9673556875068074,3.5804916297233005,0.0,4.667090770033322,-0.9339706594004953,0.9339706594004953
1762247651.9309769,7.901472292218334,3.0302449501898394,3.457372539799204,0.0,4.727878078859213,-0.9458716956915028,0.9458716956915028
1762247651.964618,7.810885887052041,3.1303157842971645,3.250817214217544,0.0,4.837717226775412,-0.9488103848065783,0.9488103848065783
1762247651.9947593,7.704855186830405,3.227690306923738,3.0366177686827758,0.0,4.954239472715724,-0.9425788574700413,0.9425788574700413
1762247652.0182102,7.650383758437656,3.2709954476340415,2.9428687795666075,0.0,5.011450132197123,-0.9360621353853877,0.9360621353853877
1762247652.0498602,7.540303918511786,3.341536338693048,2.730760273287023,0.0,5.116792422698644,-0.9131493073703125,0.9131493073703125
1762247652.0852044,7.417902657157457,3.377072469127429,2.630772844495801,0.0,5.21169915793401,-0.8589365587174546,0.8589365587174546
1762247652.1222494,7.2347685672782935,3.4339116655119004,2.417771818384328,0.0,5.359295883489175,-0.7857450510224262,0.7857450510224262
1762247652.151853,7.094939527441116,3.4754635381259855,2.4539541782892487,0.0,5.474835119360138,-0.7326676661319305,0.7326676661319305
1762247652.1988854,6.9963692183889385,3.4801234163877397,2.5232964370543036,0.0,5.545241587623373,-0.6775616032390175,0.6775616032390175
1762247652.2353582,6.832276627034982,3.550986366775624,2.752495667598803,0.0,5.697912850054327,-0.6408403223386447,0.6408403223386447
1762247652.2656496,6.725507075823118,3.553982284047789,2.977265884009535,0.0,5.777703977717282,-0.5840240224694248,0.5840240224694248
1762247652.2893414,6.586545593417365,3.5969555187105517,3.060918495150142,0.0,5.903082273788433,-0.545639352166061,0.545639352166061
1762247652.3205025,6.538144695207758,3.592450471490495,3.1920886386769904,0.0,5.93817355903297,-0.5164948714118567,0.5164948714118567
1762247652.3499887,6.448752341634783,3.631188857190895,3.405178282992308,0.0,6.0256764065403345,-0.5039963853540355,0.5039963853540355
1762247652.3706894,6.4033639645312395,3.632597460237575,3.510402923021245,0.0,6.061999772995506,-0.4824648247480632,0.4824648247480632
1762247652.3976142,6.356570684452064,3.6218927702491395,3.5950642706843863,0.0,6.094381901934376,-0.4499889264657314,0.4499889264657314
1762247652.4178922,6.277263509449363,3.627264415837858,3.5652870130396934,0.0,6.160627688630703,-0.4160719000042852,0.4160719000042852
1762247652.4450068,6.226861877334432,3.610586556106079,3.559935725588788,0.0,6.1943442652946015,-0.3773187170742552,0.3773187170742552
1762247652.570585,5.8431034585003125,3.637479001574786,3.503467970260666,0.0,6.530729340060663,-0.22955794948463784,0.22955794948463784
1762247652.7607496,5.528534319580351,3.5929864570113494,2.6636326209826713,0.0,6.794779611507159,-0.06314282320902168,0.06314282320902168
1762247652.9375741,5.3318863144564785,3.551263180926529,1.6835095961562452,0.0,6.962270672335737,0.0476872834340088,0.0476872834340088
1762247652.9660723,5.3346244013418795,3.551931241743334,1.4615732566169786,0.0,6.959930448093896,0.04609333164588437,0.04609333164588437
1762247652.9948738,5.311764332589312,3.5461869076993646,1.2558469182797376,0.0,6.979439935318279,0.05953335012465909,0.05953335012465909
1762247653.025556,5.315320331538119,3.523764359055988,1.154639683960858,0.0,6.968102728187977,0.07926607171103675,0.07926607171103675
1762247653.1848354,5.370939656578959,3.431398957455106,-0.014985564034545254,0.0,6.881498159743135,0.1454969877999289,0.1454969877999289
1762247653.3793113,5.1715366989393825,3.316703336602886,-0.12299770344787025,0.0,7.032623741115168,0.32347157157692286,0.32347157157692286
1762247653.5900056,5.158625594743625,3.332379537412229,-0.020858757340408724,0.0,7.051210693962971,0.3131653458888013,0.3131653458888013
1762247653.738686,5.149670292218218,3.336757965521618,-0.0003563704952777732,0.0,7.0617623099470705,0.31209175279253976,0.31209175279253976
1762247653.7899868,5.135773932351919,3.3363055431592334,-0.0003356566129412106,0.0,7.075584555726901,0.3172093200723042,0.3172093200723042
1762247653.810795,5.124032955600489,3.3382827068974774,-0.0003651418288125264,0.0,7.088182094252217,0.31927938019536395,0.31927938019536395
1762247653.8361883,5.106076232322025,3.343936926037575,-0.0008110618053926014,0.0,7.108507912212225,0.3198967547296585,0.3198967547296585
1762247653.8629534,5.101842911416195,3.3495515877029214,-4.235390765883196e-08,0.0,7.114842869115986,0.3159840357865066,0.3159840357865066
1762247653.8912766,5.0758000688264255,3.3539516096087096,-0.026413706165873223,0.0,7.143323276726475,0.32026635158142197,0.32026635158142197
1762247653.9946811,5.014310073423836,3.364543435171747,-0.0004398966013734717,0.0,7.211738513602801,0.32933049082640065,0.32933049082640065
1762247654.200493,4.795337788002011,3.3801235243755,-0.00021275025931030155,0.0,7.451024696528599,0.3728931388071547,0.3728931388071547
1762247654.2321093,4.765826845930453,3.3842065323808073,-0.0006154831102736373,0.0,7.483954320246562,0.37572691337878894,0.37572691337878894
1762247654.2534225,4.757616858489458,3.38599718088767,-0.004608620175069789,0.0,7.493274844951219,0.3758308051853064,0.3758308051853064
1762247654.3593671,4.609230509516946,3.4004537831761903,-0.00039149906625300044,0.0,7.657252971002309,0.39187950032335916,0.39187950032335916
1762247654.3801744,4.569753868309415,3.4049766969848747,-0.00028638579951251354,0.0,7.700821105019518,0.3944905962583908,0.3944905962583908
1762247654.6878872,3.9655312713277677,3.4406182423479974,-0.0035816985317679985,0.0,8.34495577546895,0.4298451209363749,0.4298451209363749
1762247654.845894,3.6258239237557697,3.4397667340822498,-0.00016744732326900817,0.0,8.68794632672769,0.45469239301648656,0.45469239301648656
1762247655.0970597,3.400304818578674,3.4363329137794256,-0.002699439623514538,0.0,8.909282351820387,0.4741400272773969,0.4741400272773969
1762247655.287181,3.4701194480792097,3.574286010975527,-0.00017197932924961322,0.0,8.850984747094634,0.3314007679629295,0.3314007679629295
1762247655.3810403,3.483155614955293,3.6049792054625214,-0.002400671871903526,0.0,8.8403446557565,0.2998441693698982,0.2998441693698982
1762247655.618184,3.4696117612767052,3.6040861649725366,-0.0001351571847794328,0.0,8.853621729345758,0.3017163511741381,0.3017163511741381
1762247655.8366435,3.463745758686364,3.516474144419401,-0.00011792290770518769,0.0,8.853107213539397,0.38952297764022137,0.38952297764022137
1762247655.9800272,3.50050712996209,3.440404801527741,-8.836334941153063e-05,0.0,8.81166169658451,0.4627527090563282,0.4627527090563282
1762247656.1736467,3.50872728858535,3.365881899373237,-9.886704669858734e-05,0.0,8.79840727216987,0.5365055661259945,0.5365055661259945
1762247656.207053,3.509288262279154,3.3354194354570064,-0.001433950974248529,0.0,8.795745103822217,0.56685238733553,0.56685238733553
1762247656.232285,3.4913069482434995,3.324589397568565,-0.0016183929802916148,0.0,8.81258437719089,0.5789291613803181,0.5789291613803181
1762247656.253339,3.5045176030593326,3.321559569056921,-7.73727692574312e-05,0.0,8.799454695885347,0.5810145785015247,0.5810145785015247
1762247656.2788527,3.5031691375125598,3.317165846097634,-7.773747428040254e-05,0.0,8.800469350953378,0.5854926481500083,0.5854926481500083
1762247656.3385742,3.431170316282719,3.30602826536158,-8.923418940397221e-09,0.0,8.869846004644703,0.6017869273931704,0.6017869273931704
1762247656.3712714,3.416517528623182,3.3051714324691477,-0.00037125992271652545,0.0,8.88399558903669,0.6037226628881338,0.6037226628881338
1762247656.568215,3.037311921278931,3.05482393686147,-0.0012603961117777307,0.0,9.221638658494129,0.8854913552694653,0.8854913552694653
1762247656.6032786,3.0229332371835835,3.033085407980512,-5.7330944730619196e-05,0.0,9.23310980495802,0.9085497077874395,0.9085497077874395
1762247656.6267383,3.0114042095287785,3.0152320463261533,-5.831283165458185e-05,0.0,9.242333332171567,0.9274652752540331,0.9274652752540331
1762247656.7323835,3.2568355689141666,2.799855403375336,-0.000982294611544165,0.0,8.998342805212044,1.1198682284404937,1.1198682284404937
1762247656.7532485,3.3211536094341922,2.7678733418966788,-0.0009698389076127459,0.0,8.936098401921349,1.1466853615605261,1.1466853615605261
1762247656.773565,3.3400009483751854,2.7600403522276404,-0.0009548359989892848,0.0,8.917899446146546,1.1530563929170776,1.1530563929170776
1762247656.798143,3.3650953904598695,2.740198981072898,-4.344475355870952e-05,0.0,8.89288714282336,1.1709545497469656,1.1709545497469656
1762247656.8430734,3.4354263506165847,2.706397233811032,-5.578355449539402e-05,0.0,8.82385232084539,1.1995327840028762,1.1995327840028762
1762247656.8756192,3.4936668931376746,2.668392841121278,-5.8679137100936525e-05,0.0,8.765374931642066,1.233333233152767,1.233333233152767
1762247656.8974428,3.5395035473936654,2.6191479150095747,-4.747650951881351e-05,0.0,8.717568310054483,1.2792931996803896,1.2792931996803896
1762247656.935883,3.566254485996407,2.582603238743934,-5.300676172146811e-05,0.0,8.688913237028617,1.3139227589548226,1.3139227589548226
1762247656.963136,3.575005717589993,2.5735149723971245,-5.4131478978844164e-05,0.0,8.679690520858536,1.322393494885894,1.322393494885894
1762247656.9824398,3.5684635893670262,2.5598962937767826,-5.881889362287923e-09,0.0,8.685215472906266,1.3364262506171005,1.3364262506171005
1762247657.0251658,3.5731602300766814,2.5601338553716535,-0.0008478623580302195,0.0,8.680608661460061,1.335869232907187,1.335869232907187
1762247657.050834,3.5753193132134613,2.5474043168733345,-0.00086059371276971,0.0,8.67762520136249,1.3484221910025733,1.3484221910025733
1762247657.0725603,3.5789685152795103,2.530937998585373,-0.00016647706777561246,0.0,8.672918064645199,1.3646019426635305,1.3646019426635305
1762247657.0945249,3.575412952790113,2.518736688979977,-0.0007796697552236685,0.0,8.6756044666933,1.3770169399699101,1.3770169399699101
1762247657.161474,3.5711611815593476,2.5054203593234865,-5.009448075342939e-05,0.0,8.678898970218906,1.3905918392341385,1.3905918392341385
1762247657.1976352,3.575431057281778,2.502342374722364,-4.4958447270454484e-05,0.0,8.67448371362264,1.3933720049601785,1.3933720049601785
1762247657.2244751,3.5714544282189573,2.4943416720638765,-3.7993837571429544e-05,0.0,8.677865311332662,1.4016248460974778,1.4016248460974778
1762247657.2626612,3.58624244481287,2.496604115095918,-0.00016168094096185784,0.0,8.66341720606353,1.3983616303393958,1.3983616303393958
1762247657.2861927,3.581914746906737,2.5170044723124043,-0.0006981944229540868,0.0,8.66907074573169,1.3783027572329514,1.3783027572329514
1762247657.313528,3.5773570944345923,2.5355208669491707,-0.0006800403551394004,0.0,8.674816396813593,1.3601393595425944,1.3601393595425944
1762247657.3363276,3.5933250709230506,2.5552387772922893,-3.778177468802444e-05,0.0,8.66035973534781,1.3393811624891088,1.3393811624891088
1762247657.3663254,3.59653742814592,2.5705882217073976,-8.822293756168322e-05,0.0,8.658212226886352,1.323848901622782,1.323848901622782
1762247657.4011483,3.5897901167182678,2.5859766184238127,-6.912678994946847e-05,0.0,8.665932782923987,1.3089547192995539,1.3089547192995539
1762247657.4383018,3.5817239718497538,2.6000427680540943,-0.000699047563039377,0.0,8.674850652432097,1.2954698602311578,1.2954698602311578
1762247657.483069,3.5791202461463447,2.6072384310886068,-3.555755051238087e-05,0.0,8.677903628700852,1.288468134146973,1.288468134146973
1762247657.5796447,3.5741935884552807,2.6368898784944528,-0.000569829453146869,0.0,8.684752841250607,1.2592211666732736,1.2592211666732736
1762247657.601725,3.567820593004998,2.637449512549819,-3.386580644408951e-05,0.0,8.691059722721372,1.2590974046695849,1.2590974046695849
1762247657.6318026,3.56000517108364,2.6422880089822893,-0.000904042566704589,0.0,8.699059492249305,1.254803796392906,1.254803796392906
1762247657.6559188,3.5614646026148775,2.643259258258601,-0.0006933171523106642,0.0,8.697692747118406,1.253735111470765,1.253735111470765
1762247657.6777258,3.559302070904515,2.6459092382544807,-0.0006085773272036095,0.0,8.699992496201164,1.2512390764976165,1.2512390764976165
1762247657.7610464,3.566278721646644,2.653642898897895,-3.514927484446591e-05,0.0,8.693663428349604,1.2430469861214621,1.2430469861214621
1762247657.784493,3.5574969273457917,2.655644293092376,-3.3133437285846384e-05,0.0,8.702416748618262,1.2416501848397774,1.2416501848397774
1762247657.8112004,3.5528225522324313,2.654791721598184,-0.0006285553310563508,0.0,8.70693962041689,1.242820513758086,1.242820513758086
1762247657.8443308,3.549821954253344,2.6562700279349434,-2.7563144455606904e-05,0.0,8.709976317728461,1.241551104038519,1.241551104038519
1762247657.8651695,3.5566465090057764,2.6504936052042174,-0.0006920025779486668,0.0,8.702904356002264,1.246846966672708,1.246846966672708
1762247657.927181,3.54978018943614,2.65427149741642,-6.981974095000472e-05,0.0,8.709882935658193,1.2435478025511768,1.2435478025511768
1762247657.9631531,3.5427369807058136,2.6627737672484524,-5.3226313535627076e-05,0.0,8.717340514809878,1.2355483037113877,1.2355483037113877
1762247657.9857562,3.546273806597547,2.6661150896129566,-0.00044147222705771924,0.0,8.714108357165857,1.2319722948044405,1.2319722948044405
1762247658.011249,3.5393073499581784,2.6670613686734286,-2.516339798604598e-05,0.0,8.720977660301598,1.2315062181541343,1.2315062181541343
1762247658.0440118,3.5342607722784325,2.6727532116339123,-0.0005101104445059053,0.0,8.726283252357497,1.2261746246726901,1.2261746246726901
1762247658.0765197,3.5309019054848014,2.673417855768355,-2.5767984568806582e-05,0.0,8.729601382434412,1.2257426447849036,1.2257426447849036
1762247658.107745,3.5332484108390037,2.674325210103244,-2.4399952712978313e-05,0.0,8.727375795594709,1.224675977350679,1.224675977350679
1762247658.1333947,3.5316974915172223,2.667941299026375,-0.0004093986683375314,0.0,8.728458194032795,1.231151463965977,1.231151463965977
1762247658.1523952,3.5199134830171768,2.6685540065685425,-5.0169670567068886e-05,0.0,8.739963125068925,1.231352433498482,1.231352433498482
1762247658.198507,3.538871765823174,2.6694049968492273,-2.7569977965099385e-09,0.0,8.72156028909706,1.2291980371710785,1.2291980371710785
1762247658.2216787,3.5227301706165934,2.6747846393894674,-2.686652787395327e-09,0.0,8.737644461408822,1.2249422490795705,1.2249422490795705
1762247658.2439632,3.5209993454309414,2.67279623324311,-0.0003834861810251777,0.0,8.739193239949325,1.2270453632490868,1.2270453632490868
1762247658.2658281,3.523423552706799,2.67128724090357,-2.6208337535783832e-09,0.0,8.736737016176765,1.2283834813285408,1.2283834813285408
1762247658.2856488,3.5228634334917666,2.6691133258229764,-2.587779745480065e-09,0.0,8.737133540167115,1.2305908557167062,1.2305908557167062
1762247658.3016691,3.5184088813867493,2.667106496356166,-0.0003975869563092662,0.0,8.74132739321901,1.2329003965719179,1.2329003965719179
1762247658.3679836,3.5157303753101137,2.669560106225221,-0.00035370700140257205,0.0,8.744093134795573,1.2306377539958555,1.2306377539958555
1762247658.395143,3.5176167027119414,2.669238006871927,-0.0003412704250598697,0.0,8.742240093506192,1.2308287069965786,1.2308287069965786
1762247658.6458983,3.5414420401698705,2.6713617659588835,-0.00031882203518039486,0.0,8.71918236161057,1.227069411718941,1.227069411718941
1762247658.9066381,3.5419872202356286,2.661711079941629,-0.00024515836722673533,0.0,8.718001508510842,1.2366599295190326,1.2366599295190326
1762247659.1075692,3.5129540807099695,2.664016703757658,-0.00038857934980997196,0.0,8.746414092264416,1.2363598998979992,1.2363598998979992
1762247659.3189757,3.562525919548276,2.6652677488116163,-9.691759417373637e-06,0.0,8.698130123217307,1.2317055316497876,1.2317055316497876
1762247659.54736,3.5470340213313905,2.671726495180473,-1.1890842574780281e-05,0.0,8.713742012509812,1.22632197659159,1.22632197659159
1762247659.825875,3.505622161713205,2.685338024339113,0.23168581359943932,0.0,8.754955736027815,1.2155978563719234,1.2155978563719234
1762247659.98557,3.289253618646545,2.7982384156747275,0.7015603227474325,0.0,8.968094397219236,1.1188944967403203,1.1188944967403203
1762247660.0125082,3.40248025862115,2.79222916287039,0.7039925187382363,0.0,8.86114548287283,1.1163071729846041,1.1163071729846041
1762247660.0314622,3.413399885643957,2.8160892236202493,0.8565182637827768,0.0,8.852412106390922,1.0917147160515546,1.0917147160515546
1762247660.05248,3.425873583802583,2.8441864824126397,0.9538221614934269,0.0,8.842455795988583,1.0627872005727148,1.0627872005727148
1762247660.0712721,3.4308536430197147,2.868635404602113,0.9883055276869975,0.0,8.839385655409632,1.0380424688234622,1.0380424688234622
1762247660.090682,3.4443723740137973,2.897224446498761,1.0913283890037664,0.0,8.828407913476333,1.0085549852786329,1.0085549852786329
1762247660.164217,3.4629940002350725,2.9662463691284344,1.4116095153056787,0.0,8.815244133153074,0.9383785835170237,0.9383785835170237
1762247660.1885755,3.4869143463189687,2.9881528062519713,1.4521584973630055,0.0,8.793621164429467,0.9148322340558707,0.9148322340558707
1762247660.2159579,3.4901736046007454,3.0073799043442033,1.5199867696210232,0.0,8.791778495602319,0.8954232618659832,0.8954232618659832
1762247660.2413633,3.4922260087040735,3.0408746226617067,1.5867510902534574,0.0,8.792082127103763,0.8618671732689657,0.8618671732689657
1762247660.2795,3.499242444238108,3.0661546443550574,1.6351933204729125,0.0,8.786998316050324,0.8361560914693501,0.8361560914693501
1762247660.3580606,3.4116725875748855,3.197904980372273,1.886124926651041,0.0,8.880978529854353,0.7110533788391682,0.7110533788391682
1762247660.3860254,3.3922943180432465,3.2505582097934895,1.929097793430439,0.0,8.90346360557204,0.6599908348422545,0.6599908348422545
1762247660.5631824,3.08703435519879,3.5171945703744742,2.3624508597559823,0.0,9.217982191199862,0.4204705844571783,0.4204705844571783
1762247660.7772613,2.5809611034713345,3.8857459078839423,2.9261305961025457,0.0,9.759907287241107,0.09983701558496982,0.09983701558496982
1762247660.9833758,2.128849102832794,4.000272353092897,3.1728152176623037,0.0,10.219966051113083,0.017617210441921664,0.017617210441921664
1762247661.259757,1.4597237114401544,3.899110031566835,3.4129512224265666,0.0,10.883175660206149,0.15646191184383215,0.15646191184383215
1762247661.3187294,1.6207139666493326,3.774027363129168,3.483027343747331,0.0,10.71544857244825,0.2729082905227048,0.2729082905227048
1762247661.572693,1.001922850176995,3.8246825184971405,3.1239989943919477,0.0,11.33664475595782,0.2541671210365904,0.2541671210365904
1762247661.7235138,0.5840288851459505,4.003020192372336,3.477985994804337,0.0,11.76319434607188,0.0974606782623993,0.0974606782623993
1762247661.7507544,0.5421280543998906,4.0399959764148194,3.5303664928858454,0.0,11.806928579065598,0.06264429074698895,0.06264429074698895
1762247661.8031673,0.461365970339778,4.070743170246306,3.5503803961670553,0.0,11.889157272174996,0.03597036998438094,0.03597036998438094
1762247661.8200774,0.3385144356981474,4.111066880046587,3.571556698544575,0.0,12.013860765834817,0.0017189874813650532,0.0017189874813650532
1762247661.8407137,0.3948388484960264,4.125578476730927,3.5684629154461915,0.0,11.958313688619898,-0.015517670129027605,0.015517670129027605
1762247661.9326558,0.33453638018729065,4.1273557607237965,3.6947376526263986,0.0,12.01862151845199,-0.014358466830662697,0.014358466830662697
1762247661.9730897,0.15866180861763657,4.1218983633345605,3.857823977543045,0.0,12.194025539916716,-0.0006013365866695606,0.0006013365866695606
1762247661.9966357,0.136235078921171,4.076938545900623,3.8636842551469965,0.0,12.214373844328435,0.04533964827458003,0.04533964827458003
1762247662.0302546,0.033405754068490646,4.069332133448589,3.9257915521094127,0.0,12.316845764910786,0.05755275846137506,0.05755275846137506
1762247662.05823,-0.0283536332003247,4.0633612695670145,3.868383995985858,0.0,12.378356959548595,0.06620163555989299,0.06620163555989299
1762247662.0790224,-0.02709568313580922,4.064583575376534,3.887734031488857,0.0,12.377151106122476,0.06492649294934581,0.06492649294934581
1762247662.1043684,-0.07795558580194704,4.044057489424524,3.779459242148561,0.0,12.427168473721538,0.08759195480716499,0.08759195480716499
1762247662.1252584,-0.21385442381658307,4.021805358502369,3.753576016993156,0.0,12.562347447002482,0.11533361809060448,0.11533361809060448
1762247662.1489716,-0.23257344004473532,4.026569774274999,3.759521941428956,0.0,12.581286632892361,0.11129982060650366,0.11129982060650366
1762247662.1827555,-0.26533031030398596,4.017784279923201,3.7517681445392084,0.0,12.61377232544238,0.1213315646901558,0.1213315646901558
1762247662.2142038,-0.37062273163709875,3.98724780412937,3.7691927868230373,0.0,12.718238451458003,0.15569895070305825,0.15569895070305825
1762247662.2428102,-0.49034390640742387,3.9594053037822996,3.800368543104989,0.0,12.83751291311991,0.18755548777148812,0.18755548777148812
1762247662.2731333,-0.6613861843390278,3.9363655226041994,3.7897702875740142,0.0,13.00884782138007,0.21562651967902202,0.21562651967902202
1762247662.297236,-0.5557490092881929,3.909603343703828,3.784841949578421,0.0,12.901738144170935,0.23936643964027463,0.23936643964027463
1762247662.3295414,-0.649484403772572,3.902522685030412,3.8234844273200386,0.0,12.995939707259918,0.2491351735872658,0.2491351735872658
1762247662.3505342,-0.7959235058612154,3.891120688806613,3.764007945736332,0.0,13.143308844877797,0.2641699810561825,0.2641699810561825
1762247662.3783698,-0.879515106393089,3.898458214328031,3.760208097761398,0.0,13.227825259352743,0.25857708615100844,0.25857708615100844
1762247662.4092023,-0.9045093894299876,3.901892646666512,3.7537192439801377,0.0,13.253123179239404,0.25561445332351646,0.25561445332351646
1762247662.437856,-1.08990253515853,3.9333033977541922,3.755373566186328,0.0,13.440817505555417,0.2269209042026038,0.2269209042026038
1762247662.4727855,-1.1201636987179273,3.9349846291118165,3.7443005129143607,0.0,13.471419592238481,0.22554042271533603,0.22554042271533603
1762247662.4985294,-1.254746014315662,3.951794321151717,3.740142442367261,0.0,13.607710123461787,0.20948542703495485,0.20948542703495485
1762247662.6720603,-1.762642870323919,4.044731271414099,3.7453402884706692,0.0,14.115331593475176,0.11395572667098017,0.11395572667098017
1762247662.8306475,-1.69672928159551,4.238289004101591,3.7960555196893653,0.0,14.050177983072318,-0.0798344541564504,0.0798344541564504
1762247663.0031967,-2.0473740025944447,4.414381589190941,3.7478683635534846,0.0,14.405918529333537,-0.2516181531723835,0.2516181531723835
1762247663.14327,-2.310084338391176,4.138303678039384,3.7113666985005804,0.0,14.662896786622495,0.030134669666333373,0.030134669666333373
1762247663.1631596,-2.257293893364012,4.077489983555008,3.716762187503922,0.0,14.608753683818122,0.08980160424780907,0.08980160424780907
1762247663.188474,-2.3049221053540485,4.0056897016344095,3.7279173734800892,0.0,14.654934602050472,0.16261113471526845,0.16261113471526845
1762247663.2327738,-2.3161979185059507,3.9582193031339745,3.743036640869991,0.0,14.665261051751664,0.21030737309520178,0.21030737309520178
1762247663.2539015,-2.364114924940087,3.8996664623488284,3.7478550924530576,0.0,14.712365456671881,0.269811651726969,0.269811651726969
1762247663.3352423,-2.4990563398659256,3.7921434558041818,3.7357009207155016,0.0,14.847980925455932,0.3794674331039234,0.3794674331039234
1762247663.5081894,-3.055497675023353,3.675657481337312,3.663483298938833,0.0,15.36296908001929,0.49826686411736626,0.49826686411736626
1762247663.5326095,-3.130253813540005,3.6722351189420195,3.7309198238543906,0.0,15.42367380513165,0.5096244108069714,0.5096244108069714
1762247663.5657785,-3.19527086253674,3.670262372598048,3.68497597306285,0.0,15.499569190053204,0.5190418566087981,0.5190418566087981
1762247663.6092799,-3.3985638351886793,3.677883087390894,3.5709498993372177,0.0,15.834271747278477,0.49079934891907606,0.49079934891907606
1762247663.6459928,-3.525977917777624,3.677516910278283,3.618856891686195,0.0,15.979949144972641,0.4678854498565308,0.4678854498565308
1762247663.667332,-3.6675850054760075,3.6813411698567666,3.6110771127955776,0.0,16.131361408572598,0.4329632741175451,0.4329632741175451
1762247663.6946766,-3.746828431998997,3.6807314020033686,3.5147775753347124,0.0,16.212590838154465,0.4146554574064373,0.4146554574064373
1762247663.7234972,-3.7908636122785606,3.6775919799204133,3.445021572800537,0.0,16.258597369785097,0.4068585823865381,0.4068585823865381
1762247663.7459927,-3.869741185178228,3.678831116677572,3.552742887793605,0.0,16.338887533743236,0.3855735430991699,0.3855735430991699
1762247663.7775588,-3.956172746366408,3.680984655639075,3.5894181342914067,0.0,16.426235021657728,0.36056345862620265,0.36056345862620265
1762247663.8248076,-4.106309007470087,3.676587806827923,3.496205214102729,0.0,16.576187973011926,0.32250357909907534,0.32250357909907534
1762247663.8493218,-4.344712565729466,3.6621338703844013,3.560311007862252,0.0,16.871637447562136,0.24104370112191964,0.24104370112191964
1762247663.8836272,-4.43780342150298,3.661342446386019,3.535850687797835,0.0,16.946109870702735,0.19467672322254131,0.19467672322254131
1762247663.9641812,-4.78127966189831,3.61553341213673,3.5390937073924826,0.0,17.26042943015534,0.09765362022130633,0.09765362022130633
1762247663.992846,-4.904190087472258,3.5450175742467547,3.5280631006840073,0.0,17.404040473875067,0.11172469379208741,0.11172469379208741
1762247664.0148652,-5.009545921039631,3.519507727090435,3.506722625695983,0.0,17.512188173498206,0.08936954382376272,0.08936954382376272
1762247664.042267,-5.052231371827113,3.4957652983548715,3.4814525388742696,0.0,17.561858140631372,0.09167640133307256,0.09167640133307256
1762247664.069166,-5.139723146783206,3.4267531274967498,3.485954609255973,0.0,17.67356295445995,0.11287465924677713,0.11287465924677713
1762247664.0911043,-5.238584158960168,3.367364069924723,3.5541448900561057,0.0,17.791737578201676,0.11756621246027928,0.11756621246027928
1762247664.1136024,-5.260901378318214,3.352120858395669,3.549704383662776,0.0,17.819480643640464,0.11979557832531804,0.11979557832531804
1762247664.1353154,-5.38298519947769,3.3168857177046287,3.553595624294516,0.0,17.94593434275423,0.08758666785697247,0.08758666785697247
1762247664.1815698,-5.592681936604984,3.230683308164603,3.472940601184144,0.0,18.171302090732365,0.04631938155888321,0.04631938155888321
1762247664.2074165,-5.65817229072464,3.1798523263811043,3.5118973517620042,0.0,18.25589341408045,0.05083725227316918,0.05083725227316918
1762247664.243725,-5.754096771797141,3.0832926404026426,3.5664324818896262,0.0,18.395334395760077,0.06721922547048303,0.06721922547048303
1762247664.2701797,-5.834562958752633,3.0363891987360616,3.5684541226167186,0.0,18.487143971885978,0.05077880437658691,0.05077880437658691
1762247664.2865672,-5.913249052747854,2.9008544156202243,3.6038144646866512,0.0,18.63564603285526,0.10381984202089889,0.10381984202089889
1762247664.3136222,-6.007877555481325,2.863393203277134,3.6123268020131523,0.0,18.736114826370063,0.06760913431186064,0.06760913431186064
1762247664.3343735,-6.038827536825446,2.803675104997235,3.6054968413600132,0.0,18.803932870233915,0.0872080226318418,0.0872080226318418
1762247664.4409533,-6.17285906802576,2.4359333073437477,3.642660720851215,0.0,19.180648707937944,0.22082403195040268,0.22082403195040268
1762247664.645562,-6.529390409936804,1.7146391600395763,3.6977622487500734,0.0,20.042117782938774,0.3090994716253568,0.3090994716253568
1762247664.8581705,-7.034716794976198,0.9414131658948648,3.74173211590464,0.0,20.989427359002644,0.066794850954171,0.066794850954171
1762247665.0127773,-7.288518259661177,0.1842348908419343,3.7005116887130827,0.0,21.74554867590433,-0.15868934431283813,0.15868934431283813
1762247665.0314894,-7.299843167473683,0.14708236939256045,3.711588412871559,0.0,21.77930406112634,-0.1737160972758129,0.1737160972758129
1762247665.050911,-7.331538257394644,0.0791321867372821,3.701842001938695,0.0,21.838754908747337,-0.21322774215210594,0.21322774215210594
1762247665.1528528,-7.378516242982812,-0.2461174437584026,3.6641531788781965,0.0,22.122006898580302,-0.31854549505967844,0.31854549505967844
1762247665.1793947,-7.392106079567542,-0.3939404381168819,3.6586687016030823,0.0,22.24574682228773,-0.3694367531643638,0.3694367531643638
1762247665.1971302,-7.388711200189092,-0.4655757988061653,3.646691264579831,0.0,22.307009199069185,-0.3868181840374308,0.3868181840374308
1762247665.229338,-7.3962051662638375,-0.5173991849820612,3.6372244979239228,0.0,22.347845126574683,-0.40980637638341033,0.40980637638341033
1762247665.263699,-7.3691330939675295,-0.69117299213109,3.6321016534057082,0.0,22.49688966826015,-0.4433117177925028,0.4433117177925028
1762247665.3019662,-7.334064976651758,-0.8444706718559275,3.6240241157197204,0.0,22.62832667951693,-0.47063615230301276,0.47063615230301276
1762247665.3265784,-7.369463861462206,-0.886975002590997,3.6044647215010555,0.0,22.6485569896841,-0.5204946297491877,0.5204946297491877
1762247665.3474576,-7.275061131658921,-1.0231532437357915,3.608148964449923,0.0,22.788811445376055,-0.4957842899991557,0.4957842899991557
1762247665.3672307,-7.26979234397304,-1.0858899752147195,3.607746426117115,0.0,22.838786347658548,-0.5204820374081494,0.5204820374081494
1762247665.4067814,-7.268693001440223,-1.1125611425789084,3.5961774834684808,0.0,22.85955557377842,-0.5322462765349277,0.5322462765349277
1762247665.6140137,-6.740258631291209,-1.8847984453457736,3.6307178376826035,0.0,23.64961729867147,-0.5750129488526622,0.5750129488526622
1762247665.7952995,-6.076038924150345,-2.4339283367276527,3.684791132751271,0.0,24.344870288845907,-0.584873569570515,0.584873569570515
1762247665.8173387,-5.9987319585232575,-2.476628338643242,3.6983449479033177,0.0,24.41403834115814,-0.5859251767772327,0.5859251767772327
1762247666.0367887,-5.078423782593813,-2.8362752626681758,3.7165399993381563,0.0,25.20237153461676,-0.6500925889936268,0.6500925889936268
1762247666.2240233,-4.4044344496023715,-2.94320399427474,3.6829492648141984,0.0,25.7563751947529,-0.7186026594227287,0.7186026594227287
1762247666.3801312,-3.6757523597763124,-2.968200266214666,3.683592936193672,0.0,26.35209428242545,-0.8290435945984056,0.8290435945984056
1762247666.60006,-2.822321297578122,-2.789479483381947,3.710589720301156,0.0,27.09551430303255,-0.8885763804270435,0.8885763804270435
1762247666.9282694,-1.6261458952269752,-2.211734182746293,3.6564909008671456,0.0,28.320893694588722,-0.843666026796906,0.843666026796906
1762247667.1224182,-0.9928880028806435,-1.7731427967478819,3.70569773707423,0.0,29.099621256459617,-0.7316245893738211,0.7316245893738211
1762247667.3372302,-0.1323700541779225,-1.2709612038553688,3.720652126136701,0.0,30.201165281549798,-0.5691491630902615,0.5691491630902615
1762247667.5248084,0.6433197135509466,-0.9699871160180941,3.668407854601554,0.0,31.135795092562077,-0.372533673300016,0.372533673300016
1762247667.7952142,1.611006176739086,-1.0357113577216888,3.7485556922367897,0.0,32.19804993683021,-0.2824255207869681,0.2824255207869681
1762247667.972625,2.4387966361864053,-1.5696668089728998,3.411304259441685,0.0,33.22083575895046,-0.47377736737182835,0.47377736737182835
1762247668.1212034,2.9131685126020335,-1.877217123889503,3.049954635195627,0.0,33.79561815548,-0.5383519553164241,0.5383519553164241
1762247668.2992024,3.4186595061984506,-2.066385854962538,2.5061090787638878,0.0,34.32601564493616,-0.4807483832560022,0.4807483832560022
1762247668.503687,3.841588681786517,-2.180933888415398,1.8430863156639579,0.0,34.74544775517289,-0.40185683905937614,0.40185683905937614
1762247668.7382898,4.305470148841539,-2.2967113124812646,1.556197154614249,0.0,35.19815821794391,-0.3249314134523718,0.3249314134523718
1762247668.8603601,4.527776461638992,-2.366983944510167,1.6929953878442898,0.0,35.41957138813544,-0.31240510715185177,0.31240510715185177
1762247669.0295649,4.861779360878929,-2.4573782361411878,1.8814476166719234,0.0,35.74562341239886,-0.2964574259423104,0.2964574259423104
1762247669.2351172,5.328278848104566,-2.5703760728374916,1.9308751177434689,0.0,36.191956818267705,-0.3038029312742944,0.3038029312742944
1762247669.4160967,5.731451598837649,-2.626000773779783,2.2612905267860572,0.0,36.564995347959716,-0.31468599910584544,0.31468599910584544
1762247669.6097639,6.330754810685146,-2.58560792524228,2.8706589496861215,0.0,37.107768128437634,-0.29703704750451354,0.29703704750451354
1762247669.8412714,7.107838355939915,-2.3435239406561834,3.2320468092478287,0.0,37.82661618303788,-0.29169786953098814,0.29169786953098814
1762247669.973157,7.499068867148985,-2.021816225461927,3.253710800841306,0.0,0.025750292704436087,-0.24453113233170398,0.24453113233170398
1762247670.1148748,7.848286414898119,-1.5856067912500096,3.4474169678595254,0.0,0.5328302540368369,-0.20509321362425953,0.20509321362425953
1762247670.1527915,7.902519914397065,-1.4961411878266626,3.4582691853170884,0.0,0.6267610685645321,-0.19726584549377377,0.19726584549377377
1762247670.180645,7.977428558962809,-1.370360099034478,3.4906479012178706,0.0,0.7597319893727478,-0.19432930866131726,0.19432930866131726
1762247670.2068913,8.030526024734034,-1.3091830130369981,3.51661866999834,0.0,0.8331908463511651,-0.21082027356489422,0.21082027356489422
1762247670.2370865,8.096370086191708,-1.1992664645408408,3.525707075187276,0.0,0.9510226940468917,-0.21941803994681103,0.21941803994681103
1762247670.2886395,8.17402927858975,-1.0383485194045048,3.5239361540343594,0.0,1.114624958060556,-0.2255182648753933,0.2255182648753933
1762247670.314648,8.246638306620584,-0.9061431173205488,3.5601602213942267,0.0,1.2506905680994547,-0.24781811841753856,0.24781811841753856
1762247670.6172504,8.51596678513858,0.2221542657638851,3.457424069633942,0.0,2.2984127063758666,-0.36429389538272217,0.36429389538272217
1762247670.7926245,8.500323888573684,0.9064096831256808,3.5733445692001204,0.0,2.902124955018256,-0.4457112045553018,0.4457112045553018
1762247670.9077466,8.42148523782441,1.3370118314410915,3.621251758871518,0.0,3.2837960476573693,-0.4946140998589395,0.4946140998589395
1762247670.9373817,8.47043673808877,1.5217033753915592,3.6309059458572785,0.0,3.4171788445203672,-0.606893223903158,0.606893223903158
1762247670.965337,8.532986236450824,1.655789576949816,3.6385937197343434,0.0,3.5003099439990035,-0.7167595637489863,0.7167595637489863
1762247670.9951816,8.471982946425959,1.7108739608002532,3.6472636582100613,0.0,3.5627022599748868,-0.6836136014192278,0.6836136014192278
1762247671.0301683,8.376676217328114,1.8503727913011645,3.6538247770485563,0.0,3.7035042072130766,-0.6584786116601931,0.6584786116601931
1762247671.0570853,8.29014431068176,1.9736827826602283,3.6630869740204886,0.0,3.830430101108571,-0.6397605453061757,0.6397605453061757
1762247671.0958567,8.215308592340302,2.0930550245236863,3.6745774784619876,0.0,3.9499916370545236,-0.6342851063691141,0.6342851063691141
1762247671.1255136,8.177238596558208,2.1506353531493967,3.691695789399911,0.0,4.009117973739,-0.631611548512826,0.631611548512826
1762247671.1542947,8.072054480767969,2.286934560090181,3.6983896454489256,0.0,4.155451221928263,-0.6172003388939628,0.6172003388939628
1762247671.1955853,8.088019174437072,2.3644922390997247,3.688123133367876,0.0,4.202451005887157,-0.6741614268083932,0.6741614268083932
1762247671.2418694,8.006360152162344,2.416318360739923,3.685102283313754,0.0,4.278287820164659,-0.637502109380288,0.637502109380288
1762247671.268475,7.853269956694679,2.6149640286035734,3.6728288249420418,0.0,4.49269507995096,-0.637254985226938,0.637254985226938
1762247671.300479,7.778013994883039,2.7482264902601217,3.67548175004482,0.0,4.621520168009502,-0.6656751901332004,0.6656751901332004
1762247671.3444471,7.645755864167748,2.8682136585061464,3.517825249616811,0.0,4.774019050287419,-0.6483053302301336,0.6483053302301336
1762247671.3906782,7.577867082544502,2.9346292241381366,3.5133848699378256,0.0,4.856139582730705,-0.6453643111773038,0.6453643111773038
1762247671.5289803,7.050313899433903,3.315902100500219,3.655796418416087,0.0,5.421497238732593,-0.5788784486799813,0.5788784486799813
1762247671.5640643,6.931386049424859,3.4159457330925744,3.54746434987066,0.0,5.55817917931774,-0.5874167025658849,0.5874167025658849
1762247671.599015,6.865563921822828,3.4801470420842526,3.6542062454267663,0.0,5.638538187555188,-0.6014496491451554,0.6014496491451554
1762247671.7378411,6.601496265154232,3.717115861039227,3.3374689438447587,0.0,5.947395903947226,-0.6559366468412067,0.6559366468412067
1762247671.7703786,6.386985537637355,3.810904782899585,3.4682178675365876,0.0,6.153590507891615,-0.6298561536910305,0.6298561536910305
1762247671.7936213,6.28162590050415,3.843686251438109,3.5554881945213497,0.0,6.25037818748938,-0.6087628536378851,0.6087628536378851
1762247671.818228,6.175059185280693,3.882916878699596,3.610304129166438,0.0,6.351674293561754,-0.5948921109799501,0.5948921109799501
1762247671.8426728,6.082496274588702,3.9185647692823227,3.497635231373745,0.0,6.4409532213506715,-0.585982883864829,0.585982883864829
1762247671.927159,5.780618885715537,4.053761799570867,3.15411723139094,0.0,6.741210789380245,-0.5853271738907623,0.5853271738907623
1762247671.9540827,5.684152357337389,4.082557839158537,3.1087566157824655,0.0,6.8326633192071595,-0.5753077207985969,0.5753077207985969
1762247671.9773424,5.630572055180501,4.115715313693117,3.08513566206534,0.0,6.88924062519504,-0.5863728868682528,0.5863728868682528
1762247672.0367203,5.449397479988622,4.189796009109914,3.250963903325447,0.0,7.068074802572028,-0.5920473380735669,0.5920473380735669
1762247672.070115,5.32409324663429,4.243784272337497,3.345482221895672,0.0,7.185784786205899,-0.6025041309227342,0.6025041309227342
1762247672.1092505,5.244336804991715,4.2861209041663715,3.34417790733408,0.0,7.260309042911033,-0.6191827645520229,0.6191827645520229
1762247672.1280658,5.109718502451738,4.333875441692755,3.3428784496451285,0.0,7.381449152488872,-0.6288028014599099,0.6288028014599099
1762247672.1501188,5.0390414665958465,4.356334021331714,3.3593510928542054,0.0,7.444288165227141,-0.633255523209313,0.633255523209313
1762247672.1748662,4.984414891128306,4.373304550107373,3.363459030919516,0.0,7.4933039255182905,-0.6371910030018929,0.6371910030018929
1762247672.1948636,5.007091003370291,4.380342867845751,3.363679050810558,0.0,7.475702369589677,-0.6491762638872718,0.6491762638872718
1762247672.2184365,4.853463580697558,4.413638810532806,3.40487240020417,0.0,7.610697592545125,-0.6492352415703628,0.6492352415703628
1762247672.247671,4.774580158679775,4.431666690519007,3.4181670956307197,0.0,7.680642831649139,-0.6522294695188494,0.6522294695188494
1762247672.2841609,4.612370004242079,4.468390176374827,3.498461164385737,0.0,7.826248655339776,-0.6620668747491244,0.6620668747491244
1762247672.3140287,4.454206532336604,4.493562505466635,3.6118941710887666,0.0,7.96897425015768,-0.6657583535630314,0.6657583535630314
1762247672.3478272,4.3416150102416,4.506160262961071,3.673100286705853,0.0,8.071846963544514,-0.6654580149793131,0.6654580149793131
1762247672.538565,3.45928238480279,4.584970359960705,4.004768098285204,0.0,8.938153751666931,-0.6756529449184049,0.6756529449184049
1762247672.577307,3.302701199964949,4.641438077151661,3.904521873172333,0.0,9.10681979198083,-0.719021341652845,0.719021341652845
1762247672.745712,2.5140323475679467,4.648785055283495,3.742962077590889,0.0,9.883865475862526,-0.6558199772367653,0.6558199772367653
1762247672.7752428,2.380753315412763,4.6470873003704245,3.669764982201808,0.0,10.01369318584072,-0.6445276590789669,0.6445276590789669
1762247672.7988641,2.268800546323193,4.64241016105461,3.615713349389604,0.0,10.122845583925631,-0.6322477639798932,0.6322477639798932
1762247672.8255355,2.201497371765647,4.640287034122752,3.5537684841685615,0.0,10.188650021644726,-0.6257327009098307,0.6257327009098307
1762247672.8559904,2.0587798356685294,4.6434923406650475,3.5210410659342033,0.0,10.328985456208542,-0.6200153072003851,0.6200153072003851
1762247672.9207904,1.8231714594116406,4.648066587336233,3.6594230683550775,0.0,10.561481155986986,-0.6108854236103768,0.6108854236103768
1762247672.949031,1.8013579440657426,4.647805342352552,3.7347202706294134,0.0,10.583021542322532,-0.6094104250687375,0.6094104250687375
1762247672.971777,1.6670789771818728,4.651123849361868,3.6194193281383575,0.0,10.716082491014886,-0.605412582967741,0.605412582967741
1762247673.0075555,1.5546264885802374,4.6506709094642105,3.5921353518015247,0.0,10.82759764693735,-0.5990172710619471,0.5990172710619471
1762247673.0294828,1.4901334566191815,4.645995107570862,3.5624376083304936,0.0,10.8914333798013,-0.5909962153832837,0.5909962153832837
1762247673.0670104,1.3442306516110858,4.63120843166428,3.6371328765525703,0.0,11.035934012720436,-0.5687499048414867,0.5687499048414867
1762247673.1262648,1.0520290100769065,4.612326686994352,3.798656233938048,0.0,11.326950143231228,-0.5350096885061241,0.5350096885061241
1762247673.1517859,0.9270959030465463,4.604208674442064,3.803438294809392,0.0,11.45140263581198,-0.5204896407608635,0.5204896407608635
1762247673.1767144,0.8574047385653085,4.595722405991853,3.787879337029312,0.0,11.520562006558464,-0.508431630522127,0.508431630522127
1762247673.2295225,0.724299424355912,4.582874841482186,3.7028975691038917,0.0,11.65267970218398,-0.4887757730788697,0.4887757730788697
1762247673.2722735,0.612874670067786,4.566984356461866,3.537502979057532,0.0,11.762895861322638,-0.4672406307443951,0.4672406307443951
1762247673.3092606,0.5081472236081827,4.554592021326364,3.5294753795685834,0.0,11.866531740165383,-0.44960610900581227,0.44960610900581227
1762247673.364923,0.38102577802766535,4.51005978811186,3.5108384729607844,0.0,11.99080593575193,-0.398866477518071,0.398866477518071
1762247673.685531,-1.0538743131879174,4.466341100272265,3.0061877741946983,0.0,13.410881880015527,-0.3064908945468742,0.3064908945468742
1762247673.8519459,-1.7221088822244666,4.445054550567136,3.307603721828275,0.0,14.07634479612976,-0.2865442437656886,0.2865442437656886
1762247674.0131912,-2.3075730205883085,4.444874928786388,3.127869339672216,0.0,14.666760519982835,-0.27642236141274035,0.27642236141274035
1762247674.1882553,-3.001465583956151,4.408322277643358,3.3409929098331492,0.0,15.378619420129864,-0.2362430523493023,0.2362430523493023
1762247674.2143474,-3.0613584373206346,4.402109182853468,3.3140259019597798,0.0,15.442214708608585,-0.22324771498625648,0.22324771498625648
1762247674.2377963,-3.130454014104142,4.389798684876633,3.267478711837353,0.0,15.503836892809723,-0.20339920910151826,0.20339920910151826
1762247674.2721221,-3.1998719430044726,4.382104337561398,3.198483964314945,0.0,15.55891979383906,-0.19132682243910928,0.19132682243910928
1762247674.3132591,-3.3682062009731952,4.361497849664858,3.0643061012976447,0.0,15.699480057027834,-0.18063030707191277,0.18063030707191277
1762247674.3799193,-3.641120393608473,4.330461427528477,3.3816675932828315,0.0,15.960949140661688,-0.19488412267422328,0.19488412267422328
1762247674.636736,-4.560728582976359,4.156392187723363,3.3194626604991613,0.0,16.812280762017966,-0.29480016885184307,0.29480016885184307
1762247674.8831165,-5.447469987825028,3.869523292034796,2.658709156184832,0.0,17.732616114913064,-0.4228837021596173,0.4228837021596173
1762247675.222846,-6.064245654767763,3.3584171988507125,2.1270303781022593,0.0,18.45292564447171,-0.3433383815033235,0.3433383815033235
1762247675.5630639,-6.560899784267473,2.671153806038268,2.1552040167934843,0.0,19.239261499894706,-0.22909755234257928,0.22909755234257928
1762247675.8250146,-6.862256586206629,2.1452445394462765,1.3659986253069214,0.0,19.812584067554873,-0.18646043626612366,0.18646043626612366
1762247676.1738763,-7.054567680813267,1.696503123555297,1.4643534687102835,0.0,20.27803540980448,-0.16302366978938737,0.16302366978938737
1762247676.3342166,-7.1457116946079235,1.3903410657441526,1.9431371414872476,0.0,20.583171115727858,-0.1458496375696264,0.1458496375696264
1762247676.5264723,-7.254434423721645,1.0411747217562468,1.9451025655129666,0.0,20.93129880635633,-0.16718027463486076,0.16718027463486076
1762247676.7236044,-7.300513936864671,0.49880747802282394,1.9223372923801847,0.0,21.447700536318855,-0.15781330212943862,0.15781330212943862
1762247676.9710865,-7.295544147077007,-0.010206540028884778,1.7794408730830948,0.0,21.92584839374674,-0.19058022449848977,0.19058022449848977
1762247677.2422905,-7.124944974634208,-0.582989903786626,2.06131125801749,0.0,22.486177369963496,-0.17650100264602273,0.17650100264602273
1762247677.5022435,-6.778533656093032,-1.1685748238187834,1.8820693673491273,0.0,23.127278525264202,-0.14509362762245925,0.14509362762245925
1762247677.777545,-6.373352035655684,-1.501370853363947,1.9044266676833193,0.0,23.629135435322937,-0.044853493400792026,0.044853493400792026
1762247678.0004702,-5.924024240028682,-1.8160373199200857,2.0710877154285483,0.0,24.172860908593925,0.019314493248297024,0.019314493248297024
1762247678.3091023,-5.20438928803049,-2.1844071993343754,2.809622483477574,0.0,24.982451688792604,-0.03353334347798754,0.03353334347798754
1762247678.4516788,-4.7062666125186965,-2.2734203536187954,3.2205737115983495,0.0,25.481275683762746,-0.05146937706505457,0.05146937706505457
1762247678.713051,-3.802797569919251,-2.253964040084051,2.7085979719908355,0.0,26.36650670827355,-0.10376319738993557,0.10376319738993557
1762247678.8562958,-3.3046649030267914,-2.193826146193733,2.921655629097265,0.0,26.850088772673015,-0.17018498039382035,0.17018498039382035
1762247679.023692,-2.814602130960574,-2.0766590570481007,3.365763983697597,0.0,27.335820376964403,-0.22483590091477365,0.22483590091477365
1762247679.285309,-1.8731840323495752,-1.8379423473462013,3.685305597956402,0.0,28.267566605225078,-0.3989265073850249,0.3989265073850249
1762247679.4248433,-1.1982863791401048,-1.6039969826748743,3.726672512182125,0.0,28.981585457499566,-0.4904446279467103,0.4904446279467103
1762247679.60297,-0.5758714158098568,-1.2718921186435088,3.7334271746364793,0.0,29.727441376796115,-0.4350367493760645,0.4350367493760645
1762247679.9196773,0.6179896184071179,-0.7181587294433338,3.7620908939260658,0.0,31.10706946541615,-0.12080506691916448,0.12080506691916448
1762247680.0355387,1.0261489457345256,-0.6249388794452135,3.6837697154753832,0.0,31.51659096167728,-0.0018932620815218003,0.0018932620815218003
1762247680.3094282,2.3269287946144313,-0.9621148395773897,3.8153861949662673,0.0,32.86050351479322,0.03381766624515965,0.03381766624515965
1762247680.5784411,3.164589256897329,-1.6660555975477536,3.4035960880074083,0.0,33.9239810125886,-0.2363175188682287,0.2363175188682287
1762247680.794099,3.883093960067302,-1.9819756925501708,2.7480442075658447,0.0,34.70087561146818,-0.2038258749206102,0.2038258749206102
1762247681.0110333,4.474117177845032,-2.1843011986148637,2.101249149910528,0.0,35.31076075327511,-0.15928500820596414,0.15928500820596414
1762247681.2146661,4.9778280898702425,-2.316278604666467,2.3786407290873637,0.0,35.81659591531351,-0.12959340021420251,0.12959340021420251
1762247681.474284,5.601422309545862,-2.4677205461051632,2.1179650747599394,0.0,36.43330160145783,-0.16652935396192584,0.16652935396192584
1762247681.7133331,6.18044935405193,-2.560574343199608,1.3748659267388286,0.0,36.97530364062054,-0.255459710334227,0.255459710334227
1762247681.9142902,6.46877946381446,-2.5253506701892454,1.1736345934096841,0.0,37.239101299834175,-0.2599693356223695,0.2599693356223695
1762247682.0746691,6.607974424669038,-2.4361139828202782,0.9186253964890645,0.0,37.38046859736552,-0.2031737839344378,0.2031737839344378
1762247682.2627974,6.786614328617328,-2.2797511027297666,1.2700278812525825,0.0,37.58261252648688,-0.10575267441629302,0.10575267441629302
1762247682.494391,7.134029749624174,-2.0607016539298173,1.3216749798109686,0.0,37.97400381849727,-0.058186509955918585,0.058186509955918585
1762247682.7984452,7.45569366841437,-1.745715965222447,1.253187893640399,0.0,0.16948785228211424,-0.010022807434098453,0.010022807434098453
1762247682.9893217,7.585219897534502,-1.5292063139643512,1.473475556183437,0.0,0.41844758823568867,0.0367264743268253,0.0367264743268253
1762247683.222096,7.832181535861139,-1.1762507143666123,1.3391363765062896,0.0,0.8560334063044385,0.0267764498992363,0.0267764498992363
1762247683.4829683,7.986216548169947,-0.8096186287390496,1.5492335837247648,0.0,1.258744790217748,0.029791081017859707,0.029791081017859707
1762247683.7690465,8.09890096783508,-0.2580357738960251,1.7811104232245722,0.0,1.8297894056065716,0.03804892563228423,0.03804892563228423
1762247683.9245956,8.096372570222716,0.04227501506109578,2.069842710843885,0.0,2.134552013170196,0.05871471023558032,0.05871471023558032
1762247683.9538088,8.119104101654537,0.12611520341185942,1.6284658754273105,0.0,2.2195967911127576,0.03551915831873689,0.03551915831873689
1762247683.9881353,8.117233531755584,0.18324190060521364,1.3770468670356681,0.0,2.2774294324831637,0.035725164226868486,0.035725164226868486
1762247684.164815,8.089715201087644,0.29271339063387114,0.843607165894549,0.0,2.389986695112171,0.0569697021765301,0.0569697021765301
1762247684.181046,8.088761215607425,0.31098803846389206,0.8745815014864607,0.0,2.4086201280253783,0.05649262691791759,0.05649262691791759
1762247684.2125278,8.089136631577636,0.3212334756886636,0.8596697072527325,0.0,2.418985310426706,0.055270103394346494,0.055270103394346494
1762247684.2455938,8.092462912285626,0.34371987520172476,0.8147601665867509,0.0,2.4414706474130776,0.049976319665019156,0.049976319665019156
1762247684.2694495,8.093682832713911,0.3484346048509205,0.8677633954829018,0.0,2.4461256689582616,0.04832592721296397,0.04832592721296397
1762247684.380645,8.096994095380223,0.406908066415525,0.5947496711802408,0.0,2.5047690779412966,0.039038714155145926,0.039038714155145926
1762247684.40702,8.096696017212569,0.4171163900484487,0.7710190094786058,0.0,2.515071461201385,0.038176989842388376,0.038176989842388376
1762247684.644384,8.095717732985914,0.4729981154503968,0.29886539650353566,0.0,2.571269172727326,0.03222353096434951,0.03222353096434951
1762247684.8180513,8.094594212295673,0.4492420867191651,0.10892497492128539,0.0,2.5476007670086,0.03640259256104424,0.03640259256104424
1762247684.840067,8.094254496583327,0.4431197212768354,0.09836620882021331,0.0,2.5414967987252894,0.03750094176001494,0.03750094176001494
1762247684.8585906,8.093693569669888,0.42308093396852237,-0.0003513126224294852,0.0,2.5214232664693736,0.04046692941190713,0.04046692941190713
1762247684.9951806,8.099259557132171,0.4059023750360377,-0.06568748075579436,0.0,2.503501584637118,0.03689963329741302,0.03689963329741302
1762247685.0155249,8.10152114139077,0.4030706629339966,-0.07395077260293599,0.0,2.500401170166262,0.03496604809469604,0.03496604809469604
1762247685.250282,8.099443066259626,0.40130821883647366,-0.000462202297268985,0.0,2.4988607443130344,0.0372256407436364,0.0372256407436364
1762247685.2722027,8.106807203755622,0.3950564095432658,-0.00020941241374406176,0.0,2.4917684615011955,0.03058542349464019,0.03058542349464019
1762247685.2924507,8.10779035491536,0.3947439265645238,-0.00016438571895233787,0.0,2.4913479741575095,0.029641607992482787,0.029641607992482787
1762247685.4974897,8.105515806969859,0.4048253191289599,-0.0002106451895906794,0.0,2.5017168891426267,0.030801796702868343,0.030801796702868343
1762247685.677865,8.10236841471164,0.3957503434026867,-0.00016207187752674472,0.0,2.492949424107466,0.03492346376351404,0.03492346376351404
1762247685.8648107,8.089332508644814,0.44286068619659585,-0.00011983912872292375,0.0,2.541851757004953,0.0424172623291677,0.0424172623291677
1762247686.0053563,8.075531805891519,0.4557112941262311,-0.0021346058488823107,0.0,2.5565618859747405,0.054491667278890654,0.054491667278890654
1762247686.1136162,8.077713173927272,0.4591542285814206,-0.00010738854392959148,0.0,2.559749113186191,0.05188560224325635,0.05188560224325635
1762247686.453846,8.048626621089364,0.4455012492836264,-0.001642767760949827,0.0,2.549704884422907,0.08247594985406265,0.08247594985406265
1762247686.7678783,8.072367738192433,0.4427674868310004,-9.519458869615416e-09,0.0,2.5438923789824166,0.059263034073774486,0.059263034073774486
1762247687.0227172,8.048556596075231,0.42637488597399303,-0.0015766728503213842,0.0,2.5302143724996515,0.08489605716395508,0.08489605716395508
1762247687.2756996,8.071937551355656,0.38618433657518064,-6.501598033732232e-05,0.0,2.4865936864862586,0.06620348115998967,0.06620348115998967
1762247687.4608138,8.075212678713301,0.4236405862763296,-4.557402807231263e-05,0.0,2.524193909053424,0.0587540557803552,0.0587540557803552
1762247687.716341,8.078753670372281,0.4401262326639452,0.29412193018258154,0.0,2.540420471098591,0.05325249295524764,0.05325249295524764
1762247687.9342008,8.06280327711205,0.5323819121695238,0.6636045915668272,0.0,2.635638086951554,0.05632411712985845,0.05632411712985845
1762247688.1515405,8.081973421641575,0.7919477640237719,1.0669341312234533,0.0,2.888523784176163,-0.012227716855323154,0.012227716855323154
1762247688.3260593,8.023282615912944,1.0226542849794247,1.5500648706132643,0.0,3.125555546657778,-0.016549635931656065,0.016549635931656065
1762247688.4969985,8.029373838036728,1.330286101127636,2.0767230449198397,0.0,3.4072687384734746,-0.12620666943285241,0.12620666943285241
1762247688.8351448,7.6569072649241985,2.0998287275432386,2.084958899626137,0.0,4.229328181570665,-0.16917717422857842,0.16917717422857842
1762247689.0179794,7.445322534314051,2.5172536628167,1.368670320494726,0.0,4.663291619509578,-0.26337696967454827,0.26337696967454827
1762247689.0419762,7.4362343688681,2.5360818897190094,1.3732565026739358,0.0,4.682122887950434,-0.2691690196689441,0.2691690196689441
1762247689.1944568,7.332496971753159,2.6846549768332246,0.5743331518533498,0.0,4.849908798372949,-0.2951593686026869,0.2951593686026869
1762247689.2125976,7.323377294292107,2.702130951466111,0.5773876008398234,0.0,4.867528024630281,-0.30088747574255925,0.30088747574255925
1762247689.2366002,7.318302427455469,2.7092349147024897,0.5726051179961811,0.0,4.875576349203671,-0.3022658427142878,0.3022658427142878
1762247689.26468,7.312819655320983,2.7212747129761072,0.5461379910582014,0.0,4.887155706434704,-0.30684997946738574,0.30684997946738574
1762247689.2977319,7.309531712225269,2.732531478146276,0.5047681133937927,0.0,4.89675190327616,-0.31246706761638443,0.31246706761638443
1762247689.3717837,7.323036311533533,2.743688578830195,0.3942128155743694,0.0,4.895220536121318,-0.3299067972685009,0.3299067972685009
1762247689.396194,7.325798068382403,2.755128557165172,0.36787670164849307,0.0,4.900912395297117,-0.33994722636841435,0.33994722636841435
1762247689.6254363,7.243836209648972,2.819785536082441,-1.976151335365134e-08,0.0,4.997068036348047,-0.32893536838108167,0.32893536838108167
1762247689.7980447,7.265946930653095,2.805651948027074,-0.00247770490492066,0.0,4.973210209852519,-0.33405144822147637,0.33405144822147637
1762247690.1645741,7.298900771593566,2.7910435161208427,0.12743808163979772,0.0,4.94197646837118,-0.3465568902002448,0.3465568902002448
1762247690.4084876,7.303282270866113,2.8031375591760614,0.7583912407716644,0.0,4.94683633072781,-0.3582645673069448,0.3582645673069448
1762247690.5285783,7.188192802783019,2.8764212001137444,1.130689124644308,0.0,5.0705470102651375,-0.3321852175812812,0.3321852175812812
1762247690.73017,6.829263246605436,3.115063412854649,1.982877960048206,0.0,5.469673191519429,-0.28496522302457244,0.28496522302457244
1762247690.9665582,6.301477150548432,3.4321148621679347,2.302557450759413,0.0,6.051082848543768,-0.25788495543374196,0.25788495543374196
1762247691.13185,5.886321330627308,3.5615408290604114,2.7108799063511233,0.0,6.461810992686556,-0.17922524729345501,0.17922524729345501
1762247691.3361268,5.196330265639711,3.711404898588786,3.446250505532194,0.0,7.14373212221652,-0.05696062685513588,0.05696062685513588
1762247691.4954598,4.629178331262737,3.84918862140812,3.275997483529939,0.0,7.719352644837161,-0.053325022453516134,0.053325022453516134
1762247691.718832,3.7421152271998075,4.049224304691473,3.5195058605302676,0.0,8.613446630114659,-0.16126020011243977,0.16126020011243977
1762247691.9030874,2.949512842676131,4.1785969225088175,3.65625378040668,0.0,9.419326464250432,-0.2239199403133961,0.2239199403133961
1762247692.0622048,2.305649094443652,4.137365272305651,3.5804077084433352,0.0,10.05288121568571,-0.13083320358281886,0.13083320358281886
1762247692.2544997,1.6496127845967243,4.092685348851953,3.634427030058033,0.0,10.703651241110354,-0.04684049527268223,0.04684049527268223
1762247692.4183986,1.2001797960861567,4.097304164055827,3.0609299252916324,0.0,11.15260475233767,-0.028214058856532602,0.028214058856532602
1762247692.7310681,0.3115298226405213,4.205141923282602,2.974875149092117,0.0,12.045332304819826,-0.09094593771779222,0.09094593771779222
1762247692.9114783,-0.5728648510392148,4.2421043019795475,3.3214010809963708,0.0,12.928793015826152,-0.09247855173470251,0.09247855173470251
1762247693.095951,-1.2441984949858989,4.265030149885353,3.6072933263464395,0.0,13.597776898571087,-0.10377144690709764,0.10377144690709764
1762247693.2688477,-2.0467784866935403,4.277496769142396,3.7309892659406407,0.0,14.402502913454674,-0.11477422678480141,0.11477422678480141
1762247693.2898972,-2.0879920618716667,4.282212068377941,3.7224010819156055,0.0,14.443924221788738,-0.11862468365260716,0.11862468365260716
1762247693.4267056,-2.6285609710206703,4.296435556163799,3.3801474487906256,0.0,14.981977800249476,-0.12401214762923067,0.12401214762923067
1762247693.4418094,-2.671510806523169,4.294117586315752,3.382102858210921,0.0,15.024492836609895,-0.12179400876880905,0.12179400876880905
1762247693.6874545,-3.641894566184926,4.229367424395478,3.3704992389319526,0.0,15.981220135466273,-0.09600649140293946,0.09600649140293946
1762247693.8777566,-4.325223669331862,4.056377645049352,2.872764646537588,0.0,16.672384803031136,-0.10582621738220228,0.10582621738220228
1762247694.0771723,-4.900581163514852,3.7895369611983734,2.225197246938304,0.0,17.299866250377114,-0.10959362416230804,0.10959362416230804
1762247694.0971513,-4.965769134707921,3.7639682522890396,2.171985863335878,0.0,17.36845363163524,-0.11291949125252926,0.11291949125252926
1762247694.2716298,-5.324249375536511,3.53813294889252,2.205339315878187,0.0,17.782661463433445,-0.07327159529868532,0.07327159529868532
1762247694.4790905,-5.715803033778696,3.2583878193275817,2.2998073223603908,0.0,18.256482483319232,-0.04657310334378018,0.04657310334378018
1762247694.6275048,-6.03196594037031,3.0114574805492094,1.8734585048484593,0.0,18.652962812622654,-0.05752739143108951,0.05752739143108951
1762247694.9260707,-6.300757464815417,2.517847731992471,1.759937245205445,0.0,19.19743439521753,0.06984313548841453,0.06984313548841453
1762247695.106898,-6.487814689541018,2.1496483916396043,2.320943064871174,0.0,19.616965990329792,0.13201459223113082,0.13201459223113082
1762247695.2771404,-6.7233319986711,1.7482349658066036,2.8335500250880994,0.0,20.09876383971438,0.11963284101901447,0.11963284101901447
1762247695.4875574,-7.081594212497724,1.0560187703516053,3.320515769895503,0.0,20.88437018635181,-0.0005334206023108085,0.0005334206023108085
1762247695.6690729,-7.231062804665222,0.5641798715769429,3.3645664843269327,0.0,21.383493110915833,-0.0899588493831086,0.0899588493831086
1762247695.964585,-6.990133385321628,-0.7266945125825085,3.1811878074341573,0.0,22.661755032999295,-0.10894056543945482,0.10894056543945482
1762247696.1158972,-6.797313425822382,-1.1011958293565245,2.796766585658685,0.0,23.065260500309268,-0.1221191022445042,0.1221191022445042
1762247696.3032992,-6.327504317302301,-1.457296024733264,2.3532659444785473,0.0,23.628638220838468,0.018741738605026412,0.018741738605026412
1762247696.6128442,-5.557465334031488,-1.9904179503507389,1.760725749038613,0.0,24.585430658616104,0.04181811609018039,0.04181811609018039
1762247696.9602723,-4.881410845155641,-2.1907187103617014,2.3647594521883835,0.0,25.300760419903405,0.016025135127063352,0.016025135127063352
1762247697.2156003,-4.2206180714924475,-2.464910245787857,3.1590371059859823,0.0,25.94228755018288,-0.2521752366931703,0.2521752366931703
1762247697.4529703,-3.3240626195226697,-2.4378340584903975,3.4505169607263446,0.0,26.765388978195258,-0.3980947789226706,0.3980947789226706
1762247697.776009,-2.12437665443309,-2.195232942823651,3.3215825689168708,0.0,27.896445593816495,-0.6105542388863968,0.6105542388863968
1762247697.9743738,-1.3991118914849896,-1.858459257634527,3.2486660812996013,0.0,28.68123987415916,-0.6297934172469097,0.6297934172469097
1762247698.1775618,-0.7575011330940612,-1.3988536904686397,3.429453165086359,0.0,29.494067549914423,-0.48591452360259796,0.48591452360259796
1762247698.3637278,-0.07124243877150996,-1.0817207987166553,3.0468141140459397,0.0,30.319864181813067,-0.40016696233669197,0.40016696233669197
1762247698.5813115,-0.7240528084309742,-1.1784200289432225,2.544074040227079,0.0,29.615378930990655,-0.2944726677876159,0.2944726677876159
1762247698.8337603,-1.8372274851548422,-1.65966113974648,1.8036143235402993,0.0,28.378361265416522,-0.25549393357569883,0.25549393357569883
1762247699.0706584,-2.0066101756822827,-1.6751936916169945,1.7496971814047904,0.0,28.22091229141451,-0.19383076898148277,0.19383076898148277
1762247699.2255237,-1.9760206930598683,-1.693479853155805,2.01625484250453,0.0,28.240042510695137,-0.22379842501897068,0.22379842501897068
1762247699.2502458,-1.9856601608379802,-1.697104616339548,2.032680261877551,0.0,28.2298847345052,-0.22276401554330916,0.22276401554330916
1762247699.433834,-1.808994801175053,-1.6198033471935598,1.987744699727986,0.0,28.421286137418516,-0.23252733270078196,0.23252733270078196
1762247699.4566612,-1.7854098218247938,-1.6115526860128797,2.0216417267372644,0.0,28.445992002401532,-0.235740933499379,0.235740933499379
1762247699.7330115,-1.716170101949803,-1.3757134386360745,2.4722961157094585,0.0,28.613762675029133,-0.05613872203789838,0.05613872203789838
1762247699.893672,-1.9870814128814565,-1.2330525240778358,2.5002214695653278,0.0,28.435713214507043,0.19301086971850143,0.19301086971850143
1762247700.0731876,-2.49399117461959,-1.0305838477895755,2.420234770249253,0.0,28.065491168328574,0.5995555571036307,0.5995555571036307
1762247700.261741,-2.761410654548886,-0.7155474753469505,2.724347611998107,0.0,27.955318429048955,0.9993910753936439,0.9993910753936439
1762247700.4767506,-3.1305783497946633,-0.21075189161990368,2.63028272641844,0.0,27.822501288529203,1.6133196550835953,1.6133196550835953
1762247700.7063465,-4.402345791851729,-0.13337022351287714,2.491152753575435,0.0,26.001982714292797,2.086095725781327,2.086095725781327
1762247700.9191504,-5.241100897871012,-0.3304847061832564,1.6064002806908133,0.0,23.48916497280901,1.5804800146436764,1.5804800146436764
1762247701.0935104,-5.350914645453344,-0.3973983138636276,0.5516660095760403,0.0,23.45963684792803,1.453618210831495,1.453618210831495
1762247701.2406716,-5.482496571476438,-0.4970562982756915,-0.028857925457590392,0.0,23.44650056921526,1.2888474922738835,1.2888474922738835
1762247701.4221494,-5.599700051131961,-0.4825675188213822,-4.805567706961389e-08,0.0,23.331093804741688,1.208107547935401,1.208107547935401
1762247701.6428545,-5.607527431275618,-0.39833224533337347,-0.00040388245878850604,0.0,23.230569316779153,1.254328850898699,1.254328850898699
1762247701.913161,-5.6054484666510405,-0.3417773780640544,-0.00027223759601297654,0.0,23.155339298128716,1.289997019837659,1.289997019837659
1762247702.0638106,-5.601011860517926,-0.335860928003406,-0.00022340728058216773,0.0,23.15169009464932,1.2970674775562074,1.2970674775562074
1762247702.2216778,-5.601469000020431,-0.3286459547692703,-0.00023846618708539799,0.0,23.141033957216397,1.3009273620114932,1.3009273620114932
1762247702.5222201,-5.600907860649355,-0.28107350133791126,-0.0042356351396078355,0.0,23.044934152874934,1.3281881266602675,1.3281881266602675
1762247702.8041894,-5.5978264808090135,-0.2737243178666744,-0.0028199416710745994,0.0,23.00184991906866,1.3346405916151518,1.3346405916151518
1762247703.0095975,-5.6018498972390285,-0.2622612326566095,-0.002542933931918583,0.0,22.977414480732083,1.3372083632702414,1.3372083632702414
1762247703.194967,-5.598216842514785,-0.27150124676353826,-1.5787264514774413e-08,0.0,22.99749722105057,1.335483700176381,1.335483700176381
1762247703.4015272,-5.600472463017631,-0.2896066301008662,-0.00018703005549490699,0.0,23.060661882220472,1.323910539713001,1.323910539713001
1762247703.7388144,-5.602354516175339,-0.2556963587563406,-0.0016606832251944651,0.0,22.965539785665186,1.340150683064187,1.340150683064187
1762247703.9635887,-5.604186564513642,-0.16715681137153396,-9.639918550040372e-09,0.0,22.80717618260559,1.3815312161992572,1.3815312161992572
