timestamp,x_m,y_m,vx_mps,vy_mps,s_m,d_m (lateral_error),abs_lateral_error
1762150688.8932114,2.353802334229879,0.0010528116545746864,0.0,0.0,8.020919672287022,0.07956677258296245,0.07956677258296245
1762150688.9150984,2.3618910093863508,-0.00038667499204607955,0.0,0.0,8.029063592699757,0.07755504428984247,0.07755504428984247
1762150688.934411,2.3624687470118144,0.0018607736809166566,0.0,0.0,8.029819195165883,0.07975474366355947,0.07975474366355947
1762150688.9797564,2.358377560130865,0.0028861129245510214,0.0,0.0,8.025720906133598,0.08107185501840182,0.08107185501840182
1762150689.0110018,2.355532975398776,-0.0006262172187729384,0.0,0.0,8.022563733455346,0.07777023603357254,0.07777023603357254
1762150689.0322952,2.3671586483946725,-0.0025963747127346927,0.0,0.0,8.034266276098197,0.07496644563276997,0.07496644563276997
1762150689.052886,2.3682955573075923,0.001353195842313183,0.0,0.0,8.035723691212583,0.0788210863899592,0.0788210863899592
1762150689.0708017,2.36643890541223,0.0003138199149601923,0.0,0.0,8.033752076245076,0.07792177273936735,0.07792177273936735
1762150689.0888166,2.36438411855278,0.001960538292111603,0.0,0.0,8.031780303200287,0.07971478718260087,0.07971478718260087
1762150689.1109886,2.3582664933009894,-0.0029820443014206346,0.0,0.0,8.025179687539685,0.07522656435847244,0.07522656435847244
1762150689.1572475,2.3482513041060153,-0.0011134177787590154,0.0,0.0,8.015106043699301,0.07779027337177363,0.07779027337177363
1762150689.1902864,2.344391624937007,-0.002905318030266913,0.0,0.0,8.011047956418139,0.07626464591710735,0.07626464591710735
1762150689.2156405,2.3452773774791686,-0.0006888566462406333,0.0,0.0,8.012103636853851,0.07841625824241548,0.07841625824241548
1762150689.2803705,2.354787369790638,0.0005369501718789815,0.0,0.0,8.021887243614783,0.07898302935490094,0.07898302935490094
1762150689.3076406,2.355496920631755,-0.0009208272733789787,0.0,0.0,8.02250575175763,0.07747890189029638,0.07747890189029638
1762150689.3359282,2.3505826284990445,-0.004569107964077337,0.0,0.0,8.017238760941622,0.07418244920843783,0.07418244920843783
1762150689.3808,2.3596232041029093,-0.004793783654690619,0.0,0.0,8.026429215713943,0.0733225530205477,0.0733225530205477
1762150689.4076216,2.358182660965596,-0.002208691097790167,0.0,0.0,8.025150577284956,0.07600392497966503,0.07600392497966503
1762150689.429023,2.349634907200596,-0.003825723892085663,0.0,0.0,8.016325815010967,0.0749893939487619,0.0749893939487619
1762150689.4596133,2.3415642080023225,0.00017545043746314883,0.0,0.0,8.00837645680221,0.07952791936929662,0.07952791936929662
1762150689.4889383,2.3522927849967528,0.0018279575070868925,0.0,0.0,8.019435209058488,0.08044549199763895,0.08044549199763895
1762150689.5088942,2.348522850451114,0.003247110129204794,0.0,0.0,8.015688638455819,0.08212192810844728,0.08212192810844728
1762150689.5310955,2.3401622807846687,0.008413463782205801,0.0,0.0,8.007505677610226,0.08784093670688617,0.08784093670688617
1762150689.5614889,2.3385059673609323,0.01056976792213102,0.0,0.0,8.00595820982836,0.090102134275836,0.090102134275836
1762150689.5839818,2.3437795389798897,0.0020454826965979624,0.0,0.0,8.010764434585829,0.08124542172800198,0.08124542172800198
1762150689.604508,2.3474576751132905,0.0027162116378101394,0.0,0.0,8.014564339945462,0.0816652169380956,0.0816652169380956
1762150689.6419194,2.3431928451002535,-0.0017506680587770214,0.0,0.0,8.009905478943953,0.0774972495120472,0.0774972495120472
1762150689.663924,2.3446534212478958,-0.004026165468203682,0.0,0.0,8.011237555648814,0.07512870458734158,0.07512870458734158
1762150689.684248,2.3462753724495005,-0.01033268169977037,0.0,0.0,8.012453563097155,0.06872699531792013,0.06872699531792013
1762150689.707707,2.3574789508568945,-0.008785879231998268,0.0,0.0,8.023956223068474,0.06949338744042222,0.06949338744042222
1762150689.747936,2.3570872766548905,-0.0052645568224401265,0.0,0.0,8.023812297876825,0.07303361654945012,0.07303361654945012
1762150689.7997007,2.356121770761963,-0.004821794758643932,0.0,0.0,8.02286124928514,0.07354356848300442,0.07354356848300442
1762150689.8255293,2.3578418690653784,-0.001472903359182868,0.0,0.0,8.024855856223146,0.0767621097243687,0.0767621097243687
1762150689.8474042,2.3550939483505844,-0.003327062058321357,0.0,0.0,8.021922025792769,0.07510702313969485,0.07510702313969485
1762150689.868263,2.3554651058408798,-0.006268662111598741,0.0,0.0,8.02208866995996,0.07214659687007763,0.07214659687007763
1762150689.8916495,2.3433040563400636,-0.006117953359051068,0.0,0.0,8.00971992674139,0.07313233076959211,0.07313233076959211
1762150689.9251583,2.3459513685550286,-0.001630072418746949,0.0,0.0,8.012725599418616,0.0774315513776133,0.0774315513776133
1762150689.9466262,2.3413058241682307,-0.006629268873713146,0.0,0.0,8.007650864470916,0.0727554687665905,0.0727554687665905
1762150689.9651473,2.3401819114471194,-0.004084817126056376,0.0,0.0,8.006678503556968,0.07536883905607922,0.07536883905607922
1762150689.98466,2.345282415535849,-0.008193954942673838,0.0,0.0,8.011591027727336,0.0709279770212991,0.0709279770212991
1762150690.025388,2.351837720770734,-0.00896070507686702,0.0,0.0,8.018206160066464,0.06971453564017088,0.06971453564017088
1762150690.0526137,2.354555742115615,-0.0061710467291578,0.0,0.0,8.021170091403688,0.07230786968768872,0.07230786968768872
1762150690.0723314,2.352701190191868,-0.0035511272693373648,0.0,0.0,8.01946863151607,0.07505102439980607,0.07505102439980607
1762150690.0984502,2.357504762741173,-0.00122251668046242,0.0,0.0,8.024530477523834,0.07703583555803234,0.07703583555803234
1762150690.1348593,2.3513622074072553,-0.003874117261566204,0.0,0.0,8.018081823850752,0.0748218485486719,0.0748218485486719
1762150690.1591768,2.3523965492396193,-0.002500443870589591,0.0,0.0,8.019232983672447,0.07612037196118754,0.07612037196118754
1762150690.177294,2.3513898489581155,-0.004792580587055941,0.0,0.0,8.018045015628623,0.07390367722665622,0.07390367722665622
1762150690.2007504,2.3502798666468823,-0.008385903393993848,0.0,0.0,8.016661999992152,0.07039562905922424,0.07039562905922424
1762150690.2183697,2.355629439384307,-0.009973252749053089,0.0,0.0,8.021989972837542,0.06843962694845236,0.06843962694845236
1762150690.2455273,2.354231416446341,-0.010006270661377185,0.0,0.0,8.020566167997739,0.06850479048219033,0.06850479048219033
1762150690.268435,2.34439581672905,-0.0061535609735101655,0.0,0.0,8.010828973945088,0.0730234920376549,0.0730234920376549
1762150690.2976139,2.3527147077946102,-0.005400756613705233,0.0,0.0,8.019350886273164,0.07320494603247511,0.07320494603247511
1762150690.3223233,2.3639826458413884,-0.005924419383730832,0.0,0.0,8.030783486099537,0.07188011893634724,0.07188011893634724
1762150690.339032,2.3585757033060957,-0.0057630088562057365,0.0,0.0,8.02529215443534,0.07243063485663041,0.07243063485663041
1762150690.3726525,2.3526636618256123,-0.0031131681571992067,0.0,0.0,8.019461557576356,0.07549053391855023,0.07549053391855023
1762150690.3935962,2.353593600937853,-0.0019551114409605964,0.0,0.0,8.020491661575303,0.07658084459149325,0.07658084459149325
1762150690.4176445,2.3503501247872953,-0.0005581395898968055,0.0,0.0,8.017284767142332,0.07819989793502116,0.07819989793502116
1762150690.4382322,2.349641327590101,-0.0017572164481906114,0.0,0.0,8.01647775375014,0.07705255409498919,0.07705255409498919
1762150690.4755683,2.349249580477158,-0.0031081492632802055,0.0,0.0,8.015983652800264,0.07573176539448061,0.07573176539448061
1762150690.5079901,2.3481195533076096,-0.00021673036527647483,0.0,0.0,8.015034449129994,0.07869387687374864,0.07869387687374864
1762150690.5358324,2.3533663414402732,-0.0020661178199814947,0.0,0.0,8.020252141158345,0.07648600002167083,0.07648600002167083
1762150690.5714796,2.351328758808909,-0.0012536158932138928,0.0,0.0,8.018233240772846,0.07743836626593961,0.07743836626593961
1762150690.607,2.3420693890419524,0.002610734117777048,0.0,0.0,8.009058007461523,0.0819240677393349,0.0819240677393349
1762150690.6265407,2.3393600711831777,0.005926344121166678,0.0,0.0,8.006517116847258,0.08541243706612328,0.08541243706612328
1762150690.6535392,2.341461738338113,0.00544926900416265,0.0,0.0,8.008631500423753,0.08479683661426388,0.08479683661426388
1762150690.677465,2.347023505635934,0.0035015415837261264,0.0,0.0,8.01417605317468,0.08247835559370446,0.08247835559370446
1762150690.7109163,2.3484700656012927,4.6296466762909965e-05,0.0,0.0,8.015410285805022,0.078932274202526,0.078932274202526
1762150690.7294471,2.3485712194365576,-0.002704392157185042,0.0,0.0,8.015320769083633,0.07618112141497511,0.07618112141497511
1762150690.7553082,2.3506433975621723,0.0003626651448965158,0.0,0.0,8.017648856155336,0.07909822913106831,0.07909822913106831
1762150690.7750716,2.35511611054762,-0.0016227335063785727,0.0,0.0,8.022067094406662,0.07680556727726473,0.07680556727726473
1762150690.8175566,2.360576576231898,-9.715327836318494e-05,0.0,0.0,8.027744989741565,0.07793863874975034,0.07793863874975034
1762150690.8371675,2.359756325097537,-0.00018140345890938327,0.0,0.0,8.02690257805568,0.07791353561718081,0.07791353561718081
1762150690.8545475,2.3628144343720776,-0.0028506716687532194,0.0,0.0,8.029822152945048,0.07503063444735597,0.07503063444735597
1762150690.877,2.3672115960404843,-0.008473843900463615,0.0,0.0,8.033877835053893,0.06910106630179261,0.06910106630179261
1762150690.899913,2.368814095507901,-0.015480199495044237,0.0,0.0,8.034978781194782,0.06199552963295662,0.06199552963295662
1762150690.929831,2.358619885207171,-0.011003010547322417,0.0,0.0,8.024955678095209,0.0672007972576712,0.0672007972576712
1762150690.9504125,2.360005017821946,-0.006038963407286876,0.0,0.0,8.02672681799731,0.07205322065402696,0.07205322065402696
1762150690.9716785,2.357462533696045,-0.005540000428574166,0.0,0.0,8.024174381130114,0.07273225303610735,0.07273225303610735
1762150691.000433,2.3579046600633276,-0.0026189607425698654,0.0,0.0,8.024836541040358,0.07561448942493516,0.07561448942493516
1762150691.0157466,2.3599983790462393,-0.0028561591264754387,0.0,0.0,8.026953139033601,0.07522830720062204,0.07522830720062204
1762150691.038932,2.356940512956806,-0.005447595189786322,0.0,0.0,8.023649653680238,0.07286143606826935,0.07286143606826935
1762150691.0611787,2.353979482624648,-0.004660639488807484,0.0,0.0,8.02069142585287,0.07385494519636801,0.07385494519636801
1762150691.0911818,2.3528550882869297,0.0011915297168485764,0.0,0.0,8.019963431510988,0.07977140119434478,0.07977140119434478
1762150691.1286116,2.3590249755200143,-0.0010657895070716155,0.0,0.0,8.02609232698656,0.07708379505981493,0.07708379505981493
1762150691.1444876,2.351964193521583,-0.0010250645039423694,0.0,0.0,8.018897181940556,0.07762225247272278,0.07762225247272278
1762150691.1631558,2.358187072715058,0.0011178689369406496,0.0,0.0,8.02539748913198,0.07932171017077944,0.07932171017077944
1762150691.1818793,2.3476549296672693,-5.018184426096814e-05,0.0,0.0,8.014572311194035,0.0788918107780795,0.0788918107780795
1762150691.218105,2.3449835942820494,0.000956154965744367,0.0,0.0,8.011917729839388,0.08007737108721966,0.08007737108721966
1762150691.2374935,2.340072092504793,-0.0032198690602526945,0.0,0.0,8.006625046659849,0.07623915776960356,0.07623915776960356
1762150691.259839,2.345573056824139,-0.0036670093917250068,0.0,0.0,8.01219915192517,0.07542492418801214,0.07542492418801214
1762150691.2852328,2.351976832434575,-0.005454266196807768,0.0,0.0,8.018595851572359,0.07320287436633564,0.07320287436633564
1762150691.3019838,2.3471488821258983,-0.006638083856805159,0.0,0.0,8.013598026273028,0.07235375274923307,0.07235375274923307
1762150691.3222651,2.3578268830598326,-0.005020847609199514,0.0,0.0,8.024582934848635,0.07322421592425135,0.07322421592425135
1762150691.3385997,2.3650829703628102,-0.0014963724209464525,0.0,0.0,8.03223419949853,0.07621601880031714,0.07621601880031714
1762150691.3632271,2.363718580186485,-0.0008733461984155675,0.0,0.0,8.03089027838045,0.07693701135522855,0.07693701135522855
1762150691.379005,2.3595800448520277,-0.0007852324113692706,0.0,0.0,8.026678618783128,0.07732389900076896,0.07732389900076896
1762150691.3995035,2.3597044846285806,-0.0029469131054808526,0.0,0.0,8.026647106328497,0.07515885837117348,0.07515885837117348
1762150691.4183686,2.3549001115356343,-0.002737563410259035,0.0,0.0,8.021766890811916,0.07570869412648089,0.07570869412648089
1762150691.4453447,2.352125331965136,-0.002659738420045564,0.0,0.0,8.018945315828951,0.0759803311651453,0.0759803311651453
1762150691.4613922,2.3482267656924343,-0.003919750765443716,0.0,0.0,8.01488486974449,0.07499220043357098,0.07499220043357098
1762150691.492248,2.3393854393493076,-0.004833600947900753,0.0,0.0,8.005816717741947,0.074674299010362,0.074674299010362
1762150691.5247931,2.3410656508688277,-0.005225499204060507,0.0,0.0,8.007501456591529,0.07417208995675044,0.07417208995675044
1762150691.5490441,2.345844169110227,-0.003355310631542648,0.0,0.0,8.012496907503543,0.07571754864637274,0.07571754864637274
1762150691.5716746,2.3378098427026974,-0.008185679826292955,0.0,0.0,8.00398803210924,0.0714329543810823,0.0714329543810823
1762150691.6124845,2.3384842776463795,-0.005929274803040279,0.0,0.0,8.004825426345036,0.07364029608599913,0.07364029608599913
1762150691.637044,2.335539592876615,-0.002985434458597456,0.0,0.0,8.00202198143047,0.07677009929146175,0.07677009929146175
1762150691.6661704,2.341016216243657,-0.0006209897988028127,0.0,0.0,8.007763452201644,0.07876971259148305,0.07876971259148305
1762150691.6914253,2.3496899842580308,-0.0008284864571674779,0.0,0.0,8.016592694724174,0.07797572855521788,0.07797572855521788
1762150691.7125304,2.34863670765057,-0.0024665397200075855,0.0,0.0,8.01540415156455,0.07641392572331725,0.07641392572331725
1762150691.7372208,2.3551480155086226,-0.0049659818256879915,0.0,0.0,8.021859405256695,0.07346835974826217,0.07346835974826217
1762150691.7802014,2.3549397865510078,-0.006916008820244322,0.0,0.0,8.021507608465813,0.07153778975006884,0.07153778975006884
1762150691.8329482,2.360203787626497,-0.0018758552534722684,0.0,0.0,8.027234318764148,0.07619133835244245,0.07619133835244245
1762150691.8613887,2.358048026988629,-0.0022641957854726952,0.0,0.0,8.025008400503012,0.0759581500290272,0.0759581500290272
1762150691.92444,2.365049916669491,0.0015257129431466058,0.0,0.0,8.03242681557442,0.07923240961827926,0.07923240961827926
1762150692.1156714,2.3402160610603255,-0.0037113109496627558,0.0,0.0,8.006738530007826,0.07573926652494349,0.07573926652494349
1762150692.2493768,2.3570542807286903,-0.0010041536369761572,0.0,0.0,8.02408716612548,0.07728563521220919,0.07728563521220919
1762150692.2673876,2.3519511892008085,-0.00046620020202968606,0.0,0.0,8.018923623669854,0.07818066874755783,0.07818066874755783
1762150692.293936,2.3484395718548248,-0.0012044247256723726,0.0,0.0,8.015291595340841,0.07768658423909185,0.07768658423909185
1762150692.3105955,2.345217955043904,0.001176564903528417,0.0,0.0,8.01217204046226,0.08028142563767665,0.08028142563767665
1762150692.3372836,2.3504429855058717,0.00045448756990958925,0.0,0.0,8.01745096303282,0.0792036890196469,0.0792036890196469
1762150692.3628793,2.355385150869269,-0.002377454113474805,0.0,0.0,8.022286968965934,0.0760337747771189,0.0760337747771189
1762150692.3807962,2.3528142353442796,-0.0034038863935944787,0.0,0.0,8.019594262946022,0.07519002929341828,0.07519002929341828
1762150692.4120107,2.3536682160417164,-0.010160513024757801,0.0,0.0,8.019982548665185,0.06839028950333038,0.06839028950333038
1762150692.432312,2.354968446243013,-0.008571652505770066,0.0,0.0,8.021418200989627,0.06988422062522562,0.06988422062522562
1762150692.4540758,2.3522201089481967,-0.008914147287658995,0.0,0.0,8.018598385429437,0.0697344518784908,0.0697344518784908
1762150692.4759252,2.3646050557717406,-0.007671223599137029,0.0,0.0,8.03128685734796,0.07009260141430956,0.07009260141430956
1762150692.499286,2.362356809314123,-0.004283610284001276,0.0,0.0,8.029250036269335,0.07363462067402754,0.07363462067402754
1762150692.528742,2.3651145060143124,-0.003660196993547931,0.0,0.0,8.03210450687544,0.07405568953429129,0.07405568953429129
1762150692.5484312,2.361391105554512,-0.00537233243899498,0.0,0.0,8.028186571562419,0.07261849528850771,0.07261849528850771
1762150692.666003,2.3603636331287356,-2.241748332923692e-05,0.0,0.0,8.027533393740928,0.07802849806978765,0.07802849806978765
1762150692.683397,2.351976122135084,-0.0010917409146013687,0.0,0.0,8.018904605786235,0.07755490813832394,0.07755490813832394
1762150692.920642,2.348255951973877,-0.004787586652667809,0.0,0.0,8.014853993857264,0.07412440092287814,0.07412440092287814
1762150693.0883007,2.364009471360385,-0.009700434702172784,0.0,0.0,8.030530445508198,0.0681121625136129,0.0681121625136129
1762150693.216404,2.3666727767354105,-0.0068537986136660446,0.0,0.0,8.033451433237293,0.07075637800668057,0.07075637800668057
1762150693.2315397,2.3624984269066376,-0.009509109250763006,0.0,0.0,8.029008350789306,0.06841256878672801,0.06841256878672801
1762150693.2584822,2.3603595650213944,-0.009158048193367525,0.0,0.0,8.026859344757046,0.0689167431359262,0.0689167431359262
1762150693.2862332,2.3558840813220856,-0.010027670027389676,0.0,0.0,8.02224497085845,0.06836741733409094,0.06836741733409094
1762150693.3115113,2.3633606773115656,-0.010231990012487443,0.0,0.0,8.029831540535236,0.06762913771043079,0.06762913771043079
1762150693.3358672,2.3662317427567006,-0.010901976849830896,0.0,0.0,8.032699770752396,0.06675152316438814,0.06675152316438814
1762150693.3553317,2.363003518332454,-0.0070766881409142736,0.0,0.0,8.029701719590696,0.07080203291876294,0.07080203291876294
1762150693.3942373,2.3610817577055148,-0.0029071334305085196,0.0,0.0,8.028053002811177,0.07509957764862492,0.07509957764862492
1762150693.4270163,2.363640455127329,-0.004723645219428888,0.0,0.0,8.030524379339175,0.07310261036952052,0.07310261036952052
1762150693.4474704,2.3592489157842653,-0.007363394526584314,0.0,0.0,8.025860692944557,0.0707862894639087,0.0707862894639087
1762150693.4803958,2.3503012368140315,-0.008654931345224218,0.0,0.0,8.016664839538917,0.07012576802930391,0.07012576802930391
1762150693.5011244,2.354095987040612,-0.010137948411547219,0.0,0.0,8.020419082921023,0.06838290912796414,0.06838290912796414
1762150693.5212412,2.3608461567240773,-0.011367974228978298,0.0,0.0,8.027192312777334,0.0666775964760536,0.0666775964760536
1762150693.55013,2.3612504616215384,-0.007716132078530726,0.0,0.0,8.027871130701064,0.07029091704807337,0.07029091704807337
1762150693.5690317,2.361905635502956,-0.008364266182744263,0.0,0.0,8.028489891144272,0.06959724335421832,0.06959724335421832
1762150693.5854762,2.343329517770624,-0.005618699365985696,0.0,0.0,8.009779986118952,0.07362875662374052,0.07362875662374052
1762150693.6219115,2.346645811979729,-0.009156908657552877,0.0,0.0,8.012911563513162,0.06987494331717081,0.06987494331717081
1762150693.7545533,2.342740553354367,-0.0091550816233169,0.0,0.0,8.00893927128067,0.07013969869575763,0.07013969869575763
1762150693.9403381,2.3371166281932525,-0.012291285786232927,0.0,0.0,8.003009754693256,0.06738138279815045,0.06738138279815045
1762150694.1003513,2.34787035983872,-0.0010684451837655552,0.0,0.0,8.014720842318566,0.07786120462108113,0.07786120462108113
1762150694.310877,2.355427106869105,-0.005359813972687286,0.0,0.0,8.02211527338991,0.07305586519388994,0.07305586519388994
1762150694.4949641,2.352792845598072,-0.0007385630237975068,0.0,0.0,8.019762302432843,0.07785035659809036,0.07785035659809036
1762150694.5239158,2.3529210403122933,-0.002334501346023785,0.0,0.0,8.019779231341694,0.07624936351546575,0.07624936351546575
1762150694.5474718,2.3566265778245654,-0.006125030602191051,0.0,0.0,8.023281172237601,0.07220791810216755,0.07220791810216755
1762150694.6427004,2.3481921729680972,-0.0030736286536434234,0.0,0.0,8.014908735047783,0.07583870669939323,0.07583870669939323
1762150694.6617138,2.350897963200888,-0.005399524309735102,0.0,0.0,8.017501295760887,0.073332229646929,0.073332229646929
1762150694.6877153,2.3488605168888386,-0.008137799402203105,0.0,0.0,8.01523539742012,0.07074066137815418,0.07074066137815418
1762150694.7086506,2.350189785120999,-0.008440859632382055,0.0,0.0,8.016566499971312,0.07034700876667496,0.07034700876667496
1762150694.7268307,2.3439701195585263,-0.008123652987622455,0.0,0.0,8.010260618421706,0.07108647340803709,0.07108647340803709
1762150694.7506127,2.3384025656738143,-0.0075653293845984034,0.0,0.0,8.004632689350434,0.07201313326690584,0.07201313326690584
1762150694.7795727,2.3389589723588724,-0.00701824013521518,0.0,0.0,8.005235678905853,0.07252248763944899,0.07252248763944899
1762150694.8708105,2.3412592367679337,-1.8117548706992265e-06,0.0,0.0,8.008053359753964,0.07937135796278226,0.07937135796278226
1762150695.0810258,2.3393597728778865,-0.004985740618378413,0.0,0.0,8.005780338574665,0.07452418254159289,0.07452418254159289
1762150695.1128707,2.346383552181661,-0.005046762336525431,0.0,0.0,8.01292920896204,0.07399341186673293,0.07399341186673293
1762150695.1396987,2.355256104451719,-0.006910882236256053,0.0,0.0,8.021829870100637,0.0715206733546394,0.0715206733546394
1762150695.2409205,2.356031565887401,-0.007097498410106972,0.0,0.0,8.02260556629939,0.0712799049015446,0.0712799049015446
1762150695.269082,2.363612866846216,-0.008384081635886696,0.0,0.0,8.03022475307424,0.06945386293360781,0.06945386293360781
1762150695.289146,2.3546752160446673,-0.010098960888293903,0.0,0.0,8.021010783005941,0.06838124613569702,0.06838124613569702
1762150695.3068993,2.353379055040578,-0.00944140594215648,0.0,0.0,8.019739663671302,0.0691278213082209,0.0691278213082209
1762150695.3325,2.352802169414997,-0.008240816082562998,0.0,0.0,8.019238188263738,0.07036568906618682,0.07036568906618682
1762150695.349986,2.3559798947005786,-0.009643067056914152,0.0,0.0,8.02237000927417,0.06874431405409184,0.06874431405409184
1762150695.3779068,2.3606884752461124,-0.006897568968811082,0.0,0.0,8.027359445419144,0.07114778047685347,0.07114778047685347
1762150695.4112592,2.3566294330244846,-0.002706081083560958,0.0,0.0,8.023531020436256,0.07561809596539784,0.07561809596539784
1762150695.441112,2.3553109228917064,-0.00296225585407567,0.0,0.0,8.022169277544025,0.07545565346135744,0.07545565346135744
1762150695.46923,2.348097903213149,-0.0009928978885537848,0.0,0.0,8.014958090461475,0.07792101118513832,0.07792101118513832
1762150695.4841049,2.347386035367727,-0.0008138363550438595,0.0,0.0,8.014244852950194,0.07814829894528645,0.07814829894528645
1762150695.5024085,2.347864071121867,0.0014427746887681638,0.0,0.0,8.014889967786559,0.0803669749788665,0.0803669749788665
1762150695.5246873,2.3501795701407486,-0.0005528233590709788,0.0,0.0,8.01711125467364,0.07821697774771932,0.07821697774771932
1762150695.5545673,2.360301614232981,-0.0004975143406503079,0.0,0.0,8.02743524807071,0.07755908879998437,0.07755908879998437
1762150695.5805597,2.356398885729162,-0.0012616723110807832,0.0,0.0,8.023400510444578,0.07707519956036994,0.07707519956036994
1762150695.6032972,2.3631838831976744,-0.0006916535552825228,0.0,0.0,8.030358820576437,0.07715712709402302,0.07715712709402302
1762150695.6210177,2.374333042429672,0.0003395910891762043,0.0,0.0,8.04180124425204,0.07735732372425504,0.07735732372425504
1762150695.6700406,2.365353292195482,0.0014953689346202696,0.0,0.0,8.032733936392916,0.0791799083099534,0.0791799083099534
1762150695.7103903,2.3568626725449513,0.0014388439248104697,0.0,0.0,8.024068938527169,0.07973607060628488,0.07973607060628488
1762150695.8725712,2.356942000904496,-0.006286777635076465,0.0,0.0,8.023590530612951,0.07202425519214689,0.07202425519214689
1762150696.24152,2.36730770485395,-0.003295714680891407,0.0,0.0,8.034365371494228,0.07425801340423341,0.07425801340423341
1762150696.5568624,2.3680916329506343,-0.007047171365035517,0.0,0.0,8.034880348357694,0.07045889485673598,0.07045889485673598
1762150696.7717202,2.364279675525377,-0.006683301611243812,0.0,0.0,8.031029328510948,0.07110161724057061,0.07110161724057061
1762150696.9904253,2.358578384851472,-0.00286923904276542,0.0,0.0,8.025505629396033,0.07531684660480928,0.07531684660480928
1762150697.264506,2.349805264637532,0.0033256174403560176,0.0,0.0,8.017003075166262,0.08211200285191332,0.08211200285191332
1762150697.5782678,2.35712014224258,-0.007050346746377818,0.0,0.0,8.023716648838919,0.07124998651583479,0.07124998651583479
1762150697.7630415,2.345591992717798,-0.001364422102701399,0.0,0.0,8.012377662045752,0.07772094667983193,0.07772094667983193
1762150698.1401453,2.3501202969292283,-0.000978102726931858,0.0,0.0,8.017020837226754,0.07779680275919804,0.07779680275919804
1762150698.297845,2.347456544503484,-0.000185894474933687,0.0,0.0,8.014360542064399,0.07876996413748026,0.07876996413748026
1762150698.535938,2.350295659238627,-0.013424487042871065,0.0,0.0,8.016324561285169,0.06536791559816672,0.06536791559816672
1762150698.7328713,2.334522937890263,-0.0034740121240542056,0.0,0.0,8.000953660932069,0.07634838547103602,0.07634838547103602
1762150698.9171617,2.348903229826151,0.006085922435683145,0.0,0.0,8.016276654656457,0.08492789378701023,0.08492789378701023
1762150699.2119176,2.350073492686826,-0.008300410550893438,0.0,0.0,8.01645805531452,0.07049513220042816,0.07049513220042816
1762150699.3696382,2.342128590842545,-0.005805070310186617,0.0,0.0,8.008544478939015,0.07352307990731698,0.07352307990731698
1762150699.4424613,2.352366453891714,-0.0026939052254172056,0.0,0.0,8.01918856719411,0.07592947442033893,0.07592947442033893
1762150699.4635625,2.358924428907865,-0.003159009520899895,0.0,0.0,8.025837001089968,0.07500311304629431,0.07500311304629431
1762150699.4806085,2.3537994625877117,-0.0012601878812764197,0.0,0.0,8.020751157478895,0.0772596558747184,0.0772596558747184
1762150699.4993594,2.353051845509895,-0.0011086244650537931,0.0,0.0,8.019999936561259,0.07746312295322164,0.07746312295322164
1762150699.5231872,2.3582008806299015,-0.0014711723074960006,0.0,0.0,8.02522284961592,0.07673827115743609,0.07673827115743609
1762150699.5450897,2.361126550992485,-0.00396661637791378,0.0,0.0,8.028020655623799,0.07403962063169692,0.07403962063169692
1762150699.5639849,2.359375033564457,-0.005912920876913589,0.0,0.0,8.026094831126422,0.07222404028406308,0.07222404028406308
1762150699.5917373,2.356152157601487,-0.005806426064911819,0.0,0.0,8.022821242632709,0.07255924889502102,0.07255924889502102
1762150699.6354184,2.3495541706360634,-0.0028885260108018553,0.0,0.0,8.01630940818893,0.07592992586993502,0.07592992586993502
1762150699.6523876,2.356852341125701,-0.0008846172827992861,0.0,0.0,8.023889990076537,0.07741919201038752,0.07741919201038752
1762150699.6837254,2.3634949950305035,0.000284248779626764,0.0,0.0,8.030748547834177,0.07810781373489543,0.07810781373489543
1762150699.7048824,2.357564314403325,-0.0003456291687329921,0.0,0.0,8.024654874173857,0.0779062713585889,0.0779062713585889
1762150699.7262,2.356924814261586,0.00027830328268967964,0.0,0.0,8.024048151800109,0.07857404548905544,0.07857404548905544
1762150699.7426589,2.3590071093513423,1.8118517164866668e-05,0.0,0.0,8.026153362212531,0.07816620576094187,0.07816620576094187
1762150699.7683167,2.351194712733088,0.0020314406179631874,0.0,0.0,8.018329389360899,0.08072481022651207,0.08072481022651207
1762150699.7977188,2.357228915079657,1.4045184248712936e-05,0.0,0.0,8.024339047982632,0.0782888699566438,0.0782888699566438
1762150699.824205,2.3615943109268978,-0.0007283469797778785,0.0,0.0,8.02873591333236,0.0772357115486116,0.0772357115486116
1762150699.8565254,2.3550489799072105,-0.00088349494853628,0.0,0.0,8.022051831065337,0.07754769745854345,0.07754769745854345
1762150699.8780923,2.348553095770562,0.002865666596430534,0.0,0.0,8.015692727334285,0.08173930820245344,0.08173930820245344
1762150699.9045894,2.348745571764228,0.00400700898593361,0.0,0.0,8.015969372705696,0.08286473867152415,0.08286473867152415
1762150699.9404666,2.3520187214548174,0.004958218116002364,0.0,0.0,8.019378542779666,0.08358723952442919,0.08358723952442919
1762150699.9671028,2.3545264310548895,0.006704665356055178,0.0,0.0,8.022064903671364,0.08515381795891548,0.08515381795891548
1762150699.9877355,2.3559609251960487,0.0030283370948318436,0.0,0.0,8.023264084680973,0.08138544263221453,0.08138544263221453
1762150700.0124235,2.3573774590604235,-0.004221393495477692,0.0,0.0,8.024183275241386,0.07405357276593107,0.07405357276593107
1762150700.0376375,2.3614000515400404,-0.0017444484106606934,0.0,0.0,8.02846295115429,0.07623628673918259,0.07623628673918259
1762150700.0527098,2.3609659632177786,-0.0038523438647867347,0.0,0.0,8.02786552389067,0.07416516116233254,0.07416516116233254
1762150700.073749,2.3571601301469642,-0.008362698726188148,0.0,0.0,8.023662526147618,0.06993809864873757,0.06993809864873757
1762150700.1052482,2.353826205316257,-0.00964192251168401,0.0,0.0,8.020180106952413,0.0688965796536187,0.0688965796536187
1762150700.137025,2.351573484018084,-0.010003460354701812,0.0,0.0,8.017863804565772,0.06869259116469907,0.06869259116469907
1762150700.1619012,2.345419892465414,-0.0142148390845788,0.0,0.0,8.01131687637216,0.06491153764480426,0.06491153764480426
1762150700.2113774,2.349845258553515,-0.00894689745261972,0.0,0.0,8.016180532042162,0.069865881158676,0.069865881158676
1762150700.234026,2.363593887019461,-0.005504935950726783,0.0,0.0,8.030418967724914,0.07232677438372725,0.07232677438372725
1762150700.2519686,2.361312806566552,-0.0056625575350809365,0.0,0.0,8.02808551811971,0.07233466776257759,0.07233466776257759
1762150700.2715666,2.355925160392751,-0.0024481001633894035,0.0,0.0,8.022832100159983,0.07592522081136781,0.07592522081136781
1762150700.2870517,2.3536338674077486,-0.004844518576990735,0.0,0.0,8.020326365288925,0.07369569531486148,0.07369569531486148
1762150700.3033936,2.360454273755538,0.0006809763408167467,0.0,0.0,8.027677546524968,0.07872355134438369,0.07872355134438369
1762150700.3180227,2.351913785489438,-0.001519081518651538,0.0,0.0,8.018810721121712,0.0771329335802823,0.0771329335802823
1762150700.335866,2.351026797880751,-0.0030636878635703847,0.0,0.0,8.017797449474568,0.07565355972006439,0.07565355972006439
1762150700.3618753,2.349045841100914,-0.00984952892874959,0.0,0.0,8.015304332963117,0.06902025662128022,0.06902025662128022
1762150700.3807578,2.340093335222676,-0.00708733504504936,0.0,0.0,8.006385683993388,0.07237875097561065,0.07237875097561065
1762150700.4021661,2.3442870690801745,-0.0007741905619027223,0.0,0.0,8.011088044045223,0.07839797565475452,0.07839797565475452
1762150700.436798,2.3396458348203533,0.00011104538285169775,0.0,0.0,8.006415530670171,0.07959096853450157,0.07959096853450157
1762150700.4678786,2.340178439949889,7.174892715318188e-05,0.0,0.0,8.006956077258064,0.07951651505458539,0.07951651505458539
1762150700.495254,2.3462957418302204,0.001652558124491761,0.0,0.0,8.013304588638523,0.08068322350664223,0.08068322350664223
1762150700.5179403,2.3450282888043326,-0.00027989094054807376,0.0,0.0,8.011877913308593,0.07884113102840457,0.07884113102840457
1762150700.537342,2.3445839424469823,-0.004324604743510844,0.0,0.0,8.01114624893025,0.07483562686629466,0.07483562686629466
1762150700.561531,2.3511570255661387,-0.008336600001675252,0.0,0.0,8.017557807837903,0.07038427101121865,0.07038427101121865
1762150700.5772853,2.3572124403227477,-0.008202266841426914,0.0,0.0,8.023727323684776,0.07009442194458958,0.07009442194458958
1762150700.6099825,2.3509540009334033,-0.005006948746034613,0.0,0.0,8.017586054886035,0.07371999115530752,0.07371999115530752
1762150700.6315837,2.3509699560747293,-0.007899122612510058,0.0,0.0,8.017398326205472,0.07083363296041294,0.07083363296041294
1762150700.6477022,2.357293075818436,-0.006646054874424169,0.0,0.0,8.02392185454623,0.07164100550814015,0.07164100550814015
1762150700.6620274,2.3600601223129534,-0.005639713424413304,0.0,0.0,8.026812122765303,0.07244749296683302,0.07244749296683302
1762150700.69303,2.359593619713101,-0.003118877426964338,0.0,0.0,8.026521588095212,0.07499527801561859,0.07499527801561859
1762150700.7091389,2.3557585975476636,-0.005538666246381083,0.0,0.0,8.022439885997908,0.07285410492194604,0.07285410492194604
1762150700.726681,2.351732187609919,-0.0005553899420082085,0.0,0.0,8.018694012424366,0.07810691303484614,0.07810691303484614
1762150700.7523658,2.349715683499116,-0.003329897259502739,0.0,0.0,8.016442942867313,0.07547848561582972,0.07547848561582972
1762150700.777449,2.3510635923777166,-0.00465842739552011,0.0,0.0,8.017722258601594,0.07406009700929195,0.07406009700929195
1762150700.7954266,2.345504207782208,-0.004330779969138572,0.0,0.0,8.01208316882053,0.07476733301820057,0.07476733301820057
1762150700.8812165,2.352032294989644,-0.0068975428678709535,0.0,0.0,8.018550075733978,0.0717592295868537,0.0717592295868537
1762150700.8968575,2.354521934171788,-0.004584525283012111,0.0,0.0,8.021249250126578,0.07389285416250455,0.07389285416250455
1762150700.9146268,2.3607311279358805,-0.00526075895551946,0.0,0.0,8.027522941523069,0.07277729135447615,0.07277729135447615
1762150700.932964,2.3558480096095287,-0.007998992109339059,0.0,0.0,8.02235399072171,0.0703935956043736,0.0703935956043736
1762150700.967311,2.360882163139751,-0.004728744274491179,0.0,0.0,8.027715775210316,0.07329706491526536,0.07329706491526536
1762150701.061986,2.380921954076326,-0.013358340978675375,0.0,0.0,8.04743176591809,0.06319448401319688,0.06319448401319688
1762150701.081404,2.3755734368533306,-0.013364780313992432,0.0,0.0,8.042001398447669,0.06359833466221375,0.06359833466221375
1762150701.1001987,2.371511679228518,-0.011961644630388327,0.0,0.0,8.037984267485673,0.06530364856599447,0.06530364856599447
1762150701.1173353,2.3616879929822954,-0.008634394997437487,0.0,0.0,8.02824866760854,0.06934351750173687,0.06934351750173687
1762150701.1378646,2.3648677150410813,-0.005231529081203814,0.0,0.0,8.031735910159444,0.07250660939719085,0.07250660939719085
1762150701.162989,2.3653377675309115,-0.005414709424281419,0.0,0.0,8.03220068461281,0.07228954256585825,0.07228954256585825
1762150701.1835845,2.3558608442244875,-0.004050557909318467,0.0,0.0,8.022651105179705,0.07433129788232723,0.07433129788232723
1762150701.201566,2.3564046312557405,-0.0026479312735295676,0.0,0.0,8.023306191374862,0.07569200737548172,0.07569200737548172
1762150701.2183115,2.3616350068042893,0.002303614746973333,0.0,0.0,8.029001531861335,0.08025680340756561,0.08025680340756561
1762150701.2403705,2.3543306961723625,-7.07211178222172e-05,0.0,0.0,8.02137793509545,0.07840894987798036,0.07840894987798036
1762150701.2672412,2.3543329563339905,-0.0028953306755239846,0.0,0.0,8.021177752048859,0.07559114434931506,0.07559114434931506
1762150701.2890015,2.350944816300114,-0.003471347051769908,0.0,0.0,8.01768512654751,0.07525255048389215,0.07525255048389215
1762150701.308093,2.348073502317592,-0.005558656133671197,0.0,0.0,8.014614409077208,0.07336760989414173,0.07336760989414173
1762150701.3248672,2.3519862307920447,-0.005557603399014707,0.0,0.0,8.018598098255106,0.07309913400309885,0.07309913400309885
1762150701.350834,2.3541051139091778,-0.003550450562586258,0.0,0.0,8.02089875196675,0.07495360903372417,0.07495360903372417
1762150701.3892226,2.357785475367057,-0.0013382336546481834,0.0,0.0,8.024808171564505,0.07690045066662159,0.07690045066662159
1762150701.4207716,2.3523769132810473,-0.0016916484632764032,0.0,0.0,8.019270482282167,0.0769285722454294,0.0769285722454294
1762150701.4373333,2.3476650156019923,-0.002298186266949445,0.0,0.0,8.014425706010996,0.07664836781061071,0.07664836781061071
1762150701.4611895,2.3513258470595733,-0.003318408960451506,0.0,0.0,8.018084099643275,0.07537874064597802,0.07537874064597802
1762150701.4853597,2.345242679050679,-0.0038716969011892434,0.0,0.0,8.011848458920356,0.07524304806798136,0.07524304806798136
1762150701.5019965,2.3312274397137718,-0.0015843109066331178,0.0,0.0,7.997718533117408,0.07844568803295701,0.07844568803295701
1762150701.5233254,2.3301412225299813,0.0014073002367748692,0.0,0.0,7.996805124994691,0.08150034135324499,0.08150034135324499
1762150701.5453913,2.3417037587778857,0.00419271914097325,0.0,0.0,8.008792849582182,0.08352693853218664,0.08352693853218664
1762150701.569137,2.3523313909658823,2.281166194632271e-05,0.0,0.0,8.019346051601598,0.07864204108176007,0.07864204108176007
1762150701.5951324,2.3481985338128477,-0.0017020920933495723,0.0,0.0,8.015011080329964,0.07720659276422205,0.07720659276422205
1762150701.697033,2.3480559277207718,-0.0026882779903016005,0.0,0.0,8.014796831290102,0.07623247435876361,0.07623247435876361
1762150701.7171447,2.3434304269205213,-0.0001905657910830404,0.0,0.0,8.010254662790704,0.07903789509864392,0.07903789509864392
1762150701.735526,2.3472928986059274,0.004579859096313204,0.0,0.0,8.01452639936613,0.08353576738795458,0.08353576738795458
1762150701.8874636,2.350886753070367,-0.005819971452384082,0.0,0.0,8.017460225510241,0.07291356309627921,0.07291356309627921
1762150701.917011,2.3434247442308007,-0.004827383508473571,0.0,0.0,8.009931096604003,0.0744119089514896,0.0744119089514896
1762150701.9506688,2.3512130061110743,-0.0068779475527136515,0.0,0.0,8.01771766535519,0.07183555799699463,0.07183555799699463
1762150702.0234673,2.3462993764655495,-0.0015587955396839152,0.0,0.0,8.01308527234906,0.07747904486645374,0.07747904486645374
1762150702.0513573,2.3469290866587618,-0.0038256869420312694,0.0,0.0,8.013569549968864,0.07517458750318112,0.07517458750318112
1762150702.0785673,2.3502601885173924,-0.0052944155918542325,0.0,0.0,8.016859340638941,0.07348112080983282,0.07348112080983282
1762150702.108402,2.351714888789296,-0.0021169925957881626,0.0,0.0,8.018565592499609,0.07655028120985807,0.07655028120985807
1762150702.13176,2.345677349149372,-0.002717258879394745,0.0,0.0,8.012371070082825,0.0763654352091258,0.0763654352091258
1762150702.1482909,2.3430952124349926,-0.002598877478045697,0.0,0.0,8.009747898464417,0.07665749168234381,0.07665749168234381
1762150702.1742485,2.342599589582264,-0.0026655233793150225,0.0,0.0,8.009238263020318,0.07662417048602488,0.07662417048602488
1762150702.2062426,2.3434325720916593,-0.0036586799377501373,0.0,0.0,8.010019087895392,0.07557745607564272,0.07557745607564272
1762150702.2292535,2.349900236539183,-0.007028534278653038,0.0,0.0,8.016371048203613,0.07177591745299004,0.07177591745299004
1762150702.2450447,2.3519048817773562,-0.007972323803144695,0.0,0.0,8.018344362205458,0.070695880592284,0.070695880592284
1762150702.2780442,2.3485169856885797,-0.007553507697663231,0.0,0.0,8.014926653818595,0.0713471020777265,0.0713471020777265
1762150702.310134,2.346746475833605,-0.007066597976197087,0.0,0.0,8.013158729773533,0.07195359360272495,0.07195359360272495
1762150702.3289225,2.350685742765458,-0.0001319149653410743,0.0,0.0,8.017657070347003,0.0786019045622423,0.0786019045622423
1762150702.3605354,2.360049874259521,-0.0028782459644359332,0.0,0.0,8.027003977491539,0.07520258264174952,0.07520258264174952
1762150702.3781803,2.363038594809147,-0.00041209954529118354,0.0,0.0,8.030231498756878,0.07744649990413129,0.07744649990413129
1762150702.4022827,2.3562018922971575,-0.0020082094891576596,0.0,0.0,8.023145816578852,0.07634446331963884,0.07634446331963884
1762150702.4257927,2.35926430224672,-0.005223813059806406,0.0,0.0,8.026032411469918,0.07291930129810563,0.07291930129810563
1762150702.442878,2.356548267557737,-0.0018320462507452702,0.0,0.0,8.023511513855437,0.07649568376149346,0.07649568376149346
1762150702.465723,2.3604581590295677,0.0006232393254938213,0.0,0.0,8.027677260110512,0.0786656844216031,0.0786656844216031
1762150702.4825833,2.358866860451462,0.0050058933498875816,0.0,0.0,8.0263754691933,0.0831512319756591,0.0831512319756591
1762150702.5004008,2.350772113176965,0.002440452008555928,0.0,0.0,8.017927187435292,0.0811621255269491,0.0811621255269491
1762150702.5204365,2.3605162122436276,0.004727510322160648,0.0,0.0,8.028038867612224,0.08275512658422257,0.08275512658422257
1762150702.5366414,2.3638455971220127,-0.0008666707602168863,0.0,0.0,8.031020229361525,0.0769344155819866,0.0769344155819866
1762150702.5729594,2.3626345841503444,-0.001124073893064614,0.0,0.0,8.029766884130565,0.07676572926446704,0.07676572926446704
1762150702.608917,2.3652344785366166,0.0005921101197933909,0.0,0.0,8.032545039756164,0.07828779233531026,0.07828779233531026
1762150702.6226015,2.3534562683816516,0.002496997818348577,0.0,0.0,8.02067006026468,0.08103164987567603,0.08103164987567603
1762150702.6418855,2.3612781955401334,0.0002897519607663612,0.0,0.0,8.028488818987512,0.07827397714731502,0.07827397714731502
1762150702.673266,2.366994761038209,0.0008338870262593143,0.0,0.0,8.034358001885593,0.0783994492115297,0.0783994492115297
1762150702.699355,2.3678406425698784,0.00041255640976150816,0.0,0.0,8.035188562379423,0.07791674619688937,0.07791674619688937
1762150702.7140589,2.364567319585811,-0.005775303620737561,0.0,0.0,8.031389623799711,0.07198622185346683,0.07198622185346683
1762150702.7326274,2.3562383849040973,-0.004385079395916908,0.0,0.0,8.023011476959427,0.07397095695636156,0.07397095695636156
1762150702.7817523,2.345505498567419,-0.0022783521058885093,0.0,0.0,8.012226291970647,0.07681496974571352,0.07681496974571352
1762150702.8029711,2.3549684534893776,-0.003275529498366377,0.0,0.0,8.02179788935077,0.07516725428760888,0.07516725428760888
1762150702.8205435,2.3546086697346666,-0.0064693106697897435,0.0,0.0,8.02120261669935,0.07200662781345586,0.07200662781345586
1762150702.8359082,2.3541925211426813,-0.004839299079439446,0.0,0.0,8.020895584802759,0.073661803768481,0.073661803768481
1762150702.8707013,2.3596271659082606,-0.003925217006120477,0.0,0.0,8.026496765217404,0.07418860647595293,0.07418860647595293
1762150702.9002697,2.3648833694484193,-0.0072679257743684875,0.0,0.0,8.031600007153859,0.07047450993540164,0.07047450993540164
1762150702.9168818,2.3615882924878155,-0.01036143037681067,0.0,0.0,8.028020380520905,0.06762815814054816,0.06762815814054816
1762150702.952312,2.351648621446617,-0.008805156927119608,0.0,0.0,8.018024810110546,0.06988281427043623,0.06988281427043623
1762150703.118357,2.3632370062681383,-0.0010708074424031749,0.0,0.0,8.030384788599621,0.07677511471353952,0.07677511471353952
1762150703.133966,2.364454271755531,-0.0006459660260031416,0.0,0.0,8.031657058722857,0.07711012381754823,0.07711012381754823
1762150703.2890446,2.348803814538471,-0.003083470745656216,0.0,0.0,8.015531219420133,0.07578698804046367,0.07578698804046367
1762150703.307475,2.3453873279872663,-0.0009477881782000552,0.0,0.0,8.012197834830285,0.07815048056727904,0.07815048056727904
1762150703.3441226,2.349341651625788,0.0005797214193489693,0.0,0.0,8.016336590043167,0.07940457632844988,0.07940457632844988
1762150703.3634272,2.3567471098127997,-0.0024099345430645316,0.0,0.0,8.023672332155689,0.07590516610318841,0.07590516610318841
1762150703.459586,2.3529144254132897,-0.005977097762018629,0.0,0.0,8.019513235466484,0.07261609234730972,0.07261609234730972
1762150703.482558,2.352058492352108,-0.007198615141888973,0.0,0.0,8.018555416662347,0.07145706502476905,0.07145706502476905
1762150703.497116,2.3549762528022677,-0.004355082897513361,0.0,0.0,8.021728346686265,0.07408982382745635,0.07408982382745635
1762150703.5152714,2.346889193291991,-0.006193630363717368,0.0,0.0,8.013364527586251,0.0728148425017713,0.0728148425017713
1762150703.536509,2.3527222198291637,-0.004711541905008875,0.0,0.0,8.01940752534541,0.07389196392593765,0.07389196392593765
1762150703.5608065,2.3518398263850133,-0.009792196533560053,0.0,0.0,8.018149549316405,0.06888489819217805,0.06888489819217805
1762150703.5773356,2.3528502344848534,-0.00833105160178471,0.0,0.0,8.019280678820712,0.07027232645298408,0.07027232645298408
1762150703.5967853,2.3560445679395166,-0.0058527334972506544,0.0,0.0,8.02270839019075,0.07252065074273044,0.07252065074273044
1762150703.6148374,2.3578033908487597,-0.008035905494457896,0.0,0.0,8.024340490414472,0.07021844701061096,0.07021844701061096
1762150703.6479406,2.3595757456197877,-0.00602014462017003,0.0,0.0,8.0262912882042,0.07210273435817602,0.07210273435817602
1762150703.6703699,2.3489698830427583,-0.007106019828171063,0.0,0.0,8.015418799696299,0.07176251988516642,0.07176251988516642
1762150703.6963196,2.3481757983204754,-0.01141512583605338,0.0,0.0,8.014310650016915,0.06751782800435228,0.06751782800435228
1762150703.723003,2.349699362320285,-0.008671690029805265,0.0,0.0,8.016051417003455,0.07015046773372051,0.07015046773372051
1762150703.7381651,2.344253807696535,-0.005573711770456043,0.0,0.0,8.0107242013971,0.07361158246424827,0.07361158246424827
1762150703.7610807,2.341619441778766,-0.000316674283347927,0.0,0.0,8.008399269917163,0.07903320793410662,0.07903320793410662
1762150703.7762606,2.3471278359967025,0.00012270603920028176,0.0,0.0,8.014046861953593,0.07910027172111976,0.07910027172111976
1762150703.7941685,2.343957615740867,0.0032264460460485578,0.0,0.0,8.011027488794479,0.0824117179637947,0.0824117179637947
1762150703.8264399,2.344998187301543,0.0019113381750396551,0.0,0.0,8.011998648732769,0.08102938203488055,0.08102938203488055
1762150703.843126,2.342497653641584,0.002079604315071509,0.0,0.0,8.00945872765324,0.08136548776922638,0.08136548776922638
1762150703.8697302,2.3389389801017666,-0.00029950051515354874,0.0,0.0,8.005666947575413,0.07922796714386908,0.07922796714386908
1762150703.8961952,2.344321833174431,-0.003913647180070225,0.0,0.0,8.010907515093265,0.07526330563175876,0.07526330563175876
1762150703.9180396,2.342659702604156,-0.004254589421009623,0.0,0.0,8.009191023181833,0.07503464105617101,0.07503464105617101
1762150703.9335895,2.3434405045767575,-0.00566810366864287,0.0,0.0,8.009889615386614,0.07357202401721988,0.07357202401721988
1762150703.950675,2.3451908113575524,-0.00627954481667417,0.0,0.0,8.011629636004155,0.0728442036204698,0.0728442036204698
1762150703.9759128,2.3339399650660173,-0.0028885937895908546,0.0,0.0,8.000398157510373,0.07697020825177643,0.07697020825177643
1762150703.9913974,2.338830516197653,-0.00976748456765051,0.0,0.0,8.004920693194423,0.06978763324336354,0.06978763324336354
1762150704.025007,2.3501895557436026,-0.01125104104611879,0.0,0.0,8.016369073803707,0.06754351090666644,0.06754351090666644
1762150704.0538323,2.3590333059918382,-0.00922979983861969,0.0,0.0,8.025505470996212,0.06894003808627662,0.06894003808627662
1762150704.0774546,2.358886028149128,-0.003569041878204482,0.0,0.0,8.025767970825964,0.07459687044415625,0.07459687044415625
1762150704.0977397,2.3532420910209413,-0.004571070392334236,0.0,0.0,8.019946919117466,0.07399584333696724,0.07399584333696724
1762150704.1248162,2.353072874945811,-0.007993238559331846,0.0,0.0,8.019531168344018,0.07059381111492698,0.07059381111492698
1762150704.1514263,2.3408188246090953,-0.010142232383469705,0.0,0.0,8.006917731709306,0.06928254741867033,0.06928254741867033
1762150704.166206,2.342871290314457,-0.006345617759284654,0.0,0.0,8.009263798823346,0.07293414463624581,0.07293414463624581
1762150704.1835666,2.339698611420354,-0.0004675155030522638,0.0,0.0,8.006430268686884,0.07901018443036782,0.07901018443036782
1762150704.2092025,2.3443247008361134,0.0015890580482019895,0.0,0.0,8.011289240227148,0.08075331402089321,0.08075331402089321
1762150704.2337592,2.346403779541942,-0.0008230512795896753,0.0,0.0,8.013242776069456,0.07820599596582879,0.07820599596582879
1762150704.2535348,2.352406267062056,-0.002668038665792121,0.0,0.0,8.019230971211146,0.0759525072392319,0.0759525072392319
1762150704.2763083,2.350002057118602,-0.0015154781363825225,0.0,0.0,8.016862439572366,0.07726886298264031,0.07726886298264031
1762150704.2915518,2.3389437182718664,-0.00266087816605106,0.0,0.0,8.005512857757864,0.07687140626339416,0.07687140626339416
1762150704.3119006,2.342707116105546,-0.005710923848853112,0.0,0.0,8.009139947596676,0.07357839465424441,0.07357839465424441
1762150704.3301737,2.346316249228585,-0.00953832590491452,0.0,0.0,8.012549992360817,0.06951675571259504,0.06951675571259504
1762150704.359978,2.3533120528369453,-0.006266621910030808,0.0,0.0,8.01989737848433,0.07229954376233885,0.07229954376233885
1762150704.3805199,2.3555061630416905,-0.006039653781607803,0.0,0.0,8.022146909007954,0.0723721464337827,0.0723721464337827
1762150704.4028728,2.3521681538362005,-0.006111529412822085,0.0,0.0,8.018744040476042,0.07253391062556921,0.07253391062556921
1762150704.4472265,2.3392661743353744,-0.013673910315120554,0.0,0.0,8.005102044436056,0.06586102207945042,0.06586102207945042
1762150704.4626613,2.3401692179978606,-0.01219068815937661,0.0,0.0,8.006119253691004,0.06728153078589914,0.06728153078589914
1762150704.4853058,2.3399972656220567,-0.008978332723656569,0.0,0.0,8.006160533054983,0.07049823001260715,0.07049823001260715
1762150704.5072103,2.3492919513740005,-0.004900061481903802,0.0,0.0,8.01590112912544,0.07394117608877981,0.07394117608877981
1762150704.5381486,2.351930216991588,0.0005234429142033877,0.0,0.0,8.018972564024578,0.07916937506628186,0.07916937506628186
1762150704.5521164,2.35454995173726,-0.001969179393084826,0.0,0.0,8.02146524058905,0.07649978260822322,0.07649978260822322
1762150704.581994,2.3449618726884522,-0.005277997195235189,0.0,0.0,8.011465525185365,0.07385891997891446,0.07385891997891446
1762150704.6088712,2.336476466244883,-0.0001564890890389368,0.0,0.0,8.003165147953819,0.07953209884911597,0.07953209884911597
1762150704.6554837,2.3373848416281193,-0.003828971408763255,0.0,0.0,8.00384610803468,0.07580813329811932,0.07580813329811932
1762150704.6761327,2.3441619772345694,-0.0014071901846829246,0.0,0.0,8.010916954486017,0.07777483803253575,0.07777483803253575
1762150704.707232,2.3401553903938628,0.00012895039624762297,0.0,0.0,8.006936441937642,0.07957511773744792,0.07957511773744792
1762150704.7225354,2.340056979034169,-9.064520673534992e-05,0.0,0.0,8.006821210867795,0.07936252136643428,0.07936252136643428
1762150704.7462337,2.3359870955502786,-0.00037714659465838213,0.0,0.0,8.002651369283505,0.07934378998655597,0.07934378998655597
1762150704.7628164,2.3449473416665634,-0.0018567922421918225,0.0,0.0,8.011686532223685,0.07727330175381766,0.07727330175381766
1762150704.7802587,2.357222044624777,-0.003452158859288817,0.0,0.0,8.0240807170629,0.07483189639795182,0.07483189639795182
1762150704.8036213,2.3530903073925558,-0.0008885464481451037,0.0,0.0,8.020054844499498,0.07767997817903165,0.07767997817903165
1762150704.8189273,2.3640313764064906,-0.0011240552906407863,0.0,0.0,8.031190386491158,0.07666417356918666,0.07666417356918666
1762150704.8404353,2.3664550480183895,0.0003825756436635438,0.0,0.0,8.033773710724248,0.0779891531566922,0.0779891531566922
1762150704.8814008,2.356491174499817,0.002687000710694135,0.0,0.0,8.023780442787501,0.08100742601277655,0.08100742601277655
1762150704.8985405,2.344477320066132,-0.0011251195611660689,0.0,0.0,8.011257844630856,0.07803502252287399,0.07803502252287399
1762150704.9162056,2.3495589360801623,-0.003978271103783816,0.0,0.0,8.016237716798916,0.074842434594338,0.074842434594338
1762150704.9365542,2.3387650821324737,-0.0046645505258874126,0.0,0.0,8.005196219279727,0.0748838332769739,0.0748838332769739
1762150704.9665391,2.3399030773947613,-0.005334161954989263,0.0,0.0,8.006310181357746,0.07414066438937623,0.07414066438937623
1762150704.990169,2.34826218301645,-0.004643010290052324,0.0,0.0,8.01487043411246,0.0742682123921808,0.0742682123921808
1762150705.0062654,2.343324492967829,-0.0064345302605826335,0.0,0.0,8.009719091693633,0.07281509596863542,0.07281509596863542
1762150705.0241804,2.3479463039998816,-0.007489706674003418,0.0,0.0,8.014350379479927,0.07144975667986894,0.07144975667986894
1762150705.0432997,2.346000111954368,-0.007273341041171521,0.0,0.0,8.01238482943842,0.07179795458227353,0.07179795458227353
1762150705.0665288,2.3426102202807053,-0.0040890197209328604,0.0,0.0,8.009151917425177,0.07520314822562026,0.07520314822562026
1762150705.087424,2.3407643396307027,-0.0020664855206274056,0.0,0.0,8.007408582361982,0.07734413727461398,0.07734413727461398
1762150705.1068022,2.3461369366414226,-0.0027918093628071777,0.0,0.0,8.012834225051199,0.07625990243203343,0.07625990243203343
1762150705.1241684,2.344180386072847,-0.000254083043486905,0.0,0.0,8.011015067247419,0.07892408819039623,0.07892408819039623
1762150705.1454701,2.3514253868798702,0.0012191978380877483,0.0,0.0,8.018507087330484,0.07989852009367035,0.07989852009367035
1762150705.165635,2.3550252864380505,-0.0022345538826406236,0.0,0.0,8.021930561293923,0.07620165485373818,0.07620165485373818
1762150705.212272,2.3596093695795983,-0.0030591824025283433,0.0,0.0,8.026541999503527,0.07505369166902684,0.07505369166902684
1762150705.2384338,2.3562049877314633,-0.003937634669393701,0.0,0.0,8.02300973552146,0.07441964310158324,0.07441964310158324
1762150705.2564204,2.3625194645531393,-0.0019513039554721252,0.0,0.0,8.029588279096021,0.0759490217438656,0.0759490217438656
1762150705.277688,2.36665407330065,-0.0037671708353930636,0.0,0.0,8.03366425487937,0.07383601560816916,0.07383601560816916
1762150705.3007507,2.361994842139149,-0.004038429011057693,0.0,0.0,8.028899567958613,0.07390534059734359,0.07390534059734359
1762150705.3216643,2.3616116824665365,-0.005435603514343191,0.0,0.0,8.02840644413249,0.07253948246005654,0.07253948246005654
1762150705.3575141,2.362386749458284,-0.002780959568670816,0.0,0.0,8.029391654787498,0.07513116060662596,0.07513116060662596
1762150705.3738534,2.3644534387772556,-0.008789832314121544,0.0,0.0,8.03104946040432,0.06898802461768075,0.06898802461768075
1762150705.4006002,2.3639377088738533,-0.008662312202897138,0.0,0.0,8.030534480137833,0.0691527549857773,0.0691527549857773
1762150705.4152567,2.3585893123801367,-0.009742515220509928,0.0,0.0,8.025016049552526,0.06846027058467447,0.06846027058467447
1762150705.4411297,2.36516415320039,-0.01260820339289336,0.0,0.0,8.031487884319501,0.06512798507022889,0.06512798507022889
1762150705.468422,2.3559150334268613,-0.011176553230850319,0.0,0.0,8.02219398201508,0.06721920718800614,0.06721920718800614
1762150705.4876668,2.3564081593543187,-0.011884178631592055,0.0,0.0,8.02264432734848,0.06647858353774394,0.06647858353774394
1762150705.502861,2.3566186755023444,-0.009320087059315162,0.0,0.0,8.023042796510516,0.06902141341504385,0.06902141341504385
1762150705.5259457,2.3555101155477374,-0.0073318126663028185,0.0,0.0,8.022058136113717,0.07108291517867403,0.07108291517867403
1762150705.5399861,2.3679656692781634,-0.006050718840439558,0.0,0.0,8.034827377666494,0.07146193351194789,0.07146193351194789
1762150705.5569994,2.3559119531762187,-0.005107268986708728,0.0,0.0,8.02262705718926,0.07327361404717546,0.07327361404717546
1762150705.57554,2.356642692819179,-0.0027669018834272224,0.0,0.0,8.023540132251576,0.07555648905279302,0.07555648905279302
1762150705.5967333,2.3543606920482185,-0.008059297482973515,0.0,0.0,8.020836608306798,0.07043793537830069,0.07043793537830069
1762150705.6188414,2.357322126042551,-0.006816011942976524,0.0,0.0,8.023939124410699,0.07146941643193229,0.07146941643193229
1762150705.6447093,2.3609372157133044,-0.0027330838462307733,0.0,0.0,8.02791856914026,0.07528358606946808,0.07528358606946808
1762150705.6738446,2.361134910849234,-0.003993944634222579,0.0,0.0,8.028027158115556,0.07401176115383212,0.07401176115383212
1762150705.6917756,2.3519763977494925,-0.0031070188190266274,0.0,0.0,8.018761828793274,0.07554448365983593,0.07554448365983593
1762150705.707423,2.3479952169394784,-0.006129057614245626,0.0,0.0,8.01449494376255,0.072803889773286,0.072803889773286
1762150705.7335877,2.3414160320149318,-0.004843242868727115,0.0,0.0,8.007884217642667,0.07453022027149576,0.07453022027149576
1762150705.8746,2.349663218635486,-0.0034254303215294217,0.0,0.0,8.016382780229426,0.07538679034393574,0.07538679034393574
1762150705.8922129,2.347654282846248,-0.0007763832838809742,0.0,0.0,8.014520950057252,0.07816735027640623,0.07816735027640623
1762150705.9083505,2.346375925046951,0.00011912300477432746,0.0,0.0,8.013279816272972,0.07914788473467842,0.07914788473467842
1762150705.9342887,2.3435329936132874,-0.001384640217633776,0.0,0.0,8.01027730873994,0.07783962853028832,0.07783962853028832
1762150705.9601264,2.3418226083782727,-0.0008375013756258784,0.0,0.0,8.008570955565041,0.07849999595875932,0.07849999595875932
1762150706.041925,2.3518280602790482,0.0010305597168736292,0.0,0.0,8.018904417507077,0.07968236724603867,0.07968236724603867
1762150706.0597134,2.3524458739094185,0.0010536689216596971,0.0,0.0,8.01953621059416,0.07966241852065281,0.07966241852065281
1762150706.081656,2.3500877393439468,-0.0023631002461592444,0.0,0.0,8.016890055669998,0.07641735009574431,0.07641735009574431
1762150706.111007,2.35335910715262,-0.0025478156777475436,0.0,0.0,8.020210388106477,0.07600598532843703,0.07600598532843703
1762150706.139139,2.358519342457347,-0.005116663147970669,0.0,0.0,8.025281815750374,0.07307935387080046,0.07307935387080046
1762150706.157565,2.360324441865767,-0.0036471019960559034,0.0,0.0,8.027227259936753,0.07441600025441418,0.07441600025441418
1762150706.1737795,2.36259531944532,-0.002817988277594837,0.0,0.0,8.02960137480849,0.07507911903464705,0.07507911903464705
1762150706.198498,2.361019010859432,-0.002472286830171265,0.0,0.0,8.02802108969805,0.07553781472086676,0.07553781472086676
1762150706.2167065,2.353152607374768,-0.006472709239687985,0.0,0.0,8.019720422920596,0.07210508236462433,0.07210508236462433
1762150706.2357016,2.3514862763993905,-0.009906374525947425,0.0,0.0,8.01778197806953,0.06879548053232062,0.06879548053232062
1762150706.2717166,2.3459532979985327,-0.005094020716820405,0.0,0.0,8.012487797907761,0.07397544011777715,0.07397544011777715
1762150706.2893665,2.3521294198829454,0.00019096793518342116,0.0,0.0,8.019152066446564,0.07882384889799092,0.07882384889799092
1762150706.3043118,2.353426941293873,-0.00037455177858966695,0.0,0.0,8.020434736734607,0.07816919027880133,0.07816919027880133
1762150706.3278213,2.355957816516592,0.0013281622024212461,0.0,0.0,8.023137985673616,0.0796897422002983,0.0796897422002983
1762150706.3420413,2.353270309354857,-0.0007003706269867019,0.0,0.0,8.020251774730834,0.0778551192404144,0.0778551192404144
1762150706.3579788,2.3567023299614918,-0.003322316857737419,0.0,0.0,8.023560730926121,0.0749982456017124,0.0749982456017124
1762150706.3809917,2.354933502742184,-0.0023171490873309286,0.0,0.0,8.02183110369425,0.07612571999541098,0.07612571999541098
1762150706.4103625,2.3498139618442004,-0.00488853986313796,0.0,0.0,8.016433509112723,0.073916775060488,0.073916775060488
1762150706.4362557,2.3482678413570275,-0.006627869425567196,0.0,0.0,8.014737675953617,0.07228761344831584,0.07228761344831584
1762150706.4616966,2.3471440399980783,-0.006461499296548469,0.0,0.0,8.013605358518635,0.07253025740603682,0.07253025740603682
1762150706.4895244,2.3490623586106043,-0.0034994301280347902,0.0,0.0,8.015765473842077,0.0753542675538205,0.0753542675538205
1762150706.518418,2.3482083839753978,-0.006777052188420306,0.0,0.0,8.01466675490424,0.0721428442854079,0.0721428442854079
1762150706.541068,2.3435774920827868,-0.004639210626653581,0.0,0.0,8.010099550075275,0.07458941182949075,0.07458941182949075
1762150706.569335,2.342648173019568,-0.006848330359424305,0.0,0.0,8.009002395919762,0.07244746894901648,0.07244746894901648
1762150706.5887136,2.3479018896965216,-0.00396551167246034,0.0,0.0,8.014550752326965,0.07496875703349215,0.07496875703349215
1762150706.6091888,2.3474985962541433,-0.006899343145417875,0.0,0.0,8.01393582254208,0.0720692827067507,0.0720692827067507
1762150706.6241329,2.3514039692758275,-0.0073821658521781445,0.0,0.0,8.01787640184108,0.07131933194626175,0.07131933194626175
1762150706.6430955,2.34634723400843,-0.010940324420676387,0.0,0.0,8.012484676773788,0.06811588014497702,0.06811588014497702
1762150706.6671236,2.3575191900274817,-0.009609323283401255,0.0,0.0,8.023937622561485,0.06866916283101733,0.06866916283101733
1762150706.687882,2.3480845118369973,-0.006768734689927471,0.0,0.0,8.01454125673944,0.07215960710529741,0.07215960710529741
1762150706.7092621,2.3522219512414417,-0.007914225178884177,0.0,0.0,8.018671059793823,0.07073183222779468,0.07073183222779468
1762150706.734198,2.3512203358668304,-0.006648314891497297,0.0,0.0,8.017741333764313,0.07206413312751536,0.07206413312751536
1762150706.7580338,2.3521205227692654,-0.0033319639413509554,0.0,0.0,8.01889269289511,0.07531006640771896,0.07531006640771896
1762150706.7738576,2.350269961521278,3.631070188059615e-05,0.0,0.0,8.01724498852755,0.07879846526273766,0.07879846526273766
1762150706.841097,2.353736876916438,-0.0001748495107505388,0.0,0.0,8.020765017755595,0.07834671252929634,0.07834671252929634
1762150706.8748548,2.358778446758614,-0.0019742975579645104,0.0,0.0,8.025774734297764,0.0761952258270591,0.0761952258270591
1762150706.8925738,2.357180216842528,0.000985233216124808,0.0,0.0,8.024359891238367,0.079261064198333,0.079261064198333
1762150706.9115126,2.3528853359658455,0.0018381089412765627,0.0,0.0,8.02004044440228,0.08041429071898866,0.08041429071898866
1762150706.9380858,2.342795139242997,0.0026423293008893604,0.0,0.0,8.00980085737347,0.08190702555784764,0.08190702555784764
1762150706.9675536,2.3366985940348255,-0.002837947407227397,0.0,0.0,8.00321293261808,0.07684186238149751,0.07684186238149751
1762150706.9996445,2.338995881062008,-0.005668267517791492,0.0,0.0,8.005363877183626,0.07386710677809384,0.07386710677809384
1762150707.042478,2.351235573767812,-0.0035251364513008347,0.0,0.0,8.017977515060545,0.07517876357399779,0.07517876357399779
1762150707.0650566,2.352639691438573,-0.0045335953640725495,0.0,0.0,8.019336133820294,0.07407522607676634,0.07407522607676634
1762150707.0835445,2.3529772661998756,-0.002123528056843483,0.0,0.0,8.019851560218402,0.07645590000004228,0.07645590000004228
1762150707.1033256,2.3552662196679557,-0.0064035329543627294,0.0,0.0,8.021876563910501,0.07202605495766995,0.07202605495766995
1762150707.1488886,2.3563741739506594,-0.004853906541545256,0.0,0.0,8.023115930813951,0.07349370643548174,0.07349370643548174
1762150707.179727,2.3511021083992234,0.00018919708923937853,0.0,0.0,8.01810435966747,0.0788934191588934,0.0788934191588934
1762150707.225486,2.359150165068796,-0.002108790279701712,0.0,0.0,8.026143673035236,0.07603451225279677,0.07603451225279677
1762150707.2438843,2.3608539646882507,-0.0002862715640210832,0.0,0.0,8.02801384965067,0.0777300400536594,0.0777300400536594
1762150707.2761667,2.3651076162720766,-5.918539368022907e-05,0.0,0.0,8.03236690579714,0.07764754266490453,0.07764754266490453
1762150707.297505,2.360959245714455,-0.0007080582621383863,0.0,0.0,8.028090099481142,0.0773017644350967,0.0773017644350967
1762150707.3177512,2.365933238582383,-0.0025795473628231836,0.0,0.0,8.033019304814172,0.07507341917014446,0.07507341917014446
1762150707.3318286,2.361927022496439,-0.004034027175349645,0.0,0.0,8.028830831497057,0.07391463231856932,0.07391463231856932
1762150707.366562,2.361298387635689,-0.0028280619378983694,0.0,0.0,8.028279498556241,0.07516282946935146,0.07516282946935146
1762150707.3904996,2.3588469004943593,-0.006721748010415712,0.0,0.0,8.0254983821727,0.07145499769378906,0.07145499769378906
1762150707.434678,2.3653038228199583,-0.005285724162357928,0.0,0.0,8.032175772484727,0.0724206664449222,0.0724206664449222
1762150707.4634025,2.370691236050921,-0.008988924570865081,0.0,0.0,8.037376952667525,0.06832936818168314,0.06832936818168314
1762150707.4919772,2.373609234534289,-0.00959971360430576,0.0,0.0,8.040296501858105,0.06750129358920223,0.06750129358920223
1762150707.5067854,2.3663615616486577,-0.013397884560610385,0.0,0.0,8.032645167643116,0.06425281552840977,0.06425281552840977
1762150707.5283053,2.363890631767904,-0.013281399530587185,0.0,0.0,8.030144454479588,0.06454930563682512,0.06454930563682512
1762150707.5541985,2.358917995887224,-0.010981837982644583,0.0,0.0,8.025260871913495,0.06720068187758038,0.06720068187758038
1762150707.5733728,2.356056574951577,-0.010299682901234695,0.0,0.0,8.02240080956252,0.06808392677684098,0.06808392677684098
1762150707.586685,2.3482235109203744,-0.007999081302755602,0.0,0.0,8.01459696623862,0.07092263855006709,0.07092263855006709
1762150707.6231046,2.3486463500300383,-0.006390822203943537,0.0,0.0,8.015139498897918,0.07249820506337477,0.07249820506337477
1762150707.6535013,2.342346517523847,-0.00532090927895558,0.0,0.0,8.0087993462435,0.07399162393333208,0.07399162393333208
1762150707.673653,2.3425648184941363,-0.006069911726026964,0.0,0.0,8.008970590179477,0.07322971692172987,0.07322971692172987
1762150707.7102504,2.3421551359739405,-0.005903885012374516,0.0,0.0,8.008564783155704,0.07342271508811389,0.07342271508811389
1762150707.739182,2.3466197035941128,-0.003880582597637344,0.0,0.0,8.013250581085266,0.0751408592982789,0.0751408592982789
1762150707.7724907,2.3484191690070344,-0.002879646933983578,0.0,0.0,8.015153577994575,0.07601669512011752,0.07601669512011752
1762150707.8117883,2.3526768153018875,-0.002294538989158106,0.0,0.0,8.019533214112373,0.0763062568141249,0.0763062568141249
1762150707.8301547,2.3582050463788815,-0.0075950743069067685,0.0,0.0,8.02478105108543,0.07062961450049592,0.07062961450049592
1762150707.84461,2.3524054076780687,-0.003926372319645887,0.0,0.0,8.019140676128202,0.07469728433497236,0.07469728433497236
1762150707.8739338,2.351454026181342,-0.006864789454456306,0.0,0.0,8.017963884725118,0.07183200024750859,0.07183200024750859
1762150707.8987553,2.3604943868435098,-0.008176458770885107,0.0,0.0,8.027068288325362,0.06988613057844527,0.06988613057844527
1762150707.9179432,2.362094212527941,-0.007832377084118242,0.0,0.0,8.028720874641229,0.0701141293062076,0.0701141293062076
1762150707.9330099,2.357269772401579,-0.008239604222713946,0.0,0.0,8.02378294482144,0.0700531161530013,0.0700531161530013
1762150707.96158,2.35624698472676,-0.010412558313932022,0.0,0.0,8.022586274116433,0.06795790722095131,0.06795790722095131
1762150707.9922643,2.360911232604482,-0.00857508186514035,0.0,0.0,8.027463051029162,0.06945859631260937,0.06945859631260937
1762150708.0133052,2.355631976924753,-0.007497112605295961,0.0,0.0,8.02217025805774,0.07090944618649318,0.07090944618649318
1762150708.0386934,2.3532092989576268,-0.005423998619917132,0.0,0.0,8.019852776807287,0.0731472834051828,0.0731472834051828
1762150708.0565622,2.3472295568937995,-0.003782042658477423,0.0,0.0,8.013878664880957,0.07519767041646133,0.07519767041646133
1762150708.085643,2.3458590574437967,-0.004060559049036293,0.0,0.0,8.012463288387428,0.07501291206641318,0.07501291206641318
1762150708.1082768,2.3547752003678792,-0.0027681180869078047,0.0,0.0,8.021637434839523,0.07568699472404718,0.07568699472404718
1762150708.1303368,2.3579406615368983,-0.0034442881326253996,0.0,0.0,8.024813250634685,0.07478869223534755,0.07478869223534755
1762150708.1608667,2.3612365538349853,-0.0035575704590853708,0.0,0.0,8.02816278894543,0.07443967687760257,0.07443967687760257
1762150708.187434,2.3539284917556227,-0.003155801907437324,0.0,0.0,8.020747057970743,0.07535965986325802,0.07535965986325802
1762150708.2374783,2.3498309643991084,-0.0007501550774038641,0.0,0.0,8.016741936591773,0.0780441601000608,0.0780441601000608
1762150708.2526617,2.337626017148102,-0.00435334569823557,0.0,0.0,8.004056780525,0.07526910298726978,0.07526910298726978
1762150708.268959,2.348465828120221,-0.003014807530896756,0.0,0.0,8.015191664977571,0.07587865619942238,0.07587865619942238
1762150708.2824438,2.340474441079899,-0.001162908219843562,0.0,0.0,8.007174293626587,0.07826495505207896,0.07826495505207896
1762150708.306928,2.3362761443198754,-0.0023299501417312087,0.0,0.0,8.002816187804248,0.07737631217599321,0.07737631217599321
1762150708.329777,2.3320592300931824,-0.005173493301323756,0.0,0.0,7.998332251445722,0.07481073562877201,0.07481073562877201
1762150708.3511612,2.3425815748368892,-0.007533381725614812,0.0,0.0,8.00888794403922,0.07176839501328132,0.07176839501328132
1762150708.3743346,2.349996607764204,-0.008075698451257548,0.0,0.0,8.016395608045721,0.07072460366827198,0.07072460366827198
1762150708.4114754,2.3525542814872282,-0.008512149734680573,0.0,0.0,8.018966773893226,0.07011225862762735,0.07011225862762735
1762150708.4428775,2.3570631689621617,-0.010485090126963602,0.0,0.0,8.023410772400757,0.06782789678076054,0.06782789678076054
1762150708.4607875,2.363834747000513,-0.009990209821263356,0.0,0.0,8.030331341043592,0.06783585789742767,0.06783585789742767
1762150708.4839082,2.3710211319878503,-0.006171482282067323,0.0,0.0,8.037927263379743,0.07111428344179166,0.07111428344179166
1762150708.5060697,2.36737529783251,-0.007303391320936075,0.0,0.0,8.034132335417002,0.07025627034011674,0.07025627034011674
1762150708.5196831,2.364553394920434,-0.004721354954314977,0.0,0.0,8.03145398141166,0.07303837614742764,0.07303837614742764
1762150708.5374432,2.358987973877412,-0.002945967268588735,0.0,0.0,8.025917281322004,0.07521107114750243,0.07521107114750243
1762150708.5557811,2.354717812265857,0.00037457890212124937,0.0,0.0,8.021804640227915,0.07882595191341438,0.07882595191341438
1762150708.5741947,2.354299525020661,-0.0017633961426932107,0.0,0.0,8.021224787840119,0.07672263554552129,0.07672263554552129
1762150708.602,2.3490616901750374,-0.0016188306076694247,0.0,0.0,8.015896689277366,0.07723047350989994,0.07723047350989994
1762150708.6226377,2.357520343873187,0.0011554281829716426,0.0,0.0,8.024719144986987,0.07940665533165711,0.07940665533165711
1762150708.6410682,2.3530685220837855,-0.0024443382011686593,0.0,0.0,8.019921682508112,0.07612950355241066,0.07612950355241066
1762150708.6614356,2.3473230337988498,-0.0017631885951939754,0.0,0.0,8.014114462382132,0.07720545616495984,0.07720545616495984
1762150708.6872408,2.34258600302247,-0.005457607502315392,0.0,0.0,8.009033899390579,0.07383923821126159,0.07383923821126159
1762150708.710132,2.3412469283077466,-0.006901328733686384,0.0,0.0,8.007572476902066,0.07248792180644373,0.07248792180644373
1762150708.7395945,2.3452030754706175,-0.004932856183421112,0.0,0.0,8.011734932678332,0.0741869894257559,0.0741869894257559
1762150708.7847285,2.346660092879692,-0.0036397735240898416,0.0,0.0,8.013308437059099,0.07537836611211744,0.07537836611211744
1762150708.8289454,2.355954416039681,-0.0026672608076616076,0.0,0.0,8.022846105036368,0.07570454156671635,0.07570454156671635
1762150708.860779,2.360780357714902,-0.0042496215768431655,0.0,0.0,8.027647317004108,0.07378227022801191,0.07378227022801191
1762150708.8882127,2.3556762612506112,-0.0005801905273800851,0.0,0.0,8.022713121090064,0.07780603978579491,0.07780603978579491
1762150708.913118,2.3575882905243013,-0.0005601441168178411,0.0,0.0,8.024663729305765,0.07769059456126608,0.07769059456126608
1762150708.9402127,2.361121115785776,-0.00101219750701992,0.0,0.0,8.028232674962673,0.07698674933127944,0.07698674933127944
1762150708.9849377,2.364148706105129,-0.002269022891202858,0.0,0.0,8.031224605234167,0.07551369834324934,0.07551369834324934
1762150709.0701292,2.3468890275106045,-0.004545904884710954,0.0,0.0,8.013478721971602,0.0744587641071288,0.0744587641071288
1762150709.08988,2.3472897770832906,-0.0021809938968834833,0.0,0.0,8.014051464213278,0.07679089125597062,0.07679089125597062
1762150709.1155448,2.3491917123143318,0.0034595981139545515,0.0,0.0,8.016386275883379,0.0822879440720575,0.0822879440720575
1762150709.13479,2.3471000439032883,0.0011408835819182786,0.0,0.0,8.014089486790942,0.08011797454095779,0.08011797454095779
1762150709.1632223,2.3432547555214778,0.0019461749469794616,0.0,0.0,8.010222127951979,0.08118160899483168,0.08118160899483168
1762150709.181074,2.336636751231271,0.0001548091956564826,0.0,0.0,8.003349384251356,0.07983227705526513,0.07983227705526513
1762150709.3087852,2.3481119556090215,-0.0073986368575237075,0.0,0.0,8.014525292707086,0.07152930169750489,0.07152930169750489
1762150709.3261254,2.3467635157398963,-0.006249835311412431,0.0,0.0,8.013232691058663,0.0727673107361579,0.0727673107361579
1762150709.3388982,2.3529791440677896,-0.001865877208602854,0.0,0.0,8.019871838707608,0.07671279176208814,0.07671279176208814
1762150709.3612974,2.3471272220397426,0.0010910622218460648,0.0,0.0,8.014113736838981,0.08006641570482961,0.08006641570482961
1762150709.3806362,2.3435715295483557,0.0016195890663145815,0.0,0.0,8.010522906536382,0.08083448104303527,0.08083448104303527
1762150709.4025013,2.348092573866007,0.0001571002397494648,0.0,0.0,8.015033091122785,0.07906867742330274,0.07906867742330274
1762150709.418931,2.3482561571751983,0.00010637822421620825,0.0,0.0,8.015196359441099,0.07900687312818645,0.07900687312818645
1762150709.434524,2.347946436455239,2.617369503818469e-05,0.0,0.0,8.014874907880666,0.0789480580711227,0.0789480580711227
1762150709.4597063,2.350337889669026,-0.002392829248071716,0.0,0.0,8.017142869181306,0.0763704323210872,0.0763704323210872
1762150709.4742134,2.3564287989315074,-0.001978765103925496,0.0,0.0,8.02337916476498,0.07635778746604988,0.07635778746604988
1762150709.4888086,2.352444651267614,-0.0014938149345214578,0.0,0.0,8.019353593343379,0.07712120912950332,0.07712120912950332
1762150709.5064929,2.351178538293505,-1.5591509731396868e-07,0.0,0.0,8.018168883424607,0.07869922447522668,0.07869922447522668
1762150709.539065,2.348139377749853,-0.0024322671289511415,0.0,0.0,8.014899752509722,0.0764821774841084,0.0764821774841084
1762150709.5758164,2.3576290086621388,0.0033022033476995515,0.0,0.0,8.024986227781225,0.08154025604502763,0.08154025604502763
1762150709.6011612,2.354417312041134,0.0012329445582018254,0.0,0.0,8.02155984486719,0.07970331475318304,0.07970331475318304
1762150709.6280031,2.3545852956167037,0.0031150276415894507,0.0,0.0,8.02186651922782,0.08156893493201371,0.08156893493201371
1762150709.658188,2.3569245438013557,-0.001078237156213991,0.0,0.0,8.0239495597432,0.0772209402054598,0.0772209402054598
1762150709.7003644,2.3490536755318336,-0.0007776878134323137,0.0,0.0,8.015947557075364,0.07807017977650398,0.07807017977650398
1762150709.7217538,2.3396617793887926,-0.0018095067613569393,0.0,0.0,8.006302102677145,0.0776735607204063,0.0776735607204063
1762150709.877103,2.3585963815775792,-0.0019411206688583562,0.0,0.0,8.025591634608055,0.07624131537592885,0.07624131537592885
1762150709.898371,2.362651645528329,-0.0052314486065572685,0.0,0.0,8.029480123462154,0.07266792139077467,0.07266792139077467
1762150709.9243739,2.366512359669266,-0.007897942566499378,0.0,0.0,8.033209932329298,0.06972685228289999,0.06972685228289999
1762150709.9416883,2.3613813528361915,-0.007347837868591661,0.0,0.0,8.028031350398738,0.07064882851753139,0.07064882851753139
1762150710.0812552,2.3508668699030646,-0.006331184099481753,0.0,0.0,8.01740393727788,0.07240494692950622,0.07240494692950622
1762150710.0993822,2.35339249506329,-0.001428876238017469,0.0,0.0,8.020324296216797,0.0771198549474167,0.0771198549474167
1762150710.1306307,2.351624585362078,-0.0021012976539851506,0.0,0.0,8.018474679626753,0.0765722063089434,0.0765722063089434
1762150710.1535037,2.3467544086548977,-0.0007166195755190307,0.0,0.0,8.013607655127144,0.07828833437777885,0.07828833437777885
1762150710.2311628,2.3423881675121385,-0.0031233208710143433,0.0,0.0,8.008991575341291,0.07618152658148633,0.07618152658148633
1762150710.261681,2.3323551692866693,-0.0046755406068133875,0.0,0.0,7.998666200706539,0.0752887433588048,0.0752887433588048
1762150710.2802768,2.3452296732383426,-0.006389198014425156,0.0,0.0,8.011661642612621,0.07273217656329656,0.07273217656329656
1762150710.305548,2.3442611040256454,-0.0020111613412946133,0.0,0.0,8.010976451322893,0.07716556302234977,0.07716556302234977
1762150710.3337672,2.3489242562635866,-0.0002940401232195018,0.0,0.0,8.015849554190787,0.07856157491733862,0.07856157491733862
1762150710.3560116,2.3502462066841634,-0.0010327348173168958,0.0,0.0,8.017145338961205,0.07773361123282523,0.07773361123282523
1762150710.3798993,2.353893581310855,0.0009619499910969974,0.0,0.0,8.021006227372135,0.07946973941096003,0.07946973941096003
1762150710.3967712,2.361612162922747,-0.0012564184419440736,0.0,0.0,8.028715115262816,0.07670773000329638,0.07670773000329638
1762150710.4380052,2.3638505164647796,-0.004939105672814005,0.0,0.0,8.030722222888278,0.07287243695230627,0.07287243695230627
1762150710.4556885,2.3645191330936584,-0.005628136864609786,0.0,0.0,8.031351542997848,0.072136512374703,0.072136512374703
1762150710.4805257,2.3595235780120474,0.0018480965387636331,0.0,0.0,8.026814095935448,0.07995450134986648,0.07995450134986648
1762150710.50158,2.3603470006936282,0.0008118141058829714,0.0,0.0,8.027577783040869,0.07886176609094148,0.07886176609094148
1762150710.5234954,2.3596859958087006,-0.005463618253862749,0.0,0.0,8.026444173745674,0.07264994175840647,0.07264994175840647
1762150710.56132,2.3560919912520646,-0.0038500685594914414,0.0,0.0,8.022900966162968,0.07451497185939956,0.07451497185939956
1762150710.5959995,2.356027029213795,-0.005259110219724144,0.0,0.0,8.022733283183367,0.07311403175102461,0.07311403175102461
1762150710.61663,2.3550942952806726,-0.00394434526428228,0.0,0.0,8.021878046799966,0.07449124459076091,0.07449124459076091
1762150710.6331315,2.354812850528897,-0.004728073207191746,0.0,0.0,8.021535199548802,0.07372923747567217,0.07372923747567217
1762150710.6514916,2.3502612613034874,-0.005489662412008238,0.0,0.0,8.016846694151855,0.07328626471143954,0.07328626471143954
1762150710.6699457,2.3490754069449173,-0.004894442413773902,0.0,0.0,8.015681011014959,0.07396164992256221,0.07396164992256221
1762150710.70282,2.346767094492664,-0.007027630446808829,0.0,0.0,8.01318241514944,0.07199107021907149,0.07199107021907149
1762150710.7307007,2.3452546423406684,-0.006421317848433515,0.0,0.0,8.011684847302186,0.07269844384008974,0.07269844384008974
1762150710.7462797,2.3416596217709102,-0.006172732046703497,0.0,0.0,8.008042011862761,0.07318747232822019,0.07318747232822019
1762150710.7618222,2.344343007953502,-0.007639264058152289,0.0,0.0,8.010673255241215,0.07154470833183098,0.07154470833183098
1762150710.779948,2.3571710870381826,-0.009577545409272303,0.0,0.0,8.023585961772401,0.06872552623737266,0.06872552623737266
1762150710.79686,2.3544015309772446,-0.006153650467094793,0.0,0.0,8.021014371176253,0.07233603630428241,0.07233603630428241
1762150710.8149097,2.3590201289312662,-0.009166652894204977,0.0,0.0,8.025496665426784,0.06900396416837344,0.06900396416837344
1762150710.837729,2.3646057306674435,-0.007828593961078163,0.0,0.0,8.03127583278575,0.06993560104182675,0.06993560104182675
1762150710.8571298,2.358420618696827,-0.008329920383771111,0.0,0.0,8.02494701925507,0.06988129093224478,0.06988129093224478
1762150710.8716905,2.3525800075579357,-0.003966580101853486,0.0,0.0,8.019315654096928,0.07464502096504894,0.07464502096504894
1762150710.9066846,2.3584289254075594,-0.0023926937805434766,0.0,0.0,8.025388091075222,0.07580283810294984,0.07580283810294984
1762150710.9348774,2.358288428012878,-0.0022406179540480774,0.0,0.0,8.025256019493572,0.07596454281597019,0.07596454281597019
1762150710.9623938,2.3554636124711017,-0.0016094890355770098,0.0,0.0,8.02242220174061,0.07679430172791549,0.07679430172791549
1762150710.9911141,2.348737675996766,0.0004142587508939256,0.0,0.0,8.015708993093972,0.0792810124998856,0.0792810124998856
1762150711.024516,2.354531676736324,0.003057092176624381,0.0,0.0,8.021807632998552,0.08151491364667891,0.08151491364667891
1762150711.0441742,2.349975569390383,0.0003898767894105751,0.0,0.0,8.016969721271312,0.07917150767303656,0.07917150767303656
1762150711.05887,2.353589326080085,-0.00488472096016592,0.0,0.0,8.020278143087262,0.07365870477284428,0.07365870477284428
1762150711.073404,2.3550928750792326,-0.002565857673516816,0.0,0.0,8.02197562196729,0.0758664167467295,0.0758664167467295
1762150711.0925462,2.363829745619452,-0.0027627644768214456,0.0,0.0,8.030862912493825,0.07504451450581726,0.07504451450581726
1762150711.1138794,2.367781056906216,-0.002424088458687457,0.0,0.0,8.034913283016685,0.07509228658263895,0.07509228658263895
1762150711.1428807,2.3668951014179527,-0.003671303703069424,0.0,0.0,8.033916903603636,0.07391387249654202,0.07391387249654202
1762150711.1627624,2.366393484240889,-0.006178432665423922,0.0,0.0,8.033217926355567,0.07145044877018303,0.07145044877018303
1762150711.1828282,2.362216438641111,-0.007669461613513641,0.0,0.0,8.02885721599597,0.07026778818156894,0.07026778818156894
1762150711.2046177,2.352711884721616,-0.006615911575627764,0.0,0.0,8.019261685677598,0.07199293669649931,0.07199293669649931
1762150711.2406523,2.3480471569224046,-0.007650123019332156,0.0,0.0,8.014441834972562,0.07128282868547155,0.07128282868547155
1762150711.272955,2.3560980998188996,-0.004251692060790756,0.0,0.0,8.022878234711522,0.07411391960843333,0.07411391960843333
1762150711.2945616,2.3582575768956917,-0.001337207733042676,0.0,0.0,8.025290390556698,0.07686785432172294,0.07686785432172294
1762150711.318479,2.354229806252113,-0.002876243798291972,0.0,0.0,8.021074029797198,0.07561741800152194,0.07561741800152194
1762150711.3367171,2.3590823764977764,-0.005629251075761962,0.0,0.0,8.025817639372953,0.07252789920789665,0.07252789920789665
1762150711.3698542,2.3657568786230754,-0.007459718442637377,0.0,0.0,8.032474290095376,0.07021933075526077,0.07021933075526077
1762150711.3933563,2.3571280048911274,-0.003686054359537272,0.0,0.0,8.02396799498909,0.07460526016822941,0.07460526016822941
1762150711.4069643,2.3633700277325227,7.926003255067548e-05,0.0,0.0,8.030605888831094,0.07791246301778768,0.07791246301778768
1762150711.436228,2.3594507167283787,-0.0013171591603441334,0.0,0.0,8.026507849318293,0.07680260414623094,0.07680260414623094
1762150711.452515,2.3514958376968313,-0.004021932601754866,0.0,0.0,8.018207474032216,0.0746651271062467,0.0746651271062467
1762150711.4862216,2.3491553573863477,-0.008174959537450231,0.0,0.0,8.015532769765112,0.07068337772416962,0.07068337772416962
1762150711.5037503,2.350124395515933,-0.006596794195972941,0.0,0.0,8.016629513383354,0.07219119837198827,0.07219119837198827
1762150711.5166352,2.3555394361748525,-0.007906538241053576,0.0,0.0,8.022046712891024,0.07050755124015383,0.07050755124015383
1762150711.5336678,2.35509976487684,-0.0025544743316842553,0.0,0.0,8.021983459853969,0.07587728707859533,0.07587728707859533
1762150711.568816,2.3554175784882347,-0.003707695936513659,0.0,0.0,8.022224318897656,0.07470455307423456,0.07470455307423456
1762150711.5979087,2.3660589068494673,-0.0036147553685609126,0.0,0.0,8.03306963558374,0.07403177779951811,0.07403177779951811
1762150711.6144085,2.3624350348796006,-0.0036473182259985125,0.0,0.0,8.029376743562318,0.07426357991330208,0.07426357991330208
1762150711.6416488,2.3552719742717048,-0.0022796083960040813,0.0,0.0,8.022178687898903,0.0761393489811044,0.0761393489811044
1762150711.6633976,2.3487949152780048,-0.001943577363117329,0.0,0.0,8.015602014428554,0.07692480668736944,0.07692480668736944
1762150711.684633,2.3547727288887685,-0.00369946965550393,0.0,0.0,8.021568099306277,0.07475811844971392,0.07475811844971392
1762150711.7025654,2.357180996760312,0.001103128735934512,0.0,0.0,8.024369246871133,0.07937860659824175,0.07937860659824175
1762150711.7248003,2.357578424519563,-0.001179770657181728,0.0,0.0,8.024608659224896,0.07707323757167135,0.07707323757167135
1762150711.7586317,2.354820087520958,0.0017329300485568848,0.0,0.0,8.02200663806802,0.0801737437371749,0.0801737437371749
1762150711.7816436,2.3546116621325095,0.004615459033792235,0.0,0.0,8.022001432303115,0.08306379371346786,0.08306379371346786
1762150711.800383,2.3536586310937953,0.0047993490301161835,0.0,0.0,8.021041620853483,0.08331416832442382,0.08331416832442382
1762150711.8236427,2.3536760636582397,0.001685139137323956,0.0,0.0,8.020836166831373,0.08020639282811336,0.08020639282811336
1762150711.8394465,2.3561354802346663,0.0016228122673819206,0.0,0.0,8.023340508918242,0.07997109169660994,0.07997109169660994
1762150711.8555393,2.3553633816498594,0.0022199282751082026,0.0,0.0,8.02259598168038,0.08062125510180378,0.08062125510180378
1762150711.8816228,2.3553438860006715,0.005492945663340005,0.0,0.0,8.0228123825964,0.08388748931323985,0.08388748931323985
1762150711.899526,2.3577314569762082,0.0033055095262826298,0.0,0.0,8.025092203233017,0.08153625848847346,0.08153625848847346
1762150711.923164,2.3604546867000336,4.6756264152892494e-06,0.0,0.0,8.027628215578336,0.07804897297113121,0.07804897297113121
1762150711.9436407,2.364553922792427,-0.005146369125875348,0.0,0.0,8.031422845296639,0.07261445700164332,0.07261445700164332
1762150711.9725184,2.3732653054727995,-0.005903128178044706,0.0,0.0,8.040231278241272,0.07121329195866935,0.07121329195866935
1762150711.9968905,2.3654216523318747,-0.0039047704281370706,0.0,0.0,8.032398988044783,0.0737892852294382,0.0737892852294382
1762150712.023778,2.364581157252961,-0.004064560202813626,0.0,0.0,8.03153121206442,0.07369139173564844,0.07369139173564844
1762150712.050434,2.363361448563386,-0.004480742308236081,0.0,0.0,8.030258350816851,0.07336515309298564,0.07336515309298564
1762150712.0654845,2.3621620393845695,-0.006531387056488042,0.0,0.0,8.028885800504403,0.07140681814806871,0.07140681814806871
1762150712.083496,2.364793686745491,-0.009131442411585066,0.0,0.0,8.031370029011708,0.06862251207036026,0.06862251207036026
1762150712.1036205,2.3600973780442467,-0.009143123141663394,0.0,0.0,8.026593824171862,0.06895042269439605,0.06895042269439605
1762150712.1359122,2.3518564599053895,-0.007558676877246274,0.0,0.0,8.018324354398608,0.07111188985987736,0.07111188985987736
1762150712.1814442,2.353055886849665,-0.00543477490818231,0.0,0.0,8.019695821903086,0.0731472347691938,0.0731472347691938
1762150712.2048318,2.3458212360934505,-0.004954347359190543,0.0,0.0,8.01236296942958,0.07412373825721054,0.07412373825721054
1762150712.2294014,2.3497821564769352,-0.004184799165028975,0.0,0.0,8.016450568398898,0.07462103577949637,0.07462103577949637
1762150712.24644,2.346627071218192,-0.007234192220884039,0.0,0.0,8.01302559737765,0.07179449638390228,0.07179449638390228
1762150712.2613592,2.355943039997744,-0.005605351358556256,0.0,0.0,8.022622849414152,0.07277457956823823,0.07277457956823823
1762150712.2762346,2.3461960446727788,-0.0010206879346932602,0.0,0.0,8.013017270663182,0.07802292743237431,0.07802292743237431
1762150712.2953997,2.3395638921186266,-0.0030223952463554514,0.0,0.0,8.006120521256056,0.0764697848513571,0.0764697848513571
1762150712.308149,2.343511287305734,-0.004878006815966009,0.0,0.0,8.01001577003831,0.07435559539121624,0.07435559539121624
1762150712.3442001,2.3481823447031878,-0.004881174777941873,0.0,0.0,8.014772502306604,0.07403606608631584,0.07403606608631584
1762150712.366248,2.3500486294614737,-0.009752867316576123,0.0,0.0,8.016330852528574,0.06904783092189173,0.06904783092189173
1762150712.3873575,2.3492564431925604,-0.009853467338015301,0.0,0.0,8.015518221645385,0.06900188941093616,0.06900188941093616
1762150712.4085128,2.3524745946234766,-0.011238359567611352,0.0,0.0,8.018692643770693,0.06739817799196837,0.06739817799196837
1762150712.4382045,2.3442327287177527,-0.010637396950920664,0.0,0.0,8.010355634275161,0.06856076819375685,0.06856076819375685
1762150712.4719837,2.3501773949011984,-0.009932891759856337,0.0,0.0,8.016449164934317,0.06885937109682812,0.06885937109682812
1762150712.4946454,2.3540553142723644,-0.011248034667910082,0.0,0.0,8.020298649137272,0.06727838318145545,0.06727838318145545
1762150712.5196874,2.3542278686085685,-0.00827650375503571,0.0,0.0,8.02068597867357,0.07023056370024804,0.07023056370024804
1762150712.5369887,2.354179877546668,-0.009325702742298736,0.0,0.0,8.020562299702156,0.06918729658535851,0.06918729658535851
1762150712.5529182,2.3547166259809806,-0.009123317663874158,0.0,0.0,8.021122615049327,0.06935158506661178,0.06935158506661178
1762150712.5790935,2.3509529537093785,-0.008507205574820513,0.0,0.0,8.017338186379032,0.07022817796577509,0.07022817796577509
1762150712.59485,2.348825317064798,-0.010569351783203108,0.0,0.0,8.01502985696063,0.0683172275110684,0.0683172275110684
1762150712.6207438,2.348785853297951,-0.009524322025093035,0.0,0.0,8.0150626390803,0.06936250730417097,0.06936250730417097
1762150712.639229,2.3475696836595272,-0.009546487310419387,0.0,0.0,8.013824225222427,0.06942344680468818,0.06942344680468818
1762150712.660632,2.3444981521081543,-0.00972061420193875,0.0,0.0,8.010688352332336,0.06945763643500388,0.06945763643500388
1762150712.6774662,2.3427394390612517,-0.005120154165310275,0.0,0.0,8.009213165616714,0.0741656820132479,0.0741656820132479
1762150712.7195246,2.344740431376703,-0.003868893263583663,0.0,0.0,8.011337017000006,0.07527975208549027,0.07527975208549027
1762150712.7432904,2.348531467618223,-0.006029750563482456,0.0,0.0,8.015047776927615,0.07286629523989703,0.07286629523989703
1762150712.764466,2.348937392122218,-0.005246388001921015,0.0,0.0,8.015515830260368,0.0736200024672233,0.0736200024672233
1762150712.804381,2.3490548510307825,-0.006095559806868945,0.0,0.0,8.015575978236152,0.07276477382946617,0.07276477382946617
1762150712.8186362,2.3464051723454733,-0.0046261268402033534,0.0,0.0,8.012980371164648,0.07441160944815195,0.07441160944815195
1762150712.8432548,2.343996287355925,-0.0041680500784307935,0.0,0.0,8.010558422550385,0.07503138020133317,0.07503138020133317
1762150712.8631458,2.340405620802674,-0.00456832575277179,0.0,0.0,8.006873710060157,0.07487158230517947,0.07487158230517947
1762150712.89071,2.339563147245254,-0.00773820975241872,0.0,0.0,8.005802247108521,0.07176429366483848,0.07176429366483848
1762150712.9109426,2.3396181956859796,-0.006992794282832195,0.0,0.0,8.005908414451653,0.07250445636120978,0.07250445636120978
1762150712.9401176,2.3474891868954426,-0.008371591149161615,0.0,0.0,8.01382394012538,0.07060109728052846,0.07060109728052846
1762150712.9685216,2.355043478737695,-0.005222031197513998,0.0,0.0,8.021734597035788,0.0732202944923223,0.0732202944923223
1762150712.99769,2.346962625759556,-0.007482515344738727,0.0,0.0,8.013349870578029,0.07152394736656635,0.07152394736656635
1762150713.0226266,2.352250969051094,-0.008305743456392754,0.0,0.0,8.018672852728157,0.07033924400615199,0.07033924400615199
1762150713.039064,2.3490865351877654,-0.006759406799850886,0.0,0.0,8.015561768949619,0.07210031715566602,0.07210031715566602
1762150713.0617378,2.3507862966117012,-0.008511404088183678,0.0,0.0,8.017168357219193,0.07023549916227527,0.07023549916227527
1762150713.0765045,2.347671238336449,-0.008338858405712569,0.0,0.0,8.01401142805877,0.07062134775551751,0.07062134775551751
1762150713.09858,2.350733445746842,-0.004510997431154669,0.0,0.0,8.017396450097074,0.07423000250276043,0.07423000250276043
1762150713.1223006,2.356416342808208,-0.004774435394851337,0.0,0.0,8.02316460065912,0.07356999810348892,0.07356999810348892
1762150713.1511827,2.351764853303655,-0.008265345058031956,0.0,0.0,8.018181185307286,0.0704132741435728,0.0704132741435728
1762150713.1667573,2.3494642939876944,-0.007311270850041978,0.0,0.0,8.01590757620176,0.07152382364687176,0.07152382364687176
1762150713.1949415,2.350999484790531,-0.0009609521236346323,0.0,0.0,8.017918308303708,0.07775314150172234,0.07775314150172234
1762150713.2159343,2.348587183705216,0.0023015722377297608,0.0,0.0,8.015687915460335,0.08117420443366227,0.08117420443366227
1762150713.233942,2.346361586040988,-0.002063704426031488,0.0,0.0,8.013113646274466,0.07697107658960803,0.07697107658960803
1762150713.249747,2.3481794833419105,-0.0016232723369981217,0.0,0.0,8.014997174077372,0.07728653158151094,0.07728653158151094
1762150713.2742398,2.3466768938625835,-9.196313707230689e-05,0.0,0.0,8.013572062186162,0.07891681792379887,0.07891681792379887
1762150713.2884376,2.3391620497245853,-0.0007984230937546157,0.0,0.0,8.005860808787697,0.07871542494130618,0.07871542494130618
1762150713.3133895,2.348404422421821,0.003450610635058725,0.0,0.0,8.015582045053335,0.08233307522409354,0.08233307522409354
1762150713.339997,2.3455255888505815,0.0012573972532525176,0.0,0.0,8.012491463764695,0.0803412418947796,0.0803412418947796
1762150713.3616614,2.333686782504969,-0.004487264009301768,0.0,0.0,8.000035036009942,0.07539116709166113,0.07539116709166113
1762150713.381612,2.3323906418343046,-0.00376955845383296,0.0,0.0,7.998761543378518,0.07619059705275949,0.07619059705275949
1762150713.4014385,2.3383123287841032,-0.00530744200402493,0.0,0.0,8.004691986932079,0.07427207547905536,0.07427207547905536
1762150713.418432,2.341063132936034,-0.0023702446598638125,0.0,0.0,8.007692517177373,0.07702120675027972,0.07702120675027972
1762150713.4354799,2.345826555656512,-0.0067103573663794295,0.0,0.0,8.012247069495047,0.07237139744788765,0.07237139744788765
1762150713.4599922,2.338708319638048,-0.0033792278225248974,0.0,0.0,8.00522469779981,0.07617010628366193,0.07617010628366193
1762150713.485576,2.3383945014980085,-0.004442892009633749,0.0,0.0,8.004833612481203,0.07512936599606532,0.07512936599606532
1762150713.506986,2.3411952364594693,-0.0016272384433914772,0.0,0.0,8.007877618968813,0.07775378871351714,0.07775378871351714
1762150713.5300894,2.339728123962596,-0.004944621944786659,0.0,0.0,8.006158263985546,0.07454090919446557,0.07454090919446557
1762150713.546399,2.3458087274601658,-0.006176513810047898,0.0,0.0,8.012265789026115,0.07290522334239705,0.07290522334239705
1762150713.5775192,2.349710164276364,-0.00609394620373595,0.0,0.0,8.0162431848958,0.07272136823104813,0.07272136823104813
1762150713.6057007,2.3554453481933524,-0.004259141556748476,0.0,0.0,8.022212951644248,0.07415252102729093,0.07415252102729093
1762150713.6276565,2.361849516007199,-0.00519073950774501,0.0,0.0,8.028666590528372,0.07276654100973295,0.07276654100973295
1762150713.6492836,2.36612398920834,-0.005336587941737571,0.0,0.0,8.033006778810504,0.07230981469936885,0.07230981469936885
1762150713.6730537,2.365686348081759,-0.009183064579647312,0.0,0.0,8.032273802303948,0.0685057800733547,0.0685057800733547
1762150713.691194,2.367714913250305,-0.010878474740052175,0.0,0.0,8.034208756434726,0.06666587618979736,0.06666587618979736
1762150713.7062032,2.3655937421500153,-0.00974586003922579,0.0,0.0,8.032137645461756,0.06795127327408833,0.06795127327408833
1762150713.7356641,2.361500790979234,-0.010193502949985098,0.0,0.0,8.027943763960211,0.0678019517881201,0.0678019517881201
1762150713.7670512,2.367040308485506,-0.012465231275807493,0.0,0.0,8.033404287985519,0.06513311137911246,0.06513311137911246
1762150713.782557,2.359479272416122,-0.007727397909748439,0.0,0.0,8.026068505336724,0.07040675411166677,0.07040675411166677
1762150713.8048272,2.3589484143984087,-0.004876522186402844,0.0,0.0,8.025736147212537,0.07328827298535302,0.07328827298535302
1762150713.83454,2.363786243933257,-0.004898719251525468,0.0,0.0,8.030659793729134,0.07291739394822819,0.07291739394822819
1762150713.8511724,2.3586572112734645,-0.0034364255960782817,0.0,0.0,8.025544583888864,0.07474548156463741,0.07474548156463741
1762150713.8708818,2.3593617688733795,-0.003260091298454672,0.0,0.0,8.026275096007737,0.0748710238108082,0.0748710238108082
1762150713.8875818,2.3541745858430057,-0.003393478506534703,0.0,0.0,8.020980749992512,0.0751053267849881,0.0751053267849881
1762150713.9226198,2.357007153050625,-0.006040182226859507,0.0,0.0,8.023674660624216,0.07226561727651074,0.07226561727651074
1762150713.9392173,2.354308567103114,-0.008295450436226502,0.0,0.0,8.020766716783783,0.0702060131442297,0.0702060131442297
1762150713.9564703,2.3549894744022137,-0.010981395584877806,0.0,0.0,8.021267193178996,0.06747894463042016,0.06747894463042016
1762150713.9761472,2.3456344525112374,-0.010219796909839512,0.0,0.0,8.011809623766666,0.06888298446041947,0.06888298446041947
1762150713.9974828,2.3385713212236734,-0.009840548232276956,0.0,0.0,8.004652169835515,0.06973174457860089,0.06973174457860089
1762150714.0173774,2.3386253686989322,-0.006821545471575072,0.0,0.0,8.004909280931505,0.07274068547933445,0.07274068547933445
1762150714.0415068,2.3402933067386336,-0.006805472916526033,0.0,0.0,8.006608247271245,0.07264677421567185,0.07264677421567185
1762150714.0661254,2.345078859692085,-0.004567839357995677,0.0,0.0,8.01163358855733,0.07455956180556436,0.07455956180556436
1762150714.09156,2.3417344811307537,-0.006732658657394028,0.0,0.0,8.00808020503648,0.07262380528802671,0.07262380528802671
1762150714.1184664,2.3370535545087403,-0.005238292206364832,0.0,0.0,8.003414645856362,0.07442347072637331,0.07442347072637331
1762150714.1424336,2.3407897052581235,-0.008257010553561789,0.0,0.0,8.007015432524344,0.07116555689970132,0.07116555689970132
1762150714.175229,2.3476840365683698,-0.005324786867797959,0.0,0.0,8.014234155760432,0.07362752809749701,0.07362752809749701
1762150714.191885,2.348795131160478,-0.007309698759495523,0.0,0.0,8.015226722435768,0.07157129588825979,0.07157129588825979
1762150714.218201,2.3542221568719497,-0.00899202253073861,0.0,0.0,8.020629103126069,0.06951719988494741,0.06951719988494741
1762150714.235111,2.3494327950681737,-0.0052111825151278275,0.0,0.0,8.016022729692914,0.073621113287209,0.073621113287209
1762150714.2595766,2.357500772621346,-0.004257498983742575,0.0,0.0,8.024306234766069,0.0740088043127319,0.0740088043127319
1762150714.276294,2.358136615678123,-0.0043558343603989375,0.0,0.0,8.0249465897953,0.0738655119708428,0.0738655119708428
1762150714.3010192,2.3456146768434127,-0.0041891001773833895,0.0,0.0,8.01220547533717,0.07490121369160072,0.07490121369160072
1762150714.3208542,2.3428456926853953,-0.002557517350917697,0.0,0.0,8.009496443649727,0.07671546970849444,0.07671546970849444
1762150714.3382351,2.32974269466248,-0.0010254891685898841,0.0,0.0,7.99624089639543,0.07909772277232023,0.07909772277232023
1762150714.3643212,2.331891781281866,-0.0032012607925689172,0.0,0.0,7.99829031384039,0.07678963749626537,0.07678963749626537
1762150714.3919399,2.3397456999243302,0.004101583906084994,0.0,0.0,8.006787393508903,0.08356616109006229,0.08356616109006229
1762150714.4136176,2.349656752486712,0.00029832658963121816,0.0,0.0,8.016638138410524,0.07910215406890554,0.07910215406890554
1762150714.4331138,2.3508844629583643,-0.0005001533377857127,0.0,0.0,8.017833645106968,0.0782207979418953,0.0782207979418953
1762150714.4579365,2.358069836097937,-0.001624857556996715,0.0,0.0,8.025078110606787,0.0765943120973388,0.0765943120973388
1762150714.485738,2.359352567197064,-0.001125772554940196,0.0,0.0,8.02642182629195,0.07700052745764006,0.07700052745764006
1762150714.503442,2.349086775651026,-0.0035217772075713137,0.0,0.0,8.015788781381906,0.07533029681525415,0.07533029681525415
1762150714.535601,2.354531910897342,-0.005368430162608332,0.0,0.0,8.021203279239387,0.07311018088366672,0.07311018088366672
1762150714.5544226,2.360243470466465,-0.005546951483851092,0.0,0.0,8.027005545387139,0.072526864782259,0.072526864782259
1762150714.572425,2.3550608376340763,-0.004562864960502244,0.0,0.0,8.021799571021635,0.07387660920045562,0.07387660920045562
1762150714.6017842,2.354599257341247,-0.003583927415281903,0.0,0.0,8.021399690215908,0.07488555786464575,0.07488555786464575
1762150714.6199324,2.352586422118917,-0.001451742312941702,0.0,0.0,8.019501085664517,0.07715330374145263,0.07715330374145263
1762150714.6444964,2.348915810747673,-0.0013062764126736469,0.0,0.0,8.015769921610769,0.07755230768714708,0.07755230768714708
1762150714.678379,2.3521696141989183,-0.004976207159759203,0.0,0.0,8.01882602703523,0.07366638745154752,0.07366638745154752
1762150714.7005358,2.3557877478991505,-0.002483303447053461,0.0,0.0,8.02268955455791,0.07589980388820637,0.07589980388820637
1762150714.72169,2.348970377862629,-0.004521848084447971,0.0,0.0,8.015600148142797,0.07434057302146556,0.07434057302146556
1762150714.745679,2.3469424919859962,-0.0014658377772971739,0.0,0.0,8.013747280086898,0.07752804965094713,0.07752804965094713
1762150714.7755663,2.354709019649082,0.0007806527240221266,0.0,0.0,8.02182486195628,0.07923163881634696,0.07923163881634696
1762150714.7976842,2.366313025087424,-8.261548915148696e-05,0.0,0.0,8.033593912004317,0.07753567883518715,0.07753567883518715
1762150714.8261473,2.3653246081617554,-0.0024957260830800725,0.0,0.0,8.032405597043091,0.0752016527832211,0.0752016527832211
1762150714.8629844,2.357786104104896,-0.006342236341457501,0.0,0.0,8.024445605949982,0.07190906600704827,0.07190906600704827
1762150714.8796806,2.3524534337666987,-0.00565104191322086,0.0,0.0,8.019067113068667,0.07297345240658733,0.07297345240658733
1762150714.9054585,2.3497116256004227,-0.0035041162714377115,0.0,0.0,8.016426563495354,0.07530495920140381,0.07530495920140381
1762150714.9306235,2.3512825107710795,-0.0018215439983364952,0.0,0.0,8.018145883875087,0.07687501020417647,0.07687501020417647
1762150714.9549763,2.3562941104869357,-0.00375971580589621,0.0,0.0,8.02311334088734,0.07459081952525573,0.07459081952525573
1762150714.9802415,2.3640482976165833,-0.002973441396088146,0.0,0.0,8.031069848768436,0.07481847476613522,0.07481847476613522
1762150715.002257,2.363162183655285,-0.004889946100824014,0.0,0.0,8.03002513351276,0.07297150170440836,0.07297150170440836
1762150715.0218527,2.3589597163436387,-0.006593706560445317,0.0,0.0,8.025622510196296,0.07157466288150165,0.07157466288150165
1762150715.0375626,2.3513011647716633,-0.005493624277783386,0.0,0.0,8.017905162870113,0.07321045933781571,0.07321045933781571
1762150715.0625236,2.344588186449682,-0.0068173450310438565,0.0,0.0,8.010979207459938,0.07234826322079434,0.07234826322079434
1762150715.0848105,2.3490459006596893,-0.006515008647269506,0.0,0.0,8.015537512189509,0.07234692695464945,0.07234692695464945
1762150715.1012886,2.3561761336126885,-0.008125897009783983,0.0,0.0,8.022678660060059,0.07024386977173239,0.07024386977173239
1762150715.123419,2.3608351042764473,-0.005257564973282425,0.0,0.0,8.027629022102134,0.07277299981029405,0.07277299981029405
1762150715.1568592,2.3718717890988366,0.0009738110578535444,0.0,0.0,8.039341177828987,0.07817565678126642,0.07817565678126642
1762150715.182877,2.3667838805684474,-0.0025631580621459983,0.0,0.0,8.033887031803886,0.07502720069206505,0.07502720069206505
1762150715.2199895,2.365948315622132,-0.0035555051309634975,0.0,0.0,8.032961458713828,0.0740989884112255,0.0740989884112255
1762150715.2383308,2.363957406794069,-0.006035738250672206,0.0,0.0,8.030749528124627,0.07177093284258557,0.07177093284258557
1762150715.2703476,2.3650623167095857,-0.007031935976823351,0.0,0.0,8.031799650859499,0.07069679524094487,0.07069679524094487
1762150715.2918112,2.3612305412305092,-0.0037118840006396016,0.0,0.0,8.02814530480551,0.07428619800532282,0.07428619800532282
1762150715.3163993,2.3606447796599177,-0.006714794851866547,0.0,0.0,8.027328384971483,0.07133322169218538,0.07133322169218538
1762150715.3313055,2.3621589213766785,-0.005611834416957981,0.0,0.0,8.028950475655314,0.07232419059085955,0.07232419059085955
1762150715.3489635,2.3589257328154303,-0.004933021759129786,0.0,0.0,8.02570893541651,0.07323353705479822,0.07323353705479822
1762150715.3749483,2.34958308081327,-0.0057615310316920295,0.0,0.0,8.016137137056731,0.07306173595109838,0.07306173595109838
1762150715.408714,2.3493697053277836,-0.005694534567591764,0.0,0.0,8.0159246023035,0.07314323849933319,0.07314323849933319
1762150715.4378836,2.3526748538568487,-0.0037685702772078987,0.0,0.0,8.019426338780354,0.07483594443966929,0.07483594443966929
1762150715.4606729,2.351511792806319,1.4967982073859171e-05,0.0,0.0,8.01850976961575,0.07869119714965365,0.07869119714965365
1762150715.4753234,2.357663883882714,0.0011800919290177042,0.0,0.0,8.0248673353156,0.07942104485582419,0.07942104485582419
1762150715.505404,2.35279549408289,-0.002113717547434134,0.0,0.0,8.019667025127012,0.07647836554494464,0.07647836554494464
1762150715.5335457,2.348126157651487,-0.005415137370775416,0.0,0.0,8.014678031328685,0.07350719426591601,0.07350719426591601
1762150715.562615,2.345073964759545,-0.001563639338390155,0.0,0.0,8.011835831313434,0.0775572307753038,0.0775572307753038
1762150715.583266,2.337663692330464,-0.003742557412555832,0.0,0.0,8.004135986426938,0.07587611447261146,0.07587611447261146
1762150715.601566,2.3453583986875772,-0.003490241013054494,0.0,0.0,8.01199267523048,0.07561580876777407,0.07561580876777407
1762150715.614667,2.3433221839771843,-0.0008351574688230777,0.0,0.0,8.010100074823038,0.0784020227955347,0.0784020227955347
1762150715.636143,2.341500315878254,-0.004339511950613388,0.0,0.0,8.008004265843883,0.07502722961387318,0.07502722961387318
1762150715.6658926,2.334433249658646,-0.002335128432008387,0.0,0.0,8.000937407677151,0.07749068437098854,0.07749068437098854
1762150715.682277,2.332003976577877,-0.000444296208419873,0.0,0.0,7.998584763833233,0.07953378843771955,0.07953378843771955
1762150715.6999981,2.3349470890770045,0.0006707514500183873,0.0,0.0,8.001660136287175,0.08045701480481163,0.08045701480481163
1762150715.7279477,2.338065271151191,-0.0013549116081807942,0.0,0.0,8.004705135730202,0.07823229871013358,0.07823229871013358
1762150715.7490644,2.3450439514513226,0.0009833044229241637,0.0,0.0,8.01198117477872,0.08010037782036689,0.08010037782036689
1762150715.7765744,2.3511818249147325,0.004992367306043282,0.0,0.0,8.018526413811621,0.08367949514095532,0.08367949514095532
1762150715.898373,2.3493872907335787,0.004976133217584702,0.0,0.0,8.01669281308629,0.08378741010810468,0.08378741010810468
1762150715.9173024,2.3493161475153235,0.004101407579001718,0.0,0.0,8.016558508416606,0.08291966359462014,0.08291966359462014
1762150715.9342003,2.348031755060271,2.330457025982983e-05,0.0,0.0,8.014961710714855,0.07893935809418272,0.07893935809418272
1762150715.9531133,2.3530313436461316,-0.0010135116898076092,0.0,0.0,8.01998582278838,0.07755943500276397,0.07755943500276397
1762150716.0270436,2.3560690630636194,-0.004818670018258004,0.0,0.0,8.02280780706106,0.07355040660632282,0.07355040660632282
1762150716.0483532,2.3622709244009514,-0.006569677988167279,0.0,0.0,8.028993774511129,0.07136075591161128,0.07136075591161128
1762150716.065253,2.366383971245724,-0.005362555459468342,0.0,0.0,8.033269450097938,0.07226481891605151,0.07226481891605151
1762150716.0934103,2.3677018047188714,-0.00890454063243089,0.0,0.0,8.034343911212547,0.0686353978053066,0.0686353978053066
1762150716.1166065,2.366359783380089,-0.006209672212716872,0.0,0.0,8.033181289936635,0.07142176993019166,0.07142176993019166
1762150716.140553,2.3578210394623706,-0.009753643312756702,0.0,0.0,8.024234101365254,0.0685037913775833,0.0685037913775833
1762150716.159909,2.3531618577234097,-0.009572155064810475,0.0,0.0,8.019509498877385,0.06901253213864499,0.06901253213864499
1762150716.180431,2.351561980692729,-0.01152235094617077,0.0,0.0,8.017744987695012,0.06717813926877728,0.06717813926877728
1762150716.2032726,2.3519075385582258,-0.011420906063276455,0.0,0.0,8.018103368732586,0.06725541194665215,0.06725541194665215
1762150716.230274,2.3525649693810533,-0.012586218878229315,0.0,0.0,8.018689123476543,0.06604729667622972,0.06604729667622972
1762150716.2542794,2.346681830909087,-0.012764927310623158,0.0,0.0,8.012698771199444,0.06627279362056275,0.06627279362056275
1762150716.2762296,2.339773196326169,-0.015398274750048497,0.0,0.0,8.005501574777101,0.0641070346513601,0.0641070346513601
1762150716.293627,2.341308617754363,-0.01748788896059955,0.0,0.0,8.006919964943796,0.06192058007830537,0.06192058007830537
1762150716.3162558,2.338949901337502,-0.01622339271855733,0.0,0.0,8.00461039227293,0.06333781439642695,0.06333781439642695
1762150716.3433297,2.3363973002523317,-0.010237704879215043,0.0,0.0,8.002414575129977,0.06947743084851235,0.06947743084851235
1762150716.3607404,2.343404439391784,-0.009775614619988283,0.0,0.0,8.009572236264528,0.06947615953362352,0.06947615953362352
1762150716.3764527,2.3447151043857954,-0.009672873901863412,0.0,0.0,8.010912277376567,0.06949066905284754,0.06949066905284754
1762150716.4113271,2.3404279159974317,-0.009026170944322377,0.0,0.0,8.006595420774513,0.0704220357821684,0.0704220357821684
1762150716.4284554,2.3394253282977786,-0.009454339027131891,0.0,0.0,8.005546715669992,0.07006097613885322,0.07006097613885322
1762150716.4573746,2.3430216461349955,-0.009055545847102218,0.0,0.0,8.009231992822507,0.07022022788144318,0.07022022788144318
1762150716.487045,2.3393479199378286,-0.009401087827294907,0.0,0.0,8.00547154911956,0.07011920918135459,0.07011920918135459
1762150716.512732,2.3468503692282843,-0.008856117108248728,0.0,0.0,8.013140461745024,0.07016115073083601,0.07016115073083601
1762150716.5312955,2.3515900849160642,-0.01060376563003202,0.0,0.0,8.017838332356714,0.06809257681759422,0.06809257681759422
1762150716.5622544,2.3588423446344047,-0.006837061880503419,0.0,0.0,8.025485351279956,0.07134030259115154,0.07134030259115154
1762150716.5865169,2.3594484083927503,-0.005728347447457793,0.0,0.0,8.026182990250195,0.0724028937588283,0.0724028937588283
1762150716.606628,2.354641369478862,-0.0029761879212709856,0.0,0.0,8.021486162050506,0.07548884039292611,0.07548884039292611
1762150716.6290197,2.3502104948971576,-0.0021660276731968256,0.0,0.0,8.01702903557158,0.07660548538779263,0.07660548538779263
1762150716.6475701,2.3471722133766297,0.0022420823184194512,0.0,0.0,8.014239927284958,0.08121168526273323,0.08121168526273323
1762150716.6756237,2.341309873156363,0.00019124965410587978,0.0,0.0,8.008118135475963,0.079560621355804,0.079560621355804
1762150716.6999247,2.3407345447114567,-0.0005252583111370653,0.0,0.0,8.0074827310526,0.07888394309695819,0.07888394309695819
1762150716.7578104,2.3428991875848584,-0.0004115593270353681,0.0,0.0,8.009697790966207,0.0788530284997268,0.0788530284997268
1762150716.7766645,2.344383633302183,-0.005453019044384887,0.0,0.0,8.010864682667492,0.07372326541620589,0.07372326541620589
1762150716.8011549,2.3370098246926743,-0.005736593698674208,0.0,0.0,8.003336920083209,0.07392908615848776,0.07392908615848776
1762150716.8301072,2.3341486640820763,-0.005310613945379248,0.0,0.0,8.000451361445247,0.07453977183423925,0.07453977183423925
1762150716.8506644,2.341327132865097,-0.009187027651923767,0.0,0.0,8.007499310590227,0.07020194184707466,0.07020194184707466
1762150716.8755975,2.347951355392555,-0.009797742471145472,0.0,0.0,8.014194922905437,0.06914675694412471,0.06914675694412471
1762150716.8991637,2.3465738809794248,-0.005971267419185682,0.0,0.0,8.013058947413448,0.07305811791851749,0.07305811791851749
1762150716.9290454,2.3421265494867276,-0.0047470650478748135,0.0,0.0,8.00861440698645,0.07457886610990833,0.07457886610990833
1762150716.9566102,2.3406772923000614,9.661726019050455e-05,0.0,0.0,8.0074665376235,0.0795082475805861,0.0795082475805861
1762150716.993343,2.3456386435488885,0.005720652003893629,0.0,0.0,8.012916517181713,0.08478655541293315,0.08478655541293315
1762150717.018057,2.347688978276185,0.003941975228892525,0.0,0.0,8.014886161752697,0.08287229873268913,0.08287229873268913
1762150717.0413706,2.3515272006710863,0.0035673574350753136,0.0,0.0,8.018777746249393,0.08223394047151948,0.08223394047151948
1762150717.0642545,2.347373940088778,0.0026295453332194534,0.0,0.0,8.01447283175779,0.08158447312765575,0.08158447312765575
1762150717.1011298,2.3471841585691746,0.00129741950978973,0.0,0.0,8.014186208491827,0.08026840872765556,0.08026840872765556
1762150717.1242988,2.345091903409659,-0.0001865347522460935,0.0,0.0,8.011949232164504,0.07892997346975562,0.07892997346975562
1762150717.1422691,2.3487687030202933,0.000737350756901855,0.0,0.0,8.015763308745147,0.07960121251284058,0.07960121251284058
1762150717.1726487,2.350511068548445,0.0015395332163966407,0.0,0.0,8.017597097835722,0.08028143135128368,0.08028143135128368
1762150717.1983757,2.352243028929149,0.0007626466393080221,0.0,0.0,8.019308599915435,0.07938623314661147,0.07938623314661147
1762150717.2161858,2.3572190772631227,0.0029103234842919943,0.0,0.0,8.024539393676305,0.08117852879792833,0.08117852879792833
1762150717.2333717,2.3678625316208657,-0.00011409842480438887,0.0,0.0,8.03517100789029,0.07738991605796053,0.07738991605796053
1762150717.2534356,2.3731832093861156,0.0033653188627576413,0.0,0.0,8.04086318300714,0.08046146218254341,0.08046146218254341
1762150717.2727134,2.3705924705478654,0.007323056630162611,0.0,0.0,8.038523677188781,0.08460303372098055,0.08460303372098055
1762150717.298157,2.377190779625776,0.007713265629317713,0.0,0.0,8.045293659906827,0.08449119267099973,0.08449119267099973
1762150717.3232553,2.3751151578657463,0.002036532293518736,0.0,0.0,8.042730584957978,0.07898990076356001,0.07898990076356001
1762150717.3462844,2.373839484816523,0.0014473233371594387,0.0,0.0,8.041383983185966,0.07849929209949848,0.07849929209949848
1762150717.3659492,2.3656505808756783,-0.00020906877494289663,0.0,0.0,8.032909148111935,0.07745825196433155,0.07745825196433155
1762150717.3839865,2.357443850825266,0.0001182507133847681,0.0,0.0,8.024565760522357,0.07837754145910003,0.07837754145910003
1762150717.417529,2.3589449284907795,-0.0023031102400835504,0.0,0.0,8.025920362615883,0.07585536073321802,0.07585536073321802
1762150717.4342458,2.366119693178254,-0.0008447769124034173,0.0,0.0,8.03333954466402,0.07678980181308556,0.07678980181308556
1762150717.4704592,2.359003426331097,-0.000987057779792656,0.0,0.0,8.026076117817276,0.07716386603732833,0.07716386603732833
1762150717.497626,2.3641076951893045,-0.004656980130690844,0.0,0.0,8.031005022270431,0.07313508383562577,0.07313508383562577
1762150717.5190802,2.360548515685879,-0.0060555893378859684,0.0,0.0,8.027278754127071,0.07199763941153088,0.07199763941153088
1762150717.5368268,2.3589282475701876,-0.011752944761496737,0.0,0.0,8.025215283912404,0.06643080511459007,0.06643080511459007
1762150717.5936458,2.3523592058540497,-0.010302560897495818,0.0,0.0,8.01864156628847,0.06833973091385538,0.06833973091385538
1762150717.6137333,2.3542782674145135,-0.006745499284056797,0.0,0.0,8.020846605513107,0.07175428005184967,0.07175428005184967
1762150717.6382897,2.3608040299650206,-0.002684207333453829,0.0,0.0,8.02778648589148,0.07534192378077369,0.07534192378077369
1762150717.6624522,2.358309728827294,0.0025328090601599708,0.0,0.0,8.025625885069786,0.08072429466994716,0.08072429466994716
1762150717.6918821,2.357394574406683,0.0024628703733793195,0.0,0.0,8.024685925815513,0.0807197313980225,0.0807197313980225
1762150717.710884,2.357393655958605,-0.0031360790167096926,0.0,0.0,8.02427842967722,0.07513499954544091,0.07513499954544091
1762150717.7256327,2.3539385864956484,-0.007544624054366568,0.0,0.0,8.020443898367972,0.07098089161842012,0.07098089161842012
1762150717.7570174,2.356469842413923,-0.01290581800425653,0.0,0.0,8.022633594421249,0.06545513806147192,0.06545513806147192
1762150717.8464007,2.35651265964255,-0.0069151345847048365,0.0,0.0,8.023108250300917,0.07142784524705396,0.07142784524705396
1762150717.9404004,2.366992522822217,-0.006445336523366015,0.0,0.0,8.033807436181968,0.07114019979639608,0.07114019979639608
1762150717.9629738,2.36902999014138,-0.007973403699503783,0.0,0.0,8.035764808092813,0.06946570229101966,0.06946570229101966
1762150718.0041249,2.3704079297529064,-0.009292761614770047,0.0,0.0,8.03706581920109,0.06804751291461042,0.06804751291461042
1762150718.0310571,2.374958694144771,-0.012420099594262353,0.0,0.0,8.041450172307508,0.06458693050450115,0.06458693050450115
1762150718.0518727,2.3690978396256996,-0.008422357382960936,0.0,0.0,8.035799827828214,0.06901295180475958,0.06901295180475958
1762150718.0817657,2.3589879320136453,-0.0102158175228974,0.0,0.0,8.025387629381306,0.06795976769595269,0.06795976769595269
1762150718.1271343,2.3585137162309837,-0.00829624036404177,0.0,0.0,8.025044905288992,0.06990825711763916,0.06990825711763916
1762150718.1632905,2.3578700562595034,-0.01210815164365672,0.0,0.0,8.024113665292292,0.06615174140640713,0.06615174140640713
1762150718.1944935,2.356785477809617,-0.009755829477696718,0.0,0.0,8.023181017176515,0.0685749715965017,0.0685749715965017
1762150718.2324913,2.368531572765258,-0.007829150364286512,0.0,0.0,8.035268806999541,0.06964650385730106,0.06964650385730106
1762150718.2810824,2.3646195766881664,-0.012166337504970471,0.0,0.0,8.03096751432836,0.06560838934434364,0.06560838934434364
1762150718.3236287,2.3623440586240623,-0.010847797831659983,0.0,0.0,8.028752789883567,0.06708853827690235,0.06708853827690235
1762150718.346966,2.355461757058821,-0.01238667363850587,0.0,0.0,8.021646633443655,0.06604397181555448,0.06604397181555448
1762150718.3730671,2.3560823470788126,-0.006570893612589497,0.0,0.0,8.022695140116912,0.07180161496610656,0.07180161496610656
1762150718.3974972,2.3512969744307455,-0.004098501000007404,0.0,0.0,8.017999511467078,0.07460252317617266,0.07460252317617266
1762150718.4182181,2.3508711682729246,-0.005275649377947983,0.0,0.0,8.017482753053672,0.0734576605196337,0.0734576605196337
1762150718.4548619,2.3424448094848516,-0.0036818794989707357,0.0,0.0,8.00901118569422,0.07562043183059154,0.07562043183059154
1762150718.4968603,2.3440928448336176,-0.00633272947990391,0.0,0.0,8.010508244285916,0.07286510635055168,0.07286510635055168
1762150718.5281947,2.3459265844007056,-0.007022346452667255,0.0,0.0,8.012327334789601,0.07205335220201506,0.07205335220201506
1762150718.5542982,2.3516450903780144,-0.0052799313778903725,0.0,0.0,8.018270437299682,0.07339980746675037,0.07339980746675037
1762150718.591411,2.3454342017542382,-0.003146266520410748,0.0,0.0,8.01209366184756,0.07595386883508577,0.07595386883508577
1762150718.6147053,2.3512530554452873,-0.001460577680631623,0.0,0.0,8.01814141979889,0.077237149994674,0.077237149994674
1762150718.6398888,2.348646288451771,-0.00441927106681304,0.0,0.0,8.015277258333603,0.07446512941092256,0.07446512941092256
1762150718.6718066,2.354016012226446,-0.007325909881961497,0.0,0.0,8.020538283653094,0.07119365379736875,0.07119365379736875
1762150718.6981452,2.349771918561443,-0.011048859991808649,0.0,0.0,8.01595869940665,0.06777393129003059,0.06777393129003059
1762150718.721471,2.340613138410905,-0.01446271664837344,0.0,0.0,8.006417490782567,0.06498514050600936,0.06498514050600936
1762150718.7532015,2.345053206906336,-0.007501796206396981,0.0,0.0,8.011405430551859,0.0716340258380446,0.0716340258380446
1762150718.7793994,2.3403017070755783,-0.0004972126294065452,0.0,0.0,8.007043258793018,0.07894063645458371,0.07894063645458371
1762150718.8044226,2.340425061858253,0.0014753592577153591,0.0,0.0,8.007302776055303,0.080900688742935,0.080900688742935
1762150718.828885,2.3424744603829075,-0.00016599819977888836,0.0,0.0,8.009281474291985,0.07912646824044241,0.07912646824044241
1762150718.8612802,2.338473472297259,-0.004106443176223749,0.0,0.0,8.004936618768973,0.0754599013964491,0.0754599013964491
1762150718.880636,2.34316856992469,-0.0065783973629077105,0.0,0.0,8.009550535693904,0.07268199486507844,0.07268199486507844
1762150718.9088483,2.3346924897357,-0.0018034538205766151,0.0,0.0,8.001236782411713,0.07800448651089155,0.07800448651089155
1762150718.9952972,2.3355445151759,-0.002006635630586169,0.0,0.0,8.002091894513482,0.07774651417838116,0.07774651417838116
1762150719.0274324,2.340450364275113,0.0030469865075744146,0.0,0.0,8.007435255533215,0.08246717300943077,0.08246717300943077
1762150719.0515273,2.3503559312697737,0.0012445618294217393,0.0,0.0,8.017417993273495,0.07999789062765093,0.07999789062765093
1762150719.0757394,2.3543628753608825,0.0032753253063298234,0.0,0.0,8.021651057940286,0.08174447283125252,0.08174447283125252
1762150719.095973,2.3471640972421377,-0.00095228895814866,0.0,0.0,8.014008937863748,0.07802530578551206,0.07802530578551206
1762150719.1252217,2.354702021553655,-0.0016119883118536063,0.0,0.0,8.021645847420547,0.07684540882367598,0.07684540882367598
1762150719.1807368,2.3611593081713846,-0.0013298367076824099,0.0,0.0,8.028248189330036,0.07666718318313077,0.07666718318313077
1762150719.1977174,2.358486332991033,-0.0028413035078902167,0.0,0.0,8.025413889994065,0.075351276709694,0.075351276709694
1762150719.2289643,2.3524674755978463,-0.008438051769473,0.0,0.0,8.01888372434843,0.07019221223043723,0.07019221223043723
1762150719.2543137,2.3585373569011874,-0.005836077310621591,0.0,0.0,8.02524780623437,0.07236048532410984,0.07236048532410984
1762150719.2748456,2.3617125051189216,-0.007936739106814337,0.0,0.0,8.028324916611222,0.07003758957395133,0.07003758957395133
1762150719.3236725,2.3467193951705836,-0.0031070093767220992,0.0,0.0,8.013405842736484,0.07590586519853532,0.07590586519853532
1762150719.3638153,2.349736111909087,-0.002583786982660048,0.0,0.0,8.01651621514811,0.0762214189321913,0.0762214189321913
1762150719.3914154,2.3462315603160353,-0.0047170954805935425,0.0,0.0,8.01279725633602,0.07433263266311127,0.07433263266311127
1762150719.424863,2.3475635413909073,-0.004305019939679237,0.0,0.0,8.014182460336906,0.07465313977240143,0.07465313977240143
1762150719.4437718,2.352223746906749,0.003291744022562782,0.0,0.0,8.019469062498564,0.08191053162593831,0.08191053162593831
1762150719.4604783,2.3601434287759213,0.0028560203266289105,0.0,0.0,8.027520519411697,0.08091531872404141,0.08091531872404141
1762150719.4853938,2.3668987251436016,0.004668630715598348,0.0,0.0,8.034549750329212,0.08223081803674856,0.08223081803674856
1762150719.5031116,2.36625462395198,0.0013292814056940438,0.0,0.0,8.033640635644682,0.07894804503203455,0.07894804503203455
1762150719.5305543,2.362149858664742,0.0011605927206724432,0.0,0.0,8.029442039846504,0.07907951868237079,0.07907951868237079
1762150719.5527554,2.358051140529205,-0.002888997208152783,0.0,0.0,8.024966142935394,0.07533471245450846,0.07533471245450846
1762150719.5935378,2.3635389687336117,-0.002927654603605622,0.0,0.0,8.03055446089714,0.07490122551547003,0.07490122551547003
1762150719.6232984,2.3666491015291546,0.0024830266915330094,0.0,0.0,8.03412993560989,0.08006959454083272,0.08006959454083272
1762150719.6486921,2.368910182077532,0.0028276426049200915,0.0,0.0,8.036462638379986,0.08024580131807749,0.08024580131807749
1762150719.6793985,2.3646379364138403,0.0009261882617838133,0.0,0.0,8.03196180135857,0.0786646490503486,0.0786646490503486
1762150719.705251,2.361469484983007,-0.0034713296240458194,0.0,0.0,8.028406375508284,0.07450889659292279,0.07450889659292279
1762150719.7278104,2.3740023059059165,-0.0007454253648236039,0.0,0.0,8.041380057327734,0.07630050988529774,0.07630050988529774
1762150719.7757936,2.369141938288857,0.001804183180488002,0.0,0.0,8.036621105299155,0.07920793400355737,0.07920793400355737
1762150719.829196,2.3695150972544385,-0.0018996159731903821,0.0,0.0,8.036719528928007,0.07548663239997735,0.07548663239997735
1762150719.8541157,2.373703620005903,-0.0025128844736680028,0.0,0.0,8.04093902610117,0.07456073540082515,0.07456073540082515
1762150719.887599,2.3707832312507624,-0.00031130284233349425,0.0,0.0,8.038132939480965,0.0769758352297265,0.0769758352297265
1762150719.909643,2.3654216092936933,0.0007706979029893167,0.0,0.0,8.03274923120417,0.07845217829507159,0.07845217829507159
1762150719.9453878,2.3659825136566157,-0.0012667116905276845,0.0,0.0,8.033168049511914,0.07637908976011236,0.07637908976011236
1762150719.9673495,2.352573662254427,-0.0002042663930483994,0.0,0.0,8.019576911177428,0.078398635821932,0.078398635821932
1762150720.0005271,2.3502209190564174,-0.0034182378531273814,0.0,0.0,8.016951431447145,0.07535553960548941,0.07535553960548941
1762150720.026108,2.351421945802099,-0.004045193954503709,0.0,0.0,8.018130567288681,0.07464704343699405,0.07464704343699405
1762150720.0528991,2.348226519797536,-0.0017740682343169516,0.0,0.0,8.015034571847059,0.07713286980909868,0.07713286980909868
1762150720.0725772,2.353154010311394,0.00029371566944413414,0.0,0.0,8.02020419187415,0.07885490242022296,0.07885490242022296
1762150720.1007924,2.354540589401539,-0.00037779095212443124,0.0,0.0,8.02156989624491,0.07808789846716761,0.07808789846716761
1762150720.1249619,2.35225237258082,0.0005141946775905702,0.0,0.0,8.019300445794181,0.07913773357975884,0.07913773357975884
1762150720.1441154,2.347226353175569,0.0016514707985874702,0.0,0.0,8.01425395404565,0.08061875604128427,0.08061875604128427
1762150720.1704843,2.3474919106249237,1.9397257854905346e-05,0.0,0.0,8.01441093086175,0.07897236221573889,0.07897236221573889
1762150720.1873932,2.343555178680421,0.004075164458705062,0.0,0.0,8.010675104659365,0.08328559871535753,0.08328559871535753
1762150720.215291,2.3422553337200265,0.0022869100438603325,0.0,0.0,8.009225633192067,0.08158853919042496,0.08158853919042496
1762150720.2515824,2.3537236108699107,-0.0019364991171580087,0.0,0.0,8.020625482447356,0.07659031422773518,0.07659031422773518
1762150720.272625,2.359080817843804,-0.00852445381381298,0.0,0.0,8.02560512022765,0.06964019617667776,0.06964019617667776
1762150720.2971518,2.3559781997738187,-0.007382892171813826,0.0,0.0,8.022530735901524,0.0709989855381772,0.0709989855381772
1762150720.3237696,2.355314281260362,-0.008587378941407011,0.0,0.0,8.021768840923432,0.0698442355142188,0.0698442355142188
1762150720.3443017,2.359356490391559,-0.008056787161711166,0.0,0.0,8.025919586153456,0.07008698306337634,0.07008698306337634
1762150720.369318,2.3687186677283627,-0.007534359148554121,0.0,0.0,8.035481382893243,0.06992662400256805,0.06992662400256805
1762150720.3903306,2.3608114923710666,-0.006485550884222319,0.0,0.0,8.027514846317278,0.07154989115132795,0.07154989115132795
1762150720.426083,2.3540105309388335,-0.00365559729705275,0.0,0.0,8.0207948896047,0.07485534629302394,0.07485534629302394
1762150720.465671,2.352192911791446,-0.0037710704024667093,0.0,0.0,8.01893526391104,0.07486698989779211,0.07486698989779211
1762150720.4885619,2.3647768149256723,-0.008122607665980143,0.0,0.0,8.031427960586903,0.0696298882016985,0.0696298882016985
1762150720.509956,2.35935299368745,-0.00593038480004618,0.0,0.0,8.02607112383386,0.07220819688636729,0.07220819688636729
1762150720.5288663,2.3539802963458105,-0.006798228734509994,0.0,0.0,8.020539597901903,0.07172254069350609,0.07172254069350609
1762150720.5488448,2.3522807246014525,-0.004312794238284988,0.0,0.0,8.018986248226401,0.07432047139214881,0.07432047139214881
1762150720.5700617,2.351488226125918,-0.0059512508159551905,0.0,0.0,8.018063255995552,0.07274097537603505,0.07274097537603505
1762150720.5910513,2.351379821573855,-0.006060322035352896,0.0,0.0,8.017945195493553,0.07263967517097952,0.07263967517097952
1762150720.6107278,2.3557968722113753,-0.006665754654852803,0.0,0.0,8.022397789270014,0.07172712199325723,0.07172712199325723
1762150720.638225,2.3552162145131295,-0.000464067074090294,0.0,0.0,8.022252490406599,0.077954309020185,0.077954309020185
1762150720.66914,2.346751550335016,-0.002670565426743131,0.0,0.0,8.013468921911105,0.07633911144457954,0.07633911144457954
1762150720.697497,2.3449492598658965,-0.0018135457628240712,0.0,0.0,8.01169147100938,0.07731631994503396,0.07731631994503396
1762150720.7238777,2.3454824615478147,0.0011317857563838012,0.0,0.0,8.012438767912471,0.08021884082121403,0.08021884082121403
1762150720.744556,2.3534545109510066,0.0016316211127304484,0.0,0.0,8.020606325698546,0.0801685185957334,0.0801685185957334
1762150720.7714362,2.355698939456299,0.00017310718656940728,0.0,0.0,8.022790576185008,0.0785558584308389,0.0785558584308389
1762150720.8025322,2.352580253196041,-0.0015119287629082004,0.0,0.0,8.01949051370792,0.07709369342318784,0.07709369342318784
1762150720.8275764,2.348814909017794,-0.002510968617248304,0.0,0.0,8.015582629915619,0.07635738060848302,0.07635738060848302
1762150720.8514323,2.3484849447157785,-0.002532516743894196,0.0,0.0,8.015244884503423,0.07635850448804148,0.07635850448804148
1762150720.8733582,2.354856311739657,-0.003918635697053971,0.0,0.0,8.02163750932718,0.0745336214879457,0.0745336214879457
1762150720.9023187,2.3522617731504987,-0.0041704709618735295,0.0,0.0,8.018977050063105,0.07446376798940275,0.07446376798940275
1762150720.9255683,2.3499993019172027,-0.003823217613282886,0.0,0.0,8.01669716939069,0.07496680269976001,0.07496680269976001
1762150720.9528506,2.3504205774999267,-0.005581868357493606,0.0,0.0,8.017002406992958,0.07318329003011594,0.07318329003011594
1762150720.9918969,2.3501785453058415,-0.008115936457370371,0.0,0.0,8.016577884884658,0.07067193448913783,0.07067193448913783
1762150721.0322852,2.3507894602840005,-0.007398092776167924,0.0,0.0,8.017249970324754,0.07134593477552283,0.07134593477552283
1762150721.070943,2.349301549833881,-0.011973268112432328,0.0,0.0,8.015415966189494,0.06688398517968407,0.06688398517968407
1762150721.0936997,2.3451305364704607,-0.01224174540663144,0.0,0.0,8.011158327861523,0.06689964919265733,0.06689964919265733
1762150721.1126716,2.3456132965923353,-0.01029928248270875,0.0,0.0,8.01178263769994,0.06880510993996494,0.06880510993996494
1762150721.1417372,2.3466007446445127,-0.004522403567014829,0.0,0.0,8.013186745314854,0.07450181032806898,0.07450181032806898
1762150721.1759443,2.3561472614049137,-0.005745986952884173,0.0,0.0,8.022820612348264,0.07261988286308811,0.07261988286308811
1762150721.196669,2.3564108192658435,-0.006603516576137193,0.0,0.0,8.023027075803272,0.07174588077232424,0.07174588077232424
1762150721.2464929,2.3605923653406404,-0.003711394149361684,0.0,0.0,8.02749540632059,0.07433262304759153,0.07433262304759153
1762150721.2757185,2.3527286083157417,-0.003516499130007614,0.0,0.0,8.019499024288725,0.07508365799943009,0.07508365799943009
1762150721.2957666,2.354317840851682,-0.007555238519870906,0.0,0.0,8.02082901928927,0.07094375782052502,0.07094375782052502
1762150721.3199515,2.3568836945935696,-0.003125812872109613,0.0,0.0,8.023759690065825,0.07518141027381607,0.07518141027381607
1762150721.3411818,2.3605693555266702,-0.0009885134013417572,0.0,0.0,8.027672059600603,0.07705010833424973,0.07705010833424973
1762150721.3597093,2.354056435634399,-0.005128897705170687,0.0,0.0,8.020736320082214,0.07338244825300884,0.07338244825300884
1762150721.3801813,2.3488069705789987,-0.007262624327780691,0.0,0.0,8.015242060178773,0.0716174486327981,0.0716174486327981
1762150721.402873,2.355162316286542,-0.006436155406138489,0.0,0.0,8.021768474075515,0.07200081983504675,0.07200081983504675
1762150721.4654849,2.357884017957036,-0.006491014525267798,0.0,0.0,8.024534468966506,0.07175370633560678,0.07175370633560678
1762150721.5027184,2.3568205272037224,-0.005252877368267865,0.0,0.0,8.023541574052373,0.07306416137742298,0.07306416137742298
1762150721.524401,2.359127522780862,-0.006605895189417007,0.0,0.0,8.025792387637559,0.07155052482168058,0.07155052482168058
1762150721.5416706,2.3626281539310305,0.0006603276455352901,0.0,0.0,8.029892677858584,0.07854589635961719,0.07854589635961719
1762150721.5863485,2.3581708628545064,-0.0028212574061654205,0.0,0.0,8.025093969985559,0.07539375517846476,0.07539375517846476
1762150721.618178,2.3601655934182104,0.001397595251790402,0.0,0.0,8.027435857006598,0.07945907346773115,0.07945907346773115
1762150721.6390584,2.35712651622832,0.0006545997209908539,0.0,0.0,8.024281125732177,0.07893507872703184,0.07893507872703184
1762150721.6576781,2.3527696410619656,-0.005705435108949104,0.0,0.0,8.019385158964242,0.07289718155219004,0.07289718155219004
1762150721.675842,2.357634960767927,-0.006240481579277494,0.0,0.0,8.02429915279273,0.07202129882484173,0.07202129882484173
1762150721.7136252,2.355928251097188,-0.005427699211357327,0.0,0.0,8.022620582229248,0.07295283238775092,0.07295283238775092
1762150721.7430117,2.367469434209798,-0.0030946626292395587,0.0,0.0,8.034545245256913,0.07444657659864691,0.07444657659864691
1762150721.8469722,2.3671349069315584,-0.004456366805439546,0.0,0.0,8.034101976893554,0.07311327007066966,0.07311327007066966
1762150721.874393,2.367433514596618,-0.001708145090522331,0.0,0.0,8.034613299137654,0.07583195986815722,0.07583195986815722
1762150721.8937764,2.369322408709874,-0.006719643202654865,0.0,0.0,8.036157232380067,0.07069429030419853,0.07069429030419853
1762150721.9085133,2.3715753734869374,-0.004697714767720383,0.0,0.0,8.038603988471753,0.07254240246594212,0.07254240246594212
1762150722.0172906,2.361697811668053,-0.00900779333340139,0.0,0.0,8.028231195554689,0.06897038299725337,0.06897038299725337
1762150722.0469098,2.36130426464411,-0.007819672591196411,0.0,0.0,8.027918255927316,0.07018377137224531,0.07018377137224531
1762150722.077446,2.364360002630017,-0.012425459355916614,0.0,0.0,8.03068459602798,0.06536885661366278,0.06536885661366278
1762150722.1029513,2.3572717208876237,-0.01020451526672688,0.0,0.0,8.023643027811582,0.06809300397226505,0.06809300397226505
1762150722.2341228,2.358808952906817,-0.011325189193201884,0.0,0.0,8.02512511277101,0.06686597294439643,0.06686597294439643
1762150722.255427,2.3644256902750613,-0.011269388568783987,0.0,0.0,8.03083709273716,0.06651707804012341,0.06651707804012341
1762150722.278608,2.3667493282261574,-0.011417176141246932,0.0,0.0,8.033187172055735,0.06619971977784438,0.06619971977784438
1762150722.3108804,2.364555454860809,-0.007928785330641492,0.0,0.0,8.031217240430312,0.06983934328739129,0.06983934328739129
1762150722.3336694,2.3723509306320985,-0.004708946773033664,0.0,0.0,8.039392558146943,0.07247295825723121,0.07247295825723121
1762150722.3689654,2.3701733277553885,-0.0032390327484267435,0.0,0.0,8.037287965596182,0.07410187697435472,0.07410187697435472
1762150722.3943384,2.3626701112109485,0.0008941076318462534,0.0,0.0,8.029952811856282,0.07877601539964013,0.07877601539964013
1762150722.4177568,2.360954821945025,-0.0018453246107924264,0.0,0.0,8.02800184151867,0.07616777198608914,0.07616777198608914
1762150722.4450097,2.3654249334128075,-0.003333623237205154,0.0,0.0,8.032445069226547,0.0743586572651889,0.0743586572651889
1762150722.465361,2.365363972688009,-0.0018311320647563805,0.0,0.0,8.032495460128601,0.07586157633250225,0.07586157633250225
1762150722.4930236,2.359848278896434,-0.0008149826596383441,0.0,0.0,8.026949846229831,0.07727499248819333,0.07727499248819333
1762150722.5251467,2.364186884154177,0.0021260429430261588,0.0,0.0,8.031591491277458,0.07989425868195402,0.07989425868195402
1762150722.5639946,2.3628402085545717,0.003151161402866329,0.0,0.0,8.030294023689427,0.081014757103008,0.081014757103008
1762150722.584315,2.364520183526434,0.0027008027018041586,0.0,0.0,8.031974480847696,0.08044312302747231,0.08044312302747231
1762150722.6451678,2.3592288301342554,-0.0003246643677448846,0.0,0.0,8.02635432665739,0.07780843802526898,0.07780843802526898
1762150722.6718585,2.359284634179681,0.002813608464552903,0.0,0.0,8.026641141678057,0.0809346567673382,0.0809346567673382
1762150722.6979897,2.3552301372988755,0.0005455957954618861,0.0,0.0,8.022339386297723,0.07896048220070806,0.07896048220070806
1762150722.7285898,2.3438790225632262,-0.00047262496193086303,0.0,0.0,8.010692732740896,0.07872632607686121,0.07872632607686121
1762150722.7661066,2.3426106286260677,-0.006343861183971755,0.0,0.0,8.008998557372605,0.07295331930792501,0.07295331930792501
1762150722.8071234,2.341912648678813,-0.008237008356094646,0.0,0.0,8.008159400629767,0.07111093262079547,0.07111093262079547
1762150722.8325002,2.353725639433019,0.0013672825846322717,0.0,0.0,8.020863970954508,0.07988584424492944,0.07988584424492944
1762150722.8546696,2.350805486503761,0.0007975750361387302,0.0,0.0,8.017844927131142,0.07952088032389755,0.07952088032389755
1762150722.877279,2.359464217554642,-0.003028750660424842,0.0,0.0,8.026396367178348,0.07509443905508739,0.07509443905508739
1762150722.9060307,2.3533868118926926,0.004738502895365178,0.0,0.0,8.020759727048317,0.08327251713886295,0.08327251713886295
1762150722.936478,2.3615553005068053,0.0035756466889963648,0.0,0.0,8.029014342638641,0.08153126898568634,0.08153126898568634
1762150722.9612129,2.3553323856973987,0.00019469467610649008,0.0,0.0,8.022418373591515,0.07860324766742299,0.07860324766742299
1762150722.9862535,2.345371486093279,0.0010876723709373581,0.0,0.0,8.012322507254986,0.08018234460174507,0.08018234460174507
1762150723.0088515,2.3376053838633957,0.002389682574684489,0.0,0.0,8.004487143131664,0.08199899627800211,0.08199899627800211
1762150723.0295975,2.334530278347685,-0.000811492042409031,0.0,0.0,8.001136945594736,0.07900486283048784,0.07900486283048784
1762150723.0496933,2.335142845302435,-0.0023874225458419517,0.0,0.0,8.001657232811217,0.07739258327436688,0.07739258327436688
1762150723.075329,2.3332100717439457,-0.0015947939676906615,0.0,0.0,7.999739225053199,0.07830831165930349,0.07830831165930349
1762150723.1027312,2.336903906528889,-0.00035005800603893746,0.0,0.0,8.003588161422618,0.07931104290467367,0.07931104290467367
1762150723.1283925,2.3381316889556576,0.0020226904151067946,0.0,0.0,8.004999616521427,0.08159824742634798,0.08159824742634798
1762150723.2587147,2.343951259510561,-0.004042811068079737,0.0,0.0,8.010521150068989,0.07515936279792708,0.07515936279792708
1762150723.2756863,2.3453149586069255,-0.0071799226999543116,0.0,0.0,8.011693975718927,0.07193749748251843,0.07193749748251843
1762150723.299026,2.34673536077152,-0.010223585705437023,0.0,0.0,8.012928838977906,0.06880464810935732,0.06880464810935732
1762150723.4528456,2.3414964349022953,-0.01316327930375664,0.0,0.0,8.00740250640229,0.06622322184633572,0.06622322184633572
1762150723.4773545,2.341374105900134,-0.01336043215945732,0.0,0.0,8.007264887596865,0.06603461964795039,0.06603461964795039
1762150723.512999,2.3453216795937903,-0.012206845809201382,0.0,0.0,8.011354986816315,0.0669215828674045,0.0669215828674045
1762150723.5276082,2.3400675241143856,-0.01031786487167337,0.0,0.0,8.006141841847926,0.06915698196203252,0.06915698196203252
1762150723.5455322,2.343754841370137,-0.004068641701970358,0.0,0.0,8.010319295228781,0.0751467877920872,0.0751467877920872
1762150723.636363,2.328208338914865,0.0023911488732538235,0.0,0.0,7.994896114225912,0.08260444996194195,0.08260444996194195
1762150723.6543972,2.3295021870660557,0.0018983402363530156,0.0,0.0,7.9961848367450985,0.08203091457985791,0.08203091457985791
1762150723.8470204,2.3506518526285043,-0.002547949585361287,0.0,0.0,8.017451850781688,0.07619399574214904,0.07619399574214904
1762150723.8793445,2.3602414639033964,-0.005716992188357349,0.0,0.0,8.026991047357729,0.0723574063432135,0.0723574063432135
1762150723.9015362,2.365691950652114,-0.0032912936954532686,0.0,0.0,8.032720180068587,0.07438129904870398,0.07438129904870398
1762150723.9212546,2.3658744279254167,-0.00628125177855235,0.0,0.0,8.032682039835143,0.0713860100022226,0.0713860100022226
1762150724.0215142,2.3538702120461945,-0.008662775474440002,0.0,0.0,8.02029461752876,0.06987025748519918,0.06987025748519918
1762150724.0407772,2.350177365207026,-0.00789790752217093,0.0,0.0,8.016591998518564,0.07088952690248637,0.07088952690248637
1762150724.0689783,2.3434324889298113,-0.0032044063770175772,0.0,0.0,8.010050120514148,0.07603071187872618,0.07603071187872618
1762150724.0907717,2.344955005313932,-0.0030139127501782152,0.0,0.0,8.011614537011782,0.0761183048519738,0.0761183048519738
1762150724.1190023,2.347266384034637,0.0003306570893939495,0.0,0.0,8.014202652588244,0.0792982891116995,0.0792982891116995
1762150724.1414883,2.346689193862727,-0.0008810908025705574,0.0,0.0,8.013529729635827,0.07812868234643591,0.07812868234643591
1762150724.1631415,2.353817229813191,0.0010216955263920892,0.0,0.0,8.020932635694573,0.0795346891580973,0.0795346891580973
1762150724.1819067,2.357369553197576,0.003899725995883082,0.0,0.0,8.024764929221067,0.08215472782196336,0.08215472782196336
1762150724.2121358,2.363164740697048,0.003153817530757128,0.0,0.0,8.030625363379297,0.08099380806334841,0.08099380806334841
1762150724.2323048,2.3647796126518594,0.00018617238850483322,0.0,0.0,8.03205089417919,0.07791625253643536,0.07791625253643536
1762150724.2518156,2.352193109624264,-0.002954808668516922,0.0,0.0,8.018993418727867,0.07568126224812394,0.07568126224812394
1762150724.284417,2.3567309916894197,0.0007927584710842372,0.0,0.0,8.023887795439746,0.07910095018571621,0.07910095018571621
1762150724.3074427,2.3510934923511315,-0.004972706351178278,0.0,0.0,8.017730510924135,0.07374450242630422,0.07374450242630422
1762150724.3298075,2.3492202637311363,-0.009274518999720788,0.0,0.0,8.015521902532385,0.06958195585073408,0.06958195585073408
1762150724.3593462,2.3561753067840896,-0.004279205167645731,0.0,0.0,8.022954876185114,0.07408102261340573,0.07408102261340573
1762150724.3868587,2.3599048000223366,-0.001882238606319546,0.0,0.0,8.026929190629678,0.07620643157138175,0.07620643157138175
1762150724.4277673,2.3541368583703113,-0.000200236607077312,0.0,0.0,8.021171012311317,0.07829335514931977,0.07829335514931977
1762150724.448699,2.3541767270419185,-0.0017318146520760925,0.0,0.0,8.02110190400729,0.0767627521740418,0.0767627521740418
1762150724.4746072,2.3610222441499804,0.0002493360349702423,0.0,0.0,8.028224877522145,0.0782521282171848,0.0782521282171848
1762150724.511347,2.3598080208883503,-0.0036032461823969687,0.0,0.0,8.026704515606532,0.07449679305296132,0.07449679305296132
1762150724.531482,2.3616715917078706,-0.002096895188232802,0.0,0.0,8.028713627473127,0.07586515603792993,0.07586515603792993
1762150724.5515137,2.3631637090110416,0.00010350282883499512,0.0,0.0,8.03039735498944,0.077951646357168,0.077951646357168
1762150724.6015818,2.359186773797737,0.0047719378481769605,0.0,0.0,8.026684924264718,0.08289496420258019,0.08289496420258019
1762150724.6247723,2.356755622792707,0.001025091603874513,0.0,0.0,8.02392975406773,0.07933095240118636,0.07933095240118636
1762150724.6605465,2.353334552707938,0.006444900365732637,0.0,0.0,8.020828692931376,0.0849783844399189,0.0849783844399189
1762150724.6770244,2.354627348543284,0.009497480569794612,0.0,0.0,8.022369524107422,0.08793259027841718,0.08793259027841718
1762150724.707471,2.347730518876828,0.012241880432808891,0.0,0.0,8.015510996322812,0.09114986426358253,0.09114986426358253
1762150724.7458844,2.343664491346344,0.012386169088602406,0.0,0.0,8.01136027586733,0.09157036837029106,0.09157036837029106
1762150724.7745924,2.340472048187759,0.01329131248757376,0.0,0.0,8.008155012452418,0.09268739920634826,0.09268739920634826
1762150724.7923477,2.3440524774601323,0.007073586016535816,0.0,0.0,8.011389787959898,0.08624371420004658,0.08624371420004658
1762150724.819556,2.3400426738945193,0.008479255909107898,0.0,0.0,8.007387880687398,0.0879145230547544,0.0879145230547544
1762150724.8554711,2.340312232706433,0.003285280692855956,0.0,0.0,8.007310431559427,0.08271410814196943,0.08271410814196943
1762150724.8845136,2.3533805762236515,0.0028730955164325504,0.0,0.0,8.02061974844283,0.08141212325253215,0.08141212325253215
1762150724.9022841,2.354577086788692,0.002818801294127982,0.0,0.0,8.021836832430004,0.08127401940051936,0.08127401940051936
1762150724.923862,2.3569086478098105,0.0018877430455634051,0.0,0.0,8.02414840298163,0.0801805762966563,0.0801805762966563
1762150725.0339334,2.33940183618024,-0.0003778955422540432,0.0,0.0,8.006133679379008,0.07911921399353089,0.07911921399353089
1762150725.0486577,2.336632530337496,-0.0025082140029275553,0.0,0.0,8.00316756677001,0.07717520248316437,0.07717520248316437
1762150725.0730329,2.330147562728304,-0.0004054075032923771,0.0,0.0,7.99669396501942,0.07969088705122702,0.07969088705122702
1762150725.1011987,2.3445837312294255,-0.003256848905603792,0.0,0.0,8.011219508529422,0.07590096904370121,0.07590096904370121
1762150725.1276078,2.346129239913557,-0.0032652104798985325,0.0,0.0,8.012793584496395,0.07578811424373619,0.07578811424373619
1762150725.1477306,2.346926726777945,-0.0040240445360117455,0.0,0.0,8.01355336545388,0.07497685029251062,0.07497685029251062
1762150725.1818194,2.348037973047449,-0.007130895251992691,0.0,0.0,8.01446865660682,0.07180147138649376,0.07180147138649376
1762150725.212751,2.3555803661730823,-0.00917462682679877,0.0,0.0,8.021997354249335,0.06923972634010232,0.06923972634010232
1762150725.229585,2.348683214492993,0.002832111759368333,0.0,0.0,8.015823163086093,0.08169689970950444,0.08169689970950444
1762150725.2599652,2.3482316383081807,0.0028319403972933204,0.0,0.0,8.015362298233542,0.0817277095710412,0.0817277095710412
1762150725.298871,2.3398349069083983,-0.0011941642826155455,0.0,0.0,8.006520150366773,0.07827611446924858,0.07827611446924858
1762150725.3135955,2.3370265817592757,-0.001162988615672581,0.0,0.0,8.003658976589042,0.07849183396068067,0.07849183396068067
1762150725.3388739,2.344137451594923,0.001183890925167271,0.0,0.0,8.011070288189533,0.08036168822365047,0.08036168822365047
1762150725.362975,2.34565739993127,0.0019312050450843454,0.0,0.0,8.01267264171372,0.0810045658385132,0.0810045658385132
1762150725.380874,2.347496910371659,-0.003897300703577459,0.0,0.0,8.014142984266439,0.07506445446998683,0.07506445446998683
1762150725.3994584,2.3479495506636785,-0.005917254675077539,0.0,0.0,8.014463214833478,0.0730183171363846,0.0730183171363846
1762150725.4174125,2.3547357860899196,-0.008637002953217046,0.0,0.0,8.021176874908596,0.06983535843005849,0.06983535843005849
1762150725.443153,2.355930093163513,-0.008135221084842372,0.0,0.0,8.022427702396223,0.07025192031904919,0.07025192031904919
1762150725.4574144,2.3499015000825922,-0.01157783250030031,0.0,0.0,8.016053381823,0.06723730449266527,0.06723730449266527
1762150725.4753232,2.356719316072477,-0.007035808696931633,0.0,0.0,8.023309836566115,0.07129286174174798,0.07129286174174798
1762150725.4961038,2.352455789368141,-0.004440760348712311,0.0,0.0,8.019155449134242,0.07418063738214958,0.07418063738214958
1762150725.5525253,2.3435176926539034,-0.005222943935953192,0.0,0.0,8.00999867851111,0.07401100548315863,0.07401100548315863
1762150725.5841274,2.345314186924191,-0.006555677735635689,0.0,0.0,8.011736201812356,0.07256036899859183,0.07256036899859183
1762150725.6031964,2.3426559109616156,-0.004514394588745946,0.0,0.0,8.009169431157613,0.07477567055704536,0.07477567055704536
1762150725.621896,2.3498635077744345,-0.0035681883904386115,0.0,0.0,8.016576781115544,0.07523058121912077,0.07523058121912077
1762150725.6513052,2.3465857454474004,-0.005465070338790609,0.0,0.0,8.013106109195542,0.07356234034319707,0.07356234034319707
1762150725.692232,2.345516914650298,-0.000596473180772527,0.0,0.0,8.012354259177377,0.07849221699534739,0.07849221699534739
1762150725.7073307,2.343354627360016,-0.0012148429514533404,0.0,0.0,8.010107118898093,0.07802101605446178,0.07802101605446178
1762150725.7472756,2.3477459524111897,-0.006819444320305914,0.0,0.0,8.014193137416372,0.07213212915524934,0.07213212915524934
1762150725.844563,2.3434553244721235,-0.00045606072970749153,0.0,0.0,8.01026183298659,0.0787713275729187,0.0787713275729187
1762150725.8638432,2.341913379972408,0.00027537823177313254,0.0,0.0,8.008739391509687,0.07960434150600604,0.07960434150600604
1762150725.89714,2.3413166581787976,0.002986616747676101,0.0,0.0,8.008315389671846,0.08234933242905773,0.08234933242905773
1762150725.9172559,2.3359031958489864,0.0028119659529846778,0.0,0.0,8.002778011104107,0.08253160044824544,0.08253160044824544
1762150725.9322948,2.340295271689563,0.0017777306120563578,0.0,0.0,8.007190853785069,0.08121100252236511,0.08121100252236511
1762150725.9708822,2.3452544943591844,-0.00131647990733199,0.0,0.0,8.01203693017218,0.07779162022821123,0.07779162022821123
1762150725.988262,2.3463976498732793,-0.0007612082652879436,0.0,0.0,8.013240821305518,0.0782681125768858,0.0782681125768858
1762150726.0168014,2.3543505317665576,0.0002793007629460976,0.0,0.0,8.021423275713845,0.07875671557946097,0.07875671557946097
1762150726.0522482,2.353094914018089,0.0028207754728252934,0.0,0.0,8.02032449703598,0.0813799129387109,0.0813799129387109
1762150726.0789344,2.349823363970276,0.0012030052158589907,0.0,0.0,8.016871812772516,0.07999319749985513,0.07999319749985513
1762150726.119102,2.345592510608965,-0.0030295090791575196,0.0,0.0,8.012263031754156,0.07605964583736714,0.07605964583736714
1762150726.147253,2.3458513723336467,-0.006009518527899513,0.0,0.0,8.012320739063831,0.07306894834162539,0.07306894834162539
1762150726.1854246,2.3507811699040833,-0.0038388530608328545,0.0,0.0,8.017492480743359,0.07489724115191258,0.07489724115191258
1762150726.290768,2.339266745852421,-0.0019462349640321213,0.0,0.0,8.00589020531646,0.07756320720756958,0.07756320720756958
1762150726.4636827,2.35299929888538,-0.011821718220591462,0.0,0.0,8.019184613556275,0.06677975052225169,0.06677975052225169
1762150726.4962194,2.3533936563847275,-0.011077707706079324,0.0,0.0,8.019638225559095,0.06749448455121317,0.06749448455121317
1762150726.5191035,2.354756089771147,-0.008769796936114004,0.0,0.0,8.021188029508211,0.06970146735199677,0.06970146735199677
1762150726.6286933,2.3480397608889816,-0.0076150471890299365,0.0,0.0,8.014436751957758,0.07131832770443791,0.07131832770443791
1762150726.649193,2.3585610486775495,-0.005683629928692319,0.0,0.0,8.025283013586714,0.07251085644148551,0.07251085644148551
1762150726.8607934,2.345243702330012,0.0006517426391699769,0.0,0.0,8.012161998013351,0.0797560640459553,0.0797560640459553
1762150726.8815198,2.3553250917845205,0.0009874858349424615,0.0,0.0,8.022468061429436,0.079394580786847,0.079394580786847
1762150726.9026785,2.3573670578698978,-0.0038721867981358423,0.0,0.0,8.02419798467633,0.0744026370177745,0.0744026370177745
1762150726.9213738,2.3578318728346916,-0.003423512703126612,0.0,0.0,8.024703950693,0.07481715344372009,0.07481715344372009
1762150726.9500592,2.3535033937404,-0.0025938558052026888,0.0,0.0,8.020354115945596,0.07594997275865872,0.07594997275865872
1762150726.9739416,2.3510173079930934,-0.005923023362771456,0.0,0.0,8.01758586196397,0.07280173168790145,0.07280173168790145
1762150726.992636,2.3503782473274315,-0.00022740195819542677,0.0,0.0,8.017336788238111,0.0785279028774867,0.0785279028774867
1762150727.0178647,2.3503549262527526,0.0016210628732009926,0.0,0.0,8.017443572615523,0.08037356090888596,0.08037356090888596
1762150727.0350027,2.3521311429080503,0.003181879158504645,0.0,0.0,8.019366722631913,0.08180738421505102,0.08180738421505102
1762150727.0643394,2.3470973963330417,-0.0001215893362057786,0.0,0.0,8.013998798662842,0.07885861996998013,0.07885861996998013
1762150727.0999377,2.3564152247669625,0.0033447358619502258,0.0,0.0,8.023750611736231,0.08166888952663341,0.08166888952663341
1762150727.1402252,2.35184838192297,0.0009029682935659426,0.0,0.0,8.018916076728782,0.07955367178560793,0.07955367178560793
1762150727.1625445,2.345333921414749,0.003719018361978552,0.0,0.0,8.012466446753772,0.08281019253898775,0.08281019253898775
1762150727.2030632,2.342883502610417,0.0025768431583148626,0.0,0.0,8.009886548607579,0.08183576351794405,0.08183576351794405
1762150727.2444875,2.3477436526631346,0.003948017709306729,0.0,0.0,8.01494240040833,0.08287458624251759,0.08287458624251759
1762150727.2673762,2.3545946750540594,0.006947177217533762,0.0,0.0,8.022152103170676,0.08539092374969524,0.08539092374969524
1762150727.2853923,2.354335790604591,0.0019444359675450278,0.0,0.0,8.021527787977474,0.0804187750530854,0.0804187750530854
1762150727.470297,2.3488627591255082,-0.004054183377044197,0.0,0.0,8.015523287162518,0.07481451847761125,0.07481451847761125
1762150727.6417267,2.331854295036579,-0.0025466203848609624,0.0,0.0,7.998294827094896,0.07744533541124396,0.07744533541124396
1762150727.6812031,2.3409809964606176,-0.003586289619120297,0.0,0.0,8.007526331381053,0.07581330307693741,0.07581330307693741
1762150727.9639173,-192.68217908487975,84.204533944682,0.24534001499084368,0.0,22.616594128146986,-115.50939743521701,115.50939743521701
1762150728.1882923,-236.12855384031158,105.89922357151846,0.34035400086207784,0.0,6.068439514247151,91.64148052050288,91.64148052050288
1762150728.3026714,-215.02905082733653,90.71170179898418,0.3014171852035232,0.0,4.935169985032479,80.1038593988585,80.1038593988585
1762150728.3161168,-313.3572646870405,134.06252717209702,0.6148401534974484,0.0,5.418790420708971,114.12416169519176,114.12416169519176
1762150728.3402,-422.4603265013117,178.16153720486892,0.9616055845868665,0.0,12.051372665548609,412.02098736791737,412.02098736791737
1762150728.399979,-434.9750956019038,186.02654898012943,1.0825537263549911,0.0,13.621369334163386,-92.72304863234659,92.72304863234659
1762150728.4189916,-445.19565083912113,184.56464561382174,1.1433024746614273,0.0,21.096283570311222,-55.613220267185994,55.613220267185994
1762150728.4450521,-463.4825276751918,194.45282425492852,1.2378620012189698,0.0,24.583753874771624,-489.43386756250754,489.43386756250754
1762150728.4709637,-438.7846146058292,178.77132096920275,1.1210111310597184,0.0,21.677604951844025,-81.20981100674236,81.20981100674236
1762150728.5087662,-472.8519711107837,180.4231868932496,1.2912877540640157,0.0,5.578677982258773,149.64224343165674,149.64224343165674
1762150728.5276208,-460.4840399598104,196.85806504511453,1.2735443547101624,0.0,20.905274872126235,-71.96960526023665,71.96960526023665
1762150728.5443914,-469.80284512631187,220.3266234885253,1.419467502825838,0.0,8.175643964778292,273.4822590134654,273.4822590134654
1762150728.5697627,-455.5108168244735,222.69338827962181,1.4281287671165903,0.0,6.230916614450804,197.44448768504134,197.44448768504134
1762150728.5943515,-467.7092405789106,224.02262524949518,1.5024653757593556,0.0,3.9769166006385372,233.55467297043725,233.55467297043725
1762150728.6138623,-468.61393044570076,231.15311874329882,1.5634714931502025,0.0,8.816470052183472,346.9936278525455,346.9936278525455
1762150728.6424706,-469.7708259976242,250.68528666734952,1.6150257514634472,0.0,21.574552260465317,-122.14104612090074,122.14104612090074
1762150728.659492,-471.4161132875903,250.74460505320368,1.6832046957654176,0.0,22.6399430531933,-335.1529002028554,335.1529002028554
1762150728.680917,-470.70027618833524,266.8653142004519,1.7414254775159685,0.0,10.184296839744864,514.6431153673414,514.6431153673414
1762150728.747089,-471.042553780685,272.47072687326664,1.8363866713828507,0.0,6.275021234073682,247.1000254216117,247.1000254216117
1762150728.789123,-476.70032655108133,274.24986158734885,1.9442999498562188,0.0,8.77528937565788,394.26558854597164,394.26558854597164
1762150728.8395734,-471.933060414917,288.9244557485403,1.9830949426451399,0.0,5.151895855653278,261.6534064156224,261.6534064156224
1762150728.905521,-482.94692253795415,268.0102480331455,2.0200184530900653,0.0,17.66165330931677,-306.3025298239864,306.3025298239864
1762150728.9353054,-483.4376259844524,270.22459186141725,2.0115798759665475,0.0,16.35700713346032,-292.43141810123956,292.43141810123956
1762150728.959338,-478.5697944870565,270.65768581961987,2.023780366556465,0.0,12.755391942008895,144.42269921716505,144.42269921716505
1762150728.986652,-468.49240824909054,271.43311287058435,1.991769400560642,0.0,5.322149496747249,242.29948975950694,242.29948975950694
1762150729.0172153,-483.91488266479155,266.19812393376714,1.999694546717509,0.0,19.652615290655895,-214.62278499676157,214.62278499676157
1762150729.0438573,-473.0822544470676,265.3248832796492,1.967593381434438,0.0,12.99454661429159,39.261279184198855,39.261279184198855
1762150729.064137,-454.99386346640273,260.5723449399496,1.9526820081787997,0.0,4.243359492010432,258.66839954826645,258.66839954826645
1762150729.1015513,-452.20809385051956,250.61088923974327,1.9615445289429976,0.0,9.722581065034976,440.0408867927199,440.0408867927199
1762150729.1261399,-446.69553830043907,253.4533277255423,1.895373299320468,0.0,3.9068264478445425,265.5686625353817,265.5686625353817
1762150729.173587,-449.9246648252125,247.7118435169336,1.9585964654274863,0.0,10.324331943717258,495.45771218662816,495.45771218662816
1762150729.2015817,-444.7849457458073,247.2848844643763,1.9508356991696763,0.0,7.174633855433688,220.18000555605508,220.18000555605508
1762150729.222636,-446.45084038708706,254.50987675894882,1.9085393860474698,0.0,2.961515890561804,292.21069872589203,292.21069872589203
1762150729.2431526,-430.1184206881195,259.4492724372898,1.9090145581255347,0.0,21.654942739176512,-156.50499984713377,156.50499984713377
1762150729.2756643,-433.4923878015143,256.02902898809833,1.9271552327182515,0.0,0.0529500350122144,-35.39732859516772,35.39732859516772
1762150729.2913527,-437.72328788232767,253.3212027786585,1.8866862531303226,0.0,24.293077446406528,-497.86497632937636,497.86497632937636
1762150729.3128824,-435.80566136220796,259.6745111235201,1.8870110244948084,0.0,25.547152287339806,-214.63160853537033,214.63160853537033
1762150729.3333495,-444.53437736937,264.91682210951984,1.877769440690989,0.0,1.9051503878115863,296.68799327922534,296.68799327922534
1762150729.3688471,-453.2081726709818,268.4453246721711,1.868927130334652,0.0,5.744089197567616,238.73976343630767,238.73976343630767
1762150729.4014409,-450.05220083693774,277.47788627487097,1.83185229425178,0.0,23.629116226598434,-488.21760302434046,488.21760302434046
1762150729.4438431,-455.38872207086314,268.4203646042439,1.8131827670220162,0.0,7.338818237654591,244.49161009062368,244.49161009062368
1762150729.4593914,-461.1202131720535,260.36953099599003,1.793889520621909,0.0,8.523349362490197,358.3694953131333,358.3694953131333
1762150729.4923642,-456.56744112865255,253.79916869099765,1.7899805273321903,0.0,10.306728929697247,503.3784474717851,503.3784474717851
1762150729.5253446,-459.47546731635964,258.52467333573827,1.778500227405126,0.0,8.777081744079172,374.3558377157377,374.3558377157377
1762150729.7625015,-446.34576970547755,275.54895248446167,1.5842074720278032,0.0,22.279446283662686,-306.95705330652066,306.95705330652066
1762150729.8889978,-450.33530772391856,279.22120086189824,1.533950728466861,0.0,22.63036515866137,-357.71909877119737,357.71909877119737
1762150730.1465545,-462.2204969628015,311.66031121159085,1.435290974453558,0.0,8.766377075756797,426.71434294335404,426.71434294335404
1762150730.2617998,-448.4177009673887,304.856621274327,1.401882157166104,0.0,3.478060565579659,333.3681183636874,333.3681183636874
1762150730.2755935,-446.4885770544298,319.40833228397923,1.3992729981858318,0.0,0.292311363833745,70.85954424382436,70.85954424382436
1762150730.29196,-450.90510811607794,322.91759882022916,1.3955353420341543,0.0,1.4275960201517375,311.65382625525194,311.65382625525194
1762150730.3166194,-447.4356812465159,326.1526100583885,1.389900321610178,0.0,23.09493565177653,-462.2616339350433,462.2616339350433
1762150730.3423629,-437.13776110505194,324.42739188062825,1.3843250270866876,0.0,16.304106826482816,-349.0904983548699,349.0904983548699
1762150730.3656187,-447.1997310475207,315.3613524823661,1.3825849491007014,0.0,3.434731226636826,345.06089645250023,345.06089645250023
1762150730.3868384,-455.0404149519144,307.9621644199796,1.385617452358554,0.0,6.125170587696919,281.0301404841411,281.0301404841411
1762150730.4045634,-446.86407497835944,300.37423262944935,1.3949322979767413,0.0,5.448688605630457,271.54580352862405,271.54580352862405
1762150730.441015,-453.30597896488575,304.89245305534325,1.39856956995231,0.0,6.989699210932661,276.95118773812163,276.95118773812163
1762150730.4614816,-463.0550007280458,296.02377330115814,1.3830618654991713,0.0,20.232021739008907,-232.7785846135902,232.7785846135902
1762150730.5023532,-465.2288564914243,293.2612428845047,1.389526413760416,0.0,23.711891662603485,-519.0175770114436,519.0175770114436
1762150730.5293837,-459.0918993933212,286.7706041758084,1.3929804765054197,0.0,23.75322406441513,-514.226238776921,514.226238776921
1762150730.5642164,-454.1617481642552,301.17001747496016,1.3866997719851029,0.0,10.178718594285844,528.9931504057736,528.9931504057736
1762150730.620922,-448.1971042982848,307.84440774341374,1.3827800746006411,0.0,1.255742766434258,270.45024037143446,270.45024037143446
1762150730.636765,-439.23513619312706,313.2701650002677,1.381923038088529,0.0,25.005760758875773,-407.9598298550637,407.9598298550637
1762150730.6669385,-439.1944642240336,322.8211665754609,1.3886938387799068,0.0,18.912220234764767,-304.3639212777151,304.3639212777151
1762150730.716477,-437.9490694190102,316.16467520664884,1.3726734395462876,0.0,22.22863796600317,-334.97307393829317,334.97307393829317
1762150730.7614598,-424.9869107743905,305.476657140859,1.350988904983572,0.0,19.146044605867054,-278.7087886422973,278.7087886422973
1762150730.798357,-424.2592689099564,302.20352408638007,1.35393352015757,0.0,20.68840040601132,-211.94122113893314,211.94122113893314
1762150730.8437006,-419.2210034840201,298.9355662615092,1.3457001981840258,0.0,18.9214291909693,-280.86943125315895,280.86943125315895
1762150730.8622627,-423.8409835602461,301.6525767714654,1.3351069732543184,0.0,20.72114981038326,-206.14611996285043,206.14611996285043
1762150730.8962665,-419.829361417141,310.656733898196,1.3333607477329261,0.0,11.866364910496184,430.39174915468095,430.39174915468095
1762150730.978599,-426.0515038968401,310.7985309549106,1.333358749922326,0.0,16.547405285969866,-347.16902870842307,347.16902870842307
1762150731.0129387,-419.85345413992394,315.7480598676008,1.3211785495784107,0.0,8.550999441482166,405.114092469899,405.114092469899
1762150731.063281,-421.8816186268335,312.88262466208886,1.330725817329323,0.0,12.01194496120051,408.74689800030103,408.74689800030103
1762150731.0833445,-417.1981963088436,317.9484141475012,1.325118562505676,0.0,5.102567164481661,294.4229494460493,294.4229494460493
1762150731.1053236,-410.7054717399168,330.86595168160807,1.3164779963157327,0.0,18.237792015181228,-337.3280156049856,337.3280156049856
1762150731.1365957,-403.65901500879437,332.56392553468635,1.3205665985851494,0.0,11.743941678428644,428.781434039445,428.781434039445
1762150731.1706443,-407.182699543664,316.38062746224574,1.322310501080573,0.0,24.764796436226334,-430.3242578622528,430.3242578622528
1762150731.2100878,-392.02591454592107,313.8204633723471,1.3159210255512044,0.0,14.849954734384387,-398.811016643833,398.811016643833
1762150731.2406836,-388.15980897001685,317.50463129244423,1.3134907824503936,0.0,9.45401922693615,412.8501137347199,412.8501137347199
1762150731.2606037,-381.37010935317005,309.7010498086104,1.3222984679587333,0.0,9.254370885340062,376.6732528876452,376.6732528876452
1762150731.2802925,-385.88662565415365,314.8401845900203,1.3256879924330955,0.0,9.420428877069877,403.7529182662175,403.7529182662175
1762150731.3096561,-376.9825667179729,322.37477176243044,1.3223656971247024,0.0,1.029350920096709,253.7120183764892,253.7120183764892
1762150731.3311064,-380.022304929071,305.1503723425187,1.316248420161776,0.0,11.207582013869843,471.0242857953868,471.0242857953868
1762150731.3574116,-389.7269655934323,303.6770224350803,1.3099431330987517,0.0,19.595980972136445,-263.1009127081683,263.1009127081683
1762150731.4858532,-408.4434919611457,317.9236236485062,1.3025866524357677,0.0,24.741590675542056,-436.3645701904028,436.3645701904028
1762150731.694743,-437.8239145371777,313.5126897957644,1.2909129435501043,0.0,23.834468108087016,-525.3598039474374,525.3598039474374
1762150731.828002,-422.3919279201122,337.72402625420034,1.2969655437422862,0.0,22.799722707041383,-428.9197292980027,428.9197292980027
1762150732.1233435,-413.87192605635033,347.278956158194,1.29250892359539,0.0,16.01628753446276,-422.95476769845317,422.95476769845317
1762150732.238389,-404.01771258212466,330.5540640296925,1.2945741763600753,0.0,13.308799380660464,-144.24704564219078,144.24704564219078
1762150732.2614195,-386.0887220321964,336.8466370070516,1.2956310921136573,0.0,26.11123425081388,19.546127331774898,19.546127331774898
1762150732.2801301,-391.0515506753183,344.4828730947351,1.3021350546662689,0.0,25.575786243297955,-118.28894102613546,118.28894102613546
1762150732.3016613,-398.9819600127497,342.6695975384436,1.3010490613463777,0.0,6.6980057360723375,323.8236758854381,323.8236758854381
1762150732.3246057,-404.28187590661815,346.9911971806471,1.297709483449832,0.0,8.400440888381727,417.9445168526972,417.9445168526972
1762150732.3493254,-416.4152481589933,333.37316244195705,1.2930302274863543,0.0,21.00795667317813,-209.36396926300284,209.36396926300284
1762150732.3691785,-410.379076332244,340.7811186036158,1.2941120212988293,0.0,17.05965814191655,-446.53350253835737,446.53350253835737
1762150732.4009886,-410.9487079351638,337.36898240429184,1.302774156738526,0.0,14.251252843456815,-363.15959816761347,363.15959816761347
1762150732.4221287,-416.61155836195,335.9406012355909,1.30320762916052,0.0,19.51095343458222,-295.8218340513539,295.8218340513539
1762150732.443321,-415.12324511575906,346.9428886454471,1.2986633426411611,0.0,17.222972576098705,-443.3366260093484,443.3366260093484
1762150732.4780264,-413.97787581586226,345.4073009384795,1.29543798193284,0.0,17.212004988899544,-442.4176971957267,442.4176971957267
1762150732.5133612,-409.93788571033446,339.96476882045755,1.2993145273774604,0.0,17.188833457614898,-437.763167651396,437.763167651396
1762150732.5322256,-419.29257184053273,343.1819563596398,1.2995289953586724,0.0,16.92025911594176,-445.03210713575356,445.03210713575356
1762150732.5574393,-422.1262535998489,333.0706090112774,1.2984647913804643,0.0,25.51546305327895,-176.8818034456784,176.8818034456784
1762150732.5760121,-419.60483699813494,337.6855819994717,1.2917265635072759,0.0,20.686850843295574,-247.9206570203096,247.9206570203096
1762150732.6257834,-426.76517816524046,325.59538541626995,1.293244015564557,0.0,7.532733899872403,311.9785411536412,311.9785411536412
1762150732.6541913,-433.39996975053225,316.8809311244547,1.2911693846062193,0.0,18.280102549969207,-322.29961087692317,322.29961087692317
1762150732.6957045,-448.97308876465945,317.16871929948167,1.1011111271783867,0.0,3.634983834054493,340.3863962511482,340.3863962511482
1762150732.7222872,-442.30503701135996,323.384773390257,1.013756218983139,0.0,20.93618019531963,-196.239944642137,196.239944642137
1762150732.7438824,-446.7435173984385,319.81979210724654,0.9843438540197865,0.0,0.2237966357067317,54.11716861843493,54.11716861843493
1762150732.7611375,-452.8185530595525,310.0871620966168,0.95901450485686,0.0,3.050715501063797,347.7128349505136,347.7128349505136
1762150732.7818503,-447.931699136565,317.725081022917,0.9147253451227358,0.0,2.479271258340715,353.70988367611517,353.70988367611517
1762150732.883017,-456.98178842206863,323.85857296469794,0.6300109591566456,0.0,5.4842317364159054,294.14894631499834,294.14894631499834
1762150733.030825,-474.5450521050468,345.07515190734676,0.3456870108846773,0.0,5.339286221950955,315.2678198844542,315.2678198844542
1762150733.0505702,-470.49218582931445,342.14558025188313,0.28163263546410866,0.0,4.110913535269743,345.7311215186361,345.7311215186361
1762150733.0682993,-472.66844010977405,345.74477969317945,0.2531910845600266,0.0,3.4703205842184968,376.0055603918872,376.0055603918872
1762150733.085367,-484.1868021086456,324.1900398184635,0.2486379432492162,0.0,16.073986945405075,-401.59346712401793,401.59346712401793
1762150733.1217368,-485.91932762269784,328.93141545249256,0.23353694018852453,0.0,14.053980716666938,-314.9653532124051,314.9653532124051
1762150733.1563709,-487.6163038314076,331.1888584149066,0.0552471508255258,0.0,13.723131835496769,-236.21597833625168,236.21597833625168
1762150733.1779273,-486.7240333058229,330.24820998246526,-0.0037081226231325238,0.0,13.727039103940182,-235.66936566526775,235.66936566526775
1762150733.2007604,-488.172554834592,316.1198849884283,-0.00022281409436431424,0.0,24.462304738826198,-556.9229851664508,556.9229851664508
1762150733.2198617,-493.1456984357882,311.6974724333266,-0.0003269568286612044,0.0,4.775771789676709,291.1894598471589,291.1894598471589
1762150733.2624125,-498.59824107111524,298.91437010492916,-0.006173065118290536,0.0,17.612315876206495,-348.8072615913981,348.8072615913981
1762150733.289063,-497.74294668792885,302.22586701166387,-2.5484712357776163e-08,0.0,14.707346764313389,-401.8724614272388,401.8724614272388
1762150733.3035648,-498.8988709143395,304.669570273611,-2.485819620458296e-08,0.0,13.856487456300801,-230.06375653861642,230.06375653861642
1762150733.322465,-491.4520780194701,299.360279029723,-0.0002065454110585067,0.0,12.134645002996951,450.23369616595494,450.23369616595494
1762150733.3402803,-495.27768380483553,289.5338157286024,-0.003426438270810936,0.0,10.01119483413078,534.832659858365,534.832659858365
1762150733.3660564,-502.71089755840393,290.5262145370639,-0.00017990817754541449,0.0,14.356142244234217,-343.3681438158022,343.3681438158022
1762150733.4727886,-492.6306521221562,270.51724687914617,-0.00019187251729239059,0.0,22.338513787817654,-318.3738653101334,318.3738653101334
1762150733.5048673,-487.4183869453052,275.15304795686694,-0.00032823419228849166,0.0,15.400669407685779,-398.36162674510143,398.36162674510143
1762150733.540207,-493.54403265864227,270.0366205068207,-0.00018570081019740834,0.0,23.309266357781304,-460.86962430933534,460.86962430933534
1762150733.55739,-493.43902820627744,278.8224766454442,-2.1127483674013292e-08,0.0,16.74944473931979,-366.0055314939599,366.0055314939599
1762150733.5776985,-494.26095704411784,290.8690438983408,-0.00014279113633117467,0.0,20.02894022506102,-226.4008848112227,226.4008848112227
1762150733.60261,-490.7308629220698,288.4236277619515,-0.0001594771316922706,0.0,7.7658275670013435,292.5516129838714,292.5516129838714
1762150733.6233606,-490.98559749384117,299.8046647339808,-0.0028298457073073235,0.0,11.49037610345066,548.2496767130058,548.2496767130058
1762150733.6508012,-489.40042143996595,304.23256954117795,-0.0002795391540946122,0.0,7.219960994533762,275.1153549926041,275.1153549926041
1762150733.6652596,-490.1904935515772,300.4574072004338,-0.0010276932581535325,0.0,10.397854345120248,565.2909169726404,565.2909169726404
1762150733.851054,-492.0022017168786,315.77797173237116,-1.746292014291606e-08,0.0,1.1313961915078732,250.09963967867589,250.09963967867589
1762150733.87053,-490.1958976730061,301.1733713518884,-0.0027048306376767145,0.0,9.907471469656695,533.8037891894564,533.8037891894564
1762150733.897511,-486.7583741316693,313.92080644095296,-0.0024059264878795285,0.0,24.957445195298256,-466.90747181248156,466.90747181248156
1762150733.9211702,-481.87127074484505,319.7197450880114,-1.681897367558638e-08,0.0,17.48507258302906,-395.74702549355595,395.74702549355595
1762150733.9497669,-475.7527461818052,322.0751731777615,-1.660462431787857e-08,0.0,11.432529175759736,546.3931849436059,546.3931849436059
1762150733.970968,-476.2345403658355,320.2451266917935,-0.0001143992541468891,0.0,13.044518956699942,-25.675041047897338,25.675041047897338
1762150733.9868007,-477.22914161271217,319.62064009166306,-0.000156055087194068,0.0,14.195190916978003,-338.83731772313786,338.83731772313786
1762150734.0143924,-478.66205400900384,307.27273466363647,-0.00011632451210940538,0.0,23.756652196279596,-542.8875653675715,542.8875653675715
1762150734.064252,-479.97817329694794,287.3610546294385,-0.0026365087089754565,0.0,12.118071998990263,445.2845637221678,445.2845637221678
1762150734.0888448,-483.6533201250987,275.4246900728961,-0.0021520069022648966,0.0,12.661748785474725,183.1068711123192,183.1068711123192
1762150734.113261,-478.2498614892847,278.23670846483515,-0.0004271350685965172,0.0,6.875344859218677,250.66104079559068,250.66104079559068
1762150734.13874,-472.5570934622418,278.0671597891628,-0.00017790998794977407,0.0,13.165750435336054,-22.70869257578798,22.70869257578798
1762150734.164206,-469.67492248169066,287.5301930277684,-1.4452044573218248e-08,0.0,4.480849301337413,276.7697065745159,276.7697065745159
1762150734.1798167,-470.2082394257865,284.4033757646031,-0.00012013843028594046,0.0,7.025386565848818,255.2152445625297,255.2152445625297
1762150734.2044573,-473.35799624368445,289.66231407413096,-0.00011472773354928245,0.0,5.673343720051987,258.5225800658769,258.5225800658769
1762150734.2210042,-482.81784325548597,300.85441756203716,-0.00012824983350033436,0.0,4.790092450038186,280.40471173218396,280.40471173218396
1762150734.242694,-484.7831500881478,295.9289304395896,-8.981941904875184e-05,0.0,9.612367175625746,462.15211750686206,462.15211750686206
1762150734.282213,-472.83072613696066,300.2707192311547,-1.3227414075514532e-08,0.0,24.305470284222743,-549.2685214163738,549.2685214163738
1762150734.2998197,-474.7693769792185,299.98966792487147,-0.0018536381992710288,0.0,25.902002295902612,-107.48980875660402,107.48980875660402
1762150734.3205566,-481.216534016276,296.6901751830837,-0.002044972401589076,0.0,6.5065804270354715,276.3554606320681,276.3554606320681
1762150734.3454103,-485.5031724204707,294.91311056551507,-0.00010616911425293485,0.0,10.834569186427654,571.3731871564264,571.3731871564264
1762150734.3632915,-489.7621392282514,293.5563960464439,-0.0063029869649562234,0.0,14.91900157237065,-407.7642368084412,407.7642368084412
1762150734.3834019,-486.42856269624065,289.4673912237176,-0.0021700523687077696,0.0,15.33035484216477,-412.6584702612398,412.6584702612398
1762150734.4134402,-483.61367738380153,294.7224336410541,-1.2255453475835953e-08,0.0,9.599273554961098,456.8510663111995,456.8510663111995
1762150734.4366949,-489.7578354565832,285.4790567762841,-0.0018025845683642104,0.0,9.284634702433042,377.06866886145946,377.06866886145946
1762150734.4623082,-482.258004876315,283.63902909654433,-1.1953866349903586e-08,0.0,16.337032157078156,-307.23398973940425,307.23398973940425
1762150734.4847736,-485.6792236657407,280.7867404352272,-0.0001907040433550877,0.0,10.000597034072573,521.1848808250459,521.1848808250459
1762150734.506801,-488.12247475699394,292.4571432855778,-0.001605174977731195,0.0,14.491712457979009,-364.8785062861755,364.8785062861755
1762150734.5432906,-498.1005297985898,287.60470016076596,-8.293676674823993e-05,0.0,13.405737570812231,-116.46683819948706,116.46683819948706
1762150734.5743022,-496.7319132878989,275.261021760497,-9.254545373281829e-05,0.0,21.599814874837854,-144.32179350904255,144.32179350904255
1762150734.5997708,-495.6562099140067,268.8074469361371,-0.0001124661539294036,0.0,25.57440377230032,-247.9515618813081,247.9515618813081
1762150734.6164775,-490.2802269733589,274.2288471193615,-9.797781986489405e-05,0.0,18.01262719474017,-291.76966844227434,291.76966844227434
1762150734.6392932,-490.7834160693727,272.85104975706076,-7.331980556852051e-05,0.0,19.3694711528076,-232.69039343162842,232.69039343162842
1762150734.6635902,-490.89834652785765,275.3573797499167,-0.001599506684507552,0.0,17.595836157606165,-328.57396815247614,328.57396815247614
1762150734.684254,-488.66778736256754,277.1846615988095,-0.001465525186761409,0.0,14.742473651678079,-378.7153640371727,378.7153640371727
1762150734.7991905,-501.0584452947154,231.1926309334073,-0.004326427569927252,0.0,19.05645004028836,-204.24049363284732,204.24049363284732
1762150734.844871,-504.63317951641943,233.5059722945353,-0.0014257525767621538,0.0,19.452466898471904,-188.69849094469387,188.69849094469387
1762150734.8639903,-500.1232894505493,242.6416093144854,-0.001350038958322379,0.0,9.41919802197771,362.8431767328116,362.8431767328116
1762150734.8792472,-503.7857059994963,251.12453475523986,-0.0015203136944879122,0.0,17.844436274030116,-276.6017785363557,276.6017785363557
1762150734.9053066,-509.6032922163574,243.1570336457948,-7.096055875442562e-05,0.0,14.94942187347176,-365.9922442444386,365.9922442444386
1762150734.9362698,-509.4638959880099,213.5422424567259,-6.590731403907064e-05,0.0,11.784262237762608,523.975692582562,523.975692582562
1762150735.0217519,-510.01888419983743,208.4611257209234,-6.752686781062242e-05,0.0,16.118377695243666,-279.6909141365724,279.6909141365724
1762150735.0413299,-517.2276763370784,196.25990191368345,-5.776124319653275e-05,0.0,17.319871339749234,-311.8952289995737,311.8952289995737
1762150735.0696802,-522.1288226297419,188.93809851225592,-0.0017540880337070881,0.0,26.063948134455536,-188.5112646892449,188.5112646892449
1762150735.0832503,-528.9285046809168,177.74184168738262,-7.103013656669242e-05,0.0,12.877732534302243,196.20860957605592,196.20860957605592
1762150735.120562,-531.5021183972891,179.77860379249265,-7.872688129011152e-09,0.0,12.62755095686406,297.770778214141,297.770778214141
1762150735.144802,-532.4510232543643,169.96314388702922,-0.005370479926783125,0.0,21.29667130608273,-2.4251852501486724,2.4251852501486724
1762150735.1787677,-534.2350986420283,180.6489007478929,-7.204159042543264e-05,0.0,13.43365272715575,-14.795714567181449,14.795714567181449
1762150735.225355,-528.4288831474881,173.68603703537931,-0.0010202766329378517,0.0,15.96139791748347,-287.20086330648235,287.20086330648235
1762150735.2428074,-526.7159844386023,168.34668740456752,-5.547852734665996e-05,0.0,19.431122916535955,-122.9269879611486,122.9269879611486
1762150735.2589624,-523.6540205812498,168.4285234375302,-0.001002649001109921,0.0,17.651640289018744,-212.64848479837192,212.64848479837192
1762150735.4675624,-540.5169153051551,166.1539715640669,-0.004491246234226588,0.0,2.5597794600921784,208.10086255564246,208.10086255564246
1762150735.4883854,-540.0767451052793,168.3895273055425,-0.0008761103944617088,0.0,0.4600699174306636,-66.36254582951821,66.36254582951821
1762150735.6986823,-542.0581156428001,204.14244440669358,-0.00017623171745566657,0.0,24.597361088796852,-567.3532142630394,567.3532142630394
1762150735.9049032,-536.685565345094,211.48890755803947,-0.0009715432759243148,0.0,3.843633093245577,229.36832208061082,229.36832208061082
1762150736.2313747,-562.7478498113234,202.0225691184893,-2.98726785845714e-05,0.0,11.649769691663284,586.270277257373,586.270277257373
1762150736.396527,-562.5219643244731,220.63300611630925,-0.002361487078251563,0.0,12.722157353029584,251.96146779163888,251.96146779163888
1762150736.5075343,-575.8286955870337,244.87117950112145,-0.00045932099126723934,0.0,1.8567179674355057,283.05279142189346,283.05279142189346
1762150736.7495847,-568.8164229134409,247.86539233846239,-2.222725762107929e-05,0.0,21.568526016611443,-93.10918989431013,93.10918989431013
1762150736.8903916,-575.4438966957333,224.21173273916716,-0.0012583181581523309,0.0,0.2815556607314259,-77.17992404617738,77.17992404617738
1762150737.0821347,-573.5176090400571,234.04324683188733,-2.279713712835356e-09,0.0,8.930047230863142,351.80653310310413,351.80653310310413
1762150737.4149976,-570.3921756976713,258.10529447386443,-1.7390664027591327e-05,0.0,14.501829314231333,-345.98210095858065,345.98210095858065
1762150737.6030161,-565.3036969635906,219.68757193170487,-0.0002638503196920802,0.0,24.702001175785547,-584.8379754626701,584.8379754626701
1762150737.7790396,1.9844203927814366,2.8694733810215425,-1.255660777066675e-05,0.0,15.735141225220552,0.06927750104098274,0.06927750104098274
1762150738.0065274,2.0011558188867054,2.857432036065389,-1.1205337544712442e-05,0.0,15.722144964448228,0.08519516568392144,0.08519516568392144
1762150738.1948397,2.0206629681948876,2.8700398401599,-8.251387817978267e-06,0.0,15.700233814056585,0.07803020281310412,0.07803020281310412
1762150738.3471732,2.0113949651151573,2.86383575323794,-1.0274196761373908e-09,0.0,15.710703803866672,0.08163497967053468,0.08163497967053468
1762150738.3807817,2.021604233023329,2.8694713143709203,-8.355173623850235e-06,0.0,15.699477300277056,0.07882262109633241,0.07882262109633241
1762150738.4252834,2.0222696224766503,2.869272348035208,-0.00013845582310594273,0.0,15.698890536367236,0.07918678906982295,0.07918678906982295
1762150738.456574,2.0236632512608406,2.870464357247152,-9.52384367875446e-10,0.0,15.697248901497824,0.07839562136478723,0.07839562136478723
1762150738.512813,2.0184789609420353,2.868526677738302,-0.00013593348185034126,0.0,15.70271504666607,0.07892810321760048,0.07892810321760048
1762150738.6545649,2.013829252738241,2.8613130219385337,-0.00011851673396598077,0.0,15.709015214304552,0.08469929269584409,0.08469929269584409
1762150738.6748466,2.008633183139422,2.861952896896626,-6.979539215681312e-05,0.0,15.713830558390145,0.0827442868176867,0.0827442868176867
1762150738.700013,2.014168949677457,2.8606306504213475,-7.176485132551395e-06,0.0,15.708863986819075,0.08544612390999898,0.08544612390999898
1762150738.8352304,1.9998155318889541,2.8586202626954913,-0.00010654864506919454,0.0,15.723127486655565,0.0837032958404872,0.0837032958404872
1762150738.85753,2.0136912667049582,2.858501424202736,-1.6357093170992476e-05,0.0,15.709864938102815,0.08738059943429966,0.08738059943429966
1762150738.8792694,2.012999095939549,2.8544567347997143,-0.00010475166819508257,0.0,15.71155913969471,0.09111098700811324,0.09111098700811324
1762150738.9229836,2.0062688325971445,2.860529959844904,-0.0003720374129630062,0.0,15.716458537685858,0.08351213097255666,0.08351213097255666
1762150738.9425125,2.0066442259908666,2.8598677611193435,-5.7074230596575336e-06,0.0,15.716267414496892,0.08424851453376787,0.08424851453376787
1762150738.9716482,2.0123638054431647,2.860284991284863,-5.541555410938153e-06,0.0,15.710681466425614,0.08531547608708656,0.08531547608708656
1762150739.032607,2.022129986498547,2.872839701672733,-2.2073461117287522e-05,0.0,15.698109241995143,0.07570459092119977,0.07570459092119977
1762150739.058612,2.020805701356369,2.8752308152011796,-6.515588515227343e-10,0.0,15.698765549870474,0.07305241525028648,0.07305241525028648
1762150739.0876396,2.0198545235754364,2.872026312660425,-6.433162361109065e-10,0.0,15.700499624952222,0.07590231413206544,0.07590231413206544
1762150739.1149936,2.0226771593092274,2.8703104663603507,-4.978158127966258e-06,0.0,15.698233622924954,0.0782893005630593,0.0782893005630593
1762150739.1388245,2.0157380333523798,2.8726468924272583,-5.348610958124628e-06,0.0,15.704287966073556,0.07424018568095538,0.07424018568095538
1762150739.171214,2.0180728336161917,2.869948550755639,-8.962833077875378e-05,0.0,15.702740233353374,0.07744958446403342,0.07744958446403342
1762150739.2010453,2.012761674779943,2.8640446970283113,-8.404046571201384e-05,0.0,15.709340717364599,0.0817848442723312,0.0817848442723312
1762150739.2203488,2.0163397205879092,2.861675319236991,-4.8471875547440485e-06,0.0,15.706517630527294,0.08499593248940461,0.08499593248940461
1762150739.2399201,2.025914077800353,2.865411894789233,-9.890962748830156e-05,0.0,15.696388458784892,0.08385834141744287,0.08385834141744287
1762150739.258009,2.0224593669059256,2.869495491246892,-5.737456392146748e-10,0.0,15.698651436969648,0.07902027315152454,0.07902027315152454
1762150739.2802413,2.02212741745188,2.8741821786967336,-8.054634604843006e-05,0.0,15.697767154988105,0.07440709871744676,0.07440709871744676
1762150739.3046975,2.021331990305187,2.8744065785714414,-7.847286712926542e-05,0.0,15.698472343333599,0.07398467990095409,0.07398467990095409
1762150739.3249693,2.018344037208934,2.872795469001291,-5.527578720264381e-10,0.0,15.701750835056036,0.07476916590862324,0.07476916590862324
1762150739.3485875,2.0149575934968023,2.8718855310718228,-7.633984636356123e-05,0.0,15.705231287275797,0.07477451741674751,0.07477451741674751
1762150739.4442654,2.011003972062033,2.864009963586039,-5.122715377435007e-10,0.0,15.711034057317784,0.08136603207329873,0.08136603207329873
1762150739.469498,2.016854783205465,2.8651628423276825,-7.08674335006993e-05,0.0,15.70513255179314,0.08175906931256587,0.08175906931256587
1762150739.505999,2.0199453372179255,2.862413934583877,-1.2351438259976577e-05,0.0,15.70287469099229,0.08521220923087364,0.08521220923087364
1762150739.5250623,2.0277414474470894,2.867466644281093,-6.80362976755703e-05,0.0,15.694110151628772,0.08234654549083516,0.08234654549083516
1762150739.5687711,2.020784901514428,2.873941269568958,-7.913080470818386e-05,0.0,15.699116378601758,0.07429276883890684,0.07429276883890684
1762150739.5964355,2.0251897478518277,2.8742423664181302,-3.2731051701929147e-06,0.0,15.69481525574688,0.07514122286034645,0.07514122286034645
1762150739.618785,2.0138809960544406,2.8673257509426233,-3.853234587744113e-06,0.0,15.707429718261192,0.0789027472681075,0.0789027472681075
1762150739.648797,2.0186115510737634,2.8702775191920864,-3.936155696077461e-06,0.0,15.702139506603045,0.07727081961614934,0.07727081961614934
1762150739.68372,2.0198444372755113,2.8681157504739256,-4.0191475108400965e-06,0.0,15.701511481673942,0.07967760575536047,0.07967760575536047
1762150739.7202573,2.016147201587221,2.8665423485618655,-5.244039895312238e-06,0.0,15.705457845947716,0.08024376241340468,0.08024376241340468
1762150739.7559264,2.01192645334273,2.863135041233654,-4.2374779225351315e-10,0.0,15.710373302160692,0.08244886308866475,0.08244886308866475
1762150739.8768346,2.010926219585319,2.8631066996937253,-5.547929192641949e-05,0.0,15.711339027075647,0.08221888864134655,0.08221888864134655
1762150739.903866,2.0128530045736848,2.8658832769080833,-1.8867063890315328e-05,0.0,15.708783650742483,0.0800317691988949,0.0800317691988949
1762150739.9317973,2.011977687867738,2.862337245526197,-5.263599641546049e-05,0.0,15.710527795986406,0.0832329742033176,0.0832329742033176
1762150739.9486144,2.0087701517911825,2.8630108538612196,-3.687038875436772e-10,0.0,15.713429655949932,0.08175707737200945,0.08175707737200945
1762150739.9683044,2.007441101207664,2.8609793688493217,-5.1581336955655855e-05,0.0,15.715220853329006,0.08337884049957547,0.08337884049957547
1762150740.0219328,2.010163492206055,2.864396329158512,-3.5498326733619454e-10,0.0,15.711740993265652,0.08077645685783423,0.08077645685783423
1762150740.0443785,2.015302842689812,2.8649126080172236,-4.834548403617681e-05,0.0,15.70668375922746,0.0816007764325174,0.0816007764325174
1762150740.0627916,2.0149605339926357,2.869225074690318,-2.633091592243506e-06,0.0,15.705909172685008,0.0773457899912748,0.0773457899912748
1762150740.0893304,2.0153770427326108,2.8653963992936435,-3.037986158699238e-06,0.0,15.706488983427558,0.081152450764204,0.081152450764204
1762150740.118821,2.0250855854859986,2.8708906514678953,-3.3317870717138737e-10,0.0,15.695776080608736,0.07835178380387986,0.07835178380387986
1762150740.1456292,2.0127955344536064,2.8698458709125543,-2.075582722349626e-05,0.0,15.707826186340878,0.07618805450110118,0.07618805450110118
1762150740.1686194,2.0135771489626477,2.870562778567211,-0.0001455442880943624,0.0,15.706893425498949,0.07569672904006754,0.07569672904006754
1762150740.3246896,2.01431382006389,2.863349077953819,-2.6656182085493546e-06,0.0,15.708031012065533,0.08285670401619315,0.08285670401619315
1762150740.4622433,2.0105265382845974,2.8633523600873407,-3.2618970921170838e-06,0.0,15.71165937413651,0.08187868193123952,0.08187868193123952
1762150740.5938008,2.0023499849848503,2.8643872029249353,-3.518846785949005e-05,0.0,15.71923295953966,0.0787784439734209,0.0787784439734209
1762150740.630929,2.0042102069440415,2.864232289618739,-3.487066469419012e-05,0.0,15.717489098503787,0.07940541998057733,0.07940541998057733
1762150740.8156953,2.0144719925097343,2.8608712742957656,-1.8273306976321857e-06,0.0,15.70851225074035,0.08529165330155095,0.08529165330155095
1762150740.867147,2.0130139227807713,2.8588287992786703,-3.7489862045788136e-06,0.0,15.7104301819911,0.08688992378860196,0.08688992378860196
1762150740.8910096,2.0087137261764165,2.8603379211940148,-7.697183670782033e-06,0.0,15.714164884805756,0.08432572064919253,0.08432572064919253
1762150740.96871,2.016877818764163,2.8661696197150945,-2.9003383397657636e-05,0.0,15.704852956456229,0.08079228341307507,0.08079228341307507
1762150740.9956408,2.011021818817244,2.86461225380647,-2.8610613116845576e-06,0.0,15.7108632596498,0.08078861064955901,0.08078861064955901
1762150741.0228972,2.013306059622718,2.8634118314655344,-2.714758646223117e-05,0.0,15.708980641236131,0.08253653581214469,0.08253653581214469
1762150741.0471454,2.015641432119225,2.8632250791229525,-1.1853242941875273e-06,0.0,15.70679060769081,0.08331856283819809,0.08331856283819809
1762150741.0667312,2.0168696670768997,2.8669339587753324,-1.3231260542715653e-06,0.0,15.704665227186535,0.08005169811335743,0.08005169811335743
1762150741.122371,2.0165130765719024,2.8640537124917116,-1.4559279474538358e-06,0.0,15.70574361223725,0.08274259594146385,0.08274259594146385
1762150741.161997,2.010289495340223,2.8638943635909593,-2.2602358881227352e-06,0.0,15.711748283517617,0.08129394329810923,0.08129394329810923
1762150741.2786415,2.017242863431023,2.8673052608509955,-1.6564146769916634e-06,0.0,15.704212525690387,0.07978921795079465,0.07978921795079465
1762150741.5439029,2.0126450838294723,2.8648935348924134,-1.0863894947961736e-06,0.0,15.709235706016647,0.08093460367590376,0.08093460367590376
1762150741.7218823,2.009853118183171,2.865470488695142,-9.754929581523443e-07,0.0,15.711764440109876,0.07965860546902286,0.07965860546902286
1762150741.8782523,2.0225827577183937,2.8735155661879754,-1.093939908615644e-10,0.0,15.697501641934016,0.07516878277513109,0.07516878277513109
1762150742.2010171,2.0051195188869153,2.8621575334476987,0.05939562061148322,0.0,15.717145631022424,0.08164405909429492,0.08164405909429492
1762150742.3295224,1.9929003014894833,2.8690254933287127,0.3115431520116,0.0,15.727117295549322,0.07187504804998372,0.07187504804998372
1762150742.5260887,1.9157089936299447,2.8601973050534983,0.5202471384364851,0.0,15.803494770722534,0.060999496494364695,0.060999496494364695
1762150742.690874,1.822471036177338,2.8292444415360096,0.7073050131425533,0.0,15.901025074596056,0.06823260350451266,0.06823260350451266
1762150742.8963041,1.6518636695520905,2.7887330106908337,0.6994640661927326,0.0,16.071801076494598,0.07096781214668425,0.07096781214668425
1762150743.1019201,1.2713965424400375,2.7829850730385215,0.6990509301647895,0.0,16.44395177098375,0.041044243215369855,0.041044243215369855
1762150743.2352765,1.1358796631380517,2.7602478240335926,0.6903757210379778,0.0,16.583366333898002,0.0525864333784872,0.0525864333784872
1762150743.4089007,1.0018207532966814,2.7100208072966723,1.0028706639719216,0.0,16.72820557126119,0.0829641242572443,0.0829641242572443
1762150743.611278,0.6822736086024155,2.6466292957919024,1.9158370148639308,0.0,17.06286217734029,0.06071311380209682,0.06071311380209682
1762150743.6648982,0.6320708571393624,2.6242935295989307,2.039309266741969,0.0,17.116765523525356,0.06711371814272385,0.06711371814272385
1762150743.9230475,-0.08719503540872091,2.442948979114004,2.3112512033080437,0.0,17.83641726669927,0.12248861776600078,0.12248861776600078
1762150744.1483107,-0.6388868417632771,2.3314368547262645,2.2691807964322575,0.0,18.383562078372318,0.21562446108505434,0.21562446108505434
1762150744.319519,-1.0481622255183718,2.2520276929494654,2.2546742941053584,0.0,18.78341257693489,0.2981356879610473,0.2981356879610473
1762150744.5179982,-1.45863333298479,2.2607429247642297,2.243443030787784,0.0,19.183465861251566,0.306663729406595,0.306663729406595
1762150744.7614686,-2.1209331735721113,2.3620744397809874,2.2251136837887517,0.0,19.837049204179824,0.26315478761791344,0.26315478761791344
1762150744.99279,-2.646867098600938,2.4598389028220837,2.194269088217208,0.0,20.3669945520914,0.2305051754550764,0.2305051754550764
1762150745.2827203,-3.3750620054948777,2.670868722461746,2.211999240751007,0.0,21.094668957424947,0.16938775768756517,0.16938775768756517
1762150745.4074764,-3.7295170032313023,2.766332097100633,2.204956914853278,0.0,21.459170522631698,0.18015506972883136,0.18015506972883136
1762150745.6758144,-4.350687181460517,2.9278206354885588,2.1960157142135897,0.0,22.14200768317759,0.11107411150673711,0.11107411150673711
1762150745.8218176,-4.696760376183932,3.0114860155064997,2.1922410230678393,0.0,22.488739395195694,-0.003755635211128717,0.003755635211128717
1762150746.0847974,-5.341736842971538,3.14121379331054,1.7122525349058888,0.0,23.050539042672867,-0.2887670582991042,0.2887670582991042
1762150746.3392546,-5.7891141705483475,3.167163092898544,1.4724064400651518,0.0,23.41930989000609,-0.4998576292401093,0.4998576292401093
1762150746.534348,-5.996241242022848,3.080394906836444,1.5704848354996346,0.0,23.596897613706577,-0.536416516736314,0.536416516736314
1762150746.7601242,-6.3390617106246605,2.7966231279324663,1.750328323829086,0.0,23.953672875658672,-0.5445668778747196,0.5445668778747196
1762150747.084537,-6.633283340532792,2.1905309627901413,1.777773837496139,0.0,24.467467160462952,-0.46260714218016136,0.46260714218016136
1762150747.308447,-6.609382967413055,1.688408972441925,1.7620330845071699,0.0,24.794738959984127,-0.31738899443220664,0.31738899443220664
1762150747.5573635,-6.3954286703113254,1.2740878979338957,1.7750372295374799,0.0,25.110945505025235,-0.11219364742627552,0.11219364742627552
1762150747.7536047,-6.140801797975334,1.059238791209589,1.495397525584176,0.0,25.386549984707095,0.06904354856435067,0.06904354856435067
1762150747.9563165,-5.892204509869844,0.8842536277396874,0.8326716152971668,0.0,25.66502518691932,0.18220984662235717,0.18220984662235717
1762150748.1907701,-5.828272961092488,0.823870281823568,-0.0003638399296986239,0.0,25.769662905352533,0.18925979466148032,0.18925979466148032
1762150748.354315,-5.817425794910657,0.8234861058405913,-0.0002453221860326192,0.0,25.774727889489505,0.19690519101179793,0.19690519101179793
1762150748.5743756,-5.816707301985356,0.8225462361125988,-0.004295654110430718,0.0,25.775886734705324,0.1967765631383972,0.1967765631383972
1762150748.8121634,-5.816723161281373,0.8235330655477879,-0.00022204811006511409,0.0,25.774991288115306,0.19744922189285477,0.19744922189285477
1762150749.0175366,-5.8131029045100915,0.821088627500288,-0.00019345477048820408,0.0,25.77876727052273,0.19838478461974968,0.19838478461974968
1762150749.3310647,-5.816418334886874,0.8218545750953967,-1.8394414292091654e-08,0.0,25.77663522573348,0.1965070053566412,0.1965070053566412
1762150749.4844725,-5.819520266977548,0.8162871129354181,-0.0023194116019060688,0.0,25.780298702716685,0.19038780856455212,0.19038780856455212
1762150749.6992264,-5.813226864917899,0.8224665580575957,-0.0001234732752573964,0.0,25.777472644707352,0.19925212714733231,0.19925212714733231
1762150749.9402003,-5.814377190061946,0.8202206539226398,-0.0002553669058692834,0.0,25.77899441987621,0.19685601739696634,0.19685601739696634
1762150750.1707268,-5.817333625573069,0.8193258815758799,-0.0019108437262703951,0.0,25.778513878077902,0.19408657353986686,0.19408657353986686
1762150750.3914664,-5.814784645455926,0.8268227555884302,-0.00021113578119688324,0.0,25.772872585115692,0.20114043033150453,0.20114043033150453
1762150750.5781064,-5.818435289812727,0.8250025327541741,-0.001326772553523121,0.0,25.772923308132224,0.19722015289115497,0.19722015289115497
1762150750.7510986,-5.812229181840344,0.8160656065849347,-0.0010883491868803631,0.0,25.7836701417671,0.19552288824859648,0.19552288824859648
1762150750.9289048,-5.8164886088731045,0.8231326106546684,-4.836238718991189e-05,0.0,25.775453902286046,0.1973423022284173,0.1973423022284173
1762150751.1137292,-5.8194788024558095,0.8215336142387394,-4.0315367463967074e-05,0.0,25.77559276147286,0.19405769410128823,0.19405769410128823
1762150751.2511795,-5.814963162120874,0.8221679439067483,-0.0004688724059889737,0.0,25.776986140903958,0.19778264333930198,0.19778264333930198
1762150751.4188592,-5.81731556766714,0.826904907806406,-4.1061125821293514e-05,0.0,25.771697534693082,0.19935287752183622,0.19935287752183622
1762150751.571092,-5.811816607066905,0.8305860666866837,-6.154561695768067e-05,0.0,25.77077532570741,0.20590981581443846,0.20590981581443846
1762150751.784339,-5.819801059461685,0.8244269394910542,-0.0023858156367672473,0.0,25.772847396300058,0.1958264471431979,0.1958264471431979
1762150751.9762957,-5.819451383549719,0.8284711267913305,-0.000503041864252154,0.0,25.769358113263216,0.19887753987210555,0.19887753987210555
1762150752.025733,-5.8217810069665035,0.8260362339306254,-0.00012047238341094649,0.0,25.770537000163362,0.19549507016496515,0.19549507016496515
1762150752.2461889,-5.8157076242999475,0.8236954948910087,-0.0006336747401662594,0.0,25.775286846103576,0.1983009344481015,0.1983009344481015
1762150752.2755477,-5.8131876106864055,0.8227702026696408,-2.2103887891532834e-05,0.0,25.777216318915098,0.19949155128045593,0.19949155128045593
1762150752.5154636,-5.817088395829485,0.8226831737368167,-5.6232933764895897e-05,0.0,25.775597640033606,0.19659421855590642,0.19659421855590642
1762150752.7740095,-5.822886245916278,0.8131447635493935,-1.5295907965142228e-05,0.0,25.7816637201617,0.1857611222182625,0.1857611222182625
1762150753.117351,-5.815377030231698,0.8223580131114754,-1.5864171976852192e-05,0.0,25.776634947771242,0.19761362069853294,0.19761362069853294
1762150753.3753982,-5.818144644079428,0.8292749334420715,-1.4112373655740182e-09,0.0,25.769202859293287,0.20038678620605577,0.20038678620605577
1762150753.6355474,-5.813669188394563,0.8204713307712541,-8.844090155577323e-06,0.0,25.779076725767805,0.19754445046454522,0.19754445046454522
1762150753.8312387,-5.8103457559820395,0.823802052689347,-0.0001495841111271412,0.0,25.77752358668827,0.20227359714119525,0.20227359714119525
1762150754.0848682,-5.813181292147669,0.8242950981755638,-7.85933759716805e-06,0.0,25.775846042979516,0.20055483035306937,0.20055483035306937
1762150754.3861406,-5.810219156531674,0.8225919677249509,-6.058904350398171e-06,0.0,25.778668231469204,0.20152422154768357,0.20152422154768357
1762150754.5145297,-5.819870503504181,0.8163025258791038,-0.0001034092955618031,0.0,25.780132454082217,0.1901441268110676,0.1901441268110676
1762150754.6367924,-5.816343369087771,0.8182097881536228,-5.485255140354375e-06,0.0,25.7799496271296,0.19403069014651153,0.19403069014651153
1762150754.677668,-5.81464076536267,0.8176097952423058,-4.7279732154353955e-06,0.0,25.781230583602124,0.19484940404527343,0.19484940404527343
1762150754.8488812,-5.826639085879327,0.819136835094134,-1.7956543129504183e-05,0.0,25.774635747386363,0.18718360042122809,0.18718360042122809
1762150754.8774254,-5.825570781978801,0.8173219941565167,-8.001401166288139e-05,0.0,25.776734607384206,0.18670598141998257,0.18670598141998257
1762150755.0078888,-5.815489833684184,0.8222052893772442,-5.983909821906971e-06,0.0,25.776723385865765,0.19742560530189937,0.19742560530189937
1762150755.0368679,-5.815767970085117,0.8238442521134508,-3.8282824396156225e-06,0.0,25.775126650740937,0.19836016821916402,0.19836016821916402
1762150755.0534708,-5.813882792228933,0.822595566353615,-5.4214697078589245e-06,0.0,25.7770711230911,0.19886495290621986,0.19886495290621986
1762150755.077724,-5.813552042661951,0.8228604697156793,-3.5911836341623616e-06,0.0,25.776976495466197,0.19928932881012335,0.19928932881012335
1762150755.1111193,-5.81172053223993,0.8220570976645151,-3.7272459839701823e-06,0.0,25.778496656683952,0.20006199969875146,0.20006199969875146
1762150755.1364794,-5.813322393890802,0.8222912390722655,-3.49258431393288e-06,0.0,25.777588942976532,0.19906092604285314,0.19906092604285314
1762150755.1612172,-5.8168819751367025,0.8200470844565823,-4.341166578881483e-06,0.0,25.77806099373757,0.19491551597673268,0.19491551597673268
1762150755.1979423,-5.816092580274166,0.8212980780606124,-3.8402760544282845e-06,0.0,25.77727801876487,0.19635771804358787,0.19635771804358787
1762150755.2277768,-5.813617146168172,0.8228805678592167,-3.5543383292832716e-06,0.0,25.776930075638802,0.19925595572116872,0.19925595572116872
1762150755.2632728,-5.813468087282752,0.8201835999238942,-4.2975219774954096e-10,0.0,25.779423289531273,0.19749047539199654,0.19749047539199654
1762150755.2923,-5.8148936089121435,0.8234153378450704,-3.886780377238709e-06,0.0,25.77589323930356,0.19869886569467887,0.19869886569467887
1762150755.4787273,-5.81800484255806,0.8193556935759784,-0.00023788298168146073,0.0,25.77819502159897,0.19361942521863051,0.19361942521863051
1762150755.6864052,-5.815595374139678,0.8153327723473907,-2.8185556776742607e-06,0.0,25.782865524873582,0.1925725513404733,0.1925725513404733
1762150755.9168947,-5.820583077690203,0.8183738567157095,-2.3096890428191414e-06,0.0,25.77795740962742,0.19106376555615823,0.19106376555615823
1762150756.1145217,-5.823112729988256,0.8130199333265717,-2.926931317564368e-06,0.0,25.78167758591529,0.18550998700116422,0.18550998700116422
1762150756.2848032,-5.817005568532599,0.8186896381438149,-1.844457291536159e-06,0.0,25.779229476904636,0.19388310831924552,0.19388310831924552
1762150756.4936345,-5.81722703871892,0.8176985053961768,-1.501319249658538e-06,0.0,25.780025547808076,0.19303371134990727,0.19303371134990727
1762150756.6474204,-5.819405349643072,0.8175564901930658,-1.4165473408473208e-06,0.0,25.779205742912666,0.19135270438035074,0.19135270438035074
1762150756.873948,-5.817811093917333,0.823910263698965,-2.792873305720123e-05,0.0,25.774178350581124,0.19691851896325074,0.19691851896325074
1762150757.1406913,-5.816462288928718,0.8148108835355096,-1.0133218232548612e-06,0.0,25.78295828451523,0.1915807041614274,0.1915807041614274
1762150757.3238876,-5.820208461743128,0.8170623069073352,-1.167880574217653e-10,0.0,25.779301313756502,0.19042608000731875,0.19042608000731875
1762150757.448422,-5.815338542894799,0.8139623147093468,-1.0688453142443941e-10,0.0,25.78421122761129,0.19180450342043331,0.19180450342043331
1762150757.7015855,-5.8200822417349585,0.8196310189224174,-7.049613839597358e-07,0.0,25.777043342585134,0.19229981819381303,0.19229981819381303
1762150757.9074254,-5.813138804204056,0.8257880525442106,-1.1473163437927299e-05,0.0,25.774520262564103,0.20162156611611426,0.20162156611611426
1762150758.1998835,-5.819431768281766,0.8293402337682404,-1.4692431775205278e-05,0.0,25.768584097904736,0.19949211403967915,0.19949211403967915
1762150758.3790517,-5.813327031444112,0.8177619710889862,-8.502536452223302e-06,0.0,25.78166510475621,0.1959083610507935,0.1959083610507935
1762150758.548426,-5.8165400732177135,0.8215544529315879,-5.11357510898665e-07,0.0,25.776852495107853,0.1962102399333973,0.1962102399333973
1762150758.635686,-5.818830647950468,0.8216220141919336,-7.3119284223094264e-06,0.0,25.77579514586503,0.19459070236120232,0.19459070236120232
1762150758.7927177,-5.817967648379927,0.8216015553612851,-4.023382848730128e-07,0.0,25.776189015889557,0.19520449542638554,0.19520449542638554
1762150759.3774555,-5.814019045830967,0.8210523749770567,-8.433177102780224e-06,0.0,25.778401344364134,0.19769409840624172,0.19769409840624172
1762150759.620736,-5.813510854941442,0.8316329282663733,-3.875342899691145e-06,0.0,25.769095641295966,0.20539868280345353,0.20539868280345353
1762150759.84895,-5.811681563790307,0.8294636527028276,-2.2345485834708453e-07,0.0,25.771844704519836,0.20523074506699618,0.20523074506699618
1762150760.2195601,-5.8233949668527005,0.8289264705937712,-2.3541784326929876e-07,0.0,25.76723245942274,0.19631080723264477,0.19631080723264477
1762150760.4246042,-5.817990579559565,0.81633516801784,-1.643801089508596e-11,0.0,25.780920925587974,0.19153193151342557,0.19153193151342557
1762150760.577544,-5.811802597934107,0.821284354039652,-2.074551719560779e-06,0.0,25.77915673680071,0.1994651335064266,0.1994651335064266
1762150760.6966975,-5.814092278589744,0.8265305433229609,-2.871139307111029e-07,0.0,25.773436909602154,0.2014422305870927,0.2014422305870927
1762150760.8626099,-5.814558119229665,0.8278621305796006,-1.4916163588380124e-07,0.0,25.772035276249273,0.20202537325639847,0.20202537325639847
1762150761.2459307,-5.8186359687833855,0.8180471173127078,-1.55558352097013e-07,0.0,25.779098699253744,0.19225237362278952,0.19225237362278952
1762150761.2771971,-5.818175528352976,0.8174147794520876,-7.221205813194311e-08,0.0,25.779868374999293,0.19214774974212684,0.19214774974212684
1762150761.3004086,-5.817340102133387,0.8201041893915376,-1.3063294877135334e-06,0.0,25.77781026754025,0.19462213953085217,0.19462213953085217
1762150761.3212748,-5.815620799184702,0.8197795018211465,-7.619376429743032e-08,0.0,25.77885060248841,0.1956461433439428,0.1956461433439428
1762150761.3508904,-5.812442879481689,0.8224752979606665,-1.9658734663931124e-06,0.0,25.777805848848097,0.19982790260778185,0.19982790260778185
1762150761.380002,-5.815335822924618,0.8208378397296691,-6.248479977740094e-08,0.0,25.778021648042554,0.19658828114749555,0.19658828114749555
1762150761.4135215,-5.816940195692665,0.8187848073524704,-1.2475150347968338e-06,0.0,25.779172226508624,0.19399670137374941,0.19399670137374941
1762150761.6966133,-5.81848867450093,0.8184314829792488,-6.827819229246721e-08,0.0,25.778816694678124,0.1926262494685148,0.1926262494685148
1762150761.8842921,-5.816911152435929,0.8244416758553104,-4.20004050430179e-06,0.0,25.774091384358023,0.1979420291884909,0.1979420291884909
1762150762.0862803,-5.820101727637159,0.82730810461619,-6.082378342259347e-08,0.0,25.77012237241776,0.19759934334846418,0.19759934334846418
1762150762.2809095,-5.818667312279257,0.8240636146766076,-3.6786544411919134e-08,0.0,25.773667773862282,0.19640108666203204,0.19640108666203204
1762150762.49324,-5.815862526580341,0.8241251962492269,-6.357990560735594e-07,0.0,25.774832550107764,0.19848613177546887,0.19848613177546887
1762150762.6619186,-5.818766195928457,0.823908316568979,-6.001028895095662e-07,0.0,25.773764585761146,0.19622152122578917,0.19622152122578917
1762150762.6917515,-5.817297201006596,0.8187582096856694,-3.936082849653134e-12,0.0,25.779040859705983,0.19371886253881432,0.19371886253881432
1762150762.9313579,-5.818012785703255,0.819007743868159,-2.829184396870418e-08,0.0,25.778504861875795,0.19337213257793684,0.19337213257793684
1762150763.0670562,-5.820841634918587,0.8174716838259848,-4.3759866240227433e-07,0.0,25.77865724580261,0.19024996409818107,0.19024996409818107
1762150763.0907366,-5.820212067610033,0.8189956536232437,-5.033537929169551e-07,0.0,25.777558948343327,0.1917648113734109,0.1917648113734109
1762150763.1118345,-5.823391523218061,0.8198418150716407,-4.4789518563602347e-07,0.0,25.775413834482855,0.19003722368480291,0.19003722368480291
1762150763.1284635,-5.820232900474552,0.8196713533252761,-2.4391730646948493e-08,0.0,25.776941481026977,0.1922181845151681,0.1922181845151681
1762150763.1513956,-5.818305068080226,0.8204986593550142,-2.132155054523475e-08,0.0,25.777035275138992,0.1941941773848806,0.1941941773848806
1762150763.2045224,-5.819813670330687,0.822936123490612,-3.975768185276202e-07,0.0,25.774184249365625,0.1947853487529707,0.1947853487529707
1762150763.2309601,-5.821867750007285,0.8222280068634892,-1.0433898834261081e-07,0.0,25.77392821242045,0.1927987574049621,0.1927987574049621
1762150763.2638752,-5.8184430935439915,0.8234565110652311,-9.261245916903324e-08,0.0,25.774311960072012,0.1961439559404561,0.1961439559404561
1762150763.2902262,-5.819125891801823,0.8237569163937208,-7.291020709283712e-08,0.0,25.773744421335792,0.1958546625381991,0.1958546625381991
1762150763.3207827,-5.817848473245247,0.8238285084467579,-1.9856089277974963e-08,0.0,25.774235701576092,0.1968346636856465,0.1968346636856465
1762150763.3572226,-5.816265237450198,0.8236915617778559,-3.9942707202444466e-08,0.0,25.77504779737678,0.19789239658549262,0.19789239658549262
1762150763.386723,-5.81322270669384,0.8224990292915679,-2.527427352217522e-12,0.0,25.777445216457874,0.1992777030259891,0.1992777030259891
1762150763.4108546,-5.812799668467801,0.8239985260751749,-3.4981334752511214e-07,0.0,25.77627910397168,0.2006264958142034,0.2006264958142034
1762150763.4311395,-5.812567896634589,0.8229600529385653,-5.229923497466568e-07,0.0,25.7773149838043,0.20007382789475703,0.20007382789475703
1762150763.4537377,-5.8186840111060745,0.821348568666981,-1.341240678524075e-06,0.0,25.77610515231004,0.1945078635873166,0.1945078635873166
1762150763.4841738,-5.818620745502738,0.8224551808391034,-2.3705430157968982e-12,0.0,25.77513627600573,0.19532088681566462,0.19532088681566462
1762150763.5067277,-5.818326976419863,0.8254455936046191,-1.3323452779003744e-07,0.0,25.772571495397493,0.1976057487129492,0.1976057487129492
1762150763.548529,-5.816769851361249,0.8253344388639263,-3.3153211008608304e-07,0.0,25.77334900849493,0.1986633766833447,0.1986633766833447
1762150763.577181,-5.816291398642522,0.8248032633003076,-3.1784558131244156e-07,0.0,25.774035433380234,0.1986438627702673,0.1986438627702673
1762150763.60287,-5.8168903305172455,0.8243583191219684,-3.328649864766031e-08,0.0,25.77417549784297,0.19789943754608214,0.19789943754608214
1762150763.6240764,-5.816010798582946,0.8228362790680867,-1.5644702337218844e-08,0.0,25.775928592793342,0.19748445568389256,0.19748445568389256
1762150763.6466763,-5.814440938100001,0.8222621629952127,-4.755077940694069e-08,0.0,25.777128499537163,0.19822771748628648,0.19822771748628648
1762150763.6675396,-5.818148399859668,0.8185353394611641,-1.6162776084183245e-08,0.0,25.778871218497436,0.19294562392380055,0.19294562392380055
1762150763.6944342,-5.817296480021957,0.8196312493278463,-1.7157123328256927e-08,0.0,25.778255083377015,0.1943255692312385,0.1943255692312385
1762150763.7125976,-5.816969204321539,0.8192782244855984,-1.847656914681284e-08,0.0,25.778715330608225,0.19431829890448343,0.19431829890448343
1762150763.7359612,-5.819245770799863,0.8204132260820183,-2.1057051872535598e-08,0.0,25.776702946155186,0.19345066655774434,0.19345066655774434
1762150763.7580385,-5.817401672769583,0.8183600628197166,-7.406072094015517e-08,0.0,25.779353902931383,0.19336644599511005,0.19336644599511005
1762150763.7849212,-5.81747420939544,0.8221913125233612,-2.776015563626357e-07,0.0,25.775872666189283,0.19597244526354163,0.19597244526354163
1762150763.8193312,-5.8212545354155765,0.8215521944388341,-2.750390217353918e-07,0.0,25.77480349745982,0.1927776711858824,0.1927776711858824
1762150763.8532531,-5.8176829322721675,0.8209174714615888,-1.8431301502139612e-08,0.0,25.77692883503933,0.1949371671303593,0.1949371671303593
1762150763.8824391,-5.815283671465597,0.825437020905685,-1.8408407226618804e-12,0.0,25.77390320698503,0.1998168256526387,0.1998168256526387
1762150763.90658,-5.815780677631226,0.8266767246262234,-1.494562178970283e-08,0.0,25.772570747513587,0.2003136275891551,0.2003136275891551
1762150763.9251075,-5.816014536075986,0.8229805474042509,-1.5085927160943136e-08,0.0,25.775797066740804,0.1975817994472393,0.1975817994472393
1762150764.0043406,-5.8146857828548875,0.8252453420433039,-1.3149149050220772e-08,0.0,25.774335907754246,0.2001192537622099,0.2001192537622099
1762150764.0301678,-5.8162783667947675,0.827866454782806,-2.3527171740315192e-07,0.0,25.77128298739219,0.20077443462209732,0.20077443462209732
1762150764.059456,-5.816763908341294,0.8268230396893084,-2.0059591126454076e-08,0.0,25.772011249131936,0.19969837131942209,0.19969837131942209
1762150764.0988576,-5.816528075799628,0.8271205844935684,-1.2275852081867626e-08,0.0,25.77184593722076,0.2000762154420711,0.2000762154420711
1762150764.1185234,-5.819959027731633,0.8259622932082762,-1.500433933794381e-08,0.0,25.771396230599475,0.1967732500265063,0.1967732500265063
1762150764.1425066,-5.818222518642711,0.8290124892757339,-2.542742597925419e-07,0.0,25.769405286151912,0.2001486007991709,0.2001486007991709
1762150764.1632943,-5.817146298133733,0.829376820323948,-1.6325816427282337e-08,0.0,25.769545451091187,0.20118587445879932,0.20118587445879932
1762150764.192855,-5.817425888968489,0.8318788392337504,-1.4368700874500163e-08,0.0,25.76717098239298,0.20271005845122453,0.20271005845122453
1762150764.2186177,-5.819513737133573,0.8324362128159036,-1.486262633937922e-12,0.0,25.765760799657883,0.20156848620735096,0.20156848620735096
1762150764.2377112,-5.817226712238893,0.8279354623043367,-1.4541590205147372e-08,0.0,25.7708082740403,0.20013060409702546,0.20013060409702546
1762150764.2951682,-5.818023239210035,0.8252717493395791,-1.1876378011719552e-08,0.0,25.77286016694779,0.19770677616582488,0.19770677616582488
1762150764.3277478,-5.817682954379303,0.8240238169284856,-2.1058138928581195e-07,0.0,25.7741318538163,0.19709049732818895,0.19709049732818895
1762150764.3570714,-5.817682460319014,0.820797710449001,-1.933724440441115e-07,0.0,25.77703687387836,0.1948544313213636,0.1948544313213636
1762150764.3922198,-5.816025575855206,0.8206941996317632,-1.866075425109184e-07,0.0,25.77785090476541,0.19598723641203852,0.19598723641203852
1762150764.4147716,-5.817710717911035,0.8179071993414058,-1.3091097228848108e-12,0.0,25.779627213473713,0.19282740287553946,0.19282740287553946
1762150764.4336736,-5.814392848738275,0.8179297294262703,-2.0987102470058386e-07,0.0,25.781050369354208,0.1952518489936384,0.1952518489936384
1762150764.4537013,-5.813156721831784,0.8221830916605484,-9.154346406451072e-09,0.0,25.777758395322742,0.19910619472658117,0.19910619472658117
1762150764.4795573,-5.815365182908696,0.8278248338345737,-1.2718895467579611e-08,0.0,25.771717744644636,0.20141134928581167,0.20141134928581167
1762150764.5059462,-5.815202884535579,0.8259077167698899,-1.4617811286733558e-08,0.0,25.773514536108944,0.20020183293872368,0.20020183293872368
1762150764.5252016,-5.815419048154094,0.826121905147788,-8.955656254234675e-09,0.0,25.773227637456916,0.20019279342344204,0.20019279342344204
1762150764.5545342,-5.813939349963533,0.8296097096459717,-1.0566790277544729e-08,0.0,25.770730941999282,0.2036862964814834,0.2036862964814834
1762150764.5851762,-5.813986183318879,0.8283802513457998,-9.5825552728632e-09,0.0,25.77181757853987,0.20280097023852633,0.20280097023852633
1762150764.6140723,-5.813952992060351,0.8357610353477471,-1.058652597679214e-08,0.0,25.765186317395035,0.2079279255576495,0.2079279255576495
1762150764.6566312,-5.813164607344763,0.8337135586199448,-7.184798111418181e-07,0.0,25.76737286491302,0.20708989229352143,0.20708989229352143
1762150764.6745224,-5.813807568769642,0.8307361848259146,-1.537116518746064e-07,0.0,25.769773988698727,0.20456190675877428,0.20456190675877428
1762150764.7069297,-5.814221199529095,0.8258877634570868,-8.979266251642981e-09,0.0,25.773959585172655,0.20090282466745193,0.20090282466745193
1762150764.7271414,-5.811958385971146,0.8232792980946254,-1.0710141651398876e-08,0.0,25.777292701787513,0.20073856071341373,0.20073856071341373
1762150764.7530582,-5.812025684712164,0.8206883729974997,-7.334848942238646e-09,0.0,25.77959630750035,0.19888870066660008,0.19888870066660008
1762150764.7809954,-5.814806407230194,0.8227676801107537,-1.6601499861850816e-07,0.0,25.776514331284734,0.19831288590460824,0.19831288590460824
1762150764.8011398,-5.814713060738971,0.8268476884250782,-8.101345483340528e-09,0.0,25.772881278442277,0.2012098490433724,0.2012098490433724
1762150764.826239,-5.816517052618688,0.8275488176387559,-2.028908513164491e-08,0.0,25.771465149240367,0.20038061192464252,0.20038061192464252
1762150764.8854177,-5.819669854523605,0.8201357246111383,-8.86968658071626e-09,0.0,25.776768312078286,0.19294974526311054,0.19294974526311054
1762150765.0483274,-5.817598680680317,0.8257460730872844,-7.120204192124527e-09,0.0,25.77261778766161,0.19834450695048406,0.19834450695048406
1762150765.0754492,-5.81748378451602,0.8323188190911175,-1.681563040680747e-08,0.0,25.766749634446754,0.20297145459622173,0.20297145459622173
1762150765.1001987,-5.819310448705717,0.8305130470777939,-6.3723331993246114e-09,0.0,25.767580870144904,0.20039038809343773,0.20039038809343773
1762150765.182013,-5.82090949090221,0.8214407532973422,-6.5476280760455806e-09,0.0,25.775053951654336,0.19295177648263007,0.19295177648263007
1762150765.2185123,-5.817978271713696,0.8218570315580008,-7.706793081934072e-09,0.0,25.775954361938233,0.1953738999618086,0.1953738999618086
1762150765.2525585,-5.820839412810593,0.8249564347751178,-6.614524162563014e-09,0.0,25.771918899053134,0.19543568788930427,0.19543568788930427
1762150765.283011,-5.818526851060155,0.8253924344601393,-1.1320327927193665e-08,0.0,25.772532404551704,0.1974232808388873,0.1974232808388873
1762150765.3068907,-5.8223636127352485,0.8193016132972224,-6.2994057353045385e-09,0.0,25.776347428737537,0.1904115007354969,0.1904115007354969
1762150765.3431764,-5.8199243748872735,0.8188976874857595,-7.957373191858441e-09,0.0,25.777772318615128,0.1919060827309021,0.1919060827309021
1762150765.3631077,-5.813587251607351,0.8206337008118616,-3.7526406543251166e-07,0.0,25.77896617351095,0.1977168130807092,0.1977168130807092
1762150765.3899536,-5.811693062227926,0.8223833383151141,-1.0137748129868356e-08,0.0,25.77821485855082,0.2003087306367757,0.2003087306367757
1762150765.4169312,-5.8147687933205185,0.8231814487564189,-1.0826511368961511e-08,0.0,25.776158135545728,0.19862737443564377,0.19862737443564377
1762150765.458421,-5.813753064553808,0.8246396356386679,-6.784018554301672e-13,0.0,25.775287069312558,0.20037797523952502,0.20037797523952502
1762150765.4873455,-5.816556487402167,0.8249173826380982,-5.553804309436741e-09,0.0,25.773817352547898,0.19852988736266866,0.19852988736266866
1762150765.5126727,-5.816470883023926,0.8241358427323066,-6.530895114637238e-13,0.0,25.774558297909913,0.1980506647557266,0.1980506647557266
1762150765.540426,-5.816005150517486,0.8259747700093633,-9.015761521221644e-08,0.0,25.773105134411303,0.1996639376470236,0.1996639376470236
1762150765.5809095,-5.8149419168817715,0.8259144771240859,-6.372060176358107e-09,0.0,25.773621983269482,0.20039656522244986,0.20039656522244986
1762150765.6003573,-5.8135261610684195,0.8248136604847867,-2.2739179751247517e-08,0.0,25.775229090898957,0.20066379064022077,0.20066379064022077
1762150765.6250734,-5.814306599540462,0.8282842274971656,-6.3541369446510275e-09,0.0,25.77176464159593,0.202500962130185,0.202500962130185
1762150765.6498132,-5.813115464869937,0.8236353101333422,-6.004400505604459e-09,0.0,25.776468758206157,0.20014471193139566,0.20014471193139566
1762150765.6749213,-5.815162877294874,0.8210639664292098,-8.411575939385559e-08,0.0,25.777893282399972,0.19687099834389854,0.19687099834389854
1762150765.696096,-5.816868585628906,0.8181589527790178,-5.8629213175594155e-09,0.0,25.77976690364824,0.19361394945522437,0.19361394945522437
1762150765.7292886,-5.818314131025104,0.8195401846126106,-4.261091619218249e-09,0.0,25.77789434855367,0.19352262439360335,0.19352262439360335
1762150765.8987164,-5.820006032841993,0.8246000266748196,-4.5476969524283845e-09,0.0,25.77260237372698,0.1957967986525656,0.1957967986525656
1762150766.1109514,-5.817818318478562,0.8212929025662847,-4.147899194127824e-09,0.0,25.77653189478316,0.19509909468945263,0.19509909468945263
1762150766.3008296,-5.817306000347685,0.8121981044128727,-8.365488086752406e-09,0.0,25.784943788655376,0.1891501589915157,0.1891501589915157
1762150766.5348709,-5.817086261461848,0.8196133165871488,-5.806061839847303e-08,0.0,25.778362685903563,0.1944659028691017,0.1944659028691017
1762150766.6992753,-5.812367765781579,0.8217047982570541,-4.578971071175763e-08,0.0,25.778532289568194,0.19934701047160863,0.19934701047160863
1762150766.8531682,-5.816304906020504,0.8315394437575762,-2.7991067781799003e-13,0.0,25.767964260747046,0.2032945030405705,0.2032945030405705
1762150767.0649915,-5.817860790715634,0.8232987257254271,-2.325378329716237e-09,0.0,25.774707362306245,0.19645865191678452,0.19645865191678452
1762150767.298647,-5.820665510282933,0.8255136741365536,-2.4814947637641164e-09,0.0,25.7714928139348,0.19594779382748073,0.19594779382748073
1762150767.4540563,-5.8144111132028335,0.8214896376353328,-2.997128161615845e-08,0.0,25.777837061233733,0.19771295769777478,0.19771295769777478
1762150767.4738145,-5.814803120243805,0.8247283259934378,-2.7350616983101e-08,0.0,25.774750384284616,0.19967537994480533,0.19967537994480533
1762150767.507264,-5.816962564361559,0.8208299110913103,-2.6159592027268822e-08,0.0,25.777321071644497,0.19540026598142834,0.19540026598142834
1762150767.5261958,-5.81811790046029,0.8234541689984685,-3.2323707269333476e-09,0.0,25.774455544439167,0.19637914196175676,0.19637914196175676
1762150767.5539527,-5.818900921696636,0.8277791757793784,-1.4349410220765284e-09,0.0,25.77022062894298,0.19880117266257763,0.19880117266257763
1762150767.6262913,-5.816994519190399,0.8240151138093995,-4.121822094329983e-09,0.0,25.774439194531237,0.19758576541467698,0.19758576541467698
1762150767.6470346,-5.814948278307733,0.8219245949716597,-1.1302673807068494e-09,0.0,25.777211728923618,0.19762453624099893,0.19762453624099893
1762150767.67428,-5.817663897810031,0.8225835957631891,-9.64472836852173e-09,0.0,25.775436927945503,0.19610636370344908,0.19610636370344908
1762150767.7017212,-5.817328119630209,0.8213637492950255,-2.46596719395005e-09,0.0,25.776681365444208,0.1955048010436053,0.1955048010436053
1762150767.7373774,-5.816342521487581,0.8212115790850424,-2.2939479106951824e-08,0.0,25.777247165788093,0.1961159611688379,0.1961159611688379
1762150767.761225,-5.813877389365455,0.8212899016435857,-1.5730995504425023e-09,0.0,25.778249101744386,0.19796203950636138,0.19796203950636138
1762150767.7796865,-5.816194968491611,0.8206628020889946,-1.2645884063191842e-09,0.0,25.77780548087074,0.19584231345520686,0.19584231345520686
1762150767.8068273,-5.818337520733694,0.818567852302275,-1.168728819071186e-09,0.0,25.778759666531453,0.1928307633111916,0.1928307633111916
1762150767.827197,-5.8160561222255325,0.821602812197039,-5.386618942899406e-09,0.0,25.77701949547652,0.19659571780907428,0.19659571780907428
1762150767.854189,-5.814587048315237,0.8211286891273224,-1.1190951557393123e-09,0.0,25.778085520643035,0.19733441088704823,0.19733441088704823
1762150767.8848233,-5.8141131675814774,0.8196262426427611,-2.9439855813622852e-08,0.0,25.77964449449325,0.19663460837958216,0.19663460837958216
1762150767.9154096,-5.813477442399329,0.8220434619631767,-1.27008776795858e-09,0.0,25.77774458893375,0.19877613936989344,0.19877613936989344
1762150768.066697,-5.814769150582475,0.825396706956965,-2.0862878871637132e-09,0.0,25.774163348693524,0.20016349541208117,0.20016349541208117
1762150768.0886533,-5.813906791225118,0.8227593361723841,-2.3707377167356014e-09,0.0,25.77691322300372,0.19896121352733748,0.19896121352733748
1762150768.112531,-5.814944080622233,0.8246460604657748,-1.784532804824352e-08,0.0,25.77476313170125,0.19951574420701174,0.19951574420701174
1762150768.1318994,-5.814944567331536,0.8239812057363084,-1.1002254508887115e-09,0.0,25.775361559040327,0.1990543243503409,0.1990543243503409
1762150768.1578562,-5.816947963449533,0.8240557851644735,-1.7345932681275455e-08,0.0,25.774422827924333,0.19764784524978207,0.19764784524978207
1762150768.1767945,-5.818194578173022,0.8258472926357686,-8.611912074120231e-10,0.0,25.772267403224834,0.19798024464321212,0.19798024464321212
1762150768.2312093,-5.817046996593711,0.823149614596093,-1.0791645925856586e-09,0.0,25.775195664735435,0.19694771289536236,0.19694771289536236
1762150768.4038029,-5.815665027632545,0.8215349013090307,-8.533225436534955e-10,0.0,25.777250788906894,0.19683294186359435,0.19683294186359435
1762150768.4435828,-5.814880399418115,0.8219585429366221,-2.4396579865231425e-08,0.0,25.77721069275234,0.19769745053390977,0.19769745053390977
1762150768.4667075,-5.81279135485016,0.8207362464520346,-9.363519740160366e-10,0.0,25.779220096449382,0.19836608310537107,0.19836608310537107
1762150768.5074184,-5.810439344352378,0.8172869727759455,-7.493262496262399e-10,0.0,25.783349086994203,0.19767094199635435,0.19767094199635435
1762150768.5393305,-5.8130202964615965,0.8163180230063017,-8.881149851345157e-10,0.0,25.78309868938754,0.1951254158302172,0.1951254158302172
1762150768.5682418,-5.813799319777468,0.8150139962122255,-1.3484121362762474e-08,0.0,25.783933927905487,0.19365245917187235,0.19365245917187235
1762150768.585372,-5.814516512652425,0.8149545303668158,-9.051098528765081e-10,0.0,25.783675455866085,0.19309130027740426,0.19309130027740426
1762150768.6193495,-5.8115278173873595,0.8176321188834267,-9.575405607432387e-10,0.0,25.78256477420631,0.19712259551905975,0.19712259551905975
1762150768.6407764,-5.81566436862392,0.8182981814234332,-7.540999680351832e-10,0.0,25.780165437102752,0.19458514452601766,0.19458514452601766
1762150768.664133,-5.815197678194814,0.8189867346590014,-4.823784864960709e-08,0.0,25.779748493856605,0.19540259931820228,0.19540259931820228
1762150768.6928146,-5.814801134793564,0.8177486978608441,-1.2328323710983435e-08,0.0,25.781035746001372,0.19482965390972426,0.19482965390972426
1762150768.8766966,-5.810484313703306,0.8201320526605989,-6.449235917187052e-10,0.0,25.78076779648707,0.19962015776013448,0.19962015776013448
1762150768.9010584,-5.813448754601964,0.8189528391188668,-8.863995742463008e-10,0.0,25.78053988445102,0.1966486394601717,0.1966486394601717
1762150768.9194844,-5.813533277244202,0.8170350910088531,-7.605232672862289e-14,0.0,25.782229864397628,0.19525282261701754,0.19525282261701754
1762150768.9378319,-5.814429053800438,0.8197049505088485,-5.180800363764199e-10,0.0,25.779436198874514,0.19645994266326589,0.19645994266326589
1762150768.9636858,-5.814120376403541,0.822285941782476,-7.414678938412781e-14,0.0,25.777246549645387,0.19847725725532345,0.19847725725532345
1762150768.984845,-5.810429308409115,0.8244560098153522,-1.1326207857839979e-08,0.0,25.776898410309784,0.20266734898784716,0.20266734898784716
1762150769.048703,-5.813196891207764,0.8278592755395819,-1.000479366849206e-08,0.0,25.772630050473694,0.20301515287463148,0.20301515287463148
1762150769.265499,-5.816332032711759,0.8241618981069975,-5.163048254417491e-10,0.0,25.77459524445708,0.1981698061319963,0.1981698061319963
1762150769.476671,-5.816970402536424,0.8251656390743825,-7.593589405529749e-09,0.0,25.77341374683438,0.19840037596739746,0.19840037596739746
1762150769.66266,-5.816948630710011,0.8284266466320228,-7.4637646958831e-09,0.0,25.770486988432587,0.20067314676553824,0.20067314676553824
1762150769.6927717,-5.8182464840625014,0.8308977171258266,-6.66571022921388e-09,0.0,25.767697389804013,0.20143322270832853,0.20143322270832853
1762150769.891565,-5.81457407592436,0.8178695353802014,-6.143620375032914e-09,0.0,25.78102572536738,0.1950784717711821,0.1950784717711821
1762150769.9138694,-5.8172841468756875,0.8164539299802631,-2.9107604147380515e-10,0.0,25.781121325825982,0.19212727621453562,0.19212727621453562
1762150769.9401255,-5.8151226003694045,0.8174947328588672,-3.338120679699533e-10,0.0,25.781124563672023,0.19441973610003394,0.19441973610003394
1762150769.9602394,-5.816014805000241,0.8243265830412739,-3.938763337619743e-14,0.0,25.774584971394095,0.19851488770505607,0.19851488770505607
1762150769.9829328,-5.817848343890667,0.824107820211393,-3.2759290980892375e-10,0.0,25.77398426390734,0.1970282354843294,0.1970282354843294
1762150770.0210648,-5.817284823315862,0.8281975340457144,-3.791859485027189e-14,0.0,25.77054702183474,0.20026946567326964,0.20026946567326964
1762150770.0516355,-5.820334993720839,0.8299090988665183,-3.744113295423595e-14,0.0,25.767678939371212,0.1992250033634444,0.1992250033634444
1762150770.0755596,-5.816208951431491,0.8286432358879781,-1.2175864455569625e-09,0.0,25.770613768366236,0.20136247208373106,0.20136247208373106
1762150770.0951266,-5.816391884590953,0.8279970509664635,-3.086718377116286e-10,0.0,25.771116011801627,0.2007820254447124,0.2007820254447124
1762150770.117277,-5.81829142825591,0.827515879858573,-3.873721236391506e-10,0.0,25.770722862822183,0.19906382569570089,0.19906382569570089
1762150770.1366432,-5.819243186275293,0.8283146112907737,-2.7622990676412114e-10,0.0,25.76958961715409,0.19892139168058243,0.19892139168058243
1762150770.175011,-5.818658279267563,0.8311467195903373,-3.1697793756556584e-10,0.0,25.76729403463951,0.20130425160351473,0.20130425160351473
1762150770.2059553,-5.818545706627313,0.8300754600819522,-4.755838164582397e-09,0.0,25.768307577791926,0.20064691497870996,0.20064691497870996
1762150770.2254996,-5.817009151578367,0.8277907918999613,-8.218460547145353e-09,0.0,25.77103318608729,0.20018920417021718,0.20018920417021718
1762150770.2533166,-5.817866043274069,0.8267084189170608,-4.581948743687025e-09,0.0,25.771634969506984,0.19881558327446797,0.19881558327446797
1762150770.2776034,-5.816439812101086,0.8252529540366919,-2.7047776733641615e-10,0.0,25.77356596179958,0.1988473348349904,0.1988473348349904
1762150770.3027322,-5.815542402290105,0.8249390335270224,-4.5250202188225004e-09,0.0,25.774239036641696,0.19928330605735117,0.19928330605735117
1762150770.3363507,-5.8172700463067075,0.8234284617170691,-2.8046902720787747e-10,0.0,25.774847551171536,0.19697862799479848,0.19697862799479848
1762150770.3651702,-5.820045694653315,0.8221222674128758,-2.7539199773622616e-10,0.0,25.774816107732942,0.19405277274687296,0.19405277274687296
1762150770.3975596,-5.8197585735873885,0.8278257074662725,-2.4526191049098103e-10,0.0,25.76980560927949,0.1982074202259099,0.1982074202259099
1762150770.4283276,-5.819419045042806,0.824989749007039,-2.263225297871897e-10,0.0,25.77250683505581,0.19649431468548406,0.19649431468548406
1762150770.4636493,-5.818296352736132,0.8255333169796726,-2.375419178557524e-10,0.0,25.772505831620503,0.1976887799455454,0.1976887799455454
1762150770.4836295,-5.817219270502643,0.827229727731743,-9.104805300811649e-10,0.0,25.771446959106626,0.19964783263549143,0.19964783263549143
1762150770.506269,-5.816359539892373,0.825711422407321,-2.0243474473493722e-10,0.0,25.77318807670016,0.19922337353021513,0.19922337353021513
1762150770.523608,-5.813948066853674,0.8264760949711616,-6.752000674332081e-09,0.0,25.77354867466745,0.2015095062672968,0.2015095062672968
1762150770.5483925,-5.8146093240673675,0.8197404796542264,-2.0549046344390926e-10,0.0,25.779325781475478,0.19635372196156253,0.19635372196156253
1762150770.571594,-5.814089597912287,0.8213630129465249,-3.355106008219613e-10,0.0,25.778090950372455,0.1978586426969029,0.1978586426969029
1762150770.6043406,-5.814230680844664,0.8234127819103828,-3.851061876354916e-09,0.0,25.776183948160618,0.19917927717811618,0.19917927717811618
1762150770.6342676,-5.812935279770807,0.825728844829539,-3.6028426033939464e-09,0.0,25.77466211703216,0.20172861013580412,0.20172861013580412
1762150770.6547713,-5.815748815650848,0.8225313184125785,-1.8394500902455501e-10,0.0,25.776317157069833,0.19746347868332098,0.19746347868332098
1762150770.6742268,-5.817130343920522,0.825399827761759,-1.9087019131604922e-10,0.0,25.773133299322758,0.1984460425056786,0.1984460425056786
1762150770.7117536,-5.819068745731808,0.8212437750723771,-2.1947126338940797e-10,0.0,25.776032129914455,0.19415525753873375,0.19415525753873375
1762150770.7332277,-5.8172663285589215,0.8237815873867791,-1.8192688221762776e-10,0.0,25.77453121216528,0.19722604571926333,0.19722604571926333
1762150770.751894,-5.8170175282499885,0.82485516198431,-1.1328711556211768e-09,0.0,25.773672800134094,0.1981510027086344,0.1981510027086344
1762150770.7776804,-5.819668387916517,0.8240382342406627,-2.2363608326932014e-10,0.0,25.773255107658645,0.19565413994781028,0.19565413994781028
1762150770.8611069,-5.815371145705657,0.8283675373802574,-1.714191777325112e-10,0.0,25.77122649708127,0.20178264734078438,0.20178264734078438
1762150771.0632863,-5.810403691374392,0.8266079922264786,-1.9646367218437883e-14,0.0,25.774971897490197,0.20418053161187988,0.20418053161187988
1762150771.102017,-5.810906578623637,0.8293688833879809,-1.4032449113630727e-10,0.0,25.77226719338936,0.20572962333109446,0.20572962333109446
1762150771.1288834,-5.80951239676124,0.8304972846253363,-2.0273529040855575e-10,0.0,25.771857714452235,0.20752733180145208,0.20752733180145208
1762150771.1452942,-5.811505864753264,0.8311066250683549,-1.5527906957224528e-10,0.0,25.770441800634984,0.206496812458206,0.206496812458206
1762150771.269744,-5.813168717126904,0.8273934239216375,-1.325808622255799e-10,0.0,25.77306176315229,0.20271283946942908,0.20271283946942908
1762150771.2958803,-5.815208525169954,0.8261480116877157,-1.3875281175713032e-10,0.0,25.773295719197876,0.20036421794470516,0.20036421794470516
1762150771.45888,-5.817682816210304,0.814409692998662,-1.5254244424921407e-14,0.0,25.782788527277862,0.19041640379145158,0.19041640379145158
1762150771.7481549,-5.81896267702236,0.8186703330762067,-1.1654076621552807e-10,0.0,25.778395417413247,0.19244752928580533,0.19244752928580533
1762150771.9617746,-5.8138704804416905,0.8209051491614485,-9.205441527587328e-11,0.0,25.778598540860756,0.19769973115973105,0.19769973115973105
1762150772.2392902,-5.81580510477646,0.8178657922133068,-1.4227725587893009e-09,0.0,25.780493535478143,0.19418239517246677,0.19418239517246677
1762150772.3711782,-5.813291700425772,0.8292210310321712,-1.3093378300168743e-09,0.0,25.77136267103359,0.20388934846283635,0.20388934846283635
1762150772.4980664,-5.815216275681249,0.8232995304556667,-6.7637163801152e-11,0.0,25.77585713647249,0.19838380087878293,0.19838380087878293
1762150772.6524827,-5.812002432213536,0.8209040126044456,-5.0697664130832604e-11,0.0,25.779412260359884,0.19905555173220957,0.19905555173220957
1762150772.6782813,-5.8152779865034505,0.8244669881856523,-1.0045185256700189e-09,0.0,25.774779103361087,0.19914855564599873,0.19914855564599873
1762150772.9032261,-5.815384426533862,0.8227962391018279,-9.161931834969781e-10,0.0,25.77623714876126,0.19791232023644592,0.19791232023644592
1762150772.9270163,-5.812246163725729,0.8202581255048907,-4.086843806322484e-11,0.0,25.77988778525417,0.19842940431283929,0.19842940431283929
1762150773.0602915,-5.81119189638102,0.8342695444598435,-7.861805193402065e-10,0.0,25.767730481772777,0.20891451499973634,0.20891451499973634
1762150773.0777245,-5.812379358125851,0.8336733640458615,-7.626515308535583e-10,0.0,25.767750679752716,0.20763544909294426,0.20763544909294426
1762150773.1021173,-5.816071461621562,0.8330308349867435,-7.560354000022609e-10,0.0,25.766722963576832,0.20449497697369673,0.20449497697369673
1762150773.133185,-5.813448959199633,0.8339949144954536,-4.264361230725038e-11,0.0,25.766995822897474,0.2070766432851382,0.2070766432851382
1762150773.1533027,-5.816064932837173,0.8323461092940319,-2.7856603118961796e-09,0.0,25.76734233494442,0.2040269400378596,0.2040269400378596
1762150773.1753783,-5.817538360545256,0.8343222404736217,-4.061137622807812e-11,0.0,25.7649219987774,0.20431362110380907,0.20431362110380907
1762150773.2036185,-5.818349858908755,0.8363942515110029,-7.229022775837115e-10,0.0,25.762703304809506,0.2051474899073645,0.2051474899073645
1762150773.2711527,-5.817107806796659,0.8339261452603677,-6.92972775110586e-10,0.0,25.76546595803416,0.2043553185450988,0.2043553185450988
1762150773.2971766,-5.8145622970768045,0.8322109773285065,-3.797933394156976e-11,0.0,25.76811773165478,0.20503091643861562,0.20503091643861562
1762150773.314174,-5.817291091298119,0.8307861562171596,-3.4883569853635864e-11,0.0,25.768213484417572,0.20205398595234203,0.20205398595234203
1762150773.3404806,-5.818955347846416,0.8301614943136352,-5.777080612358297e-11,0.0,25.768051897269917,0.20040712624608276,0.20040712624608276
1762150773.3639412,-5.818763860941069,0.8358459759191506,-3.8713048410459935e-11,0.0,25.763016863382287,0.20446679458340655,0.20446679458340655
1762150773.427726,-5.813833429575646,0.8289752754497742,-4.559856002406517e-11,0.0,25.771348271020084,0.20332432294993447,0.20332432294993447
1762150773.4497666,-5.814005426201756,0.8274094797606625,-4.305313782328797e-15,0.0,25.77268329531199,0.20211453350054379,0.20211453350054379
1762150773.4739802,-5.818607432342239,0.8263132418477255,-6.028258246797887e-10,0.0,25.7716682472382,0.19800162809191335,0.19800162809191335
1762150773.510824,-5.817220280493647,0.8250914654197227,-3.332266090125171e-11,0.0,25.773371823586317,0.19816698028740223,0.19816698028740223
1762150773.5383813,-5.816293179383982,0.8234872980993706,-4.5707667386290264e-11,0.0,25.77521956142163,0.197730445333416,0.197730445333416
1762150773.565327,-5.820088528750162,0.8216112237350829,-2.973266912666774e-09,0.0,25.775257619431812,0.19366760428554047,0.19366760428554047
1762150773.5908778,-5.820520272801878,0.8217490715897443,-1.8825714904267986e-10,0.0,25.77494566976289,0.19344872340451136,0.19344872340451136
1762150773.6230316,-5.818733813612924,0.8201988891931581,-4.814221156228236e-11,0.0,25.777118663797175,0.19367442608752597,0.19367442608752597
1762150773.6422126,-5.8161661148592785,0.8175958227422787,-2.874465824801497e-11,0.0,25.78057955979131,0.19373264799042506,0.19373264799042506
1762150773.6671917,-5.8138884373098545,0.8186761351487766,-5.268502671145783e-10,0.0,25.78059774594704,0.19613707774009886,0.19613707774009886
1762150773.6901832,-5.811910443699702,0.8180725922650103,-2.969964554943173e-11,0.0,25.782001707463703,0.1971519567406001,0.1971519567406001
1762150773.9434443,-5.817592998358448,0.8253587869253141,-4.5659175186827986e-10,0.0,25.772968974483796,0.19808053764974862,0.19808053764974862
1762150774.1354516,-5.814301451329124,0.8217381056011224,-7.936459949634216e-11,0.0,25.77766104772699,0.1979652154783638,0.1979652154783638
1762150774.330829,-5.816449470076768,0.8259195417839493,-2.0985592599267485e-11,0.0,25.772961560586428,0.1993019944041282,0.1993019944041282
1762150774.4664643,-5.820475010455572,0.8247587800551661,-1.7756668269497622e-11,0.0,25.772255402104538,0.19556471482269291,0.19556471482269291
1762150774.490386,-5.817663938272195,0.8231728600820157,-3.167803921348599e-10,0.0,25.774906333307314,0.19651474686533144,0.19651474686533144
1762150774.5101504,-5.818473018191712,0.8219579894528781,-1.718739626593684e-11,0.0,25.77564821893986,0.19508384924565414,0.19508384924565414
1762150774.529457,-5.814531542246621,0.8206856034580886,-3.0807838154449446e-11,0.0,25.778508625535363,0.1970669504180173,0.1970669504180173
1762150774.563059,-5.813650839910481,0.8217246776542476,-3.04135385365838e-10,0.0,25.777956187437688,0.19842869219663933,0.19842869219663933
1762150774.6152618,-5.8165232378395,0.8241487808769546,-1.5750141113397377e-11,0.0,25.77452387131719,0.19802151638823584,0.19802151638823584
1762150774.6386065,-5.815710381504956,0.8245244538980951,-1.797219779726807e-11,0.0,25.774539247046285,0.19887365364224616,0.19887365364224616
1762150774.9097576,-5.8127736953559745,0.827136450744016,-1.2624807107141204e-10,0.0,25.773464997895168,0.2028223612910391,0.2028223612910391
1762150775.082373,-5.816699238039378,0.8221136446497956,-1.3227190462592394e-11,0.0,25.776279750812854,0.19648240389504867,0.19648240389504867
1762150775.3317728,-5.818465561965538,0.8217220047026791,-8.943564084718426e-11,0.0,25.775863944825737,0.19492569991611086,0.19492569991611086
1762150775.5062487,-5.815124208767272,0.8262945739417706,-1.6414702149066687e-10,0.0,25.77320043561832,0.20052717213507576,0.20052717213507576
1762150775.7249737,-5.817187466681326,0.8246648419285104,-1.0301892759201759e-15,0.0,25.773770233549964,0.1978953982451792,0.1978953982451792
1762150775.9303699,-5.817665218115519,0.8220671689026458,-1.5221710368355707e-10,0.0,25.775901347307496,0.19574738489594473,0.19574738489594473
1762150776.1787422,-5.819036113247833,0.8206119351088395,-5.442702820193744e-12,0.0,25.77661523910157,0.1937409693216139,0.1937409693216139
1762150776.325545,-5.81968616557247,0.8202244559905364,-1.0211334725021893e-10,0.0,25.776681321688784,0.19299939634521734,0.19299939634521734
1762150776.563208,-5.818979801879593,0.8189692196145102,-3.121901844349846e-10,0.0,25.778118848042872,0.19264248892396277,0.19264248892396277
1762150776.7361534,-5.817593023840269,0.8227185568649795,-8.582078303238447e-11,0.0,25.775346241968148,0.19625149773985462,0.19625149773985462
1762150776.8685253,-5.817928371246145,0.8259139891394611,-5.219168832677351e-12,0.0,25.772323162876898,0.19822044139224,0.19822044139224
1762150777.0353005,-5.813409636520585,0.8246390892202271,-6.667068632978588e-11,0.0,25.775436969999394,0.20062744442610525,0.20062744442610525
1762150777.1547778,-5.815692467060998,0.8139442674562238,-3.1927718767982917e-12,0.0,25.78407350242244,0.19153545514321635,0.19153545514321635
1762150777.1744409,-5.817080659600866,0.8159888283043136,-6.116087423621678e-11,0.0,25.781628633422148,0.1919515801991568,0.1919515801991568
1762150777.2099743,-5.818431187048804,0.8155009978741476,-5.689422803956795e-11,0.0,25.781480330556363,0.1906323109812902,0.1906323109812902
1762150777.2358017,-5.817650159341848,0.8162528213225548,-2.8909944932499697e-12,0.0,25.78114317116899,0.19172180802677782,0.19172180802677782
1762150777.2542045,-5.814315100333147,0.81384450159775,-3.8924943536858645e-16,0.0,25.784762556873126,0.19246390995975232,0.19246390995975232
1762150777.30834,-5.812645647681423,0.8139011071264206,-5.8602597916036145e-12,0.0,25.785437885868898,0.19371237333072863,0.19371237333072863
1762150777.3354075,-5.808645475738811,0.8158864380641772,-2.9921133668834795e-12,0.0,25.785390560855994,0.19799307317958154,0.19799307317958154
1762150777.446142,-5.813568201840743,0.8182159881420367,-8.06580266970201e-12,0.0,25.78115138374171,0.19604934922025707,0.19604934922025707
1762150777.4736097,-5.812168300046029,0.8171027325876846,-2.9502231972245176e-12,0.0,25.782762794137266,0.1962895662739241,0.1962895662739241
1762150777.507474,-5.816409234084482,0.8203580334577106,-9.476396638327052e-12,0.0,25.7779866798793,0.19547499137038427,0.19547499137038427
1762150777.6916287,-5.816555510546032,0.8234034377624602,-4.2604659069849355e-11,0.0,25.775180942340395,0.19748138426637077,0.19748138426637077
1762150777.918969,-5.819809373777801,0.824681954579492,-2.0165537593574743e-12,0.0,25.772614162073626,0.19599683353033132,0.19599683353033132
1762150778.229117,-5.814504337062896,0.8213726478778705,-3.2038788995310247e-11,0.0,25.777901842366894,0.19756395780643943,0.19756395780643943
1762150778.3761334,-5.815214722569229,0.8251791962664744,-1.6046938373806567e-12,0.0,25.77416535007849,0.19968833383264678,0.19968833383264678
1762150778.5960133,-5.813726974586229,0.8250836772333937,-1.6095467317645737e-12,0.0,25.774898602131532,0.20070498378505344,0.20070498378505344
1762150778.821182,-5.814192369550859,0.8298676627968915,-1.4499712543074203e-16,0.0,25.7703886030661,0.2036803139073135,0.2036803139073135
1762150779.0336728,-5.818764855025781,0.820995113073871,-2.1187730972277006e-12,0.0,25.77638823456771,0.19420399411501182,0.19420399411501182
1762150779.3585706,-5.81639368600724,0.8216525481501809,-7.859784378373095e-13,0.0,25.77682785549341,0.19638476039653557,0.19638476039653557
1762150779.6222527,-5.81272852282543,0.8279881274070747,-7.667915959674875e-13,0.0,25.7727177956042,0.20344559756785474,0.20344559756785474
1762150779.9221907,-5.811983630311185,0.8258255369087375,-5.77531783872075e-13,0.0,25.774989070910607,0.20248812495560448,0.20248812495560448
1762150780.0758774,-5.815470991046397,0.817794425717789,-9.298374557176619e-12,0.0,25.78070315077976,0.19437530450366972,0.19437530450366972
1762150780.2746181,-5.82087304731199,0.8213640127815832,-4.213605340411281e-13,0.0,25.775138904081196,0.19292516673201224,0.19292516673201224
1762150780.5305903,-5.8152576681448735,0.8231257797553142,-5.084461162781157e-13,0.0,25.775995574787935,0.19823315333930552,0.19823315333930552
1762150780.8207815,-5.813370017041679,0.8182286237626304,-1.445655928551526e-12,0.0,25.78122622703813,0.19620192739822082,0.19620192739822082
1762150781.0285501,-5.818301114584741,0.8148873727731055,-5.026258900967597e-12,0.0,25.782089430329755,0.19030009481561488,0.19030009481561488
1762150781.3836155,-5.813558873080874,0.8215927614089994,-2.4886123453094724e-13,0.0,25.778114975851167,0.19840387118506358,0.19840387118506358
1762150781.552817,-5.813083606319193,0.8209271934965381,-2.2250284747675016e-13,0.0,25.778921022338867,0.19828659246999442,0.19828659246999442
1762150781.626724,-5.8158426634499225,0.8325622006321719,-4.205257557246698e-12,0.0,25.76724446354691,0.20433853798109347,0.20433853798109347
1762150781.7998035,-5.8130291214527965,0.8278785908102602,-3.4779208149990676e-12,0.0,25.772685647280646,0.20315074158859214,0.20315074158859214
1762150782.0630498,-5.816637737328119,0.8302140566228976,-1.869702474068232e-17,0.0,25.769012848492817,0.20213572081675935,0.20213572081675935
1762150782.2015765,-5.813717638212405,0.8264680562384019,-1.3375668850270255e-13,0.0,25.773656160986246,0.20167171747330276,0.20167171747330276
1762150782.2380962,-5.816503930948122,0.8269461311023826,-1.212834648004476e-13,0.0,25.77201352031365,0.19997306703356377,0.19997306703356377
1762150782.3677163,-5.819365461719762,0.8266376963979128,-1.2198259585728435e-13,0.0,25.771046325072977,0.19767317494296466,0.19767317494296466
1762150782.3893764,-5.820013099807088,0.82812264803521,-2.206242326339699e-12,0.0,25.769427510385537,0.19822675270842477,0.19822675270842477
1762150782.4346187,-5.818894548088364,0.8269386706633893,-1.487491816617379e-17,0.0,25.770980197503818,0.1982247731466991,0.1982247731466991
1762150782.4592886,-5.816705103157146,0.8272939079784019,-1.4508593054610405e-17,0.0,25.771612859824288,0.20006711483108625,0.20006711483108625
1762150782.4971297,-5.815569047744774,0.8273347803705965,-2.1890803577408103e-12,0.0,25.772070300057983,0.2009234966372188,0.2009234966372188
1762150782.5277245,-5.816607448469026,0.8272365984526084,-2.0805103802627393e-12,0.0,25.771706946419915,0.20009864688200446,0.20009864688200446
1762150782.5551522,-5.817649789738885,0.8244860071989174,-2.105947129357986e-12,0.0,25.77373012330471,0.19743479293912355,0.19743479293912355
1762150782.5984366,-5.817366523695814,0.8232568407900064,-1.3452899082748553e-17,0.0,25.774960107078087,0.1967894544585937,0.1967894544585937
1762150782.647487,-5.818303609354356,0.8213968963111825,-2.1890503099702337e-12,0.0,25.776227131956325,0.19481815495292745,0.19481815495292745
1762150782.6694303,-5.815565689344595,0.8208389767239694,-1.2790512180331733e-17,0.0,25.77792062068429,0.19642201198832726,0.19642201198832726
1762150782.7469566,-5.817261235037291,0.8193710465521169,-7.349646661669529e-13,0.0,25.778504704840046,0.19417053890450076,0.19417053890450076
1762150783.0168176,-5.818904151896165,0.8257102116850517,-1.4577125344104478e-12,0.0,25.77208213099882,0.19736812595530617,0.19736812595530617
1762150783.0507925,-5.819058151610155,0.822127019730751,-1.4725267878555913e-12,0.0,25.77524146024682,0.19477508029115748,0.19477508029115748
1762150783.0892112,-5.823978221147317,0.8225760546124867,-7.10802674823806e-14,0.0,25.772696665741883,0.19150108135231175,0.19150108135231175
1762150783.2243164,-5.813314492965536,0.8197646839920103,-6.746799457939725e-14,0.0,25.779867305235598,0.1973107197294575,0.1973107197294575
1762150783.410628,-5.818766601449681,0.8261384363802871,-1.7256277997186188e-13,0.0,25.771756396432554,0.1977646504749488,0.1977646504749488
1762150783.7007625,-5.820874368259286,0.8255545747675456,-9.462931442271301e-13,0.0,25.771365122908897,0.19582372446014937,0.19582372446014937
1762150783.8894436,-5.816914780460751,0.8106911144631259,-5.377583222590271e-14,0.0,25.786470891789126,0.18838352907541606,0.18838352907541606
1762150784.3554988,-5.812879299869316,0.8220620292086311,-3.333173226868318e-14,0.0,25.777988093347073,0.19922366404571307,0.19922366404571307
1762150784.558419,-5.814740397892338,0.8239190481299253,-4.3898611563251406e-14,0.0,25.775506350218556,0.19915976074833913,0.19915976074833913
1762150784.7647898,-5.813102059235734,0.8240545367494335,-2.9804780625814344e-14,0.0,25.776097116245708,0.20044548469452317,0.20044548469452317
1762150784.9857137,-5.814754708797845,0.8253650645601162,-2.612689634008456e-13,0.0,25.774198122604467,0.2001520743756111,0.2001520743756111
1762150785.1867652,-5.817014546699927,0.8152724517133046,-3.6836213378169736e-13,0.0,25.782302425569345,0.19150130889738054,0.19150130889738054
1762150785.2219667,-5.816092114698871,0.8131979984193425,-2.534034263534178e-18,0.0,25.784571580342565,0.1907260996423726,0.1907260996423726
1762150785.2531223,-5.818509625112529,0.8142877110523455,-1.7194748541032055e-14,0.0,25.782538656545285,0.1897318138471778,0.1897318138471778
1762150785.2812326,-5.815470863030563,0.8152100816590352,-1.5865583783121655e-14,0.0,25.78303016496111,0.1925774304559945,0.1925774304559945
1762150785.3687363,-5.813445880168206,0.8148724153817212,-1.8001810620130485e-14,0.0,25.784215172346414,0.19380989703307294,0.19380989703307294
1762150785.4223118,-5.812221717741721,0.8163985740247423,-1.660718645894519e-14,0.0,25.78337358320226,0.19576030464773678,0.19576030464773678
1762150785.4495635,-5.807940368443647,0.8190357726876897,-3.2032340893535294e-13,0.0,25.7828616391541,0.2007006846310041,0.2007006846310041
1762150785.4972708,-5.814695665002249,0.8161620585820024,-1.5453713736462066e-14,0.0,25.782510250008798,0.19380218184789733,0.19380218184789733
1762150785.525111,-5.813792696210869,0.8175334752070894,-2.926484610325274e-14,0.0,25.78166825588888,0.19541156393530862,0.19541156393530862
1762150785.6318276,-5.814442331964548,0.8153464105698656,-2.668098866870658e-14,0.0,25.78335487701989,0.19341798252545567,0.19341798252545567
1762150785.8373857,-5.819620301280853,0.8161264982283979,-1.3997360761502443e-14,0.0,25.78039980111955,0.19020360149983334,0.19020360149983334
1762150786.2231684,-5.813252253866981,0.8194334728508271,-1.1261281711050563e-14,0.0,25.78019260686031,0.19712556021527688,0.19712556021527688
1762150786.4259715,-5.814677875387639,0.8192209505280097,-9.998840605676631e-15,0.0,25.77976374521947,0.1959428371100139,0.1959428371100139
1762150786.629353,-5.815541499024494,0.817116912026201,-7.241755409259337e-15,0.0,25.781282513503516,0.19385298081855487,0.19385298081855487
1762150786.665498,-5.815807697586224,0.8142994548405987,-1.0183716949001242e-14,0.0,25.783703558478333,0.19169927317453203,0.19169927317453203
1762150786.8799703,-5.816098944225751,0.8215402236139997,-6.2595780317722054e-15,0.0,25.7770572208509,0.19652114531720954,0.19652114531720954
1762150787.0571058,-5.811581831093901,0.8237587344866141,-5.9981864070332034e-15,0.0,25.777024835012448,0.2013452931219189,0.2013452931219189
1762150787.2331176,-5.812291963660968,0.826400104763516,-7.152827620582134e-19,0.0,25.774337585944124,0.2026623991284517,0.2026623991284517
1762150787.4517264,-5.8147058979597315,0.8216234130353179,-4.358835255293031e-15,0.0,25.777588362696665,0.19759161359992605,0.19759161359992605
1762150787.6509922,-5.8146793742742275,0.8299460996743346,-8.888381516359185e-14,0.0,25.77010610618102,0.2033793935334544,0.2033793935334544
1762150787.677323,-5.815399948455026,0.8264008786442569,-5.109646332841575e-15,0.0,25.772984757432987,0.20039996062152787,0.20039996062152787
1762150787.899193,-5.820372132043876,0.8267392342035378,-3.3157833302186133e-15,0.0,25.770516946969416,0.19700892494656913,0.19700892494656913
1762150788.1488488,-5.815134938352606,0.8265334072284326,-3.555139891445322e-15,0.0,25.772980720815596,0.20068481387399834,0.20068481387399834
1762150788.280943,-5.816460268182565,0.8244528214909906,-2.406915299693046e-13,0.0,25.774277506380546,0.19827806552228538,0.19827806552228538
1762150788.302988,-5.819235651336551,0.8265299641861837,-4.583543321990237e-15,0.0,25.771199801914943,0.19769337049463984,0.19769337049463984
1762150788.3202913,-5.817447028207206,0.8246462896369648,-2.6714777364620722e-15,0.0,25.773674015655978,0.19769349341903586,0.19769349341903586
1762150788.341086,-5.819814396671307,0.8217013571674854,-3.146166537872859e-15,0.0,25.775295724181163,0.19392962191054863,0.19392962191054863
1762150788.4725955,-5.8163957274175795,0.8224121574267643,-8.395934948616056e-15,0.0,25.776143010745738,0.1969102480353947,0.1969102480353947
1762150788.4935148,-5.8203800809012485,0.8207555560253054,-3.2053386092340938e-15,0.0,25.77590122759918,0.1928625448079233,0.1928625448079233
1762150788.5222864,-5.818743575473898,0.8198396646632694,-3.1437193613465026e-19,0.0,25.777437864755647,0.19341815423583164,0.19341815423583164
1762150788.5408874,-5.8208254333784275,0.8201309075596335,-3.1989628164253988e-15,0.0,25.77626991371322,0.19210557414232832,0.19210557414232832
1762150788.563558,-5.8223286258237374,0.8228676433143793,-2.217473661311835e-15,0.0,25.773151775566475,0.1929053903158609,0.1929053903158609
1762150788.5828903,-5.819454973696578,0.8235820782662087,-2.5397979584749263e-15,0.0,25.773758679219725,0.19549387772562665,0.19549387772562665
1762150788.6506946,-5.817055099959649,0.8310095423524522,-2.1925881835561794e-15,0.0,25.768115014489858,0.20238062165305515,0.20238062165305515
1762150788.6736107,-5.81892276151125,0.8303661497035802,-2.4671454290154035e-14,0.0,25.767881801076964,0.2005722196096174,0.2005722196096174
1762150788.8632767,-5.81763253204699,0.8212612086441623,-2.2638521443089897e-15,0.0,25.77664125873738,0.19521225616091287,0.19521225616091287
1762150788.883262,-5.818954468555507,0.8219956135602999,-4.7540867403162296e-15,0.0,25.775404886540684,0.19475950058939268,0.19475950058939268
1762150788.910307,-5.8163319094451085,0.8230043529171162,-2.4715960795474e-19,0.0,25.775637558535564,0.1973673911745672,0.1973673911745672
1762150788.935678,-5.816678532681001,0.8258703312835027,-1.8900002186789064e-15,0.0,25.77290621610735,0.19910102734994645,0.19910102734994645
1762150788.9631908,-5.81644849499712,0.8253887621148875,-2.3794459699359906e-19,0.0,25.77343990191052,0.19893508571314328,0.19893508571314328
1762150788.9804797,-5.816927694515674,0.8253044599947709,-2.350223331589643e-19,0.0,25.773307331831234,0.19852763124801248,0.19852763124801248
1762150789.010969,-5.814173181151548,0.8236224985147558,-2.4240256378617764e-15,0.0,25.776020133400408,0.1993666317336056,0.1993666317336056
1762150789.0701222,-5.811576351192003,0.8234694350075099,-3.5293255536370828e-15,0.0,25.777287705989956,0.20114828871964555,0.20114828871964555
1762150789.091502,-5.81546892049372,0.8228310857263218,-2.099255811464808e-15,0.0,25.776169013480384,0.19787503869683734,0.19787503869683734
1762150789.1198077,-5.814289847041141,0.8223875711658827,-2.1500286961638327e-19,0.0,25.777081313594767,0.19842462504103062,0.19842462504103062
1762150789.141416,-5.812229564389705,0.824927753805521,-3.007762692155255e-14,0.0,25.775690446209587,0.2016861427760187,0.2016861427760187
1762150789.1635659,-5.813080753836978,0.8231534861351993,-2.9432406014708e-14,0.0,25.77691769641634,0.19983539954377408,0.19983539954377408
1762150789.1829522,-5.813072664107501,0.8254729595217828,-1.8771634847347002e-15,0.0,25.774832748473376,0.20145113512566531,0.20145113512566531
1762150789.2078118,-5.816239526757351,0.8194163479461326,-2.93301334084087e-14,0.0,25.778908410347242,0.1949443848784425,0.1949443848784425
1762150789.231578,-5.813626527547098,0.8209319384406195,-2.8357541121103796e-14,0.0,25.77868055157326,0.19789555565322445,0.19789555565322445
1762150789.2474396,-5.81226223571506,0.8179936537377404,-1.818907753426058e-15,0.0,25.78191973672804,0.1968418918918861,0.1968418918918861
1762150789.2665205,-5.815036679829003,0.8162594317263351,-2.7250519043312965e-14,0.0,25.782274215840058,0.19362264339022595,0.19362264339022595
1762150789.4654615,-5.815780365406636,0.8236219723784626,-1.7341171387795844e-19,0.0,25.77532140011658,0.19819701743089715,0.19819701743089715
1762150789.49735,-5.816782078230387,0.8242973088847082,-1.7118220950231175e-19,0.0,25.774277527076105,0.19793598795760187,0.19793598795760187
1762150789.5186245,-5.815080179401707,0.8242521923398906,-2.3972915608904554e-14,0.0,25.77505856296086,0.1991435784174756,0.1991435784174756
1762150789.5383396,-5.813565216133725,0.8239984904942385,-3.2806189069246094e-15,0.0,25.775946083777725,0.20006974557176346,0.20006974557176346
1762150789.5661805,-5.815074936043482,0.8247578254984791,-2.0137114344233138e-15,0.0,25.77460556903894,0.19949799196360335,0.19949799196360335
1762150789.6982622,-5.814330175696389,0.8265590868019516,-2.098269098146766e-14,0.0,25.77330771152719,0.2012887646252412,0.2012887646252412
1762150789.716987,-5.81205256570857,0.828025286223413,-2.2612415940888516e-15,0.0,25.7729784133676,0.20396364212518878,0.20396364212518878
1762150789.8980403,-5.815303474842956,0.8257032837379443,-1.8652939168080017e-14,0.0,25.77365484689746,0.19998692132029208,0.19998692132029208
1762150789.9226327,-5.816652212850602,0.8271560709739338,-1.8408310910075182e-14,0.0,25.771759979045886,0.20001028380448888,0.20001028380448888
1762150789.9443753,-5.817200940442929,0.8313932103302202,-2.082353586956456e-14,0.0,25.767706109562074,0.20253908629594222,0.20253908629594222
1762150790.0745656,-5.818269763763269,0.825867885796806,-2.0150216540988285e-14,0.0,25.772216151460665,0.19793968901645553,0.19793968901645553
1762150790.0975373,-5.816498379548429,0.8243374900806393,-9.971553500963058e-16,0.0,25.77436477107066,0.19817039409460863,0.19817039409460863
1762150790.1232839,-5.818679167208727,0.8276505303953962,-1.1424841802774767e-19,0.0,25.770432936496537,0.19887405044907608,0.19887405044907608
1762150790.1472168,-5.818471675643909,0.8295992392011392,-4.081983311748485e-15,0.0,25.768768577103913,0.20037207360845755,0.20037207360845755
1762150790.168815,-5.818034107705343,0.8285678849938707,-9.962103259072958e-16,0.0,25.769887578799928,0.19997884284189119,0.19997884284189119
1762150790.2259598,-5.817257520547253,0.8289500604371506,-7.73233551425694e-16,0.0,25.769881320770853,0.20080970617135563,0.20080970617135563
1762150790.250877,-5.817884128666591,0.8277410193141495,-1.674858201489346e-14,0.0,25.77069734201011,0.19951661172881444,0.19951661172881444
1762150790.277203,-5.8151315862352595,0.8260847875386337,-1.8250869563807518e-14,0.0,25.773386118946874,0.2003764496566034,0.2003764496566034
1762150790.3030362,-5.814638399127424,0.8242769790571567,-1.4783584710275146e-14,0.0,25.775228441779184,0.19948224582912732,0.19948224582912732
1762150790.3333454,-5.817882907249782,0.8230473767517757,-1.4940574433133245e-14,0.0,25.774924056571514,0.19626838230130936,0.19626838230130936
1762150790.3736515,-5.816996550524744,0.8258399974679339,-2.0156017014650555e-15,0.0,25.77279517489042,0.19884830813087506,0.19884830813087506
1762150790.3952873,-5.818806468516416,0.8288493580088594,-1.492794629319844e-14,0.0,25.769298122556464,0.19960962907983895,0.19960962907983895
1762150790.4242973,-5.818256925336722,0.8275457220078324,-8.196427395342038e-16,0.0,25.77071100330406,0.1991096288246474,0.1991096288246474
1762150790.4473963,-5.8172005467063155,0.825007211045691,-5.429948171642729e-14,0.0,25.773456271919617,0.19812300476928124,0.19812300476928124
1762150790.4686816,-5.8197074335572125,0.8230215766945616,-1.2844322096553942e-14,0.0,25.774153525209684,0.19492189990075404,0.19492189990075404
1762150790.4918175,-5.816325411781702,0.8216165602031019,-1.2756768197381301e-14,0.0,25.776889962017155,0.19640943922875456,0.19640943922875456
1762150790.5211136,-5.816371746835663,0.8192961002755194,-6.687388868784096e-16,0.0,25.778959159583053,0.1947648038634584,0.1947648038634584
1762150790.5435784,-5.818080336342423,0.8224894484172666,-1.7032163884995581e-15,0.0,25.775340526791034,0.195738009609665,0.195738009609665
1762150790.5644934,-5.814875760038521,0.8229768966652474,-1.2048519260602618e-14,0.0,25.77629577947243,0.19840763699855626,0.19840763699855626
1762150790.580264,-5.814517384679959,0.8270116476098451,-1.6474976973246536e-15,0.0,25.77281877768778,0.2014659763035953,0.2014659763035953
1762150790.6128278,-5.8138367362783265,0.8303503461355366,-5.938647106591462e-16,0.0,25.770108710757512,0.20427367658475679,0.20427367658475679
1762150790.6373253,-5.817540757951586,0.8303735117649343,-2.5030749373963182e-15,0.0,25.768476414180842,0.20158663796071458,0.20158663796071458
1762150790.6661425,-5.815539186712856,0.8275704853340696,-7.427421393644627e-16,0.0,25.7718710610019,0.20110844280333856,0.20110844280333856
1762150790.6876233,-5.815959655679932,0.8274673283055849,-1.1450199785381437e-14,0.0,25.77178101877385,0.2007305568235731,0.2007305568235731
1762150790.7069051,-5.818245361169637,0.82388631043696,-1.8763761215594513e-14,0.0,25.774010989862088,0.19658565567110475,0.19658565567110475
1762150790.9005783,-5.8149047068832065,0.8229466101192902,-4.872911670515832e-16,0.0,25.776310456303367,0.19836556783355713,0.19836556783355713
1762150791.053526,-5.812712197387229,0.8258718204804937,-5.580149302753994e-16,0.0,25.77463043312134,0.20199012607506453,0.20199012607506453
1762150791.0779073,-5.8144279891002215,0.822792677571723,-8.730000004188318e-15,0.0,25.776656454587787,0.19860541127059486,0.19860541127059486
1762150791.1026807,-5.814925336260473,0.822193304307019,-8.951740481573597e-15,0.0,25.7769797624275,0.19782774884104554,0.19782774884104554
1762150791.1251154,-5.815679576767255,0.8208861357421383,-6.069576206105014e-20,0.0,25.777828611598615,0.1963719817705141,0.1963719817705141
1762150791.1526585,-5.816649385519067,0.8213515680080287,-8.326605561461904e-15,0.0,25.77698761745886,0.1959899734075624,0.1959899734075624
1762150791.1703403,-5.817800317944584,0.8184950444071223,-4.883955103492773e-16,0.0,25.77905893376365,0.19317056861938356,0.19317056861938356
1762150791.192758,-5.820999844847646,0.8181492042225564,-8.087355591360545e-15,0.0,25.777978373101277,0.19060489516623352,0.19060489516623352
1762150791.2165198,-5.818491752797171,0.8178648183952943,-4.362795779511796e-16,0.0,25.779325583564233,0.192230583247908,0.192230583247908
1762150791.2485847,-5.8159904115666885,0.820640782846906,-8.211643802730077e-16,0.0,25.777914299807303,0.19597570890270438,0.19597570890270438
1762150791.2764416,-5.818844538895766,0.8193620781152144,-7.791709360616953e-15,0.0,25.77782396224199,0.19301341357826074,0.19301341357826074
1762150791.3104055,-5.818983979658296,0.816350067038692,-9.145496490394403e-15,0.0,25.780475330776376,0.1908210071453219,0.1908210071453219
1762150791.33239,-5.8211819969649214,0.8190834615011323,-7.545090280855354e-15,0.0,25.777057916940084,0.1911201717256822,0.1911201717256822
1762150791.3551784,-5.822372314216009,0.8200831597309298,-4.953536014397595e-16,0.0,25.775639934175544,0.19094648402770653,0.19094648402770653
1762150791.375656,-5.818138865850592,0.8213377488439716,-3.294423310122882e-14,0.0,25.776352060497413,0.194897002416746,0.194897002416746
1762150791.418035,-5.8182285990773535,0.8242575678848708,-4.666930479053127e-16,0.0,25.77368399985114,0.19685497628178786,0.19685497628178786
1762150791.4541748,-5.819087329535311,0.8255058552480059,-3.7050856468335177e-16,0.0,25.77218644312457,0.19709320333288022,0.19709320333288022
1762150791.4929981,-5.81983228716473,0.8226485912193723,-3.6590419167454095e-16,0.0,25.77443504583124,0.19457268758483504,0.19457268758483504
1762150791.5204995,-5.821520848597792,0.8226599149500974,-3.7794579058616416e-16,0.0,25.7736902396402,0.19335040485584995,0.19335040485584995
1762150791.5412202,-5.820227294033044,0.8146351202526302,-7.192847737951537e-15,0.0,25.78147857379432,0.18872681480292208,0.18872681480292208
1762150791.56472,-5.822756935437406,0.8131857847597594,-4.0750191951294566e-16,0.0,25.781683041069556,0.1858834992012539,0.1858834992012539
1762150791.5890138,-5.818493734839808,0.8148465295064238,-9.116743473377048e-16,0.0,25.782042406222757,0.1901319310829176,0.1901319310829176
1762150791.6138082,-5.818217629212133,0.8169033937256135,-4.178068901196311e-16,0.0,25.78031051367654,0.19176192357782196,0.19176192357782196
1762150791.6331408,-5.8173349439237745,0.8165920143333214,-4.2994616973286745e-16,0.0,25.780974894564324,0.1921863935871922,0.1921863935871922
1762150791.653956,-5.818289902413548,0.8152210684406407,-3.341748408232472e-16,0.0,25.781793846666904,0.19054024618114318,0.19054024618114318
1762150791.6790788,-5.815611782967613,0.8165176802829519,-3.769607419221688e-16,0.0,25.7817914881703,0.1933851675575965,0.1933851675575965
1762150791.705324,-5.816372782369857,0.8142183647477448,-3.4235857346775367e-16,0.0,25.78353073180568,0.1912331914027365,0.1912331914027365
1762150791.7340639,-5.817812613384429,0.8132389688369828,-5.436844227713758e-16,0.0,25.783786185769735,0.18950765931000946,0.18950765931000946
1762150791.7631667,-5.814857254731774,0.8156396317383912,-4.484209243323253e-16,0.0,25.78291034642711,0.19332134689320601,0.19332134689320601
1762150791.7916365,-5.814756513057353,0.8189160905321431,-3.2394842567819817e-16,0.0,25.780004031548618,0.1956738135311113,0.1956738135311113
1762150791.8323102,-5.815365497585474,0.821383391507453,-5.019277634713735e-16,0.0,25.777517520045706,0.19694551471790891,0.19694551471790891
1762150791.8669667,-5.815964307598449,0.8222372376258462,-3.633848830921206e-16,0.0,25.77648819915395,0.19710271180253783,0.19710271180253783
1762150791.894572,-5.819940402011836,0.8185998129283842,-5.386328550466114e-15,0.0,25.77803355399114,0.19168780426618037,0.19168780426618037
1762150791.9130757,-5.81373412256805,0.8192432759191898,-5.245986141286956e-15,0.0,25.780154223857583,0.19664351537171748,0.19664351537171748
1762150791.9426162,-5.817007731664677,0.8161342397467982,-3.014222333253445e-16,0.0,25.781529431477008,0.192105615420436,0.192105615420436
1762150791.9772232,-5.818154338097398,0.8171745317800021,-5.101750170085834e-15,0.0,25.78009391424733,0.1919962519151754,0.1919962519151754
1762150792.0810227,-5.817718122427503,0.8277910993099633,-2.776409885461737e-16,0.0,25.770724470859584,0.19967233382281493,0.19967233382281493
1762150792.1895754,-5.817923661006857,0.8314832462732633,-4.533402831313056e-15,0.0,25.767310620412694,0.20207328700186838,0.20207328700186838
1762150792.2230625,-5.8187839885767145,0.8314356143423208,-4.2706855325318775e-15,0.0,25.76697922216409,0.20141176353822615,0.20141176353822615
1762150792.2523165,-5.817225638492247,0.8332778584188397,-2.1380823519010524e-16,0.0,25.765998416503628,0.2038219364976984,0.2038219364976984
1762150792.2793643,-5.815021673257784,0.8332445561271908,-4.253053778830946e-15,0.0,25.766987239227305,0.2054095261998291,0.2054095261998291
1762150792.2992337,-5.8167789987259955,0.8325105193488117,-7.120160240439016e-16,0.0,25.766883644134882,0.20361878502894148,0.20361878502894148
1762150792.3173492,-5.812858452507116,0.8321675180236926,-2.841706792984943e-20,0.0,25.768898121847407,0.2062444738692894,0.2062444738692894
1762150792.338782,-5.814243902738386,0.8303423098582554,-3.0125377783857074e-16,0.0,25.76993880851757,0.20397113599784195,0.20397113599784195
1762150792.36451,-5.812614858864025,0.8295031792157792,-2.7705319208366116e-20,0.0,25.771403083718077,0.2045780466431078,0.2045780466431078
1762150792.4293869,-5.818208992054363,0.8280637168073329,-1.4062463654088475e-15,0.0,25.770265451180048,0.19950272745800107,0.19950272745800107
1762150792.4531798,-5.819287359271111,0.8272470134305547,-7.719607380805733e-16,0.0,25.770531671000885,0.1981513781064969,0.1981513781064969
1762150792.7243748,-5.816490399391061,0.817129023628221,-1.735724639061824e-16,0.0,25.7808587881504,0.19317273632576554,0.19317273632576554
1762150792.8615198,-5.817226691340828,0.8205254648813013,-2.019422171960561e-20,0.0,25.77748028810007,0.19499695478319964,0.19499695478319964
1762150793.1017148,-5.814116449025825,0.8207317918043232,-2.1417520121754714e-16,0.0,25.778647623974244,0.1974005943858212,0.1974005943858212
1762150793.2977085,-5.821735480331787,0.8203665089714757,-2.360992003109124e-15,0.0,25.775661860043655,0.19160637526784302,0.19160637526784302
1762150793.464342,-5.815429806752452,0.8228557187563215,-1.1057500346985964e-16,0.0,25.77616385022615,0.19792057924363848,0.19792057924363848
1762150793.6027026,-5.816991610173481,0.8214727055404141,-1.2205239183871328e-16,0.0,25.776729659359628,0.19582513614505292,0.19582513614505292
1762150793.62856,-5.816390936664734,0.8210224502288481,-1.733969566611593e-16,0.0,25.777396395446775,0.19594949914197457,0.19594949914197457
1762150793.9162297,-5.815457318345545,0.8178979261668617,-2.31795770806892e-15,0.0,25.78061590669213,0.19445719365033431,0.19445719365033431
1762150794.1340766,-5.8157982217319715,0.8247073167124366,-8.364807046957972e-17,0.0,25.774336381326705,0.19893645573407354,0.19893645573407354
1762150794.2644145,-5.817940414769409,0.819886490793681,-8.532148087088268e-17,0.0,25.777745118053275,0.1940346336058626,0.1940346336058626
1762150794.446758,-5.812382886595576,0.8213535384586371,-1.124966713355811e-16,0.0,25.778841987618375,0.19909185651817005,0.19909185651817005
1762150794.4763165,-5.813358349771832,0.8209551816504875,-1.0259173376704285e-15,0.0,25.778776294244373,0.19810650131897523,0.19810650131897523
1762150794.5013282,-5.8142764382272425,0.8219705599152618,-1.0032805358274568e-15,0.0,25.77746262647804,0.19814482192790123,0.19814482192790123
1762150794.5287046,-5.814841375402149,0.8232893301212594,-9.258675233427593e-17,0.0,25.776029421631794,0.198649435955576,0.198649435955576
1762150794.557701,-5.816748644385138,0.8231618979286528,-4.7551087213838857e-17,0.0,25.775314403159662,0.19717337010912656,0.19717337010912656
1762150794.5860145,-5.816002899526741,0.8272563707926401,-6.799752448701635e-21,0.0,25.771952152874714,0.20055300892717748,0.20055300892717748
1762150794.6131868,-5.817849014853839,0.8256715033881118,-1.1610942438160987e-16,0.0,25.77257602253701,0.1981104521288644,0.1981104521288644
1762150794.6331935,-5.816789323559142,0.8252292059122893,-6.772955025565026e-17,0.0,25.773435289461357,0.1985763064827237,0.1985763064827237
1762150794.6567357,-5.8144630886957405,0.8231803857430322,-9.010499991503657e-17,0.0,25.77629208977339,0.1988489747498724,0.1988489747498724
1762150794.6824691,-5.814511095773925,0.8249062973011265,-5.667170769323376e-17,0.0,25.774717183399442,0.2000113265854676,0.2000113265854676
1762150794.8321266,-5.817435158965565,0.8119960788193405,-1.6925470212033718e-16,0.0,25.78506950310196,0.18891587721033162,0.18891587721033162
1762150794.8628817,-5.8177684960361065,0.810621476445066,-5.700379107381013e-21,0.0,25.786162184504335,0.1877168414806879,0.1877168414806879
1762150794.8886242,-5.817123840753797,0.8102142224233024,-3.807031172053413e-17,0.0,25.78680933629084,0.18789975783377133,0.18789975783377133
1762150794.919753,-5.815260863821043,0.8146623180999465,-1.0318674374731489e-16,0.0,25.783614734823068,0.1923483025350648,0.1923483025350648
1762150794.9366422,-5.815807713604926,0.8128317866090601,-3.950371993300955e-17,0.0,25.785025048559007,0.1906770328176302,0.1906770328176302
1762150795.0850675,-5.817683217922919,0.8129086631595365,-4.4599446953017414e-17,0.0,25.784139888548403,0.18937154763538147,0.18937154763538147
1762150795.113391,-5.819133482997532,0.813030498941517,-4.832986472689691e-21,0.0,25.78339924771542,0.18840485896374606,0.18840485896374606
1762150795.1313002,-5.816620415369043,0.816672459474925,-8.719190530551363e-16,0.0,25.78121331760786,0.19276093801613237,0.19276093801613237
1762150795.1495688,-5.819466648927784,0.8145419203789811,-3.3178965062364415e-17,0.0,25.781893410872634,0.18921414985876658,0.18921414985876658
1762150795.1658697,-5.815665552207652,0.8194533497118116,-1.4656585528570226e-16,0.0,25.77912480190832,0.19538705072401963,0.19538705072401963
1762150795.2534096,-5.821148323992015,0.8217141943555452,-2.209697543582252e-15,0.0,25.77470383916803,0.19296719166016268,0.19296719166016268
1762150795.4421225,-5.81516798615767,0.8204111498333327,-3.3818566588230984e-17,0.0,25.77847885966102,0.19641389319464903,0.19641389319464903
1762150795.463482,-5.813047237989773,0.8200101407149236,-2.008341061443373e-15,0.0,25.77976256409663,0.1976754238631202,0.1976754238631202
1762150795.4843793,-5.81414093630816,0.8182772295619077,-8.302041801374038e-17,0.0,25.780847072941402,0.1956763717607771,0.1956763717607771
1762150795.5142612,-5.815428680410896,0.8193346875818528,-1.4068061813438763e-16,0.0,25.77933469728105,0.19547665289862762,0.19547665289862762
1762150795.5369546,-5.814395997604245,0.8218136807272276,-7.55620740826198e-17,0.0,25.777551866996134,0.1979489820071877,0.1979489820071877
1762150795.6189065,-5.815443287635089,0.8228073540577784,-5.506073350360983e-16,0.0,25.776201533212603,0.19787721865250557,0.19787721865250557
1762150795.6574357,-5.815455916165786,0.8220671790054487,-3.437334672673605e-21,0.0,25.776862497099597,0.19735442138224868,0.19735442138224868
1762150795.6818886,-5.816964370334063,0.8213121665046776,-6.351307732928437e-16,0.0,25.776886060362987,0.19573357168162428,0.19573357168162428
1762150795.702841,-5.819802993356379,0.8202627073723772,-2.438590418546723e-17,0.0,25.776596053883974,0.19294091660908835,0.19294091660908835
1762150795.7267835,-5.822775345277128,0.8209916802459417,-2.7191303611564886e-17,0.0,25.774646557954597,0.1912819336333592,0.1912819336333592
1762150795.878304,-5.8155517326104595,0.8243722905068998,-4.373526974982396e-16,0.0,25.774745276203227,0.19888365266211297,0.19888365266211297
1762150795.9039438,-5.8150958068259735,0.8269449041454798,-7.915865360538667e-16,0.0,25.772627230794992,0.20099835558074397,0.20099835558074397
1762150795.9239416,-5.819910281674151,0.8274716882492783,-4.188425712974404e-16,0.0,25.770058369504945,0.1978520930066227,0.1978520930066227
1762150795.9491773,-5.818960784538976,0.8261628371549039,-2.0615023750483916e-17,0.0,25.771649946297124,0.19763993519042455,0.19763993519042455
1762150795.9677207,-5.817864321845818,0.8250937689504332,-2.200801457877907e-17,0.0,25.773089558678514,0.19769936048134806,0.19769936048134806
1762150796.0237463,-5.814456163567052,0.8270510504224953,-3.947745506759918e-17,0.0,25.77280993346777,0.20153787067922085,0.20153787067922085
1762150796.0444129,-5.812283386231009,0.8247377798033454,-2.743208633856682e-17,0.0,25.775838084668333,0.20151512881922795,0.20151512881922795
1762150796.0763109,-5.811819771679651,0.8287185216396172,-1.9730541395162967e-17,0.0,25.772455497410025,0.20461370104441384,0.20461370104441384
1762150796.0943525,-5.812018407523681,0.8282174217126002,-2.415020049516925e-17,0.0,25.772820274001127,0.2041217053581677,0.2041217053581677
1762150796.1105106,-5.81701181065828,0.8266034513328417,-2.1816406729663536e-17,0.0,25.772101117635017,0.19936569013875072,0.19936569013875072
1762150796.1259015,-5.817212350933303,0.8272867980278164,-2.95794375240857e-16,0.0,25.771398583043787,0.19969236283105393,0.19969236283105393
1762150796.1529846,-5.818836400741247,0.8272725061227401,-2.544514739886806e-17,0.0,25.770704907163978,0.19849800356071368,0.19849800356071368
1762150796.1737382,-5.814027114350597,0.8284882396024352,-3.4306831813468187e-16,0.0,25.771702538198937,0.2028459211390711,0.2028459211390711
1762150796.2161489,-5.818021107992056,0.8286873984113503,-2.818069402709913e-17,0.0,25.769785623758125,0.20007093480727833,0.20007093480727833
1762150796.2498035,-5.818304275000585,0.8247034975937825,-1.8903552376612227e-17,0.0,25.773249559254673,0.19710860888866627,0.19710860888866627
1762150796.2816968,-5.819128457596326,0.8227770019159565,-5.425546570605265e-16,0.0,25.77462562580481,0.19517418644588758,0.19517418644588758
1762150796.3023236,-5.817543291691206,0.8199085780581177,-3.282317255291496e-16,0.0,25.77789799931959,0.19433866682668632,0.19433866682668632
1762150796.3265908,-5.8163462812448765,0.8225556128948859,-2.2639452188034314e-21,0.0,25.776035354208076,0.19704572110718482,0.19704572110718482
1762150796.3516276,-5.816953403095745,0.8250290107466196,-2.2069748724501084e-21,0.0,25.773544163401503,0.19831812759275474,0.19831812759275474
1762150796.3781393,-5.813995990762093,0.8236274547140031,-3.090044786212418e-16,0.0,25.776092757655043,0.1994989441358355,0.1994989441358355
1762150796.4043088,-5.81403811801927,0.8248142677570554,-1.9418420358205837e-17,0.0,25.775005816755044,0.2002917058684501,0.2002917058684501
1762150796.4299343,-5.812510366313535,0.8253258209679678,-4.456014614544599e-16,0.0,25.7752098610703,0.20175815917941553,0.20175815917941553
1762150796.4491215,-5.817230417069204,0.8259075842281304,-6.831316011660768e-16,0.0,25.772632575516834,0.19872468355020184,0.19872468355020184
1762150796.494245,-5.8155965642359755,0.8222232750464467,-1.7065694558016236e-17,0.0,25.77666075823732,0.19736047107751292,0.19736047107751292
1762150796.5262566,-5.816800991268585,0.8227372690132798,-1.752265226749055e-17,0.0,25.775673967954877,0.19684086394826072,0.19684086394826072
1762150796.5533128,-5.819349497816781,0.8206336273376903,-1.4344442669803044e-17,0.0,25.776459369040865,0.19352800861668945,0.19352800861668945
1762150796.581469,-5.820540713081896,0.8193432697818865,-9.474826477445752e-16,0.0,25.777102975202077,0.19176680365279902,0.19176680365279902
1762150796.6321304,-5.818284952215477,0.8192901745854163,-1.872833935626713e-21,0.0,25.778132153311223,0.19337033939926754,0.19337033939926754
1762150796.6609573,-5.812965907037877,0.8176972445980772,-1.4349398710574968e-17,0.0,25.781880492378935,0.1961252288512555,0.1961252288512555
1762150796.6839616,-5.814861839327369,0.8156160502046427,-1.4759995285093465e-17,0.0,25.782929584845235,0.19330160622542586,0.19330160622542586
1762150796.70695,-5.816150981687429,0.8177846262263089,-2.5372250708445436e-16,0.0,25.78041614373195,0.19387487966796646,0.19387487966796646
1762150796.7403452,-5.816948856595137,0.8176116847490016,-2.5210645313053496e-16,0.0,25.780224745020277,0.19317538590217914,0.19317538590217914
1762150796.9384067,-5.820569260183975,0.8175699821665471,-2.5023700731530526e-17,0.0,25.77868723428669,0.19051616074665745,0.19051616074665745
1762150797.0705862,-5.815747878414009,0.8141307237407898,-2.0534821836427182e-16,0.0,25.783881509333376,0.19162514118656743,0.19162514118656743
1762150797.2661963,-5.815478946012259,0.8140994594205082,-1.2493449960421766e-21,0.0,25.784026659204027,0.19179827585840392,0.19179827585840392
1762150797.4076874,-5.815054679376436,0.8188971336968933,-1.5998107793573047e-16,0.0,25.779891382856597,0.1954441523056572,0.1954441523056572
1762150797.4382057,-5.813106459935072,0.8200040355230183,-1.5874422798726397e-16,0.0,25.779742296684148,0.19762818480014005,0.19762818480014005
1762150797.4697342,-5.813473928805136,0.8233178477987216,-2.5844447388342675e-17,0.0,25.776598653075066,0.19966367805146232,0.19966367805146232
1762150797.496995,-5.815166379122042,0.821640660868755,-1.6269268053645106e-17,0.0,25.777372499884425,0.19726886883477743,0.19726886883477743
1762150797.519618,-5.816461209578468,0.8234189242512381,-1.071851703159808e-17,0.0,25.775208023939957,0.19756075250219055,0.19756075250219055
1762150797.6178443,-5.821037377677101,0.8200288132428264,-9.949327260586845e-22,0.0,25.776269633466253,0.1918805822949909,0.1918805822949909
1762150797.6351888,-5.821967278227021,0.8190682510055245,-1.3993402586329117e-16,0.0,25.77672997520839,0.19053825742532163,0.19053825742532163
1762150797.8538659,-5.81561351137688,0.8229595883542226,-6.830717570305118e-18,0.0,25.77599040456397,0.19785900791737288,0.19785900791737288
1762150797.875276,-5.8118221570672075,0.822576659799151,-1.1817164524536727e-17,0.0,25.777984627926127,0.20034931570768075,0.20034931570768075
1762150797.8994312,-5.810696739886761,0.8242169232751781,-8.547300695327898e-18,0.0,25.77699733891169,0.20230687258518082,0.20230687258518082
1762150797.9142852,-5.8151843052583585,0.8226205078961569,-6.484033936936742e-18,0.0,25.776482441114357,0.1979359333671897,0.1979359333671897
1762150797.9365103,-5.812476591613555,0.8237204073780151,-1.158362097550003e-16,0.0,25.77667007856029,0.2006682844490601,0.2006682844490601
1762150797.9646292,-5.813545990328105,0.8224455461172024,-2.7304665332682627e-17,0.0,25.777352728171724,0.19900559441162222,0.19900559441162222
1762150798.0745308,-5.815123275634592,0.8276500083791923,-7.19253073114238e-18,0.0,25.771980400492826,0.20146662671085033,0.20146662671085033
1762150798.1030188,-5.815754911658953,0.8292645724117078,-5.445931406666263e-18,0.0,25.770251843760075,0.2021234314079542,0.2021234314079542
1762150798.1229997,-5.815101020508904,0.8288790100742317,-6.692265786916104e-18,0.0,25.770883482300263,0.20233356492581966,0.20233356492581966
1762150798.265273,-5.8147880149463855,0.8232259508689518,-5.1315266302353366e-18,0.0,25.776109703197235,0.19864427280050806,0.19864427280050806
1762150798.2885053,-5.81537347527769,0.8194989407232484,-9.219045498037019e-17,0.0,25.779210819838053,0.1956308805540769,0.1956308805540769
1762150798.3073065,-5.816825158709375,0.8230736732018127,-9.145848556280621e-17,0.0,25.775360553590467,0.19705652058347958,0.19705652058347958
1762150798.3285265,-5.817303939048506,0.820591817744217,-4.789410992861118e-18,0.0,25.77738693690688,0.1949868330314975,0.1949868330314975
1762150798.4183366,-5.817488882232083,0.8231981428498206,-6.076765239618091e-18,0.0,25.774959726850188,0.19665970325887644,0.19665970325887644
1762150798.4443676,-5.816921339515947,0.824058653637942,-8.350039195085629e-17,0.0,25.77443182790138,0.19766921758654965,0.19766921758654965
1762150798.4686744,-5.8153381502190715,0.8273990811823699,-5.4553159770455525e-18,0.0,25.772112855416893,0.20113629023028207,0.20113629023028207
1762150798.502962,-5.812043328194066,0.8293673125538125,-7.470775955362467e-18,0.0,25.771774063809108,0.20490041417846527,0.20490041417846527
1762150798.5271523,-5.814897685643035,0.828340492333916,-5.620812228539057e-18,0.0,25.77145682784402,0.202109086188776,0.202109086188776
1762150798.5580616,-5.814685547595634,0.8258455955617227,-1.2068930519905263e-17,0.0,25.77379553832941,0.20053550927258634,0.20053550927258634
1762150798.5907428,-5.815337615831822,0.8254687353358295,-5.275955124867546e-18,0.0,25.773851182579648,0.19979952443683086,0.19979952443683086
1762150798.6162496,-5.8146560823261595,0.8264462512004699,-4.394192910789135e-18,0.0,25.773267523376486,0.2009732200910363,0.2009732200910363
1762150798.6856613,-5.816393634655882,0.8219066214047083,-3.859163225936502e-18,0.0,25.77659910879122,0.196561078774691,0.196561078774691
1762150798.7044406,-5.816837817422743,0.8258730489478656,-4.143783856619502e-18,0.0,25.77283447212995,0.19898685248684367,0.19898685248684367
1762150798.9207487,-5.815643463075161,0.8156833115788226,-5.506535657321377e-18,0.0,25.78252897616523,0.19278164375176982,0.19278164375176982
1762150799.07328,-5.815348089571849,0.82102306952634,-3.33023963625866e-18,0.0,25.77784952943514,0.1967079905108101,0.1967079905108101
1762150799.113102,-5.81593167867234,0.818314960818409,-3.902061662621731e-22,0.0,25.780034035349807,0.19440272272591785,0.19440272272591785
1762150799.2444272,-5.81430894875947,0.8198890508133999,-2.8582953988729646e-18,0.0,25.779322685695707,0.19667512199393636,0.19667512199393636
1762150799.26445,-5.811157009136471,0.8230517563230147,-1.7970713113507427e-16,0.0,25.77784622147271,0.2011627284773722,0.2011627284773722
1762150799.2948215,-5.811676701166608,0.8213451276746172,-2.927997353442923e-18,0.0,25.779156787371726,0.19959880550680525,0.19959880550680525
1762150799.3217547,-5.810265509066568,0.8202094984094976,-6.532255871644323e-17,0.0,25.780793255045097,0.19983279697772016,0.19983279697772016
1762150799.3547504,-5.812471474202513,0.8190916693976485,-2.7122598664763205e-18,0.0,25.780840047612845,0.19745438625365358,0.19745438625365358
1762150799.375126,-5.815152261032254,0.8218722028681639,-2.97510970859676e-18,0.0,25.77717016020374,0.19743987041140393,0.19743987041140393
1762150799.406576,-5.816961726310525,0.8197312979971308,-4.814374262965209e-17,0.0,25.778310633887354,0.19463832144228727,0.19463832144228727
1762150799.4253702,-5.816311345993266,0.8188780669130862,-6.22460813191289e-17,0.0,25.779361836707917,0.19451828877698385,0.19451828877698385
1762150799.4523253,-5.8140251477826155,0.82040741789583,-4.353887226955859e-17,0.0,25.778979412828036,0.19724150377351068,0.19724150377351068
1762150799.479417,-5.815290246348757,0.8216081050162123,-3.0680644820325707e-22,0.0,25.777347924810897,0.19715622172548802,0.19715622172548802
1762150799.5131035,-5.820617006436919,0.8198301288780867,-2.0063151520995667e-17,0.0,25.77663141293191,0.1920487917354595,0.1920487917354595
1762150799.5331626,-5.818034294791716,0.8199765281450635,-2.4979666772591623e-18,0.0,25.777623205304202,0.19402885420883428,0.19402885420883428
1762150799.5511606,-5.815758350637288,0.8162137406158163,-2.5703693753432846e-18,0.0,25.782001392819787,0.1930673924665875,0.1930673924665875
1762150799.5744226,-5.815886184255431,0.8205935351412783,-2.276327342970065e-18,0.0,25.778002186107145,0.19601865704986882,0.19601865704986882
1762150799.609803,-5.815147593131007,0.8219575657194217,-2.238496433161036e-18,0.0,25.777095329768613,0.19750251964778728,0.19750251964778728
1762150799.62966,-5.815622713942146,0.8180630629373168,-4.779761535268556e-18,0.0,25.78039526106962,0.19445194228032828,0.19445194228032828
1762150799.6533184,-5.820669655038008,0.8186785901874705,-2.738431860679914e-22,0.0,25.77764536027273,0.19121214303656675,0.19121214303656675
1762150799.680595,-5.822171570311503,0.8192240877329817,-2.7026406347266967e-22,0.0,25.776500781445336,0.1904975635981596,0.1904975635981596
1762150799.704693,-5.816830715954811,0.8183651058212482,-2.1436281424558223e-18,0.0,25.779597757481984,0.19378468026769502,0.19378468026769502
1762150799.730889,-5.815538140575978,0.8194219222114655,-2.4522256473677472e-18,0.0,25.779208529963284,0.19545776321749492,0.19545776321749492
1762150799.7505112,-5.816864004759684,0.8229972583744172,-3.631445848809877e-17,0.0,25.77541245793678,0.19697527231582104,0.19697527231582104
1762150799.7713242,-5.817811825783975,0.8216082218259636,-4.589168811268489e-17,0.0,25.776250804132566,0.19532248674773167,0.19532248674773167
1762150799.791762,-5.815581921541394,0.8205904705653486,-3.948038303526378e-17,0.0,25.778137315248788,0.196237652679976,0.196237652679976
1762150799.8660672,-5.814052689410464,0.8214839145062303,-3.4464091322049723e-17,0.0,25.777998146980195,0.19796944512515824,0.19796944512515824
1762150799.8896308,-5.8137420024408835,0.8237440017705971,-3.9097606833339315e-17,0.0,25.77609831586218,0.19976455043695487,0.19976455043695487
1762150799.9095743,-5.811452885900336,0.8262063271257659,-1.979041262961817e-18,0.0,25.7748771060292,0.20313850026827557,0.20313850026827557
1762150799.9325492,-5.8105653971619615,0.8300631095947218,-1.8768717030729188e-18,0.0,25.771790539372642,0.20645932255584643,0.20645932255584643
1762150799.950506,-5.814354112175138,0.8289924166591238,-1.553250745097262e-18,0.0,25.771106313520995,0.20295662631707453,0.20295662631707453
1762150800.0703983,-5.811493264720373,0.8239077872312932,-3.00232627649994e-17,0.0,25.776929157934397,0.20151320766346864,0.20151320766346864
1762150800.0925224,-5.813405592564184,0.824846916095986,-3.1584179595123266e-17,0.0,25.775251600793393,0.20077458178724078,0.20077458178724078
1762150800.115352,-5.812454083360619,0.8241797556615185,-2.928021671440022e-17,0.0,25.77626627091895,0.20100360211241147,0.20100360211241147
1762150800.1329453,-5.812216795080634,0.8257894899104958,-4.229482706133606e-18,0.0,25.774920089286415,0.202293475607362,0.202293475607362
1762150800.1556833,-5.8113571679005975,0.8230165588334449,-1.577731939487415e-18,0.0,25.777790834239568,0.20099285156887522,0.20099285156887522
1762150800.18192,-5.810230896407628,0.8236062988878704,-1.4975992542218376e-18,0.0,25.777749814320444,0.20222097091437286,0.20222097091437286
1762150800.2067468,-5.8070716307283545,0.8208199947862052,-1.7718576770649567e-18,0.0,25.781633060312533,0.2025740592833524,0.2025740592833524
1762150800.2269576,-5.809321021636085,0.8196255570638256,-1.5736976704782202e-18,0.0,25.781729939387972,0.20011108149083429,0.20011108149083429
1762150800.2510502,-5.810222347312172,0.8227268268658371,-1.873220989145176e-22,0.0,25.778545415358867,0.2016156920235206,0.2016156920235206
1762150800.311571,-5.811568096049685,0.8261402493260892,-2.819921657268926e-17,0.0,25.774886480582342,0.20300882697643197,0.20300882697643197
1762150800.5329323,-5.818274230671153,0.8235323137235077,-1.1923897621241907e-18,0.0,25.774317170867132,0.1963194356218546,0.1963194356218546
1762150800.7170272,-5.811156193601448,0.8263712157535708,-1.3856906460010706e-18,0.0,25.774857715608817,0.20346877793206816,0.20346877793206816
1762150800.9014904,-5.8157872454071144,0.8313066699538656,-1.6677185468587677e-18,0.0,25.768399060375906,0.2035116583365384,0.2035116583365384
1762150801.197967,-5.813202153653348,0.8201881080194255,-1.0736905349473125e-18,0.0,25.77953492509102,0.19768670070312977,0.19768670070312977
1762150801.4128351,-5.813698249944243,0.8180408576292538,-1.2739395608048562e-17,0.0,25.781252494728914,0.19583314318386985,0.19583314318386985
1762150801.5500882,-5.814651051283599,0.8237658336572774,-7.218328216157879e-19,0.0,25.775683175750856,0.19911847628507653,0.19911847628507653
1762150801.6641147,-5.81685094442107,0.8256079880861328,-1.0767685379478816e-17,0.0,25.773067423565355,0.1987937461794613,0.1987937461794613
1762150801.8410022,-5.815112868959777,0.8206360734904348,-5.9810656453074665e-19,0.0,25.77830031587491,0.19661017116947843,0.19661017116947843
1762150802.1174414,-5.813086081416584,0.8257713111818511,-5.858948578386598e-19,0.0,25.774558273682793,0.20164832388233572,0.20164832388233572
1762150802.2847562,-5.814155336550626,0.8207080583246044,-3.9248082219337846e-19,0.0,25.778652075683837,0.19735585430228944,0.19735585430228944
1762150802.3059468,-5.81637858857123,0.8196445034988142,-4.0575061795792563e-19,0.0,25.778642478781983,0.19500181104093756,0.19500181104093756
1762150802.3306382,-5.814751347251174,0.8182026436687331,-3.8418193961128563e-19,0.0,25.78064867066114,0.19518149690404737,0.19518149690404737
1762150802.4491847,-5.816061073116385,0.8280778601922025,-6.627320962066686e-18,0.0,25.771187170545478,0.20107915455898637,0.20107915455898637
1762150802.471631,-5.815589826660102,0.8291222938941107,-4.004492935450116e-19,0.0,25.77045177255233,0.20214542470140462,0.20214542470140462
1762150802.50122,-5.8164066951176565,0.8313767724213572,-2.910041658666296e-17,0.0,25.76806644752614,0.20310779670388102,0.20310779670388102
1762150802.529857,-5.821458425029119,0.8311306286085677,-9.510074951006727e-18,0.0,25.766090317009382,0.19924625841089905,0.19924625841089905
1762150802.5581994,-5.823937162000866,0.8310793173618719,-3.2330308030312177e-19,0.0,25.765058141107495,0.1973975016389405,0.1973975016389405
1762150802.5946887,-5.817950659840681,0.8296988541494654,-3.037298115105455e-19,0.0,25.768905551637157,0.2008212878430818,0.2008212878430818
1762150802.6149638,-5.818627028683159,0.8304427329376886,-3.8052473966780047e-19,0.0,25.767941503930263,0.2008411172246044,0.2008411172246044
1762150802.682151,-5.817845470906121,0.8288471778522988,-4.683667570683096e-19,0.0,25.769718168495316,0.2003095445418701,0.2003095445418701
1762150802.7122488,-5.813352800537986,0.8280611278714315,-3.9527820306082243e-23,0.0,25.77238047295432,0.20304143392013757,0.20304143392013757
1762150802.9010596,-5.814309283161723,0.8187946109195536,-2.274305562189245e-18,0.0,25.780307980287702,0.1959140164241388,0.1959140164241388
1762150803.0639832,-5.818311830041446,0.8208792594268344,-1.561729277143897e-17,0.0,25.776689638813323,0.19445323038571488,0.19445323038571488
1762150803.0838735,-5.815286287903358,0.823075727439985,-4.448832762786309e-19,0.0,25.77602819113224,0.1981776105802154,0.1981776105802154
1762150803.1131566,-5.817893682242929,0.8205378122874092,-2.0729142128168492e-19,0.0,25.777178995404924,0.1945205226859547,0.1945205226859547
1762150803.1416335,-5.814193320626348,0.819846003528092,-2.3412202888240006e-19,0.0,25.779411749850812,0.19672917002637036,0.19672917002637036
1762150803.1663787,-5.8130443200774975,0.8204760181395375,-2.8288346182149315e-19,0.0,25.77934435478238,0.1980014761538874,0.1980014761538874
1762150803.1866808,-5.816737190420248,0.8213287530589033,-1.8349202801762707e-17,0.0,25.77696996056759,0.19591029136555488,0.19591029136555488
1762150803.2537224,-5.816245554634833,0.8223610119449203,-2.80964111734486e-23,0.0,25.776254395246585,0.19698401190182124,0.19698401190182124
1762150803.2726936,-5.814078266960518,0.8206620958945351,-4.100712396173758e-18,0.0,25.778726989721957,0.19737990166828373,0.19737990166828373
1762150803.2970684,-5.816404253634936,0.8218222361193896,-3.8811296165328374e-18,0.0,25.77667046999828,0.19649480982904882,0.19649480982904882
1762150803.3151064,-5.818374851064817,0.8249455039530913,-2.7011639734245994e-23,0.0,25.773000951131934,0.19722471913141792,0.19722471913141792
1762150803.3370664,-5.819524517630173,0.8299072226171063,-3.9184822261049334e-18,0.0,25.768033227141775,0.1998158284036459,0.1998158284036459
1762150803.3609214,-5.817955642919216,0.8294828924328147,-2.6369020835729943e-23,0.0,25.769097836935455,0.200668442046414,0.200668442046414
1762150803.3843305,-5.819073814945927,0.8256601387964962,-3.678545178015134e-18,0.0,25.77205340485101,0.19720979096925578,0.19720979096925578
1762150803.4100409,-5.815520614614574,0.8260881727708029,-3.6165437567596595e-18,0.0,25.773213823702168,0.20009544461798562,0.20009544461798562
1762150803.4324877,-5.812949105357207,0.8225313168239927,-3.562361271500933e-18,0.0,25.777535175093593,0.19949896918363338,0.19949896918363338
1762150803.4502509,-5.813704043394405,0.8212167362697943,-2.4755541545879782e-23,0.0,25.778390394601924,0.19803714444428389,0.19803714444428389
1762150803.4813666,-5.816724320497865,0.8247869008012199,-3.6629775126416754e-18,0.0,25.773861823210133,0.1983172628035203,0.1983172628035203
1762150803.500743,-5.817402145876248,0.8238236228281145,-3.4628438939553847e-18,0.0,25.77443427575684,0.1971562833770626,0.1971562833770626
1762150803.5186832,-5.817025429794062,0.8237189993986181,-2.3828283014410032e-23,0.0,25.77469236998941,0.19735805834601047,0.19735805834601047
1762150803.5596359,-5.814297718366565,0.8245757021756673,-2.6394952266596874e-19,0.0,25.77510768322323,0.19993733423748344,0.19993733423748344
1762150803.580941,-5.819698034719957,0.820365621705602,-3.4176524062763206e-18,0.0,25.776549051570502,0.19308862571726243,0.19308862571726243
1762150803.598296,-5.819123896599286,0.824007304244535,-1.8182220830938526e-19,0.0,25.77351983866692,0.19602946623370304,0.19602946623370304
1762150803.622632,-5.815150782405525,0.8205407929180781,-2.6258387890483584e-19,0.0,25.77836961277869,0.19651644328154272,0.19651644328154272
1762150803.6470673,-5.813334809631239,0.8245846118864794,-3.0603781313635495e-18,0.0,25.775518575217458,0.20064407726739672,0.20064407726739672
1762150803.6696346,-5.815456618723126,0.8198079348916382,-4.092937594535454e-19,0.0,25.77889642804968,0.19578516663845544,0.19578516663845544
1762150803.6892858,-5.811278062157168,0.8197569006527424,-2.9868814685957167e-18,0.0,25.780760264536013,0.19878319031066388,0.19878319031066388
1762150803.7219143,-5.810845369433783,0.8191056835294762,-2.0996963200359883e-23,0.0,25.78153486761393,0.1986436806580382,0.1986436806580382
1762150803.747262,-5.809720676783758,0.8199152964164259,-1.5031424180714097e-19,0.0,25.78129518603482,0.20002310673449336,0.20002310673449336
1762150803.7682328,-5.814053618804024,0.8220174921396514,-1.4734843838762854e-19,0.0,25.77751730622842,0.19833936529249782,0.19833936529249782
1762150803.7852588,-5.814025397026591,0.8217579476556027,-2.021601751129845e-23,0.0,25.777763279508875,0.19817961958218897,0.19817961958218897
1762150803.804336,-5.815009361528219,0.8203225485972956,-1.8448426848444248e-19,0.0,25.778627646525607,0.1964675926951862,0.1964675926951862
1762150803.8235595,-5.8132800277463295,0.8171275631280092,-1.6241819442114263e-19,0.0,25.78225677839329,0.19550084365095682,0.19550084365095682
1762150803.8451414,-5.814437302049973,0.8134789863849078,-2.4154459068868704e-19,0.0,25.78503850493436,0.1921206662596579,0.1921206662596579
1762150803.894229,-5.813916496329224,0.8180616350735131,-1.6676458269900623e-19,0.0,25.78113883830191,0.19568925276116816,0.19568925276116816
1762150803.914279,-5.814424326264148,0.8184397818923012,-2.631266365436585e-18,0.0,25.780577420806924,0.1955837617848527,0.1955837617848527
1762150804.0801957,-5.812847124705658,0.8220827843597768,-1.0630898617438695e-17,0.0,25.777983403122906,0.1992614622482308,0.1992614622482308
1762150804.09936,-5.811126265668903,0.8209782899316721,-2.5095612166166092e-18,0.0,25.779726557698872,0.19974324341368616,0.19974324341368616
1762150804.1314974,-5.810708238222227,0.824328275160822,-2.20335959633541e-19,0.0,25.776892074661706,0.2023758838378302,0.2023758838378302
1762150804.2711542,-5.817023876188382,0.8223984710185055,-2.269459027213047e-18,0.0,25.775882057354846,0.19644375889487903,0.19644375889487903
1762150804.2971683,-5.8176391596093415,0.8191017212081392,-1.7983645285373045e-19,0.0,25.778582790513024,0.1937089064590619,0.1937089064590619
1762150804.317833,-5.819909134123431,0.8190770727701548,-1.4368516805692106e-23,0.0,25.777617429565737,0.192041586546224,0.192041586546224
1762150804.3380115,-5.818995964464714,0.8176647387712889,-1.106665005658768e-19,0.0,25.779286378666892,0.1917253209872229,0.1917253209872229
1762150804.3672593,-5.820420563255072,0.8148148381844859,-1.2839326250093897e-19,0.0,25.78123267276198,0.18871136660888962,0.18871136660888962
1762150804.3867035,-5.820600665217062,0.816659336612154,-8.977593432093331e-18,0.0,25.779493522074603,0.18986138187993218,0.18986138187993218
1762150804.4049406,-5.817807445855391,0.8152894449620788,-1.9180977644940825e-18,0.0,25.781942173226415,0.19093787739023466,0.19093787739023466
1762150804.4257002,-5.819930227295156,0.8206061166051801,-1.2180593879823085e-19,0.0,25.776231492960008,0.19308637602890663,0.19308637602890663
1762150804.4453928,-5.816156833462894,0.8197098350400297,-1.8695898632781222e-18,0.0,25.77868012864882,0.19520830945743398,0.19520830945743398
1762150804.472442,-5.814859197357428,0.8223407925251597,-9.334263315084057e-20,0.0,25.776875736966183,0.19797821320112619,0.19797821320112619
1762150804.4924462,-5.813170180650679,0.8259110723717397,-1.3267394593281427e-19,0.0,25.77439584444015,0.2016840522046848,0.2016840522046848
1762150804.520327,-5.814323213362006,0.825158047027716,-1.0221176940073032e-19,0.0,25.774572244894735,0.20032264079199372,0.20032264079199372
1762150804.5483677,-5.814754216156094,0.8255352315234196,-1.2471849072175964e-19,0.0,25.77404511760087,0.2002703909372729,0.2002703909372729
1762150804.572006,-5.814664778097224,0.827716360421478,-6.166903024750846e-18,0.0,25.77212012651069,0.20184670246725214,0.20184670246725214
1762150804.5994902,-5.816864774010834,0.825567309103927,-1.874323495803737e-19,0.0,25.773098034582556,0.19875550064629283,0.19875550064629283
1762150804.62573,-5.81721253584487,0.8252785508665665,-5.127131261148506e-18,0.0,25.77320674007377,0.19830218097334867,0.19830218097334867
1762150804.6456096,-5.818003741527819,0.822417859322306,-1.0764209281139983e-19,0.0,25.775438308676403,0.1957441401472996,0.1957441401472996
1762150804.6902726,-5.815938137745375,0.8226127120386181,-7.626090053005163e-19,0.0,25.776161505018376,0.1973822348211205,0.1973822348211205
1762150804.727873,-5.813400081208471,0.8193236526767252,-8.942283476966579e-20,0.0,25.78022717716284,0.19694188186183748,0.19694188186183748
1762150804.7462807,-5.817382059161379,0.8194389325995456,-9.160552970933978e-20,0.0,25.778391015197666,0.19412986137066612,0.19412986137066612
1762150804.8297799,-5.8182350652823605,0.823635416452663,-1.67714913503723e-18,0.0,25.774241375506673,0.19641937553922817,0.19641937553922817
1762150804.9893317,-5.81773534921743,0.8209778738092977,-3.2992281435753633e-18,0.0,25.776851644371312,0.1949409432910358,0.1949409432910358
1762150805.0273428,-5.817188545919347,0.8226267027643546,-9.229644529516176e-24,0.0,25.77560491643643,0.1964821864861164,0.1964821864861164
1762150805.237133,-5.815689380201366,0.8290044232259551,-8.133165409944702e-24,0.0,25.770514593128873,0.20199127439297437,0.20199127439297437
1762150805.502009,-5.814961569387798,0.8309660447070174,-1.0076605897136749e-18,0.0,25.76906497246593,0.20387890051751512,0.20387890051751512
1762150805.6551113,-5.817508580675868,0.8268424943807522,-6.037121932420549e-20,0.0,25.77166976161538,0.19916897233276226,0.19916897233276226
1762150805.7862794,-5.815563320311235,0.8243262305736699,-4.4542909421110695e-20,0.0,25.774781707596077,0.19884328575583002,0.19884328575583002
1762150806.1497412,-5.817208369354037,0.8263599967985933,-3.364862825638728e-20,0.0,25.772234812474643,0.19905391810148737,0.19905391810148737
1762150806.2761228,-5.814145900661359,0.8297449378657704,-3.345725859835974e-20,0.0,25.770519321645057,0.20362927445933512,0.20362927445933512
1762150806.4846847,-5.816582551961381,0.820783964091831,-3.009858693816379e-20,0.0,25.77752776734294,0.19564466757950688,0.19564466757950688
1762150806.643768,-5.815904095076084,0.8192588617553315,-3.309726510099679e-24,0.0,25.779196141701508,0.19507865630826093,0.19507865630826093
1762150806.6620793,-5.821230605047328,0.8173557067207181,-4.530126988275367e-19,0.0,25.778592450445796,0.18988673712700477,0.18988673712700477
1762150806.8371897,-5.818529402646038,0.8120447047823762,-3.249637723491479e-20,0.0,25.784549668259615,0.18815680688404324,0.18815680688404324
1762150806.987602,-5.81350128899461,0.8162929936623556,-2.642603871313333e-20,0.0,25.782911969701697,0.19475932065506465,0.19475932065506465
1762150807.3339536,-5.816062062775195,0.8203778060851231,-3.0305189765178965e-19,0.0,25.77811991369432,0.19574104243580823,0.19574104243580823
1762150807.5152686,-5.818916298074634,0.8167774169650057,-1.510060320054419e-20,0.0,25.780119987342747,0.19116701123709948,0.19116701123709948
1762150807.7172947,-5.812685365191925,0.8265442758539793,-1.2711164304376195e-20,0.0,25.774036623746422,0.2024760619405202,0.2024760619405202
1762150807.880562,-5.819110339520743,0.8291902986711507,-1.1020316956348842e-20,0.0,25.7688589382265,0.19962328791304468,0.19962328791304468
1762150808.1156132,-5.818435717117435,0.8215352486883294,-1.8422959185330225e-19,0.0,25.77604508506127,0.19481795212028963,0.19481795212028963
1762150808.3781946,-5.815818922546288,0.8223092747641932,-1.57096939173539e-19,0.0,25.77648658639727,0.19725843203196128,0.19725843203196128
1762150808.549972,-5.811923481252055,0.8343370380321262,-8.122077430462474e-21,0.0,25.767351433480584,0.20842708511938285,0.20842708511938285
1762150808.8165395,-5.819382378792632,0.8213610804728421,-6.230812134830403e-21,0.0,25.775790061088845,0.1940083123213231,0.1940083123213231
1762150808.9934292,-5.818442571761685,0.8219926552992078,-1.1700232794181238e-19,0.0,25.775630251357295,0.19513003563316456,0.19513003563316456
1762150809.3073838,-5.815552559031114,0.8283294567310082,-6.08149502095503e-25,0.0,25.771181861082653,0.2016240272660372,0.2016240272660372
1762150809.472285,-5.816914423762728,0.826711915541736,-3.9463677720769666e-21,0.0,25.772045824088092,0.19951174682466438,0.19951174682466438
1762150809.6628077,-5.814628258142263,0.8170651602329908,-4.904296122465086e-25,0.0,25.781726417424192,0.19447956589478438,0.19447956589478438
1762150809.8961377,-5.817631090043407,0.8188596803220195,-6.532750608463402e-20,0.0,25.7788042362131,0.19354672208940324,0.19354672208940324
1762150810.1484222,-5.811648430989893,0.8211592327900115,-3.5743764158039834e-25,0.0,25.77933646717874,0.1994900527964773,0.1994900527964773
1762150810.328371,-5.815480584487658,0.8283999179915464,-4.736349505997992e-20,0.0,25.77114972994478,0.2017252663208558,0.2017252663208558
1762150810.6038065,-5.81529542214231,0.8119817486435376,-2.1524732453423546e-21,0.0,25.786013300591062,0.19045562705058067,0.19045562705058067
1762150810.7255912,-5.816005811787737,0.8220388545904647,-2.816774072491716e-20,0.0,25.776648767961397,0.19693488135566714,0.19693488135566714
1762150810.8837733,-5.813747750725442,0.8217897434106413,-4.16511284363873e-21,0.0,25.777855440709434,0.19840347004188472,0.19840347004188472
1762150811.0693705,-5.818058145503336,0.8290679658071378,-9.206752721643801e-20,0.0,25.76942684544765,0.20030691305947484,0.20030691305947484
1762150811.4119174,-5.810442896345163,0.8256665109673487,-1.611438521180978e-25,0.0,25.775802556556577,0.20349833648492344,0.20349833648492344
1762150811.5494618,-5.817335657556813,0.8288423206409183,-2.0059462100476506e-21,0.0,25.76994433673337,0.20067820883007204,0.20067820883007204
1762150811.7440107,-5.815274059886298,0.8253013758324019,-6.041331636584483e-20,0.0,25.77402952412804,0.19972981491236186,0.19972981491236186
1762150811.921564,-5.8169833698525855,0.8164028326576519,-3.872282256412174e-21,0.0,25.781298187480225,0.19231005306446314,0.19231005306446314
1762150812.1739383,-5.816810083120542,0.8190202590515242,-2.812945032236698e-21,0.0,25.779016830020048,0.19425476102316488,0.19425476102316488
1762150812.3800995,-5.819765912749138,0.8168332807097115,-8.258483973001241e-22,0.0,25.779700061638366,0.19058864296434364,0.19058864296434364
1762150812.558271,-5.8184325374470465,0.8180293564513602,-1.1208445906790032e-20,0.0,25.77920319423104,0.19238785506539144,0.19238785506539144
1762150812.7549934,-5.811309062269977,0.820905015453428,-8.4439167252561435e-22,0.0,25.779713008634122,0.1995595872038358,0.1995595872038358
1762150812.9606886,-5.822129560011476,0.8162765059093834,-5.575147671570383e-22,0.0,25.77917307795923,0.18848459643306797,0.18848459643306797
1762150813.2011995,-5.81592707587921,0.8135520993189431,-1.355986731193377e-21,0.0,25.784324546117485,0.19109231712295968,0.19109231712295968
1762150813.4174752,-5.816601978555284,0.8245939342694228,-1.6729292005123453e-20,0.0,25.774088796379704,0.19827266112272335,0.19827266112272335
1762150813.632423,-5.81606601160189,0.8203247355337012,-5.32573475380662e-22,0.0,25.77816598078809,0.19570132253941308,0.19570132253941308
1762150813.6553116,-5.815178601232119,0.8218079263872275,-6.5587579199132725e-21,0.0,25.777216575793975,0.19737610149229523,0.19737610149229523
1762150813.6838968,-5.817275855302088,0.8226526449982892,-7.583217251680022e-21,0.0,25.77554357386846,0.19643663531848432,0.19643663531848432
1762150813.8893824,-5.817567442481562,0.8139355478286975,-5.37961315886108e-21,0.0,25.783265643807873,0.1901701821362637,0.1901701821362637
1762150814.061629,-5.819260556204171,0.8139708296964956,-4.2259538528207855e-21,0.0,25.782497285092408,0.18896667096271852,0.18896667096271852
1762150814.0837932,-5.819325871423138,0.814875766274607,-4.239908505814331e-22,0.0,25.781654059463573,0.18954836495716174,0.18954836495716174
1762150814.1036842,-5.819223291498212,0.816863208386625,-4.2176648345284346e-21,0.0,25.77990918246821,0.19100361140356004,0.19100361140356004
1762150814.2274356,-5.815528829883808,0.8311346035863076,-2.1310107329327313e-21,0.0,25.768666413854625,0.20358139254125623,0.20358139254125623
1762150814.5111248,-5.815967517189284,0.8237141249491418,-3.2229768231668314e-21,0.0,25.77515700484474,0.1981247195831593,0.1981247195831593
1762150814.750865,-5.814134875673014,0.8236733171152545,-1.9674279311697273e-26,0.0,25.775991040870064,0.19942975740779767,0.19942975740779767
1762150814.9635093,-5.822502990023032,0.8230034545966857,-2.4372203368755772e-21,0.0,25.77295363298579,0.1928722094771398,0.1928722094771398
1762150815.2494242,-5.8177728995077915,0.8211379559535925,-2.065821463227644e-21,0.0,25.77669116918431,0.195024667760086,0.195024667760086
1762150815.4523149,-5.818765478313478,0.819927873409289,-1.8582924823474856e-21,0.0,25.77734891223449,0.19346341451695848,0.19346341451695848
1762150815.6110108,-5.814132917417409,0.8219223587772562,-1.0284917072995398e-22,0.0,25.777568465927434,0.19821566341421762,0.19821566341421762
1762150815.824211,-5.811530565736921,0.8207617603028502,-7.815684431638268e-23,0.0,25.7797456311172,0.19929915407262955,0.19929915407262955
1762150815.950039,-5.813559221139331,0.8197803749657546,-1.3019869265316555e-21,0.0,25.779746707769256,0.1971439617119199,0.1971439617119199
1762150816.1258774,-5.818094298392191,0.8277098315631738,-7.745258261197483e-23,0.0,25.77063398910672,0.19934173479192566,0.19934173479192566
1762150816.2822478,-5.815002946673882,0.8225941240251934,-1.0504282921354654e-21,0.0,25.776585097528454,0.1980495129003898,0.1980495129003898
1762150816.475561,-5.814419216666002,0.8308197781247815,-5.792585689088429e-23,0.0,25.76943262281217,0.204173511831862,0.204173511831862
1762150816.501148,-5.816902361574489,0.8280330823883462,-8.41961286360503e-22,0.0,25.770861485407625,0.2004346865575119,0.2004346865575119
1762150816.5199287,-5.817036302090678,0.8253366453078316,-5.301623370635234e-23,0.0,25.773231102159798,0.19847080119974622,0.19847080119974622
1762150816.6544516,-5.8128360786173685,0.8260281868872823,-4.0600457527411324e-23,0.0,25.774435745249644,0.20200843623840226,0.20200843623840226
1762150816.6914308,-5.811633313699795,0.8250430795603062,-5.785744438792592e-27,0.0,25.775846005649043,0.20219982400184405,0.20219982400184405
1762150816.8903594,-5.815801951925312,0.8258914908177967,-7.599240598298626e-22,0.0,25.773268521220313,0.19975426891368675,0.19975426891368675
1762150816.9175856,-5.816104922022135,0.8262762967302888,-3.5929151755212976e-23,0.0,25.77279023230347,0.1998000814288423,0.1998000814288423
1762150817.0335798,-5.819731883301667,0.821212183377616,-4.665832803075829e-27,0.0,25.775772076638233,0.19365074782808028,0.19365074782808028
1762150817.0557308,-5.817889645755707,0.8165415335490337,-4.5493897872871025e-27,0.0,25.78077902420431,0.19174862674355342,0.19174862674355342
1762150817.0754013,-5.814543172390237,0.8142595309609234,-3.6726637086226864e-23,0.0,25.784289639047273,0.1925878622374657,0.1925878622374657
1762150817.0959527,-5.813573137342396,0.8149989674577843,-3.6754136235915417e-23,0.0,25.784045860764646,0.19380587631714746,0.19380587631714746
1762150817.1133733,-5.815524159440962,0.8156795103960287,-4.3801181377179584e-27,0.0,25.782584301930562,0.192865519105008,0.192865519105008
1762150817.1341588,-5.818441620911313,0.8133412159178013,-5.995464999391963e-22,0.0,25.78342047158537,0.1891227451176809,0.1891227451176809
1762150817.1729147,-5.820533033947372,0.8127186707648842,-2.963513561743874e-23,0.0,25.783071143671812,0.18717287842547814,0.18717287842547814
1762150817.2602937,-5.815919353524721,0.8135759805879292,-5.733369112495248e-22,0.0,25.784306402900953,0.1911145455276272,0.1911145455276272
1762150817.476604,-5.814710011566054,0.8191090912067193,-5.827646541555616e-22,0.0,25.77985048313122,0.19584174538964333,0.19584174538964333
1762150817.502178,-5.813272109982861,0.8177988780331379,-1.8059817429003263e-21,0.0,25.781655767161404,0.19597388485676845,0.19597388485676845
1762150817.534599,-5.817249951361555,0.8164450144083162,-2.5272291658395433e-23,0.0,25.781144230249595,0.1921458983042721,0.1921458983042721
1762150817.5637226,-5.815693652815435,0.8174223217213915,-3.2191761999920484e-23,0.0,25.780941326180113,0.19395495506909943,0.19395495506909943
1762150817.6944861,-5.8196009053039734,0.8210589015519021,-1.457055119668691e-22,0.0,25.775967074590504,0.1936398484874358,0.1936398484874358
1762150817.7218935,-5.819018519845258,0.8180399641828039,-4.0653516035566837e-23,0.0,25.778938710774845,0.19196942075786178,0.19196942075786178
1762150817.9303575,-5.814179210942254,0.8176300876453171,-2.6413701296042495e-27,0.0,25.781413111888106,0.1951983991435126,0.1951983991435126
1762150818.030211,-5.812283228768537,0.8228058570752339,-1.591033753386365e-23,0.0,25.777577667682987,0.20017357914008135,0.20017357914008135
1762150818.0577505,-5.816249082134446,0.8191669263413365,-1.6672615837993805e-23,0.0,25.77912883394151,0.19476418764592013,0.19476418764592013
1762150818.0873656,-5.817100098509447,0.8223097092808855,-2.3862428887731936e-27,0.0,25.775928818349552,0.19632674935642253,0.19632674935642253
1762150818.1111064,-5.814340723135749,0.8233893194917417,-2.0706902989533823e-23,0.0,25.776157199857312,0.19908296233097406,0.19908296233097406
1762150818.1475575,-5.813521008285873,0.8250176599221756,-3.255920880365284e-22,0.0,25.77504765033668,0.20080906130738416,0.20080906130738416
1762150818.3470535,-5.8189874960181,0.8230201296983146,-1.1165884056709773e-21,0.0,25.774468037596282,0.19544523950448678,0.19544523950448678
1762150818.5119188,-5.8186657233315175,0.8282862231495935,-1.806240879565776e-27,0.0,25.769866403798424,0.1993232436481625,0.1993232436481625
1762150818.6401088,-5.818601993403719,0.8267860315184365,-1.5555000218014013e-23,0.0,25.77124491087202,0.19833260153578158,0.19833260153578158
1762150818.6677737,-5.818015062206496,0.8248716425500536,-2.7465721965783027e-22,0.0,25.773223982851526,0.19743574126839683,0.19743574126839683
1762150818.6972682,-5.819025455255748,0.8212141948699431,-2.2698786796638986e-22,0.0,25.77607759766381,0.19416625562637807,0.19416625562637807
1762150818.718395,-5.817518123215387,0.8198175631514656,-1.8635878551807068e-23,0.0,25.777990899242283,0.19429379288378582,0.19429379288378582
1762150818.7429974,-5.818121466334594,0.8199683938312138,-5.695884718854242e-23,0.0,25.777592605426292,0.1939598285943489,0.1939598285943489
1762150818.9027526,-5.8163314738180265,0.8159264260660477,-1.4756215008103808e-23,0.0,25.782010754740664,0.1924517515963715,0.1924517515963715
1762150819.098138,-5.818088122750573,0.8159155312018949,-2.207870003346601e-22,0.0,25.781256332771637,0.19116945863828644,0.19116945863828644
1762150819.428985,-5.817893868212826,0.8263298733204254,-1.4016792909360217e-23,0.0,25.77196370890787,0.19853338562369183,0.19853338562369183
1762150819.6278403,-5.817609120797074,0.8268812561693165,-9.008427563195539e-28,0.0,25.771591120200338,0.19912248715590605,0.19912248715590605
1762150819.6776054,-5.8171273077359755,0.8251107878392567,-8.03024569681124e-24,0.0,25.773394873452453,0.19824808962045767,0.19824808962045767
1762150819.9438312,-5.815872719672985,0.8192897890657264,-5.94086976890353e-24,0.0,25.779181944469148,0.19512293341009168,0.19512293341009168
1762150820.1776357,-5.813204040414539,0.8232384284201099,-6.351032152176993e-24,0.0,25.7767875779454,0.19980475659815078,0.19980475659815078
1762150820.3913994,-5.81459350816386,0.8208503188857688,-5.573651174586609e-28,0.0,25.778333356471524,0.19713635630442777,0.19713635630442777
1762150820.548862,-5.815497267438737,0.8312244065604935,-4.7456286184445e-24,0.0,25.76859928600343,0.2036665003375202,0.2036665003375202
1762150820.6731539,-5.819796082322285,0.8337726442146233,-7.371214358177575e-24,0.0,25.764434634479606,0.20228308445108298,0.20228308445108298
1762150820.8379996,-5.817505241152469,0.830578383000749,-5.789990377389521e-23,0.0,25.768307398540102,0.20175408844438872,0.20175408844438872
1762150821.0394764,-5.818946219635741,0.8269565035834273,-2.9517051721605827e-24,0.0,25.77094166088321,0.1981994124137684,0.1981994124137684
1762150821.06256,-5.820445865559002,0.8278977892128281,-3.467359799494941e-24,0.0,25.769441699435884,0.19775549949896137,0.19775549949896137
1762150821.087617,-5.817150638739301,0.8285847931093047,-3.579775830473821e-28,0.0,25.770256708637653,0.2006351450832519,0.2006351450832519
1762150821.1117587,-5.814939161913588,0.8287561319354558,-2.1679619900057135e-24,0.0,25.771064539228206,0.20236654260205691,0.20236654260205691
1762150821.1407573,-5.815601796514973,0.8285250795551337,-3.9990292091806285e-24,0.0,25.770984300335396,0.20172349832957906,0.20172349832957906
1762150821.174295,-5.8165073284627775,0.825896541274361,-5.1627300921520585e-23,0.0,25.77295709903444,0.19924391296780042,0.19924391296780042
1762150821.196431,-5.8174107913768225,0.8214728061153075,-2.9279809869209232e-24,0.0,25.776547203625103,0.1955203128338326,0.1955203128338326
1762150821.2148726,-5.818487279714221,0.8199667867433402,-3.2747770235738042e-28,0.0,25.777434905003137,0.19369271623110396,0.19369271623110396
1762150821.2378128,-5.820132214486051,0.8160888361347537,-5.33126141774289e-23,0.0,25.780211003967857,0.18980563840570042,0.18980563840570042
1762150821.2681367,-5.819208614528491,0.8202761080891352,-5.8622804959933676e-24,0.0,25.77684257286777,0.19338262019424693,0.19338262019424693
1762150821.3011563,-5.818019736560137,0.821702662336054,-3.279844363914327e-24,0.0,25.776075317567084,0.19523670087459052,0.19523670087459052
1762150821.325913,-5.817445347939256,0.8212745615215906,-3.169366114432097e-24,0.0,25.776710670350457,0.19535766958931922,0.19535766958931922
1762150821.3508747,-5.818475828906705,0.8205944159777929,-1.475017244315384e-22,0.0,25.776874765658466,0.19413639206784644,0.19413639206784644
1762150821.3785596,-5.818913047415171,0.8220178838506536,-2.9564495182723983e-28,0.0,25.775402854547163,0.19480508400004592,0.19480508400004592
1762150821.3989587,-5.819015014927575,0.822016131661617,-4.644519578453666e-23,0.0,25.775360071166347,0.1947296456971379,0.1947296456971379
1762150821.433142,-5.812683579298982,0.8201940009254048,-2.370407860897869e-24,0.0,25.779755225344083,0.19806728379984156,0.19806728379984156
1762150821.4576206,-5.812484812179028,0.8199746612686211,-2.0210824574767968e-24,0.0,25.78003919387467,0.19805901345747096,0.19805901345747096
1762150821.480262,-5.812154673850295,0.8213097985109672,-2.4778354963368223e-24,0.0,25.778980655492006,0.19922717525913203,0.19922717525913203
1762150821.5053663,-5.812171295521827,0.8232161387294606,-2.0767773012129742e-24,0.0,25.77725694434884,0.20053995362523624,0.20053995362523624
1762150821.6692374,-5.81552883648622,0.8174245834014836,-1.2704161379644129e-22,0.0,25.781010993249,0.1940761437809226,0.1940761437809226
1762150821.7060547,-5.816245018634725,0.8170938091472648,-7.900919870004251e-24,0.0,25.780997248603335,0.19332635737218729,0.19332635737218729
1762150821.8727682,-5.819651804004503,0.821843563817748,-3.496683859647559e-23,0.0,25.775238416574947,0.194146512003646,0.194146512003646
1762150821.901018,-5.8200641782983125,0.8217389412308191,-3.8347973455898647e-23,0.0,25.775153215539493,0.19377380513432724,0.19377380513432724
1762150822.0171008,-5.8178063530102495,0.8188666074475696,-2.4521469714871367e-24,0.0,25.778721750670417,0.1934241735863279,0.1934241735863279
1762150822.0403616,-5.8198132840417784,0.8255464543077137,-3.867114237485877e-24,0.0,25.77183406030401,0.19659198304979694,0.19659198304979694
1762150822.0614884,-5.819199802923387,0.8258364149862544,-1.6045683029997392e-24,0.0,25.771839873552015,0.19723986911566527,0.19723986911566527
1762150822.0879831,-5.818649774816878,0.8227796164989317,-9.593951442245569e-23,0.0,25.774831523011915,0.19552454439006905,0.19552454439006905
1762150822.1239626,-5.818581053167762,0.8178637872526026,-1.8159890716393013e-24,0.0,25.77928766180102,0.192164986430677,0.192164986430677
1762150822.1577568,-5.819316496494623,0.8172996536128692,-3.245798753667942e-23,0.0,25.77947565571559,0.1912389579473477,0.1912389579473477
1762150822.1807947,-5.818259417622005,0.8203481409039731,-1.259290777469635e-24,0.0,25.777190663106357,0.1941229697652601,0.1941229697652601
1762150822.1996367,-5.818603490087882,0.8191646290858099,-1.208338284185636e-24,0.0,25.778106615011858,0.19305165505952027,0.19305165505952027
1762150822.215882,-5.816152253441812,0.8187049467730215,-1.7408079185532142e-28,0.0,25.77958692845735,0.1945135581188977,0.1945135581188977
1762150822.2362509,-5.8129810718493236,0.8183702033500936,-2.5304054411655307e-23,0.0,25.781267958921806,0.19658261814361871,0.19658261814361871
1762150822.2757816,-5.8129184795744315,0.8169408317772909,-2.382517291739705e-23,0.0,25.782582204264173,0.1956329741479115,0.1956329741479115
1762150822.3025837,-5.816721650827342,0.8164206310580308,-1.2332687257811057e-24,0.0,25.781396022804348,0.19251236404231428,0.19251236404231428
1762150822.4143927,-5.81846760940486,0.8170497064783758,-7.606012337471214e-23,0.0,25.780070018701522,0.1916820227408293,0.1916820227408293
1762150822.4457686,-5.821657198788139,0.8233715119700923,-9.557637933768275e-23,0.0,25.772990194247928,0.19374333740269523,0.19374333740269523
1762150822.468864,-5.82216518297478,0.8231562769176047,-1.2180846465368327e-24,0.0,25.77296299414895,0.19322416323571612,0.19322416323571612
1762150822.4917932,-5.818084113058816,0.8207935767272836,-1.4422348619497732e-24,0.0,25.776865856503765,0.1945594421451065,0.1945594421451065
1762150822.5159016,-5.820857501760995,0.8200771213901705,-1.5126406336524624e-24,0.0,25.776304391714458,0.19204496422692047,0.19204496422692047
1762150822.5563824,-5.81567768820918,0.8203360149982295,-1.2704176751475297e-24,0.0,25.778324765149137,0.19599135105818738,0.19599135105818738
1762150822.6481733,-5.816828230541034,0.820422038863331,-2.400764840505325e-24,0.0,25.777746764236127,0.1952148583435413,0.1952148583435413
1762150822.676921,-5.816889923900346,0.8243117582050702,-1.8400558868590994e-23,0.0,25.77421759846361,0.19786747268722213,0.19786747268722213
1762150822.863457,-5.817367954249147,0.8200280595970727,-1.6547972740241457e-23,0.0,25.7778666981628,0.19454905429557684,0.19454905429557684
1762150823.0737708,-5.818721956764367,0.8142250168390126,-1.4342603227018164e-23,0.0,25.78250273169662,0.18953417605036643,0.18953417605036643
1762150823.093751,-5.816641948642416,0.8135956084705357,-1.4128474899264715e-23,0.0,25.78397436415601,0.19060452594871807,0.19060452594871807
1762150823.120663,-5.812493737562688,0.8150580625042646,-4.828067170960393e-23,0.0,25.784462245127752,0.19462902340083,0.19462902340083
1762150823.2605712,-5.815765289124038,0.8161313415126616,-1.390208348308725e-23,0.0,25.782072566858453,0.19300503204221203,0.19300503204221203
1762150823.2780752,-5.817199702816657,0.8198758271399383,-1.1457494896821098e-24,0.0,25.778076967100294,0.19456569132352491,0.19456569132352491
1762150823.295984,-5.816729795486043,0.8215845047679803,-1.1184925878046086e-23,0.0,25.77674289740774,0.19609311355340134,0.19609311355340134
1762150823.319742,-5.8187714104962405,0.8181327506978475,-8.67988606851981e-29,0.0,25.778962670409086,0.1922134048160345,0.1922134048160345
1762150823.3364573,-5.819987224999752,0.8180289397945638,-1.4302955893934756e-23,0.0,25.778527201110926,0.19125769949306626,0.19125769949306626
1762150823.4249735,-5.817605801444708,0.8208971990156947,-8.148706481885526e-29,0.0,25.77698064430699,0.19497919975834063,0.19497919975834063
1762150823.4565392,-5.816824120813662,0.8201426877024797,-8.046093586260191e-29,0.0,25.77800008159405,0.19502393491616227,0.19502393491616227
1762150823.4765801,-5.819227021882792,0.8212614402538398,-1.1633623336472469e-23,0.0,25.775947365893693,0.1940523203384913,0.1940523203384913
1762150823.4974694,-5.815153551560257,0.8227268387256214,-9.990689550333754e-25,0.0,25.776400079639583,0.19803208467405928,0.19803208467405928
1762150823.5188315,-5.817744624077479,0.8229990503275554,-6.559828839413815e-25,0.0,25.775027730190217,0.19633555817724963,0.19633555817724963
1762150823.540594,-5.817448021768349,0.8241756836778992,-5.728055706389572e-25,0.0,25.774097319761037,0.19736679034397653,0.19736679034397653
1762150823.5683987,-5.81601765334878,0.8281989010179,-1.7981070644003238e-24,0.0,25.7710970744896,0.20119456854347295,0.20119456854347295
1762150823.5916593,-5.815774399943078,0.8269572431450459,-1.042664407236856e-23,0.0,25.77232089811461,0.20051244617405622,0.20051244617405622
1762150823.63049,-5.816377523177694,0.8270793884308545,-5.274182327059303e-25,0.0,25.771948528455898,0.2001574428345418,0.2001574428345418
1762150823.650491,-5.816730492643602,0.8249604627294753,-6.167199925479363e-25,0.0,25.773702861838203,0.1984330042197605,0.1984330042197605
1762150823.6781936,-5.818168990564502,0.8222244968821936,-5.428282464103084e-25,0.0,25.77554052159843,0.19548984390725085,0.19548984390725085
1762150823.833606,-5.817544281893282,0.8180430873169622,-5.283256794073315e-25,0.0,25.77957726729256,0.19304268669213343,0.19304268669213343
1762150823.8547034,-5.821133093856282,0.8196147764536165,-2.246021939465132e-23,0.0,25.77660079319634,0.19152400880954523,0.19152400880954523
1762150823.8878593,-5.820567274391995,0.8219197961086725,-6.83049297568362e-25,0.0,25.774771500322757,0.19353272675091832,0.19353272675091832
1762150823.9161727,-5.818616491125592,0.8245189244104191,-6.020042855011262e-25,0.0,25.773279920108738,0.19675334529868765,0.19675334529868765
1762150824.0624535,-5.8157691040543735,0.8241072196313982,-4.122960852132523e-25,0.0,25.774889379917163,0.19854166716769575,0.19854166716769575
1762150824.084428,-5.813371289288468,0.8203549624384382,-6.407938701653196e-25,0.0,25.779311105780447,0.19767989423289473,0.19767989423289473
1762150824.1112292,-5.813555414399495,0.8177554421877212,-4.793564984866978e-25,0.0,25.781571625197763,0.19573815556368163,0.19573815556368163
1762150824.1308634,-5.814599797826521,0.8203882695660893,-5.797350901620563e-25,0.0,25.77874665205455,0.1968107879175795,0.1968107879175795
1762150824.1522458,-5.815971091352245,0.823488095252859,-3.894897229029377e-25,0.0,25.77535896836076,0.19796539230591603,0.19796539230591603
1762150824.2762542,-5.818567171228667,0.8169777792456743,-7.0956147180927985e-25,0.0,25.78009146793706,0.19155975022913183,0.19155975022913183
1762150824.304625,-5.818502863089387,0.8223201815558044,-6.567236673303877e-24,0.0,25.77530911500373,0.1953131488269922,0.1953131488269922
1762150824.3230195,-5.816330716237534,0.8233574943617787,-6.703055911240969e-24,0.0,25.775320107021855,0.1976131299406262,0.1976131299406262
1762150824.5041625,-5.813180783537769,0.8145887913300849,-3.3077638907513027e-25,0.0,25.78458587963752,0.19380427701424432,0.19380427701424432
1762150824.5279038,-5.812548190237568,0.8112394071886353,-2.496840563059763e-24,0.0,25.787876894994724,0.1919256308662463,0.1919256308662463
1762150824.5466359,-5.814971897870907,0.8146960807293735,-5.589622279977245e-24,0.0,25.783710049662364,0.1925812575273542,0.1925812575273542
1762150824.5633934,-5.816057527069598,0.8158719930655783,-5.926848232198792e-24,0.0,25.782178947322535,0.19261260972930744,0.19261260972930744
1762150824.6566727,-5.815182700747919,0.8217048395569568,-2.805217522668816e-25,0.0,25.777307612279973,0.19730155831462562,0.19730155831462562
1762150824.682471,-5.811601772486679,0.8191349033391404,-3.4609990813434624e-25,0.0,25.78117948406786,0.19811541551627393,0.19811541551627393
1762150824.7001667,-5.813951959969914,0.8156852558741903,-2.955142573607711e-25,0.0,25.783263115525315,0.19400940261304067,0.19400940261304067
1762150824.7317953,-5.814107191537947,0.8152512168107098,-2.8615008986124014e-25,0.0,25.783586393194177,0.19359459642525573,0.19359459642525573
1762150824.8833272,-5.817649760072083,0.8173811864511797,-3.2351884717428775e-29,0.0,25.780127358318083,0.19250625875019098,0.19250625875019098
1762150824.906593,-5.816762271598662,0.8151540934123291,-2.9107818664461134e-25,0.0,25.78251874859478,0.19160196165724214,0.19160196165724214
1762150825.1096516,-5.81985614280717,0.8176566838080958,-2.0552176480086894e-25,0.0,25.778919410006843,0.19109465193598524,0.19109465193598524
1762150825.2988358,-5.814082654054461,0.8208386915111643,-3.4795686678534824e-24,0.0,25.77856607338775,0.19749942170059115,0.19749942170059115
1762150825.3232348,-5.814739830286645,0.8206261396006993,-2.4504738567418576e-29,0.0,25.778471551232453,0.1968743141810128,0.1968743141810128
1762150825.420521,-5.8164693972215975,0.8208830838750459,-2.1270909844576335e-25,0.0,25.777487747386928,0.19579572772164425,0.19579572772164425
1762150825.4420767,-5.815628807320298,0.8186364384846808,-1.8555959089078947e-25,0.0,25.779876339447295,0.19484607529979345,0.19484607529979345
1762150825.467655,-5.8149355808085925,0.8189452583375969,-4.0533720258992845e-24,0.0,25.779899865092794,0.19556407925299713,0.19556407925299713
1762150825.5877187,-5.819245257410572,0.8173213815834017,-2.9153275092046454e-24,0.0,25.77948708435443,0.1913058020590347,0.1913058020590347
1762150825.6344168,-5.821050193647227,0.8155517809148128,-1.8586221358160588e-25,0.0,25.78029520392886,0.18876592750329607,0.18876592750329607
1762150825.8393672,-5.816962028410906,0.8208156939040655,-2.6342229982585105e-24,0.0,25.777334106048784,0.19539078980691266,0.19539078980691266
1762150825.9809496,-5.815029834842983,0.82514319229322,-2.5585111856794436e-24,0.0,25.774278203845334,0.19979797944485625,0.19979797944485625
1762150826.0434241,-5.81399384945291,0.822967782149988,-1.1967265426444562e-25,0.0,25.776687662263985,0.1990426290198613,0.1990426290198613
1762150826.0728724,-5.815737243941172,0.8219046645808249,-1.2841739318796663e-25,0.0,25.77688643412395,0.19703706864608667,0.19703706864608667
1762150826.112473,-5.8158223216847125,0.8254049527450398,-4.9572252356453085e-25,0.0,25.77369774106036,0.19940235912679477,0.19940235912679477
1762150826.137713,-5.81630714301002,0.8267532143441325,-2.8580934829041517e-24,0.0,25.772272836467117,0.1999829477493127,0.1999829477493127
1762150826.2446659,-5.812607044813387,0.8238692218775724,-1.911446379887275e-24,0.0,25.776479331328396,0.20067677709886253,0.20067677709886253
1762150826.268561,-5.81317488174302,0.8214189208120202,-1.3023666613659442e-25,0.0,25.77843855873251,0.19856205033971713,0.19856205033971713
1762150826.2973332,-5.814929114496226,0.8227730333204474,-1.1203524557420352e-25,0.0,25.776456127312088,0.19822736489845952,0.19822736489845952
1762150826.316663,-5.817794962067468,0.8239077336360543,-1.035298204554708e-25,0.0,25.77418764684099,0.19692851419419155,0.19692851419419155
1762150826.3438365,-5.817021203193933,0.8296280332185418,-8.265614245932715e-26,0.0,25.769373680204417,0.2014508080711646,0.2014508080711646
1762150826.362473,-5.816427434361513,0.827710391182123,-9.124688262970445e-26,0.0,25.771358655985,0.20055775700980338,0.20055775700980338
1762150826.4294977,-5.815961638828823,0.8324555914305569,-1.0068581295587829e-25,0.0,25.767288694744483,0.20417800314502055,0.20417800314502055
1762150826.4584718,-5.815725059710953,0.8317196430230632,-1.191499813650943e-29,0.0,25.768054270957393,0.203842416655465,0.203842416655465
1762150826.481217,-5.8177990723212805,0.8277217790239355,-1.3780384014603891e-24,0.0,25.77075166992275,0.19956534956476563,0.19956534956476563
1762150826.5097795,-5.819934546141044,0.8290360052568257,-1.0403370970446626e-25,0.0,25.768639293053674,0.19891486741574588,0.19891486741574588
1762150826.5345428,-5.81991099177056,0.8275914609481609,-1.6574278747044125e-24,0.0,25.769950216539062,0.19793433063289445,0.19793433063289445
1762150826.5609455,-5.818549499449144,0.8258109690928898,-2.62241828213974e-24,0.0,25.77214570032044,0.19769638590830912,0.19769638590830912
1762150826.5929427,-5.814543362658841,0.8266664202606575,-1.1041939982811371e-29,0.0,25.773118320665652,0.20120787130532553,0.20120787130532553
1762150826.6226208,-5.817261338190139,0.8270653473794862,-8.236779185664246e-26,0.0,25.771576666549127,0.19950342727604972,0.19950342727604972
1762150826.866337,-5.814164877515853,0.8192967247185886,-1.1704195083014841e-25,0.0,25.779918697901653,0.1963679760929012,0.1963679760929012
1762150827.0812547,-5.816397802213683,0.8228431133816729,-2.7181277489054626e-25,0.0,25.77575407284435,0.19720763113493966,0.19720763113493966
1762150827.3064463,-5.81625524669487,0.8202798528796922,-1.0611483986576012e-24,0.0,25.778124066486985,0.195532630085532,0.195532630085532
1762150827.4631999,-5.816691175286913,0.8218993140023915,-8.978178322839029e-25,0.0,25.77647624308791,0.19633959683576474,0.19633959683576474
1762150827.4840093,-5.814533051668632,0.8183314222666827,-6.249072423268001e-30,0.0,25.780627687357494,0.19542949128217757,0.19542949128217757
1762150827.6634977,-5.814562113279457,0.8247820796281427,-4.3832287882705535e-26,0.0,25.77480683450415,0.19988805838310353,0.19988805838310353
1762150827.8002648,-5.816184945814226,0.8271247352233777,-4.1784444054719907e-26,0.0,25.77199147890189,0.20032919860016096,0.20032919860016096
1762150828.1301756,-5.811838849970218,0.8309530422007805,-4.169863661212501e-30,0.0,25.770435222014708,0.2061477060529759,0.2061477060529759
1762150828.3613527,-5.815749681504975,0.8238662484863855,-6.797056957240561e-25,0.0,25.77511480154222,0.19838872967810572,0.19838872967810572
1762150828.5517647,-5.81802383207909,0.81378911423443,-6.07111642129484e-26,0.0,25.78319894074845,0.1897373396816096,0.1897373396816096
1762150828.8576622,-5.819533317262066,0.8199870680880598,-3.7564865291795386e-25,0.0,25.776961563944,0.19294599803650722,0.19294599803650722
1762150829.0856676,-5.81473183417829,0.8238508071038643,-7.274086766083568e-26,0.0,25.77557152048892,0.19911865374388332,0.19911865374388332
1762150829.305667,-5.814626724882825,0.8217440600907658,-2.0147811490137054e-26,0.0,25.77751417570462,0.19773293531546138,0.19773293531546138
1762150829.45081,-5.814446960769561,0.8216333605888925,-1.553651110269965e-26,0.0,25.777692056729155,0.19778671957468597,0.19778671957468597
1762150829.484399,-5.814401878253907,0.8197900511372576,-1.7638666548638825e-30,0.0,25.77937139651859,0.19653882671989037,0.19653882671989037
1762150829.5200176,-5.8144138216633205,0.8183935625017112,-2.512246423131759e-25,0.0,25.78062360705268,0.195559242369524,0.195559242369524
1762150829.5543072,-5.8159109772198745,0.8197414733776136,-1.257576392507367e-26,0.0,25.77875860129432,0.1954089120012965,0.1954089120012965
1762150829.6180139,-5.818248036327433,0.8195690791244954,-1.614158468509824e-30,0.0,25.777897086326682,0.19359072630514207,0.19359072630514207
1762150829.640798,-5.816603732772307,0.8211494602964442,-2.395942120432833e-25,0.0,25.777189457693428,0.1958829253175967,0.1958829253175967
1762150829.6746106,-5.817941975327543,0.8236687951892744,-1.6645172280217095e-26,0.0,25.774338830157415,0.19665593332921755,0.19665593332921755
1762150829.7976217,-5.814847550472245,0.8280185944611246,-1.4533360590006353e-26,0.0,25.771768477922322,0.20192277956426447,0.20192277956426447
1762150829.8313773,-5.814278469130727,0.8265015956204113,-1.2283276856682508e-26,0.0,25.77338197191287,0.20128657952433734,0.20128657952433734
1762150830.0560129,-5.8141586745507885,0.8237997156231455,-1.735660313364078e-25,0.0,25.77586687719102,0.19950015592795953,0.19950015592795953
1762150830.289593,-5.819897500491161,0.8175066159414724,-1.1917580687873778e-26,0.0,25.779036539291358,0.19096044203612583,0.19096044203612583
1762150830.508318,-5.814157749736594,0.8295952384477167,-1.1326130952522981e-26,0.0,25.770648956924287,0.203517033699177,0.203517033699177
1762150830.7158217,-5.818637999638103,0.836657526825534,-2.156003176748579e-26,0.0,25.762340894283287,0.2051177468310133,0.2051177468310133
1762150830.9513357,-5.81718296591904,0.8267891628559234,-8.533390310591444e-27,0.0,25.771859440637748,0.199369454078116,0.199369454078116
1762150831.2062836,-5.816160400042639,0.8313414783746561,-5.500567873876138e-27,0.0,25.76820537739574,0.20326325990662117,0.20326325990662117
1762150831.387149,-5.813913991545393,0.8213313181550892,-7.801977844850278e-26,0.0,25.77819588626271,0.19796421924424554,0.19796421924424554
1762150831.5554736,-5.817554061419104,0.820748360154594,-9.29443075678752e-27,0.0,25.77713716923377,0.1949135702832086,0.1949135702832086
1762150831.6712132,-5.81477861170765,0.8177657474938927,-3.7905276768211474e-27,0.0,25.78103019310186,0.1948578569989075,0.1948578569989075
1762150831.7675478,-5.814937327916074,0.8136062168337737,-5.819535417016276e-26,0.0,25.78470640917215,0.19184712708230425,0.19184712708230425
1762150832.0568213,-5.8162599236819075,0.8299985967353947,-3.930360189466065e-27,0.0,25.76937121801593,0.20226254298170634,0.20226254298170634
1762150832.2541473,-5.813038446675408,0.8194825003469713,-3.247189033937161e-27,0.0,25.78024147923592,0.19731484612213113,0.19731484612213113
1762150832.2752001,-5.815387842440906,0.820728892435575,-3.0381216760552085e-31,0.0,25.778097113683184,0.1964748194235057,0.1964748194235057
1762150832.296473,-5.814211084232506,0.8210474385168088,-5.221178214811669e-26,0.0,25.77832224269478,0.19755114749853403,0.19755114749853403
1762150832.3265002,-5.815631078514624,0.8220420151658123,-2.622561697520566e-27,0.0,25.776808950223394,0.19720958685810808,0.19720958685810808
1762150832.350534,-5.815909615020933,0.8199707541833845,-2.6563057405665796e-27,0.0,25.7785527481433,0.19556915079828935,0.19556915079828935
1762150832.378227,-5.814464179495248,0.8172641861994332,-2.8175628105118237e-31,0.0,25.781618595850848,0.19473707591456607,0.19473707591456607
1762150832.407849,-5.8130109073675245,0.8179254839666833,-2.768333183322848e-31,0.0,25.781655406882408,0.19625146317444353,0.19625146317444353
1762150832.4428415,-5.812027377219676,0.8164678631514444,-3.903725895659826e-26,0.0,25.78339574289448,0.19594941463243482,0.19594941463243482
1762150832.467124,-5.811703797082653,0.8180357556122145,-2.4610811372730895e-27,0.0,25.78212477720595,0.19727614260757365,0.19727614260757365
1762150832.4884741,-5.811201347265949,0.8187083291659188,-4.071572952666166e-26,0.0,25.781737779313875,0.1981088380439165,0.1981088380439165
1762150832.5141635,-5.812122786179116,0.8209221075367449,-3.7368199054158924e-26,0.0,25.779343607471343,0.19898075537323465,0.19898075537323465
1762150832.5387287,-5.815988057861971,0.8186920669180212,-4.449443265714602e-26,0.0,25.779669958995292,0.19462385489356165,0.19462385489356165
1762150832.5788877,-5.815098182756292,0.8179869411719639,-4.625185169605001e-26,0.0,25.78069199933701,0.19477976296595761,0.19477976296595761
1762150832.6035733,-5.812697119679306,0.819623729678795,-1.584688667005675e-27,0.0,25.78026281015081,0.19766081423776438,0.19766081423776438
1762150832.6385388,-5.811170406027726,0.8244629672928298,-3.3906036230869846e-26,0.0,25.776569730541233,0.20213353075629387,0.20213353075629387
1762150832.6646614,-5.814617863581403,0.8254602651447438,-3.397528269464322e-26,0.0,25.77417193808189,0.2003176929772424,0.2003176929772424
1762150832.6894367,-5.817514785684792,0.8229230021238031,-6.070137228074379e-27,0.0,25.775196195845798,0.1964501526195484,0.1964501526195484
1762150832.719301,-5.818438229941699,0.8245391078623502,-1.9303510587945937e-27,0.0,25.773339299506226,0.19689719891190777,0.19689719891190777
1762150832.778946,-5.816437493643519,0.8228611354771687,-2.377820580548382e-27,0.0,25.775720577850443,0.19719124955864153,0.19719124955864153
1762150832.8330169,-5.817451578093922,0.8244338882430151,-3.277425783972354e-26,0.0,25.773863283679425,0.19754306187640674,0.19754306187640674
1762150832.8604653,-5.8188443273480965,0.8252342984858078,-3.3326813078770307e-26,0.0,25.77253667274949,0.19708244778771314,0.19708244778771314
1762150832.884674,-5.814324888930764,0.8228755899888477,-3.067497395474521e-26,0.0,25.77662665358862,0.1987379299151268,0.1987379299151268
1762150832.9371343,-5.814355920680417,0.8218958998657124,-3.0007793239304747e-27,0.0,25.77749527190689,0.19803520569155086,0.19803520569155086
1762150833.055131,-5.813637405114153,0.8226556532614115,-2.053069218126087e-27,0.0,25.77712377638311,0.19908505535483023,0.19908505535483023
1762150833.0767956,-5.816800919202041,0.8212708496000299,-1.8096153501641285e-31,0.0,25.776994371913837,0.19582377116293848,0.19582377116293848
1762150833.2898517,-5.8194708605383125,0.8222158475184241,-3.324810759124319e-26,0.0,25.77498192978097,0.19453615502464416,0.19453615502464416
1762150833.5484006,-5.816619626244828,0.8178986444706036,-1.906728265543412e-26,0.0,25.780109596783753,0.19361386381249956,0.19361386381249956
1762150833.6465213,-5.81192286631841,0.8146778843518244,-5.846276508162418e-27,0.0,25.785052917828285,0.19477739189022852,0.19477739189022852
1762150833.779407,-5.819827551996213,0.8130097791515191,-9.521197510041275e-28,0.0,25.78311594856547,0.1878870553398293,0.1878870553398293
1762150834.1297677,-5.813645772851987,0.8218669955865828,-7.748699896258661e-28,0.0,25.777830247968566,0.19853123664435463,0.19853123664435463
1762150834.3168585,-5.816969231074847,0.8247364663604704,-7.603444391761614e-28,0.0,25.773800686098625,0.19810395851656415,0.19810395851656415
1762150834.5859346,-5.814173784683424,0.8256449738440448,-9.97256080985548e-27,0.0,25.77419882223174,0.20076902561781895,0.20076902561781895
1762150834.7426293,-5.8181292029643545,0.8244902158688653,-6.331215685604217e-32,0.0,25.773517764619587,0.19708848408002685,0.19708848408002685
1762150834.9125586,-5.81511286295334,0.8170333399254225,-8.225534896871963e-27,0.0,25.781544240836705,0.19410586017383163,0.19410586017383163
1762150835.102088,-5.816795733411231,0.8213313428512434,-1.8079017323904502e-27,0.0,25.776942159520214,0.19586951511419048,0.19586951511419048
1762150835.312709,-5.8146143829984,0.8201384818600407,-3.963717413120222e-28,0.0,25.77896521707158,0.19662663217291165,0.19662663217291165
1762150835.5036273,-5.817139793739018,0.8249490419026038,-2.6687452062063756e-26,0.0,25.773535078391365,0.1981269716052739,0.1981269716052739
1762150835.6646218,-5.817843912814944,0.8149239658905401,-3.0754108194359455e-28,0.0,25.782255387732505,0.19065725825373106,0.19065725825373106
1762150835.8126624,-5.816974849556637,0.8146387363969242,-3.199916454016159e-32,0.0,25.782890296821787,0.191089214628613,0.191089214628613
1762150836.003359,-5.8186373663164135,0.8240217304867086,-2.7568472353823852e-28,0.0,25.773718514650817,0.19639389996332587,0.19639389996332587
1762150836.305719,-5.8176899067699495,0.8263256634105955,-3.4011508668709566e-27,0.0,25.772056233152604,0.1986791575937202,0.1986791575937202
1762150836.5893297,-5.817580183862342,0.8162257840651339,-1.629720729958478e-28,0.0,25.781197958571614,0.19175380444949397,0.19175380444949397
1762150836.7822423,-5.811998047902043,0.8268268940870673,-1.7432923144900805e-32,0.0,25.77408117067098,0.20317234586775929,0.20317234586775929
1762150837.0473175,-5.817591015012398,0.8223938651629691,-1.4409207738631134e-28,0.0,25.775639470215904,0.1960278799157804,0.1960278799157804
1762150837.31112,-5.81734050055358,0.8217737796553666,-1.797702776819695e-27,0.0,25.776306785380065,0.19578019004793673,0.19578019004793673
1762150837.465734,-5.783517592984043,0.7996714423327056,0.7320605833643821,0.0,25.810922546737146,0.20462955265985328,0.20462955265985328
1762150837.6589007,-5.7325477373752864,0.7439188084638644,0.38931095580165886,0.0,25.909540773667512,0.19945279858760018,0.19945279858760018
1762150837.8472042,-5.7159544731382015,0.7138640522103522,0.10669988137671313,0.0,25.943844844087177,0.18843002129289493,0.18843002129289493
1762150838.02417,-5.700873158611289,0.6624138313237056,1.5212518132118766,0.0,26.01515777903445,0.1596677697001236,0.1596677697001236
1762150838.2418327,-5.342567347789531,0.445759680097289,2.131556052407435,0.0,0.12696448305392471,0.20487495127235764,0.20487495127235764
1762150838.5348616,-4.6515639956011405,0.26817945360375184,2.2344560455067066,0.0,0.9278295464190554,0.3095477567518096,0.3095477567518096
1762150838.7529762,-4.244203073527997,0.24366648438150837,2.1177790894935677,0.0,1.3943954894142754,0.33408694778260034,0.33408694778260034
1762150838.8687472,-4.097635524795625,0.25900488312864556,2.071585403848961,0.0,1.5564342156958668,0.35112884256939825,0.35112884256939825
1762150839.1982367,-3.268847766912626,0.33413451027565905,2.696875442296776,0.0,2.416009888004449,0.3670807546790119,0.3670807546790119
1762150839.3346539,-2.75672369558698,0.4088166283379318,2.87846368031242,0.0,2.9326455730843772,0.398907404390957,0.398907404390957
1762150839.5173352,-2.1005319405461447,0.4846697933996241,2.891334003066559,0.0,3.58043711285376,0.42415477139053215,0.42415477139053215
1762150839.7194328,-1.368452470594834,0.4691706495096764,2.8222800591975883,0.0,4.285467118492457,0.3902918878576346,0.3902918878576346
1762150839.926642,-0.659955418988251,0.38601172098524544,2.78602175175699,0.0,4.980634450689023,0.3294794119728219,0.3294794119728219
1762150840.116474,-0.00419293027757417,0.3552626910467809,2.8826855563174325,0.0,5.632470212650418,0.33791069562548387,0.33791069562548387
1762150840.2881618,0.7393902662327938,0.3223863848609762,2.9939140689724795,0.0,6.382151200599149,0.34931658478992406,0.34931658478992406
1762150840.527135,1.7043546508960459,0.29881011753152914,3.0136185372394975,0.0,7.346222964634855,0.3762955901539322,0.3762955901539322
1762150840.7605164,2.6138781747411697,0.24542396799659452,2.990553527256044,0.0,8.325522972375207,0.29253279469292975,0.29253279469292975
1762150840.949833,3.3297190892625217,0.27143637398684284,2.970426695211384,0.0,9.040885077509717,0.15440599684913775,0.15440599684913775
1762150841.313295,4.400668227259187,0.6477304656663123,2.9465619352468613,0.0,10.2461522214634,0.0398004088671345,0.0398004088671345
1762150841.5688233,5.138147572005075,1.116077053825195,2.9276957698442554,0.0,11.02519858569245,-0.26710380064197065,0.26710380064197065
1762150841.7493582,5.446140595124915,1.5114245719117283,2.8919252452919744,0.0,11.437263784038716,-0.4133565548661182,0.4133565548661182
1762150841.9105184,5.55209495818037,2.066082225689647,2.8251317681413237,0.0,11.893144351637353,-0.4543886850681382,0.4543886850681382
1762150842.155638,5.518978424586284,2.6324679962698303,2.773542115281857,0.0,12.371839017371853,-0.4938555171177115,0.4938555171177115
1762150842.281583,5.257239108486077,2.9712787422768985,2.750324522436613,0.0,12.624273623734204,-0.4251299951647487,0.4251299951647487
1762150842.5025454,4.846880976767878,3.308361674252543,2.7707345183400975,0.0,13.021268621633084,-0.3886246556915237,0.3886246556915237
1762150842.786584,3.887860826585199,3.464154441383051,2.775576769672634,0.0,13.801984997911571,-0.20411582355956492,0.20411582355956492
1762150842.9733489,3.3742458633034422,3.4740903980291717,2.8311559044565073,0.0,14.269039013710989,-0.19534972303158749,0.19534972303158749
1762150843.2662504,2.3888741956598833,3.312874664598908,2.8312727512998186,0.0,15.223971981908987,-0.24665055776190792,0.24665055776190792
1762150843.5266883,1.4419969250687157,3.1177079984150597,2.5229423270423843,0.0,16.245066190695443,-0.2828249015010213,0.2828249015010213
1762150843.7985468,0.6750701383711184,3.0242676951177043,1.4487685441804699,0.0,16.957516719145076,-0.3015184737458651,0.3015184737458651
1762150844.0631306,0.5839490918317018,2.9976981667708165,-0.0004901291629657839,0.0,17.050187777239863,-0.30364914524267145,0.30364914524267145
1762150844.3414981,0.6181468753840896,3.004266883846693,-0.0014938462682512834,0.0,17.015374047296998,-0.29951806240833845,0.29951806240833845
1762150844.4806182,0.6391802255711716,3.003550913862376,-0.00039832785670091233,0.0,16.995905349478072,-0.29246503811701224,0.29246503811701224
1762150844.6606498,0.6340783356282841,3.0063281504575454,-0.005615601837854184,0.0,16.999809929584774,-0.296654012102946,0.296654012102946
1762150844.6967318,0.6377936966409472,3.004499071707831,-0.00041211297957589475,0.0,16.996907248594134,-0.29378763645329925,0.29378763645329925
1762150844.9158525,0.6464914811483962,3.0104839378387664,-0.00025888900498888625,0.0,16.98713423663036,-0.29687266763618086,0.29687266763618086
1762150845.1342533,0.6471485394365031,3.0030847124320292,-0.004202876469394532,0.0,16.98870444633292,-0.2896185165461486,0.2896185165461486
1762150845.266577,0.6570064818709547,3.0076302865732463,-0.00023738199682253301,0.0,16.97839406655098,-0.29099618507176456,0.29099618507176456
1762150845.4269855,0.6452146974501717,3.009224513490678,-0.003855757834491292,0.0,16.98867343781084,-0.2960556641955015,0.2960556641955015
1762150845.689088,0.6512962639804318,3.009906118753356,-2.0897496379179703e-08,0.0,16.98291766415137,-0.29487833788603024,0.29487833788603024
1762150845.9215896,0.6538496627562856,3.011582965988398,-1.7956570842227182e-08,0.0,16.9801090872327,-0.29571262820617933,0.29571262820617933
1762150846.2783325,0.6471813462275259,3.0131137673584814,-0.00028554992670395523,0.0,16.98573298488196,-0.29917350092509964,0.29917350092509964
1762150846.5009594,0.6469457638770764,3.006609989093517,-0.00012527369937016916,0.0,16.98785495601552,-0.2930414531760418,0.2930414531760418
1762150846.8129065,0.6858528122758456,3.0151378895533134,-0.0009555963770808992,0.0,16.9505840163538,-0.28962569326856646,0.28962569326856646
1762150846.98097,0.6711459467240883,3.0029434086304816,-9.187716733683599e-09,0.0,16.967016715304247,-0.2823080586533941,0.2823080586533941
1762150847.3879933,0.6481367388183574,3.0043913383843712,-0.0016259338935702594,0.0,16.9874153129437,-0.29056732044082695,0.29056732044082695
1762150847.6285374,0.6360804253104723,3.006772300261143,-4.6903070909093865e-05,0.0,16.997819457599746,-0.2964722272077012,0.2964722272077012
1762150847.8471007,0.6514119576886832,3.00793044455749,-5.182619751962271e-05,0.0,16.98338854086536,-0.29295898569949547,0.29295898569949547
1762150847.9969263,0.6596042017127849,3.0048847191903922,-3.7311884230430835e-05,0.0,16.976837744401035,-0.2875994071977612,0.2875994071977612
1762150848.2183793,0.6332777812540114,3.0091753676257684,-4.062539142123346e-05,0.0,16.999705723426374,-0.29961001626858996,0.29961001626858996
1762150848.3896198,0.6583282214601485,3.0057085186594685,-0.0007920517882827952,0.0,16.977753820060432,-0.2887670304897305,0.2887670304897305
1762150848.5375257,0.6842198207051731,3.003581269448742,-5.170304950439158e-05,0.0,16.955224539831285,-0.2790557992355955,0.2790557992355955
1762150848.6383965,0.6628539956263254,3.0008107843979452,-2.93757411439033e-05,0.0,16.975077570891337,-0.28274069030012516,0.28274069030012516
1762150848.8867924,0.6433329734072798,3.0100637178616045,-2.952275419219803e-05,0.0,16.99015332844379,-0.2974224253209232,0.2974224253209232
1762150849.2092793,0.6467401792846603,2.997034842875541,-0.0014936645353222362,0.0,16.99085953290354,-0.283972352369382,0.283972352369382
1762150849.4794176,0.659589145279611,3.0088374821988144,-1.4496344829542448e-05,0.0,16.975709944528788,-0.2913760925696839,0.2913760925696839
1762150849.7704594,0.6685561314048176,3.0123991365697513,-1.2247930037549112e-05,0.0,16.966640778900445,-0.29210636393912925,0.29210636393912925
1762150850.0039485,0.6728095880091226,3.0051661249431127,-0.00020460968054921504,0.0,16.96489969809169,-0.2839373771360825,0.2839373771360825
1762150850.2372327,0.6715367295541855,3.0035513908491396,-1.0325660269083727e-05,0.0,16.966494445475554,-0.28277268316624327,0.28277268316624327
1762150850.2784429,0.6521556733714494,3.006010894697735,-0.00016901674793601284,0.0,16.983270990980873,-0.29090472604348483,0.29090472604348483
1762150850.4148624,0.6433105678764227,3.008228482953666,-0.00014688557432993913,0.0,16.990714463941377,-0.2956791631255353,0.2956791631255353
1762150850.4434307,0.6395596042334566,3.009784961760794,-9.710306771915862e-06,0.0,16.99370879978027,-0.29829394050089164,0.29829394050089164
1762150850.4629905,0.6442836445188512,3.006338248525523,-0.0001710801137873422,0.0,16.990377058591385,-0.29358361518927795,0.29358361518927795
1762150850.5732338,0.6453312579632058,3.002040308651645,-6.924851780497708e-06,0.0,16.990680227809428,-0.28916972896035753,0.28916972896035753
1762150850.5965064,0.6367539049407773,3.0050190442826534,-1.0430971299299488e-05,0.0,16.997716165897618,-0.2945974267013201,0.2945974267013201
1762150850.8416402,0.6374648664792658,3.005341366612668,-2.0725726088983916e-05,0.0,16.996961710419225,-0.2946899123156086,0.2946899123156086
1762150851.0711071,0.6650432942963193,3.0022478860891155,-6.869471909712321e-10,0.0,16.97269060447369,-0.2834592667465876,0.2834592667465876
1762150851.2558258,0.6624170704549601,3.010230117112442,-0.00010401056905868769,0.0,16.972761085833692,-0.29186145259451574,0.29186145259451574
1762150851.445809,0.6649889469027097,3.01107299459486,-7.720194378423762e-05,0.0,16.970210078508615,-0.2919001208100509,0.2919001208100509
1762150851.6818168,0.6733080514770845,3.002627034603032,-3.761369879520538e-06,0.0,16.9651751936114,-0.2813646289034402,0.2813646289034402
1762150852.0059698,0.6530938309607134,3.00698522792512,-3.1498616420687512e-06,0.0,16.98213291094514,-0.29155276242569794,0.29155276242569794
1762150852.344196,0.6883777205708657,3.0024854239633156,-2.8744889268168824e-06,0.0,16.951866844709624,-0.27678835755383935,0.27678835755383935
1762150852.5170262,0.6723837818207774,3.005549135560361,-9.756458150518962e-06,0.0,16.965170834021404,-0.28442937329672313,0.28442937329672313
1762150852.7105982,0.6580790115482872,2.9975998285236916,-4.370425201090763e-06,0.0,16.98033096348616,-0.2811046901420702,0.2811046901420702
1762150852.9411044,0.6471520774859886,3.0018535665889114,-9.144973219857428e-05,0.0,16.989063046902213,-0.2884433878995871,0.2884433878995871
1762150853.2967012,0.6532349862560635,3.0140563708750974,-1.4005576173932394e-06,0.0,16.97994843148056,-0.2982565873485112,0.2982565873485112
1762150853.5164363,0.6586132758422353,3.0081085037706217,-1.3041023073897929e-06,0.0,16.97680191848007,-0.2909720007625256,0.2909720007625256
1762150853.7793524,0.6523887676065258,3.009307713253499,-1.7712666212985382e-05,0.0,16.98209786785096,-0.29397979342526986,0.29397979342526986
1762150853.9778214,0.6648803640850248,3.013498911360607,-7.772817274065757e-07,0.0,16.969613884471148,-0.29424850787646034,0.29424850787646034
1762150854.1780272,0.6466083215592033,3.0052027510839636,-7.032752631590106e-07,0.0,16.988577460052866,-0.29180094342911883,0.29180094342911883
1762150854.3811555,0.6457636112031865,3.0088939555765153,-6.239735512878077e-07,0.0,16.98826741412934,-0.2955752544051072,0.2955752544051072
1762150854.6390448,0.6641325506067455,3.0007224568698136,-7.323698386700302e-11,0.0,16.97394956845848,-0.2822748176215318,0.2822748176215318
1762150854.8953102,0.6545749125819631,3.0103659274860424,-4.514372649691677e-07,0.0,16.979804560230363,-0.29433424594934726,0.29433424594934726
1762150855.3433685,0.664789266472506,2.9985971847931223,-7.011720780260378e-07,0.0,16.973969008856155,-0.2800504074625571,0.2800504074625571
1762150855.5319982,0.6588279791293528,3.004138023214352,-9.603922296502008e-06,0.0,16.977755962095884,-0.28711895289604955,0.28711895289604955
1762150855.884305,0.6562091866040015,3.0059535809323883,-2.916393530761283e-07,0.0,16.97960283983959,-0.2896349925863767,0.2896349925863767
1762150856.1359673,0.6762631558723234,3.008774407732363,-4.127720193505848e-06,0.0,16.960808658727842,-0.28636246965522594,0.28636246965522594
1762150856.3502784,0.6667917014990187,3.0032120231116126,-3.2596402490322694e-07,0.0,16.970842107649652,-0.28385883748398,0.28385883748398
1762150856.570841,0.6892092164579103,2.994675415115001,-1.8986057903500244e-07,0.0,16.953301053583104,-0.26907763420850195,0.26907763420850195
1762150856.8622043,0.6509933699000435,3.0081174929633376,-1.7218854844910003e-07,0.0,16.98371538245129,-0.29326303887871763,0.29326303887871763
1762150857.0901904,0.6596887428849239,3.011048088641763,-2.2063799954928924e-06,0.0,16.974982671313793,-0.2934560928071113,0.2934560928071113
1762150857.3215632,0.6544455412735438,3.0061956368081675,-1.3279503329418122e-11,0.0,16.98113371161753,-0.29039425845058936,0.29039425845058936
1762150857.4744034,0.6487088897575664,3.007407965468747,-1.6981500336935072e-06,0.0,16.98600779717106,-0.29327238724824967,0.29327238724824967
1762150857.6203837,0.6542848587833725,3.011035197483228,-8.51361984823417e-08,0.0,16.979873356199814,-0.2950596627098264,0.2950596627098264
1762150857.8898225,0.6742784981361679,3.001146140021106,-2.64052363792711e-07,0.0,16.96472928568202,-0.2796626737677681,0.2796626737677681
1762150858.1313112,0.6787340914022388,3.0055747533532977,-4.126810420843413e-06,0.0,16.959517566167488,-0.2825760467982547,0.2825760467982547
1762150858.296804,0.6590871306735475,3.0118852981393456,-1.048757259405256e-06,0.0,16.975283885453198,-0.2944347404321692,0.2944347404321692
1762150858.513584,0.6609430176523468,3.0137915375610373,-9.278185857145829e-07,0.0,16.973063760783184,-0.29570037366221374,0.29570037366221374
1762150858.6512737,0.6670280408922021,3.0029886969718453,-4.193771545670456e-08,0.0,16.97069380895886,-0.283575285952916,0.283575285952916
1762150858.79773,0.6698188119592896,3.002437182454283,-4.417414357714759e-08,0.0,16.96834862940199,-0.28221879266560146,0.28221879266560146
1762150859.227326,0.6715432870593089,3.0038356091904115,-2.6052933117997243e-06,0.0,16.966407780571465,-0.28304215845002545,0.28304215845002545
1762150859.4206433,0.6539540218055517,3.0156442145719544,-2.6658977710663925e-08,0.0,16.978836175841778,-0.29955631709022557,0.29955631709022557
1762150859.716747,0.6679347835266183,3.0095564253282108,-1.909093790732813e-06,0.0,16.968005156031506,-0.2895763193064232,0.2895763193064232
1762150859.8871872,0.6464376973237987,2.9995017941888573,-2.6296400518779445e-12,0.0,16.990410960486027,-0.28641583967796025,0.28641583967796025
1762150860.2290883,0.6607056812040338,3.0027996124417182,-2.507878710801645e-08,0.0,16.97644435824608,-0.28528040692750833,0.28528040692750833
1762150860.4900186,0.6395007821069975,3.006842365331843,-2.9820708067484165e-07,0.0,16.994633868202467,-0.29550621149106565,0.29550621149106565
1762150860.6381278,0.674260244421672,3.0056403072697986,-5.730388334658442e-08,0.0,16.96347288205718,-0.28396066470882925,0.28396066470882925
1762150860.8581576,0.6940451003637925,3.0062743101834353,-1.4309578668900044e-12,0.0,16.945859770347322,-0.2787571546496143,0.2787571546496143
1762150861.243257,0.6695600257480367,3.016439618976388,-1.5542179554162958e-07,0.0,16.96459932312223,-0.2956674694379687,0.2956674694379687
1762150861.4273853,0.6501577214327952,3.011108229619884,-8.181688730276748e-09,0.0,16.983603947558024,-0.29636669831666096,0.29636669831666096
1762150861.6275797,0.6567549343737219,3.0086334190199593,-7.760619687205854e-09,0.0,16.978331292310497,-0.29202862708713945,0.29202862708713945
1762150861.906696,0.6856695113742347,3.0089932476402876,-8.35318951854333e-09,0.0,16.95244412146461,-0.28380405818672677,0.28380405818672677
1762150862.140938,0.660652935133746,2.998660921779458,-8.917354642576847e-08,0.0,16.97768865644598,-0.2813467447291726,0.2813467447291726
1762150862.3339376,0.6560496263185728,3.0048947648006616,-2.9343838859176786e-07,0.0,16.98005497745462,-0.28867255244271933,0.28867255244271933
1762150862.514887,0.658814891382164,3.012013124570696,-2.8019768485309474e-08,0.0,16.97549259682848,-0.29463803231072533,0.29463803231072533
1762150862.763973,0.654274027525743,3.008067472920082,-3.0980089386889075e-09,0.0,16.98074527998599,-0.29223146770079506,0.29223146770079506
1762150863.0261705,0.647173797908282,3.00995766535864,-2.5544293074151787e-09,0.0,16.986664330075236,-0.2961655959343041,0.2961655959343041
1762150863.2390246,0.6674378472202928,3.0013456729295758,-4.4676988851309597e-08,0.0,16.9707961789668,-0.2818847541521375,0.2818847541521375
1762150863.4190278,0.6891881656679932,3.006040317387239,-1.4370286962220425e-07,0.0,16.95017249738416,-0.2799504274100789,0.2799504274100789
1762150863.632415,0.6690724937767772,3.005827148491228,-1.235609198743743e-07,0.0,16.96805021512043,-0.28567742085678716,0.28567742085678716
1762150863.8477492,0.6409429201146,3.01652504176534,-1.963446714067752e-09,0.0,16.990445762828006,-0.30430356680462967,0.30430356680462967
1762150864.2692907,0.6510623484784527,3.008015270578515,-2.3058940486695208e-08,0.0,16.98368235414542,-0.29314482597506236,0.29314482597506236
1762150864.4223278,0.6557350706487253,3.003045303975079,-1.1599938266750042e-09,0.0,16.980878004248137,-0.28700227122080413,0.28700227122080413
1762150864.6061313,0.6738783180223112,3.0037500050954598,-1.3284706421043715e-13,0.0,16.964348207516018,-0.2822682092055318,0.2822682092055318
1762150864.8291705,0.6389669716406873,3.0135551292485996,-4.667653592566501e-09,0.0,16.99314052318337,-0.302067280806661,0.302067280806661
1762150864.9979608,0.6451978401336044,3.0066435592528005,-1.544923148909107e-08,0.0,16.989447721000555,-0.2935994741611594,0.2935994741611594
1762150865.3223407,0.660257369200047,3.0027002938229144,-1.7527987108963166e-09,0.0,16.976878419680013,-0.28531961352811663,0.28531961352811663
1762150865.551177,0.6588043551288497,2.9989297817354554,-7.239913853772626e-10,0.0,16.979286392906292,-0.28215640328763014,0.28215640328763014
1762150865.7073312,0.6581611728825268,3.003653872192705,-9.523840162213462e-09,0.0,16.97850005220664,-0.28685644785313325,0.28685644785313325
1762150865.8505566,0.686830632942738,3.0068033369797638,-4.0529253038846694e-08,0.0,16.95203074000073,-0.28137004371790386,0.28137004371790386
1762150866.1191828,0.6604013836909907,3.0083595726191543,-3.8972618767125935e-10,0.0,16.975114831414437,-0.29067743285689535,0.29067743285689535
1762150866.2539625,0.6224527256321206,3.01486188829329,-4.743690338397838e-10,0.0,17.008116290511165,-0.30830722013070383,0.30830722013070383
1762150866.3806434,0.6391622805007363,3.006554419509389,-3.390182898938016e-10,0.0,16.995031825042492,-0.29533384688193176,0.29533384688193176
1762150866.4019742,0.6409712526318924,3.008769284608559,-5.323071221157992e-10,0.0,16.99270761930026,-0.29689982971801704,0.29689982971801704
1762150866.429743,0.6593920045538555,3.0119201782369105,-6.591683668547184e-10,0.0,16.974998902853688,-0.2943770005532107,0.2943770005532107
1762150866.4732676,0.656129528291471,3.0124292625231908,-3.138329015783425e-10,0.0,16.97779830953407,-0.29583773534857655,0.29583773534857655
1762150866.5065796,0.6700972979666308,3.0154688469812,-2.3217347186594297e-09,0.0,16.96439620050686,-0.29458110889784656,0.29458110889784656
1762150866.5433896,0.6651683974498703,3.009910793064078,-3.386672039740476e-10,0.0,16.97038162086064,-0.2907371680076234,0.2907371680076234
1762150866.5811641,0.6643498204063408,3.0109575742391215,-1.7400575071535755e-09,0.0,16.970816328025112,-0.291980143684721,0.291980143684721
1762150866.613436,0.6809455150258019,3.0122750142040284,-2.709949067330215e-10,0.0,16.95568821715741,-0.2883279146575003,0.2883279146575003
1762150866.639667,0.6741262435490216,3.0074093460919515,-2.5751490134747896e-10,0.0,16.96309193656295,-0.28569011688966167,0.28569011688966167
1762150866.843506,0.6716704184021124,3.0116399922235395,-4.566195651756882e-09,0.0,16.964080394990507,-0.2904581217499121,0.2904581217499121
1762150866.8626106,0.6826090521746807,3.0034460577208892,-6.740995452255049e-09,0.0,16.95668465125522,-0.2794001994215128,0.2794001994215128
1762150867.0594065,0.6556303204256116,3.0080616997489034,-4.183870303520646e-09,0.0,16.97951612494962,-0.2918197171398811,0.2918197171398811
1762150867.2506208,0.6593596942920916,3.0078458364977725,-1.2768755544454693e-09,0.0,16.976203338940767,-0.2904982753905645,0.2904982753905645
1762150867.277047,0.6616961792237319,3.00513010836664,-2.439135399837826e-14,0.0,16.974877550980626,-0.28720869395722,0.28720869395722
1762150867.4053054,0.6495423244049455,3.0037317738501024,-1.9536045055829307e-10,0.0,16.986322520775943,-0.28951567222811825,0.28951567222811825
1762150867.4403672,0.6528675749302889,3.004861605363281,-1.2553521877345192e-09,0.0,16.98295771377946,-0.28959478764899405,0.28959478764899405
1762150867.67858,0.6579633044059349,3.012183358039429,-1.6200550768199123e-09,0.0,16.97621206154052,-0.2950548789910002,0.2950548789910002
1762150867.8807328,0.6546637824511329,3.008363263673247,-1.5872650151347908e-10,0.0,16.98030546467101,-0.29239690263415646,0.29239690263415646
1762150868.1786048,0.6532900080271119,3.0040029215742186,-1.3800426860200804e-14,0.0,16.982823354387566,-0.28864892481172605,0.28864892481172605
1762150868.3135035,0.6586575944507113,3.0012822512915487,-1.296810534067778e-10,0.0,16.978737395679936,-0.2844449515050578,0.2844449515050578
1762150868.511533,0.6430224211641172,3.009780467407521,-1.5910236401307676e-09,0.0,16.990522042122457,-0.2972458600088872,0.2972458600088872
1762150868.7982159,0.6671837839454449,3.0034752795095834,-8.500514256499553e-11,0.0,16.97041471134524,-0.28399346865767755,0.28399346865767755
1762150869.0639694,0.6717218643509338,3.0034997451903434,-5.926870734341343e-11,0.0,16.96634370412778,-0.28266843650777346,0.28266843650777346
1762150869.4068758,0.6356054496559201,3.0098259465861994,-7.762152538444513e-11,0.0,16.99735231688771,-0.2995266735064826,0.2995266735064826
1762150869.6128805,0.6474298180588187,3.0103439398522154,-4.336430773351408e-11,0.0,16.986317047701295,-0.29645704425651487,0.29645704425651487
1762150869.8921518,0.6480783846593369,3.010249221960381,-1.0416483325492153e-10,0.0,16.985752086366876,-0.2961717904464657,0.2961717904464657
1762150870.231665,0.6923830366377864,3.006572289288582,-1.015327817837954e-10,0.0,16.947229500905895,-0.2795264009666891,0.2795264009666891
1762150870.3492932,0.7003451854328385,3.001520759233439,-2.6637404893593117e-11,0.0,16.941666264589557,-0.2723787275860763,0.2723787275860763
1762150870.5634255,0.6683981864806228,3.0063440818976574,-2.7550860947268245e-11,0.0,16.96850639191322,-0.2863713556293308,0.2863713556293308
1762150870.7625024,0.6695333073980809,3.003872547613079,-1.9386153481785224e-11,0.0,16.968194967932213,-0.2836741672815545,0.2836741672815545
1762150870.9234498,0.6447426476361624,3.0080097570324114,-3.4783840006775805e-10,0.0,16.989463596569234,-0.2950393272137787,0.2950393272137787
1762150871.2106285,0.6604325020313908,3.0112748254641692,-2.0184293216417892e-15,0.0,16.974247038781865,-0.2934505029728346,0.2934505029728346
1762150871.4203002,0.6631805086856742,3.0072296203056768,-2.1071243781589663e-11,0.0,16.972936135392334,-0.2887697966048978,0.2887697966048978
1762150871.599876,0.6618656440294536,3.0051129167895403,-1.2739207482143853e-11,0.0,16.974729642153566,-0.2871417004516112,0.2871417004516112
1762150871.778408,0.6656945764014056,3.0111570121224087,-1.3338896110363835e-11,0.0,16.969553676527468,-0.2917704265144507,0.2917704265144507
1762150872.0769546,0.6554573377684602,3.006186999734559,-8.051218480482182e-12,0.0,16.980217297489624,-0.2900828631550483,0.2900828631550483
1762150872.3376124,0.6701631720466562,3.005506374531601,-1.454772819074037e-10,0.0,16.967166003853894,-0.28504722957200224,0.28504722957200224
1762150872.498489,0.6528278696966751,3.0095115516736497,-1.6800347254812888e-10,0.0,16.981639243373344,-0.2940425952249536,0.2940425952249536
1762150872.682529,0.66763514546185,3.001616155617817,-1.2712476141310392e-10,0.0,16.970541545064126,-0.2820842556548414,0.2820842556548414
1762150872.9153948,0.6642207466924701,3.006500214247721,-7.0915186307790175e-12,0.0,16.972209860554315,-0.2877635016381956,0.2877635016381956
1762150873.1192088,0.683525648545941,3.007631441432486,-3.108042650020985e-10,0.0,16.954708465358596,-0.2831311816380447,0.2831311816380447
1762150873.3110745,0.6844566281548313,2.9998038379910326,-5.34800023663649e-16,0.0,16.956069166006515,-0.2753756500059864,0.2753756500059864
1762150873.5256932,0.6321193276216626,3.0063583217702323,-6.604533516189456e-11,0.0,17.00162345579443,-0.2972753132290741,0.2972753132290741
1762150873.7388647,0.6399378446327632,2.999575753916836,-3.819725055891399e-12,0.0,16.996383305883523,-0.28844666062691665,0.28844666062691665
1762150873.9015362,0.6364796135669056,3.0152339882795403,-3.0224337138588936e-12,0.0,16.994939088404582,-0.3044183251577105,0.3044183251577105
1762150874.106855,0.6675886209461499,2.9982335731377243,-2.935408291228119e-12,0.0,16.971552361939388,-0.27886890859257274,0.27886890859257274
1762150874.3259358,0.6604901873254819,2.993914307537273,-2.841290889105132e-16,0.0,16.979211383184634,-0.2768662696264203,0.2768662696264203
1762150874.457227,0.6439530024594363,3.0032987016839514,-3.684008856725579e-11,0.0,16.9915768746218,-0.29078490194765844,0.29078490194765844
1762150874.6486764,0.6616384627570897,3.0091772498598655,-3.2781480200660423e-11,0.0,16.973764404927607,-0.29108866239920916,0.29108866239920916
1762150874.8143044,0.6624165038535728,3.006312350197831,-1.9385794978102535e-12,0.0,16.973887754869597,-0.2881221083304885,0.2881221083304885
1762150875.0753944,0.640100850714351,2.9982458324245806,-1.4875086904690701e-12,0.0,16.99662697435538,-0.28712960613349886,0.28712960613349886
1762150875.3153152,0.6245848227563313,3.0028027259937216,-2.146638679117365e-11,0.0,17.009740717009183,-0.2961692924951064,0.2961692924951064
1762150875.4638424,0.6503435365582901,3.0019391630121834,-2.0086381310606876e-11,0.0,16.98611493933371,-0.28756513590029925,0.28756513590029925
1762150875.630515,0.66203606052573,3.0039136207607626,-1.0831077942827842e-12,0.0,16.974921463823154,-0.28594621339403864,0.28594621339403864
1762150875.843349,0.6756636027576894,3.0069922152683306,-8.132744785283033e-13,0.0,16.96184303798336,-0.284836985522513,0.284836985522513
1762150876.1792662,0.6948884428453019,3.006647852603235,-9.821056410757084e-13,0.0,16.94502217131002,-0.27886913946520886,0.27886913946520886
1762150876.3817601,0.6823863674059696,3.009678462143647,-6.12556890497995e-13,0.0,16.955142234607003,-0.2854225652889238,0.2854225652889238
1762150876.5407844,0.6727274006925054,2.9993775179105517,-6.40617179400504e-13,0.0,16.966617006923883,-0.27843348844613675,0.27843348844613675
1762150876.7025213,0.6936957512394585,2.9904403346304775,-5.395286203163252e-13,0.0,16.950520660086486,-0.26371423086339907,0.26371423086339907
1762150876.9009602,0.6713666922969838,3.0016929275218,-5.466609011291559e-13,0.0,16.967175203571333,-0.281048414482811,0.281048414482811
1762150877.1950283,0.6705402856937775,3.007509742711499,-1.4741161621937297e-12,0.0,16.966259307109866,-0.2868484409657944,0.2868484409657944
1762150877.3896952,0.6521092459906364,3.0087347860294194,-3.4371055747575103e-13,0.0,16.982519086448228,-0.29351707152892265,0.29351707152892265
1762150877.6278393,0.67718061250537,3.0044912245235755,-3.2300486428717084e-12,0.0,16.96120057938525,-0.281999405687536,0.281999405687536
1762150877.776108,0.6711732076562207,3.0018955408169794,-4.6098165298041364e-12,0.0,16.967290609971275,-0.28129933297041637,0.28129933297041637
1762150877.9706511,0.6587154071808251,3.0035284422129425,-2.1129474147825946e-13,0.0,16.978034340196764,-0.2865709496002493,0.2865709496002493
1762150878.2619672,0.6512393857182726,3.0073821168005708,-3.4689039284147903e-12,0.0,16.98370581213201,-0.2924877280543394,0.2924877280543394
1762150878.4120183,0.6676219690610296,3.0101979818949904,-4.432958857383655e-12,0.0,16.968102087598812,-0.2902818403043587,0.2902818403043587
1762150878.6402795,0.6637532632359598,3.0013922524954824,-1.561327781507067e-13,0.0,16.974098775457392,-0.2830272667657248,0.2830272667657248
1762150878.861199,0.659945386040347,3.003178110600847,-4.008058844871404e-13,0.0,16.977022485518926,-0.2858688420090988,0.2858688420090988
1762150879.0699182,0.6787158057602265,3.0003574203926386,-9.726881689256956e-14,0.0,16.961001398823274,-0.2775965874521164,0.2775965874521164
1762150879.2664945,0.6914542721503362,3.004016763939288,-3.4611730200276384e-12,0.0,16.94874419332791,-0.2773530367316684,0.2773530367316684
1762150879.4650075,0.6749078818165866,3.0057723417135387,-1.0523454962621877e-13,0.0,16.962859216895193,-0.2838951434435648,0.2838951434435648
1762150879.693625,0.6795451482248063,3.004028474477852,-7.499339250248965e-14,0.0,16.959233023255283,-0.28085933649787803,0.28085933649787803
1762150879.8689203,0.6484977497316359,3.010463545304695,-1.195567680133993e-12,0.0,16.985306363532548,-0.2962502130103835,0.2962502130103835
1762150880.2813046,0.6832533314733478,3.0028300842087954,-4.686757831846701e-14,0.0,16.956287427698886,-0.2786219463400123,0.2786219463400123
1762150880.4648368,0.6539904066857092,3.008468600400027,-8.238986446605025e-13,0.0,16.980886263902978,-0.29269914953130677,0.29269914953130677
1762150880.6247342,0.6451693980873415,3.007660839200488,-4.93255359179324e-14,0.0,16.98917463793852,-0.2945781285550522,0.2945781285550522
1762150880.8284829,0.6580990847987653,3.0035439568379534,-7.655738075884299e-14,0.0,16.97858815879723,-0.28677014712383475,0.28677014712383475
1762150880.9861472,0.6654595250914702,3.0093454107997344,-2.835586543781834e-14,0.0,16.970282269456067,-0.2901107667788221,0.2901107667788221
1762150881.192832,0.6838233727552847,3.000223611398487,-4.181589803639236e-14,0.0,16.956511723153845,-0.2759631125019783,0.2759631125019783
1762150881.4610963,0.6571594753687318,3.0054142163109074,-3.0055777879052316e-14,0.0,16.978897637745018,-0.2888358842514586,0.2888358842514586
1762150881.7072268,0.6523198771392515,3.009385498818486,-4.758997268388331e-13,0.0,16.982137874883776,-0.294074657829858,0.294074657829858
1762150881.905209,0.6525428698704416,3.0071697398314607,-1.8083692541858397e-14,0.0,16.982580516090277,-0.2918940232176314,0.2918940232176314
1762150882.3622973,0.6579173432067895,3.011015295242438,-1.474558932015877e-14,0.0,16.97659091839378,-0.2939539232348711,0.2939539232348711
1762150882.5469937,0.6306342882812085,3.0091622549927575,-1.0517403686116363e-14,0.0,17.00216980545682,-0.3003971604265514,0.3003971604265514
1762150882.9188113,0.6518275428305855,3.012650087880821,-1.7430579621231144e-13,0.0,16.98163503113479,-0.2973366618965575,0.2973366618965575
1762150883.116688,0.6735484554052721,3.0042268017678246,-1.0870557511729982e-18,0.0,16.964507168212513,-0.282821317425788,0.282821317425788
1762150883.4085412,0.6813847010960058,3.00662451463789,-9.187192819039013e-15,0.0,16.95687811923977,-0.282798208562352,0.282798208562352
1762150883.702844,0.6535988759531026,3.0050961537988274,-1.1069380965528e-13,0.0,16.982223619468073,-0.289599177613655,0.289599177613655
1762150883.87788,0.6469886029147739,3.0009128739163926,-5.822439524540495e-15,0.0,16.98948968407019,-0.2875955369397708,0.2875955369397708
1762150884.0894783,0.6619326873587552,3.004683848863809,-9.91658397026036e-14,0.0,16.974792784301183,-0.2867121812794161,0.2867121812794161
1762150884.251997,0.6635989494919595,3.005693623101751,-7.612501939441163e-14,0.0,16.973000842849256,-0.28717889953959236,0.28717889953959236
1762150884.4122026,0.6613897222200781,3.0044352452594256,-6.9968183268427715e-15,0.0,16.975354395456417,-0.28663702174266725,0.28663702174266725
1762150884.5732334,0.6604368469151338,3.0042480378172987,-7.655461565565193e-15,0.0,16.97626902095573,-0.2867429874506012,0.2867429874506012
1762150884.7783413,0.6722096236216368,3.013023440642156,-5.3650801259006466e-14,0.0,16.96320947240481,-0.2916199317863069,0.2916199317863069
1762150885.2103696,0.649580998083383,3.007236248886513,-3.854815814579193e-15,0.0,16.98526134826012,-0.2928465673257935,0.2928465673257935
1762150885.5599556,0.6597683211891905,3.0039459600162104,-2.093761050646986e-15,0.0,16.976960667008797,-0.28665451104476736,0.28665451104476736
1762150885.841839,0.6706767323796968,3.0016537554311173,-2.7506053159231373e-14,0.0,16.967803781824138,-0.2812158766280516,0.2812158766280516
1762150886.1364036,0.6650742762816532,3.0085943399371557,-1.428946198666867e-15,0.0,16.97084284871089,-0.2895083905089292,0.2895083905089292
1762150886.4376411,0.6684014761225846,3.015374464988639,-2.5268093210820122e-14,0.0,16.965933329715615,-0.2949936231647876,0.2949936231647876
1762150886.816966,0.6504498552830731,3.0066165839218386,-1.4852983212103402e-14,0.0,16.98464942982735,-0.29199454878797004,0.29199454878797004
1762150887.0261428,0.6712311891476561,2.9960184381690236,-4.3778371999891093e-14,0.0,16.968914384751137,-0.275670312340289,0.275670312340289
1762150887.3154452,0.6404870859364468,3.0053155552096626,-7.268495551207397e-16,0.0,16.99417517604887,-0.2937529620847046,0.2937529620847046
1762150887.5758379,0.6759369076033225,2.9998042784106596,-9.132799690912821e-15,0.0,16.96363055928868,-0.2778898721726908,0.2778898721726908
1762150887.8269348,0.6891115009259691,3.003841463152261,-8.270086017962571e-16,0.0,16.950846988151277,-0.2778701713336368,0.2778701713336368
1762150888.1180747,0.642772647106363,3.000280640897411,-6.703874967783906e-16,0.0,16.99355547610555,-0.2882631338699587,0.2882631338699587
1762150888.3461003,0.657408426181806,3.0064240429011635,-5.80995390341831e-15,0.0,16.97837944804925,-0.289724937697551,0.289724937697551
1762150888.5303679,0.682741552624455,3.0090975841479453,-7.431051054968706e-16,0.0,16.954991077835704,-0.2847629682591936,0.2847629682591936
1762150888.7998831,0.6584371294587927,3.0076176227842137,-4.0700734774358917e-16,0.0,16.97710306012724,-0.29055622081218574,0.29055622081218574
1762150889.0488608,0.6513615181331721,3.0066084087571943,-3.752918482940898e-15,0.0,16.98382034285554,-0.2917130372279627,0.2917130372279627
1762150889.3425398,0.669985677229112,3.005608178399925,-1.4789393435842335e-16,0.0,16.96729572165955,-0.28519713724366724,0.28519713724366724
1762150889.5559094,0.6294449270182364,3.0034962046265794,-3.2260374641873245e-15,0.0,17.004975061101813,-0.29535711668618064,0.29535711668618064
1762150889.8850002,0.6345762868469031,3.003964314506852,-1.3404285926330194e-16,0.0,17.00005133797971,-0.2942502648294013,0.2942502648294013
1762150890.243156,0.64811926782996,3.0054484316726273,-4.425322129682219e-16,0.0,16.987121262058743,-0.2915807367687245,0.2915807367687245
1762150890.454247,0.661836207580273,3.007874645196107,-8.520540505744232e-17,0.0,16.973961041100804,-0.28978637940159696,0.28978637940159696
1762150890.882411,0.6499049371429426,3.009774219648312,-8.032034840410168e-21,0.0,16.98422387072289,-0.2951700943669126,0.2951700943669126
1762150891.1405373,0.6741968149151909,3.0036797692321517,-6.814561856354359e-21,0.0,16.96408423450677,-0.2821067977057818,0.2821067977057818
1762150891.4226713,0.6762781043387919,3.003300172930106,-4.361273599935733e-17,0.0,16.962338620536634,-0.28112831340830496,0.28112831340830496
1762150891.6835546,0.6780273547004216,3.00525863233736,-3.405628190362403e-17,0.0,16.960233024601344,-0.28248254920981236,0.28248254920981236
1762150891.9755347,0.6606715770906628,3.0063654904523527,-7.07644684180144e-16,0.0,16.975445969252913,-0.28869364567827605,0.28869364567827605
1762150892.2646356,0.6741358387909425,3.0092973432437833,-3.398109446502413e-21,0.0,16.962550043678288,-0.287490768122105,0.287490768122105
1762150892.419829,0.6590000458140627,3.0055388166100285,-3.0706807031836536e-21,0.0,16.97719503166984,-0.288404199563901,0.288404199563901
1762150892.6424122,0.6532794917413705,3.009633841389696,-2.0503534107508298e-17,0.0,16.98119322765916,-0.2940238852327104,0.2940238852327104
1762150892.8426318,0.6496171862588792,3.0054320511828454,-2.074782947402116e-17,0.0,16.98575622200278,-0.2911148525102308,0.2911148525102308
1762150893.1401627,0.6541669051067325,3.0107623200906994,-2.737164453595594e-16,0.0,16.980059584342055,-0.29483463814093575,0.29483463814093575
1762150893.3183193,0.6688839224439962,3.0063141706184915,-1.4779246145540062e-17,0.0,16.968080140900906,-0.2861984750577149,0.2861984750577149
1762150893.6890242,0.6471853470327127,3.004353403700563,-1.9570029196397483e-16,0.0,16.988297997887827,-0.290817331856242,0.290817331856242
1762150894.0220535,0.6635742126003343,3.005726067799391,-9.145986280464414e-18,0.0,16.973013786075825,-0.2872172437071857,0.2872172437071857
1762150894.386727,0.6517362862822652,3.007306028919056,-3.894137831848027e-16,0.0,16.983275242082208,-0.29226602190799833,0.29226602190799833
1762150894.6036112,0.6515599272144031,3.011547882288097,-5.907594432466131e-17,0.0,16.982199274756763,-0.2963654153451442,0.2963654153451442
1762150894.851078,0.6462262938809643,3.012080650246679,-8.07988832834524e-18,0.0,16.986908654210804,-0.2984752265558283,0.2984752265558283
1762150895.0100172,0.6654996317933483,3.0044574315529307,-6.224299275869965e-18,0.0,16.971646112037917,-0.28543248245115466,0.28543248245115466
1762150895.2409303,0.6790388863664725,2.9993343230001512,-7.382531204901716e-17,0.0,16.961002507429054,-0.2765237101304684,0.2765237101304684
1762150895.269685,0.6670175376656152,3.0039901413720487,-9.189900734145024e-18,0.0,16.97041660344903,-0.2845344769459118,0.2845344769459118
1762150895.3036942,0.6642257824042886,3.0073678947924036,-8.537557816233018e-17,0.0,16.971956399152607,-0.28859027404946286,0.28859027404946286
1762150895.3416104,0.650660806323904,3.0042680694190285,-7.799815826359194e-17,0.0,16.9851434929487,-0.28969110565109896,0.28969110565109896
1762150895.478921,0.6740414315769259,2.997086848784124,-5.634576115702807e-18,0.0,16.966093285059785,-0.27585611914772545,0.27585611914772545
1762150895.6374474,0.6593644651939753,3.0078147271425317,-3.0806765011529603e-18,0.0,16.97620801166034,-0.2904671616355188,0.2904671616355188
1762150895.8018205,0.6598569297954593,3.001861420335691,-2.7099419188864937e-18,0.0,16.977483304722856,-0.2846388258592772,0.2846388258592772
1762150896.037997,0.6548987768821444,3.002766112071071,-3.100099320974144e-22,0.0,16.98171949105656,-0.28698657640807634,0.28698657640807634
1762150896.3688018,0.6924122661383162,3.0063022777083934,-4.230460571224611e-17,0.0,16.94727802558247,-0.27925959763801084,0.27925959763801084
1762150896.5867703,0.6864306554830196,3.0018998254077873,-3.1735266368278625e-17,0.0,16.953743148884936,-0.2767992976050482,0.2767992976050482
1762150896.8449984,0.67672887801619,3.005215833847439,-2.663010725304409e-17,0.0,16.961397599082137,-0.28282513046625396,0.28282513046625396
1762150897.0497499,0.6729329841901304,3.013496807592537,-1.4086606738408415e-18,0.0,16.96243310363839,-0.291858111014319,0.291858111014319
1762150897.2355316,0.6643497627731283,3.0024056866911017,-1.2262088379552015e-18,0.0,16.973269722728688,-0.283816651466067,0.283816651466067
1762150897.4819653,0.6372550777963089,3.008938631146411,-1.235491547216776e-22,0.0,16.99608839232189,-0.2981825709620573,0.2981825709620573
1762150897.7827437,0.6634869528870879,3.006163709595604,-1.031245405655786e-18,0.0,16.972966584299716,-0.2876609981974574,0.2876609981974574
1762150897.9975383,0.6531957388946695,3.0057706524744607,-4.250719093615371e-18,0.0,16.982393988945848,-0.29036353160386497,0.29036353160386497
1762150898.3071308,0.6444719288092702,3.009151885138079,-1.0677051033990108e-17,0.0,16.989376071377908,-0.29620996990785053,0.29620996990785053
1762150898.5467772,0.6374722809379678,3.0070044901990145,-1.143516324129291e-17,0.0,16.996461214210854,-0.2962731312584965,0.2962731312584965
1762150898.6662195,0.6257557877701267,3.002270777069413,-9.548098493038345e-18,0.0,17.008800224612585,-0.29530730800593696,0.29530730800593696
1762150898.981691,0.6363595704953968,3.005479814681669,-8.772805327477698e-19,0.0,16.997944803847545,-0.29515580935569097,0.29515580935569097
1762150899.2391095,0.6788537473956231,3.0063681908530375,-3.335365401103536e-19,0.0,16.95918875696149,-0.2832988930432275,0.2832988930432275
1762150899.655862,0.6652391921379526,3.0121020996471017,-3.1520921385489423e-23,0.0,16.96969159147198,-0.29280818551566934,0.29280818551566934
1762150899.841413,0.640683458624752,3.0059848225676,-5.999931107352778e-19,0.0,16.99379597616336,-0.294331806538245,0.294331806538245
1762150900.104898,0.6482700570679504,3.0035059025053825,-2.3859946393542478e-23,0.0,16.98755300258501,-0.2896827828760218,0.2896827828760218
1762150900.4462867,0.6509748324205166,3.010869053416993,-1.744178755222805e-19,0.0,16.98292952789089,-0.295893348442404,0.295893348442404
1762150900.639582,0.6438584521807345,3.0026329171261907,-8.615653232725124e-18,0.0,16.99186028380152,-0.29017856706129586,0.29017856706129586
1762150900.8660831,0.6743978930425604,2.998631704236835,-2.138363346056003e-18,0.0,16.965335981153267,-0.2772258075013744,0.2772258075013744
1762150901.121826,0.6688583768272777,3.009650989650662,-1.7646943992921255e-18,0.0,16.967152584563934,-0.28939234812817244,0.28939234812817244
1762150901.2695663,0.6677392387219877,3.0023361069534844,-1.623388329256535e-18,0.0,16.970242072593077,-0.2827406161425272,0.2827406161425272
1762150901.4893403,0.6759976239376014,3.0034548969723036,-9.84380413380734e-24,0.0,16.962544425769604,-0.28135906275992884,0.28135906275992884
1762150901.7018733,0.6609701794574234,3.007095939394315,-6.833453429768209e-20,0.0,16.974965955189777,-0.28930161499873386,0.28930161499873386
1762150901.9624279,0.6648469484780642,3.007663448461527,-1.0473338443816091e-18,0.0,16.97131358018976,-0.28868739875801164,0.28868739875801164
1762150902.2314117,0.6481244360419999,3.0007277436521687,-6.264170355039822e-20,0.0,16.988502053042893,-0.2870771278967032,0.2870771278967032
1762150902.4825685,0.6701488459989943,3.000648927995418,-4.406758684205928e-20,0.0,16.96856309757937,-0.28041324273938173,0.28041324273938173
1762150902.6941392,0.651086823072164,3.0021265077309964,-3.981953854417642e-20,0.0,16.985380818238646,-0.2875204811671972,0.2875204811671972
1762150902.9707003,0.6445891636904729,3.004340744653163,-4.326325649205928e-20,0.0,16.990684659931446,-0.29158685373184434,0.29158685373184434
1762150903.2831326,0.6618517930406496,3.003920697757591,-2.610144827737124e-20,0.0,16.975085698347833,-0.286007979144396,0.286007979144396
1762150903.5286834,0.6689116464424684,2.998777520961631,-3.861263052642544e-19,0.0,16.97020758902313,-0.27899436486127294,0.27899436486127294
1762150903.7174025,0.6749349680922603,2.999497427334831,-3.413801583861981e-19,0.0,16.96461096927096,-0.2778934907502105,0.2778934907502105
1762150903.8854396,0.6581507539876666,2.999656755945478,-1.7725717058663992e-20,0.0,16.979668565507158,-0.2830457157893572,0.2830457157893572
1762150904.1644607,0.6580410716601993,3.009885772018444,-1.7328273779653372e-20,0.0,16.976805482257912,-0.29283905113570985,0.29283905113570985
1762150904.3795233,0.6836374494499668,3.0101222030645594,-2.345519190119513e-19,0.0,16.953917280488213,-0.28547934202942,0.28547934202942
1762150904.5359826,0.6513289348727056,3.0092544079740127,-2.4334253578186394e-19,0.0,16.983077959877743,-0.2942468495861164,0.2942468495861164
1762150904.7019253,0.6458421233125017,3.0127491259034684,-1.8469432106541914e-19,0.0,16.987064097401134,-0.299228281255692,0.299228281255692
1762150904.9369671,0.6603170454908912,3.0097653596403062,-5.347332426625664e-19,0.0,16.974785779843348,-0.29204429050131825,0.29204429050131825
1762150905.127429,0.674162434246677,3.0097766169676374,-1.588343196537576e-19,0.0,16.962391104497243,-0.2879407363840651,0.2879407363840651
1762150905.3713923,0.6742132935230813,3.004110105492314,-7.800936457274746e-21,0.0,16.96394770747197,-0.28251295466476045,0.28251295466476045
1762150905.576736,0.659872668904447,3.009333031692518,-5.874073572632189e-21,0.0,16.975311159479432,-0.2917643524381888,0.2917643524381888
1762150905.7559848,0.649507610274222,3.00537861177693,-4.7716825478087795e-21,0.0,16.98587199767478,-0.291096809598419,0.291096809598419
1762150905.923896,0.6337354799466244,3.008792880689698,-4.735092301799338e-21,0.0,16.999394407180645,-0.29910704674299987,0.29910704674299987
1762150906.1833537,0.6796192393065424,3.0085599340709224,-5.037291164700568e-25,0.0,16.95789687089548,-0.28516764785841464,0.28516764785841464
1762150906.4024687,0.679005206482019,3.0035416798673213,-2.998758459331002e-21,0.0,16.95984846241363,-0.280553485155672,0.280553485155672
1762150906.6408753,0.6613190858423423,3.0116718114662397,-5.403579693454294e-20,0.0,16.973334612335947,-0.293564941537472,0.293564941537472
1762150906.877731,0.6517107736462626,3.006623299551722,-4.745495396774331e-20,0.0,16.98349767984184,-0.2916224161509071,0.2916224161509071
1762150907.0780299,0.6744010737794011,3.0060344515248034,-2.850659985025723e-25,0.0,16.96323607141841,-0.2842954721696436,0.2842954721696436
1762150907.2535477,0.650388982946795,3.001229812534834,-3.584674358495581e-20,0.0,16.98628112906211,-0.2868749228714347,0.2868749228714347
1762150907.2730436,0.6526996404235132,3.0020077224877184,-1.843016750530684e-21,0.0,16.98394346439915,-0.28692284615487196,0.28692284615487196
1762150907.3033042,0.6522151327736263,3.0026994285585205,-2.1149985987596616e-21,0.0,16.984183378226554,-0.28772809807059424,0.28772809807059424
1762150907.3216333,0.6587918678038165,3.0066891119733334,-2.074700806581334e-21,0.0,16.977050722231454,-0.28956412319583164,0.28956412319583164
1762150907.4300663,0.6671885679416026,3.009470672983804,-3.222988539094326e-20,0.0,16.968697297730973,-0.2897161660916911,0.2897161660916911
1762150907.4545188,0.6595944472968397,3.012625641289082,-1.985495739146121e-21,0.0,16.974613181155192,-0.29498986654280973,0.29498986654280973
1762150907.470718,0.6564195514561165,3.0111836155986063,-1.6309120674459002e-21,0.0,16.97789645140364,-0.2945623671710515,0.2945623671710515
1762150907.4917088,0.6464720024643889,3.0100759279435914,-3.156986103454956e-20,0.0,16.987271731569813,-0.2964894005040206,0.2964894005040206
1762150907.6737194,0.6398465216842184,3.010427479880077,-2.7717592416671975e-20,0.0,16.993254222122083,-0.29881999777151136,0.29881999777151136
1762150907.893983,0.6768249868562,3.005336004365813,-1.371607618925609e-21,0.0,16.961278378516237,-0.28291154011333364,0.28291154011333364
1762150908.179036,0.67178525242204,3.0095341825006856,-1.109819020212888e-21,0.0,16.964574547885007,-0.28841279632727546,0.28841279632727546
1762150908.3428895,0.6684716208148024,3.0025077002097054,-1.2821947770920857e-25,0.0,16.969535905761557,-0.28268658330172036,0.28268658330172036
1762150908.5152671,0.6778330696320545,3.0059755186465407,-5.509988171316976e-20,0.0,16.960203727042263,-0.2832248409260558,0.2832248409260558
1762150908.8126929,0.6506828021429394,3.0101753322836515,-1.3413218973157274e-20,0.0,16.983397814303288,-0.2953192201703362,0.2953192201703362
1762150908.9881136,0.6536230922852508,3.0093091951301965,-7.298691356453704e-22,0.0,16.980975497457273,-0.2936111856317901,0.2936111856317901
1762150909.2053983,0.6455630640978796,3.0074402414145656,-5.297131406115474e-22,0.0,16.988878396540002,-0.29424927120365263,0.29424927120365263
1762150909.3690817,0.6449075691456458,3.003579929159403,-1.0743113510844023e-20,0.0,16.990616127382218,-0.2907654643863204,0.2907654643863204
1762150909.5981395,0.6575312546744743,3.0091240903774774,-8.233275305081115e-21,0.0,16.977486665610744,-0.2922646262419666,0.2922646262419666
1762150909.8321369,0.6560671273289953,2.997658465515241,-1.5248368630757967e-21,0.0,16.982143492212025,-0.28176361758283974,0.28176361758283974
1762150910.0063856,0.6393443820112233,2.999476268175066,-7.204757693277664e-22,0.0,16.996962230744117,-0.28853105347202657,0.28853105347202657
1762150910.1635458,0.6470531632095583,3.0006477711544606,-5.330158315749999e-22,0.0,16.989508395347713,-0.28732329699931614,0.28732329699931614
1762150910.41958,0.6386827932003959,3.0081885749702604,-9.810652876071191e-22,0.0,16.994990771378564,-0.2970365123355807,0.2970365123355807
1762150910.6142693,0.6419851203770642,3.013784190140983,-3.614342925848111e-22,0.0,16.990295729596376,-0.3013760893093753,0.3013760893093753
1762150910.638653,0.6435008999469998,3.0085251530704475,-2.5600007754326354e-22,0.0,16.990452157931827,-0.295904723453963,0.295904723453963
1762150910.8828385,0.6563362649609232,3.0071106271344896,-9.924150846182804e-22,0.0,16.979151952335762,-0.29070092189289765,0.29070092189289765
1762150911.0456386,0.658453579484705,3.0085870587891033,-4.470070626593865e-21,0.0,16.97680796744972,-0.2914764113812708,0.2914764113812708
1762150911.3487632,0.6635445125053941,2.9976397483652675,-1.745050916315095e-22,0.0,16.975368310045614,-0.27950812916952067,0.27950812916952067
1762150911.5552793,0.6679309235061355,3.0086909930840546,-1.5967798853552113e-22,0.0,16.968255305572384,-0.2887511074879971,0.2887511074879971
1762150911.8001928,0.6626258680923404,3.0042661436820683,-1.3536101901980846e-22,0.0,16.97428796736234,-0.28610663393494645,0.28610663393494645
1762150912.0238526,0.6602867442614758,3.005074601280727,-1.7791479191058815e-21,0.0,16.976165985080353,-0.28757664211151884,0.28757664211151884
1762150912.2643638,0.6569072426996052,3.007078568433472,-1.5390590351003985e-21,0.0,16.97864380730496,-0.2904994408005571,0.2904994408005571
1762150912.5374088,0.6701128739748601,3.00989217967041,-8.535388263372415e-23,0.0,16.965963933797482,-0.2892504349244812,0.2892504349244812
1762150912.718435,0.6493545231156659,3.0058730839656107,-2.899435089542911e-22,0.0,16.98586714111008,-0.2916144307198841,0.2916144307198841
1762150912.9322054,0.6421834631844803,3.002867204718552,-1.0052391760526294e-21,0.0,16.99333424966539,-0.29090694937018124,0.29090694937018124
1762150913.2033668,0.629327736386975,3.0042614804304675,-1.0257721245973047e-22,0.0,17.00485540701694,-0.2961219409656499,0.2961219409656499
1762150913.3977206,0.6308787972233463,3.0068824985842033,-4.385222865012135e-23,0.0,17.00262298861015,-0.29815031717841506,0.29815031717841506
1762150913.5907586,0.6328679500473554,3.0085601295079525,-6.653731116300226e-22,0.0,17.000270013171814,-0.2991475126116986,0.2991475126116986
1762150913.8559914,0.6439549326623273,3.0043868560703593,-3.659613136417512e-23,0.0,16.991254232702534,-0.2918218966548768,0.2918218966548768
1762150914.037153,0.6415652870289361,3.008957066097111,-2.934057709992334e-23,0.0,16.992105066574617,-0.29689979103371394,0.29689979103371394
1762150914.2048607,0.6509155609138909,3.005551486341802,-4.470863630249341e-22,0.0,16.984535762887987,-0.29083876067960235,0.29083876067960235
1762150914.3388004,0.6654963402970732,3.001277995543294,-2.167814376875199e-23,0.0,16.972561340631596,-0.2823984273823914,0.2823984273823914
1762150914.522387,0.6687669109718667,3.01185433698054,-2.6072927565774708e-27,0.0,16.96660752824251,-0.2915235565835121,0.2915235565835121
1762150914.7081604,0.6510399666568154,3.0105174252226745,-3.2516639170962413e-22,0.0,16.98297275960066,-0.2955383774405079,0.2955383774405079
1762150914.8727176,0.6555016755308456,3.0048820264517846,-1.697061514909143e-23,0.0,16.98055616293442,-0.28882453922747886,0.28882453922747886
1762150915.1567593,0.6695894492350003,3.012646956898286,-2.5721194554213723e-22,0.0,16.965648596125643,-0.2920365134891684,0.2920365134891684
1762150915.287621,0.66265655593253,3.0079254414630485,-2.2626393289192473e-22,0.0,16.973207734847367,-0.2895901879149309,0.2895901879149309
1762150915.5265121,0.6636411300575692,3.006968788797428,-1.9736426328503289e-22,0.0,16.972596632920183,-0.2883835173703379,0.2883835173703379
1762150915.6696107,0.6635349714264805,3.003242412648644,-3.718041458551457e-23,0.0,16.97376316485596,-0.2848583005670636,0.2848583005670636
1762150915.8681273,0.6425384307409978,3.0084447928183704,-5.7441740899334535e-22,0.0,16.991360666898945,-0.2961180521587787,0.2961180521587787
1762150916.186756,0.6685540403005353,3.006363598978285,-9.024786448818588e-28,0.0,16.96836129887402,-0.2863436794869334,0.2863436794869334
1762150916.3345623,0.6713139918031984,3.0079271600755666,-8.655542570957077e-24,0.0,16.965450320285566,-0.2870176319210461,0.2870176319210461
1762150916.4279156,0.6748329210790107,3.0118246706227603,-1.088223814571554e-23,0.0,16.96121839833576,-0.2896990909543395,0.2896990909543395
1762150916.550741,0.6702254066908608,3.0065826994554588,-7.180929294310849e-28,0.0,16.966804122821628,-0.28605657585920524,0.28605657585920524
1762150916.5773892,0.6619944516427512,3.0031793864381493,-7.006971758821643e-28,0.0,16.975170643445846,-0.28525788714761313,0.28525788714761313
1762150916.9619558,0.6531742386903729,3.0018283951430025,-6.139452805763284e-24,0.0,16.98356308549643,-0.286609336141346,0.286609336141346
1762150917.1534722,0.6576417316010271,3.0115386474664905,-6.948336081489298e-23,0.0,16.976688720071305,-0.294535727125406,0.294535727125406
1762150917.4278016,0.6565994982031921,3.00415819693982,-3.504008353016235e-24,0.0,16.979769807169266,-0.28780511546432824,0.28780511546432824
1762150917.6567588,0.6510505603982867,3.008830090939805,-2.778772535863415e-24,0.0,16.983455300273103,-0.2939256204301269,0.2939256204301269
1762150917.9340465,0.67888393881609,3.010340589297969,-2.7264143048114722e-24,0.0,16.95804823555802,-0.2870858958444516,0.2870858958444516
1762150918.1602728,0.6698960401504961,3.0032175287404046,-9.038580525012567e-24,0.0,16.968056968023422,-0.282940961489319,0.282940961489319
1762150918.363113,0.6649577455224047,3.0058244205064346,-1.6718009132507758e-24,0.0,16.97174118602267,-0.2868988285447444,0.2868988285447444
1762150918.5414548,0.6585430975615244,3.0028522046416364,-2.3542361231523154e-24,0.0,16.978386258483308,-0.2859772317752422,0.2859772317752422
1762150918.767444,0.6454839924257469,3.0105187825470225,-2.5046090080000758e-23,0.0,16.988046450402106,-0.2972089259300723,0.2972089259300723
1762150919.0850031,0.6649897938821618,3.0038320459096233,-2.0335660905822553e-24,0.0,16.972283933992212,-0.2849873832010269,0.2849873832010269
1762150919.3264828,0.656512564459478,3.000406855938545,-1.9230928805256033e-23,0.0,16.980938544658365,-0.28425208734315777,0.28425208734315777
1762150919.5890148,0.6490461676677589,3.012346485567623,-7.42903109744697e-25,0.0,16.98425552018176,-0.29788152146004665,0.29788152146004665
1762150920.0386946,0.6585124055615407,3.0030251002229797,-1.152909026482794e-23,0.0,16.978363981853054,-0.2861513901723634,0.2861513901723634
1762150920.2646325,0.6570368088864256,3.0131660134685063,-9.536973330943529e-24,0.0,16.976765024062576,-0.2962695068319965,0.2962695068319965
1762150920.4572861,0.6468303669587968,3.0094830928386784,-6.212280156445232e-25,0.0,16.987117643132528,-0.29581624023405745,0.29581624023405745
1762150920.7907355,0.6369465889901059,3.0111906394815486,-4.373785785473057e-25,0.0,16.995705864239,-0.3004226229872837,0.3004226229872837
1762150921.2364006,0.653878131012819,3.0045784978541503,-5.188241796273491e-24,0.0,16.982120295756694,-0.28902160255273657,0.28902160255273657
1762150921.6012206,0.6635189898094463,3.0100140758131406,-3.307026632971691e-25,0.0,16.971832593184757,-0.29132686174954875,0.29132686174954875
1762150921.7781975,0.6723602742563958,3.005021093776835,-3.7887509910578645e-24,0.0,16.965341621837236,-0.28393203008762163,0.28393203008762163
1762150922.1408453,0.6455112816268158,3.0058126546826265,-3.0002363042995376e-24,0.0,16.989404463508283,-0.29271275538336555,0.29271275538336555
1762150922.418772,0.6557126263654062,3.0033765026324337,-1.7697158759571844e-25,0.0,16.980802114324064,-0.28732497656434,0.28732497656434
1762150922.6252499,0.6633943784975095,3.00248022841299,-2.1959149502241805e-25,0.0,16.974109201821047,-0.2841727653368924,0.2841727653368924
1762150922.8319967,0.6894161940651994,3.004342816219404,-1.1748438290259187e-25,0.0,16.950441055588836,-0.27826045403606486,0.27826045403606486
1762150923.2893152,0.6894663672976823,3.0069435873149426,-4.224645160737518e-24,0.0,16.94967952603547,-0.2807329071898614,0.2807329071898614
1762150923.5460732,0.6871511816587422,3.016124898036877,-5.599224497692619e-26,0.0,16.94917649603885,-0.29019000467251427,0.29019000467251427
1762150923.8286097,0.679774164038093,3.0096795847893345,-9.899185725399092e-26,0.0,16.95744657688267,-0.28619200950530665,0.28619200950530665
1762150924.1709523,0.5920568322811913,2.9780885650099425,0.7756064259049248,0.0,17.048366951298156,-0.28250417375458653,0.28250417375458653
1762150924.4409273,0.4214818044472151,2.9557474832217725,0.08604780186529458,0.0,17.229350952599336,-0.3100875713099112,0.3100875713099112
1762150924.6589067,0.26261437421253153,2.920466173093356,1.615334495966223,0.0,17.41160119956471,-0.3136640300266616,0.3136640300266616
1762150924.8595302,0.04421616752471893,2.831024164861574,2.064276775364707,0.0,17.67640146210453,-0.2563337363330273,0.2563337363330273
1762150925.0660625,-0.4630153969108437,2.683878818327017,2.3091037496194566,0.0,18.202211142600884,-0.13370920692454116,0.13370920692454116
1762150925.3986824,-1.3756612886289985,2.7932304554509573,3.3350916999214397,0.0,19.13114296705068,-0.2296882275518803,0.2296882275518803
1762150925.6883345,-2.5195792221630646,3.0603226631629092,3.988395905588571,0.0,20.317418539097233,-0.38132385444125694,0.38132385444125694
1762150926.0922081,-4.249561266692031,2.9210568677034114,3.888268872275349,0.0,22.035044561837786,0.11572745437261477,0.11572745437261477
1762150926.3647046,-5.510419247795115,3.1937563433038587,3.9526336237516264,0.0,23.18308371604696,-0.4002334806140803,0.4002334806140803
1762150926.7304957,-6.682607037210629,2.588746589839614,3.707530174311986,0.0,24.27842503419898,-0.683129550117224,0.683129550117224
1762150926.8625154,-6.982233291387458,2.0288199199102337,3.695611681310892,0.0,24.717540013839564,-0.7330584669217499,0.7330584669217499
1762150927.1060941,-7.3662118337575775,1.0062064350451818,3.7080962041831413,0.0,25.44151909414136,-1.0359855445928308,1.0359855445928308
1762150927.373653,-7.23651925634716,0.055741334480494495,3.7050244822198874,0.0,26.041915057421257,-1.2991724940068616,1.2991724940068616
1762150927.7414367,-6.620070694493607,-1.1305878013809256,3.671116160852144,0.0,0.017160820403692652,-1.818534484627222,1.818534484627222
1762150928.0292413,-5.688474863576998,-1.5879182502618692,2.2891927638697855,0.0,0.5844122514790285,-1.7750550833292935,1.7750550833292935
1762150928.330824,-5.800523217099936,-1.701500377112016,0.7877127889747987,0.0,0.5495907275669204,-1.9220427141179752,1.9220427141179752
1762150928.6593406,-6.193973803194588,-1.7282162635321792,-0.009273669317432462,0.0,0.36241835782526777,-2.108779338942362,2.108779338942362
1762150928.9488564,-6.257035627234235,-1.7326903549322588,-0.0005112103059561867,0.0,0.3344172862467307,-2.1413741588758666,2.1413741588758666
1762150929.161748,-6.268870630690641,-1.7301984912937227,-0.019100707980695904,0.0,0.3228103102659945,-2.144594273178698,2.144594273178698
1762150929.5383587,-6.276368488822366,-1.7332882685581548,-0.00039395932419379284,0.0,0.3181658833020156,-2.1507865782777684,2.1507865782777684
1762150929.805798,-6.2475171936070115,-1.730545289819428,-0.0004974334714569754,0.0,0.34179078550224185,-2.135100519476384,2.135100519476384
1762150930.0155444,-6.2451311354797445,-1.7290199220239797,-0.00017474251023239532,0.0,0.3431722415962801,-2.1326506575693354,2.1326506575693354
1762150930.3375273,-6.298350597634203,-1.7239766738042979,-0.29433684501759094,0.0,0.3170540692756511,-2.1527841056935264,2.1527841056935264
1762150930.533529,-6.257872604456809,-1.647082050715037,-0.5122023781091739,0.0,0.31741128370405164,-2.065885126838797,2.065885126838797
1762150930.7445886,-6.126123521140202,-1.6153689600052727,-0.0019652435949834442,0.0,0.3745964556342727,-1.97748695044066,1.97748695044066
1762150930.9930692,-5.9218324196118575,-1.5433346339598288,-1.3247914876219018,0.0,0.45094699551262873,-1.824630530691024,1.824630530691024
1762150931.1786978,-5.894931511661835,-1.176594204090958,-2.482227899453769,0.0,0.3745130986701681,-1.4816894168770658,1.4816894168770658
1762150931.4455605,-5.894317426086673,-0.6612348719961906,-1.9032194410184222,0.0,0.22102639197737672,-1.0274127499950523,1.0274127499950523
1762150931.675806,-5.934875849082906,-0.3657424398073134,-0.7981244934849716,0.0,0.08475567862361513,-0.7987294176695527,0.7987294176695527
1762150931.8825605,-5.933220410348242,-0.28627828932942057,-0.35434304720374726,0.0,0.05401151773504606,-0.7322632014390296,0.7322632014390296
1762150932.266117,-5.960380487870487,-0.24523670445459128,0.0016548840477303803,0.0,0.02130591561844203,-0.7145271311179712,0.7145271311179712
1762150932.6377475,-5.953340732037358,-0.25725298328100477,0.00015726557753016756,0.0,0.031116185665924112,-0.7201699039809988,0.7201699039809988
1762150932.8896658,-5.947611309374465,-0.2458577617212678,5.620244404170811e-05,0.0,0.029523268793475166,-0.7075699609578268,0.7075699609578268
1762150933.1588933,-5.9518122574751535,-0.24766640337333923,0.0007762596658790435,0.0,0.02772922011246004,-0.7114887234129201,0.7114887234129201
1762150933.527929,-5.942384903420902,-0.2563419388371739,0.0005585522918757965,0.0,0.03720096407845597,-0.7130650050765299,0.7130650050765299
1762150933.867682,-5.952446636184013,-0.2542247013582426,3.2011624564228652e-09,0.0,0.030302813494186842,-0.7171873263350437,0.7171873263350437
1762150934.2009876,-5.943617543804103,-0.24908202724730893,2.2798420635575244e-05,0.0,0.033469411602980004,-0.7078679824738037,0.7078679824738037
1762150934.3944504,-5.949265250058595,-0.23993948008518504,2.274240465545939e-09,0.0,0.025810646094811596,-0.7037282706690904,0.7037282706690904
1762150934.663141,-5.948512623229161,-0.24291769810219846,1.5820945416756442e-05,0.0,0.027629960505309414,-0.7057069177835866,0.7057069177835866
1762150934.9079359,-5.950916903300471,-0.235701684041552,0.00023359063844145142,0.0,0.02285821044329278,-0.7012561787678209,0.7012561787678209
1762150935.213415,-5.951516820094241,-0.24170447664657277,2.3345454339339745e-05,0.0,0.025210431139363387,-0.7064761784931894,0.7064761784931894
1762150935.6332033,-5.948085434782484,-0.25802254019579773,0.0001477192808252672,0.0,0.0347292341275961,-0.7177406235673914,0.7177406235673914
1762150935.7804015,-5.9504356701053975,-0.2552393695773224,9.540696506096403e-06,0.0,0.03201110782741928,-0.7168418355596121,0.7168418355596121
1762150936.090321,-5.950361047734369,-0.25863474262731606,0.00011802376282980286,0.0,0.033591219457846044,-0.719560858306187,0.719560858306187
1762150936.4110336,-5.955869337032794,-0.24772295173159403,9.658401221972836e-05,0.0,0.02523377123516002,-0.7139035476898624,0.7139035476898624
1762150936.6158266,-5.9501225905538115,-0.2398732672340593,5.033249532998941e-06,0.0,0.025246989124776298,-0.7041754373114475,0.7041754373114475
1762150936.9896536,-5.953626309503825,-0.2505266615343278,6.258941745406512e-05,0.0,0.027896894601425193,-0.7148700892222405,0.7148700892222405
1762150937.545847,-5.950463315808378,-0.24505472635855513,2.470966416185611e-06,0.0,0.02738484247854267,-0.7085806375922789,0.7085806375922789
1762150937.7601335,-5.9575156122244755,-0.24459272113715602,4.592070583544045e-05,0.0,0.022792256887025908,-0.7123273753409803,0.7123273753409803
1762150937.9198272,-5.954857465277746,-0.24643995137586552,4.004754950559902e-05,0.0,0.025280930644378363,-0.7122711071328911,0.7122711071328911
1762150938.171919,-5.959342901694639,-0.25013626215299994,1.4385482127928648e-06,0.0,0.024170770252394724,-0.7178921516310794,0.7178921516310794
1762150938.4115198,-5.94969118964362,-0.2604725257564943,2.368830685683431e-06,0.0,0.034836988856884576,-0.7206676440292615,0.7206676440292615
1762150938.7149696,-5.945789519601848,-0.25177065707401547,4.2911611601719284e-05,0.0,0.033332928637541226,-0.7113182108271511,0.7113182108271511
1762150939.0052817,-5.948066390435715,-0.24709796551198354,1.9443992572874722e-05,0.0,0.029801707765280572,-0.7088430517007693,0.7088430517007693
1762150939.1919403,-5.9540635179482155,-0.24443415880300443,1.2675568615578407e-06,0.0,0.024865006829940473,-0.7101795306952731,0.7101795306952731
1762150939.3492243,-5.963721427017228,-0.246122116649048,1.452467561108505e-05,0.0,0.019635219402686532,-0.717203057225418,0.717203057225418
1762150939.6316195,-5.955737213648412,-0.2518246961661807,7.987783569322278e-07,0.0,0.02717332736018596,-0.7171559365028117,0.7171559365028117
1762150939.9558878,-5.944369570908686,-0.253684655821124,5.888264432428746e-07,0.0,0.035081836695665614,-0.7120513685497885,0.7120513685497885
1762150940.3422644,-5.959387020438807,-0.25060767912860693,4.955611552351848e-07,0.0,0.024356925792990092,-0.7183003605429792,0.7183003605429792
1762150940.5140753,-5.953507658629853,-0.25219166260645165,3.6674232076695023e-07,0.0,0.028724109049085123,-0.7161534253786179,0.7161534253786179
1762150940.9717412,-5.962919664524362,-0.24126487367899305,2.706978315859355e-07,0.0,0.017927446202886332,-0.712799830020692,0.712799830020692
1762150941.1080143,-5.95954074727487,-0.24766335406870507,4.781153268671697e-06,0.0,0.02292743297968619,-0.7160023927296728,0.7160023927296728
1762150941.3493826,-5.952836573779528,-0.24842421059189085,3.738278408929619e-07,0.0,0.027435711853432576,-0.7127018163417442,0.7127018163417442
1762150941.3762865,-5.948705436818824,-0.24893317990783015,3.826165367326008e-07,0.0,0.03023491941023515,-0.710706998091589,0.710706998091589
1762150941.4023862,-5.945984827149511,-0.24976704956944631,4.2866236124584566e-07,0.0,0.03230524501486404,-0.7098016288435726,0.7098016288435726
1762150941.5748575,-5.947126378896585,-0.254268989068901,2.6302976901858655e-07,0.0,0.03363031454892457,-0.7141282357794242,0.7141282357794242
1762150941.6233191,-5.943101568872573,-0.25440703503210826,2.731148945496422e-07,0.0,0.03611159574990269,-0.7119039148176082,0.7119039148176082
1762150941.653736,-5.946216593008488,-0.2546625575601345,3.943455270111897e-07,0.0,0.03437414432475311,-0.7139200217478276,0.7139200217478276
1762150941.925492,-5.9473873678540565,-0.2520310938671697,1.9412838034714656e-07,0.0,0.032456382852263044,-0.7124590757587244,0.7124590757587244
1762150942.0736904,-5.956130191408728,-0.24138756191511646,1.6651984213630735e-06,0.0,0.022198495065124835,-0.7089178440278955,0.7089178440278955
1762150942.3064342,-5.954230480258982,-0.24896570658023176,2.2900755101099684e-06,0.0,0.026814777619861452,-0.7139550613232658,0.7139550613232658
1762150942.547033,-5.952822322606722,-0.2540394734822204,1.1424801470473025e-07,0.0,0.029985659968724876,-0.717255593746363,0.717255593746363
1762150942.7424357,-5.944857931332596,-0.24311812006752065,1.1483834380224863e-11,0.0,0.0299966072910558,-0.703739192119233,0.703739192119233
1762150942.9555845,-5.948852046176248,-0.2563309132500497,8.030179374009622e-08,0.0,0.033488696930571604,-0.7168090734666349,0.7168090734666349
1762150943.3299005,-5.96458686565045,-0.24792763945015606,5.426081065062667e-07,0.0,0.019917668500315178,-0.7191730016592767,0.7191730016592767
1762150943.4838936,-5.952726311388235,-0.25410314629361846,7.742557732508621e-07,0.0,0.03007409803248401,-0.7172514190804334,0.7172514190804334
1762150943.6219025,-5.940314875519956,-0.2558270930997339,5.202359495365071e-08,0.0,0.03810037912288977,-0.7114462067656832,0.7114462067656832
1762150943.8660517,-5.96082863459153,-0.2523956205811638,4.5145206582488257e-07,0.0,0.024272353118778955,-0.7205937396915038,0.7205937396915038
1762150944.1996632,-5.9747655339468055,-0.2489925787497037,1.1347544925055059e-07,0.0,0.014099195802908249,-0.72601580157284,0.72601580157284
1762150944.4586961,-5.938121362909484,-0.3050426760304892,0.3119086131731186,0.0,0.058372631631514266,-0.750465124863704,0.750465124863704
1762150944.7195227,-5.8855840524317005,-0.36020855988137657,-1.886871856004693e-05,0.0,0.1137697761746442,-0.7668310666174105,0.7668310666174105
1762150944.9126852,-5.908966855404705,-0.3399961562015984,-0.05181137890675578,0.0,0.09029173309948527,-0.7629055680843321,0.7629055680843321
1762150945.240824,-5.954386517454928,-0.27469722152865594,-0.7216368307544666,0.0,0.037635908883405345,-0.7349792198478989,0.7349792198478989
1762150945.5251348,-5.96196048468391,-0.24962464726444697,-0.09400147422522231,0.0,0.02231527688828744,-0.719009021894979,0.719009021894979
1762150945.7348132,-6.0129040862152205,-0.14225925793901953,-1.5726817991337876,0.0,0.00481916959652106,-0.6625784895778026,0.6625784895778026
1762150945.90161,-6.153685108758648,0.07731212540680646,-1.9992282558208594,0.0,26.154324074335932,-0.5777094887427479,0.5777094887427479
1762150946.1790366,-6.461186696599841,0.5826260514058291,-2.0446295301814628,0.0,25.722964272854615,-0.4454887672584452,0.4454887672584452
1762150946.527696,-6.755460593625084,1.2838999457487816,-1.9130608670055458,0.0,25.150259054803424,-0.4623962465420289,0.4623962465420289
1762150946.6897495,-6.8930275981896685,1.5701769185311834,-1.303504077570249,0.0,24.97003625702115,-0.5857787740011603,0.5857787740011603
1762150947.0750732,-6.957729742519116,1.7659155563397237,0.06933912098874341,0.0,24.848628243369856,-0.66489743294006,0.66489743294006
1762150947.386242,-6.940599300639739,1.699505198925762,0.09407553736720986,0.0,24.904329028953363,-0.6385542364173475,0.6385542364173475
1762150947.6644533,-6.845927017234098,1.4430526768506136,2.4905018850024807,0.0,25.043340939517957,-0.5404066081666201,0.5404066081666201
1762150947.9209347,-6.533900934556945,0.9220756094868531,3.6649067680440397,0.0,25.44815864658532,-0.34033517521886264,0.34033517521886264
1762150948.2947388,-5.625068295962307,0.024510048265713822,2.843950957124302,0.0,0.11931640616862439,-0.3022702157961817,0.3022702157961817
1762150948.6861155,-5.097098114407784,-0.25817736025438404,0.6817248451867104,0.0,0.6480616954910785,-0.3220801795117993,0.3220801795117993
1762150949.0065024,-5.052202405084299,-0.2520657191244106,-0.0001982097869616541,0.0,0.6835304044985587,-0.3012839822230593,0.3012839822230593
1762150949.2696476,-5.062090989969115,-0.2350408455630144,-0.00971216552852562,0.0,0.6702239380378212,-0.28848426460492027,0.28848426460492027
1762150949.6218805,-5.06857799204722,-0.23389767346095017,-1.493259324698848e-08,0.0,0.664421368429354,-0.2895756938319639,0.2895756938319639
1762150949.8933022,-5.072115084895101,-0.24015802078178394,0.058907789596750665,0.0,0.6633185814132606,-0.29666013853944717,0.29666013853944717
1762150950.2879076,-5.081353213134183,-0.23575527914329703,-0.20408086811739168,0.0,0.6542351626028096,-0.2956355253626004,0.2956355253626004
1762150950.5968995,-5.090251974380229,-0.21464675790256046,-0.1499207420932185,0.0,0.6404191697770251,-0.27884502729481686,0.27884502729481686
1762150950.877653,-5.242089571352381,-0.16721860020791338,-1.0614607668331772,0.0,0.4976494346881096,-0.2910620044150332,0.2910620044150332
1762150951.2798822,-5.671985964097448,0.026108596552503638,-1.5482473428894565,0.0,0.08453839845964714,-0.32686462738975575,0.32686462738975575
1762150951.4780073,-5.976636650862926,0.13877253712512258,-1.5858257739840118,0.0,26.18466238038097,-0.4189684076906407,0.4189684076906407
1762150951.75884,-6.309341754647674,0.23161216223039507,-0.9541511591101172,0.0,26.026979478902934,-0.5640721622554147,0.5640721622554147
1762150952.0069542,-6.4378277468156515,0.2816466282555885,0.00011633177672601579,0.0,25.97555180532017,-0.6155527009705046,0.6155527009705046
1762150952.2530015,-6.424510493602591,0.270112891318366,0.20402026095405879,0.0,25.942208929439733,-0.6181313838041531,0.6181313838041531
1762150952.4507024,-6.200323723677699,0.17259959650159837,2.1708990722160246,0.0,26.089517657866434,-0.5354827146440692,0.5354827146440692
1762150952.584437,-6.008981575013281,0.07970490063676552,2.8981880328569907,0.0,26.208938057516637,-0.48510932367842274,0.48510932367842274
1762150952.8828049,-5.079339277178869,-0.1752299174881671,3.889927464227617,0.0,0.6373407619572976,-0.2380845940323964,0.2380845940323964
1762150953.3962467,-2.77292963480789,-0.13250650643213974,4.0729574914485145,0.0,2.8693620032483773,-0.13895152882111356,0.13895152882111356
1762150953.6085615,-1.6457343723047135,-0.01461024457532212,3.90651367217124,0.0,4.009517141772237,-0.09223516867156797,0.09223516867156797
1762150953.7601008,-0.9510680185771853,0.08612321619212614,3.8682294913815185,0.0,4.7053056928436146,0.016997323110382045,0.016997323110382045
1762150953.997751,0.15401515989993017,0.02826323162988845,3.844232382749757,0.0,5.811439380139623,0.021760202599942914,0.021760202599942914
1762150954.3153408,1.4284313204765517,-0.44059410406491956,3.281879734117569,0.0,7.112220728355394,-0.37773386637448897,0.37773386637448897
1762150954.599199,2.637328576620175,-0.4251999825680562,2.824447349079199,0.0,8.24826531104818,-0.37400276318726344,0.37400276318726344
1762150954.8761044,3.6660421475563987,-0.23476445084182307,3.5344440967380444,0.0,9.274143627366009,-0.40406883096774643,0.40406883096774643
1762150955.236823,4.816488903210641,0.48884490751345794,3.5027335896841376,0.0,10.416468207928895,-0.36673603148296186,0.36673603148296186
1762150955.505007,5.4149654750154514,1.3507205971772582,3.6801389651218033,0.0,11.305808922729847,-0.43077683517758775,0.43077683517758775
1762150955.7902687,5.547592213248394,2.2045004539983033,3.5175831236612716,0.0,12.012691601766704,-0.452744399093938,0.452744399093938
1762150956.0471895,5.0790520803435895,3.047697698167337,3.004504119417571,0.0,12.737116371609691,-0.3402376014737663,0.3402376014737663
1762150956.3536394,4.488476325945949,3.5650787559174915,1.7977271757786257,0.0,13.34367057892612,-0.44825545989196325,0.44825545989196325
1762150956.702735,3.8545957137028974,3.8220367908182973,1.920712898812458,0.0,13.869778125055516,-0.5534918230522081,0.5534918230522081
1762150956.9797482,3.2888065565039626,3.906854538120226,2.0197876168834594,0.0,14.335260473480554,-0.6338023711931001,0.6338023711931001
1762150957.3545375,2.5729801734334248,3.7953717320363314,2.5476827766854058,0.0,14.926898873933423,-0.6604412136770309,0.6604412136770309
1762150957.579969,1.6995569831711996,3.4761540339605834,3.1646044196854652,0.0,15.8627704255394,-0.5891697172379015,0.5891697172379015
1762150957.9026327,0.29397184440631674,3.238999524695163,3.42005209216559,0.0,17.284964236495092,-0.6167130325196477,0.6167130325196477
1762150958.303943,-1.2191670525345737,2.8410565530952225,2.718235933296468,0.0,18.973615232687543,-0.28496079103689076,0.28496079103689076
1762150958.4963908,-1.7227059614458125,2.7613566922537536,1.6757302701458743,0.0,19.481219521675268,-0.1736573761258666,0.1736573761258666
1762150958.6992176,-2.039919337081785,2.7397517789113093,1.4985600239779147,0.0,19.79847903069633,-0.12116688752265707,0.12116688752265707
1762150959.0856836,-2.7084468060253046,2.824005448300429,1.484341738778712,0.0,20.47431896573658,-0.12304065313911776,0.12304065313911776
1762150959.4285254,-3.2029849379952027,2.90724004153478,1.4257331862056541,0.0,20.99215365103533,-0.10428919668576703,0.10428919668576703
1762150959.6493595,-3.548365019355977,2.919520142523638,1.1328687344147823,0.0,21.329255621444645,-0.01932761934689729,0.01932761934689729
1762150959.8987072,-3.852579253210374,2.941238346648401,1.0047495765151366,0.0,21.62927810464554,0.04337312126937881,0.04337312126937881
1762150960.2308774,-4.301085304030304,2.938049064022909,2.1066869133947543,0.0,22.08986142154507,0.10045169641478076,0.10045169641478076
1762150960.4441938,-5.113922503707767,2.8918671117274752,3.1488947294507557,0.0,22.92376137508434,0.020719229897844558,0.020719229897844558
1762150960.6414456,-5.579498710682037,2.515354428286986,3.4146425960738394,0.0,23.534967277088317,0.1647030058267497,0.1647030058267497
1762150960.8782961,-6.050843750180957,1.9031710228098382,3.4408796361528218,0.0,24.416084036750163,0.18029065813369305,0.18029065813369305
1762150961.2682378,-6.175691368031679,0.6426013110403643,3.050376134642274,0.0,25.727286016292556,-0.19054094527510929,0.19054094527510929
1762150961.7140186,-5.236605026011094,-0.41060124553217303,3.7361781461192574,0.0,0.5819042654138664,-0.5140312556265316,0.5140312556265316
1762150961.9872394,-4.2953975868432455,-0.7106396503148963,3.4608670989276313,0.0,1.379649065996581,-0.6214721696122432,0.6214721696122432
1762150962.4014738,-2.655189119584201,-0.7930750420369453,1.5267699098806058,0.0,2.928992906540942,-0.8072598737550958,0.8072598737550958
1762150962.633658,-2.661773934283469,-0.733449504589355,-0.0104050728576645,0.0,2.927634635610644,-0.7472872750968306,0.7472872750968306
1762150962.8649135,-2.6601266235351777,-0.7174706477790336,-5.647649141404809e-08,0.0,2.9306638021469036,-0.7315129123919989,0.7315129123919989
1762150963.1326153,-2.6645747148931527,-0.7203410853093195,-0.0003549658569368264,0.0,2.9259907322365604,-0.7339845791491393,0.7339845791491393
1762150963.3399622,-2.663826651071077,-0.7204270620762604,-0.060334944237528346,0.0,2.926726937495969,-0.7341354500967481,0.7341354500967481
1762150963.5861166,-2.756252547711458,-0.7679840594007942,-1.5927080678753742,0.0,2.8312762993771976,-0.7734905969978718,0.7734905969978718
1762150963.7659812,-3.091821909383721,-0.8558707847153595,-2.2053405445286027,0.0,2.492634902743709,-0.8336713401614073,0.8336713401614073
1762150964.1190844,-3.6962515230483812,-0.8855672527247317,-1.1335505554242462,0.0,1.8958044481302214,-0.8109234690978357,0.8109234690978357
1762150964.342465,-3.8067639065284666,-0.8519217224167265,-0.41691271102930366,0.0,1.7982221187285856,-0.7700442945248682,0.7700442945248682
1762150964.7424257,-3.9660666766164367,-0.8541217919587953,-0.10670650327697369,0.0,1.6583766074232804,-0.7647397745145083,0.7647397745145083
1762150965.0010712,-4.05239844155279,-0.8474752986571474,-0.00040209791200781803,0.0,1.5848659869569295,-0.7558778862568007,0.7558778862568007
1762150965.3504004,-4.0392227236863745,-0.8480451904543493,0.18315765796091785,0.0,1.5960999188674918,-0.7566929016582986,0.7566929016582986
1762150965.6034935,-4.009333926770686,-0.8425586940394407,0.14231131112625958,0.0,1.6218126529575698,-0.7518914734005562,0.7518914734005562
1762150965.9219196,-3.884157541393716,-0.8311631726838374,0.38497201962866057,0.0,1.7307203198719041,-0.7451581974339617,0.7451581974339617
1762150966.301032,-3.8488831774089194,-0.8190431593024029,0.9421320061623988,0.0,1.762305456393734,-0.7348428787960123,0.7348428787960123
1762150966.5931065,-3.4436315197008898,-0.661099848875287,2.071285058588846,0.0,2.153060609158938,-0.6082743055229214,0.6082743055229214
1762150966.904484,-2.8176298626933503,-0.1591082057565423,2.507593407007976,0.0,2.8226338809247142,-0.16159099172363064,0.16159099172363064
1762150967.261528,-1.7677619161983866,-0.30500814769844653,3.2374573311196153,0.0,3.8774940083251885,-0.3796257456628558,0.3796257456628558
1762150967.4552424,-1.1856714245770226,-0.5097097825201944,3.8004328473266757,0.0,4.484654389847695,-0.5856760422746754,0.5856760422746754
1762150967.7886498,0.556751124111916,-0.2780037537414777,3.9527460750583217,0.0,6.230527870484001,-0.25972361094937013,0.25972361094937013
1762150967.9959369,1.6568047424985588,0.02625920549909925,4.088793402114265,0.0,7.312438535743042,0.10162706340558234,0.10162706340558234
1762150968.5844157,4.209734334707827,-0.8051118034161716,3.342468255038637,0.0,9.538941720995494,-1.0967727904394962,1.0967727904394962
1762150968.9834352,4.762529762232449,-1.6006902833864616,2.1353662972582916,0.0,9.664047092144147,-2.039940164779598,2.039940164779598
1762150969.3487163,4.73562417093125,-1.8499441180392289,-0.0640899339687026,0.0,9.594820859014266,-2.2602194458977705,2.2602194458977705
1762150969.5931163,4.8600377569641715,-1.8137402661357174,-0.007441476228773112,0.0,9.673682635771357,-2.273222823050769,2.273222823050769
1762150969.9249058,4.848748633414725,-1.8049640935536984,-0.006823699803732867,0.0,9.666554054714823,-2.2611821154806577,2.2611821154806577
1762150970.219617,4.872677219441844,-1.829449144657573,-0.0010258071655486025,0.0,9.679437697467181,-2.2921701083624417,2.2921701083624417
1762150970.6003706,4.91721327756077,-1.8476576610366524,-0.0038434844451651616,0.0,9.713771493547151,-2.322518932941078,2.322518932941078
1762150970.8167791,5.0339790232279595,-1.7943476418320863,-0.0035598619326210226,0.0,9.689062296235361,-2.3326023870982753,2.3326023870982753
1762150971.2710903,4.93510753435782,-1.773640481007586,-0.006872788442561186,0.0,9.611076553884718,-2.2666572754225496,2.2666572754225496
1762150971.5942647,4.870647317273676,-1.780277909400931,-0.0028067565160536157,0.0,9.696165892049926,-2.244792453026591,2.244792453026591
1762150971.914464,4.875680746056415,-1.7724110518765237,-0.00019831249729199507,0.0,9.703801953469485,-2.2387211588777642,2.2387211588777642
1762150972.2577007,4.862334985460888,-1.762864639019519,-8.42323752468009e-05,0.0,9.695061145898636,-2.2257003020693746,2.2257003020693746
1762150972.5654514,4.741539162152306,-1.8444568487182544,-8.574525949327554e-05,0.0,9.600000000000001,-2.2573166380372216,2.2573166380372216
1762150972.967095,4.5907532352387115,-1.8586832646425562,-0.0008631226606613369,0.0,9.580305186526042,-2.215555857221837,2.215555857221837
1762150973.235829,4.463002741053254,-1.9220397547450867,-0.003194997164312786,0.0,9.489314892192505,-2.236749951179119,2.236749951179119
1762150973.5330794,4.430273656702906,-1.9216625527381648,-3.624139844830745e-05,0.0,9.474928477005422,-2.2267662547913174,2.2267662547913174
1762150973.8496854,4.474590972794405,-1.869159164283807,-3.013880682342016e-05,0.0,9.5,-2.1898240159079725,2.1898240159079725
1762150973.9589841,4.459264615970219,-1.8941327950136282,-4.137281548938037e-05,0.0,9.494270500492247,-2.208992028048899,2.208992028048899
1762150974.2910767,4.453360667437079,-1.8865936573546118,-2.132895583842723e-05,0.0,9.490948593576666,-2.2000404662203525,2.2000404662203525
1762150974.7062252,4.495162818677845,-1.8380088709455231,-1.5199604650843381e-05,0.0,9.512248831345543,-2.166553740800799,2.166553740800799
1762150974.9163039,4.545768041217909,-1.8210908201876932,-4.899971879147054e-05,0.0,9.54893626995042,-2.166415579999262,2.166415579999262
1762150975.217291,4.585684096504425,-1.7980999072111457,-1.8413399566780804e-05,0.0,9.492316242867904,-2.1552905289059523,2.1552905289059523
1762150975.549801,4.494320563379868,-1.8175474238647937,-0.00027703721881388715,0.0,9.517690296542828,-2.146843629148351,2.146843629148351
1762150975.7488897,4.457771008239195,-1.8378650734367512,-0.00015664253620294383,0.0,9.5,-2.154889992339181,2.154889992339181
1762150975.979743,4.481695475687485,-1.8567959222689423,-0.0001363252493417649,0.0,9.5,-2.180218246576643,2.180218246576643
1762150976.4496875,4.435556757703024,-1.8424652550731002,-5.520258958673728e-06,0.0,9.487459005878963,-2.152611959673698,2.152611959673698
1762150976.816898,4.569607004300281,-1.880027365387349,-0.00031609616319625553,0.0,9.553654571697246,-2.2297597511910228,2.2297597511910228
1762150977.0010645,4.5650013458071586,-1.9114577871745313,-4.760921963197114e-10,0.0,9.539677968725897,-2.2582708343754074,2.2582708343754074
1762150977.3124917,4.6723470488001935,-1.9193652086732425,-4.037595848751987e-10,0.0,9.526645947967959,-2.3006789860124646,2.3006789860124646
1762150977.7299197,4.646237624182098,-1.8967531501351997,-1.7247746566776888e-06,0.0,9.511034873686082,-2.2696117589523213,2.2696117589523213
1762150978.2042575,4.507756802240332,-1.906819636670823,-1.6944962304129556e-06,0.0,9.503245451626578,-2.2358455499044623,2.2358455499044623
1762150978.6371517,4.451389799474375,-1.9056422406752738,-1.565938720335867e-06,0.0,9.483259285129938,-2.2176291529486587,2.2176291529486587
1762150978.857306,4.477870569047186,-1.8975002296253536,-2.4243932480637016e-06,0.0,9.5,-2.217814176392537,2.217814176392537
1762150979.1908894,4.628828327546553,-1.8225408466129405,-1.720907043914173e-06,0.0,9.523003269896341,-2.1947158866880674,2.1947158866880674
1762150979.488522,4.520038876868905,-1.9031481968871682,-1.6889349144820802e-06,0.0,9.516062067281045,-2.236195251499565,2.236195251499565
1762150979.808754,4.402754570536934,-1.93320055883082,-1.208148358927021e-05,0.0,9.445201144773833,-2.229639866001216,2.229639866001216
1762150980.1147568,4.433109807950041,-1.9166418978682966,-6.118320366714071e-07,0.0,9.47916135689059,-2.222790376104169,2.222790376104169
1762150980.407225,4.354444103263127,-2.0073827339175074,-7.799772147524878e-06,0.0,9.453699022035599,-2.287897274000373,2.287897274000373
1762150980.582546,4.3524257582036405,-1.9855213687031246,-3.2013731451513263e-05,0.0,9.457091661233285,-2.266240234262406,2.266240234262406
1762150980.8208659,4.342701436488408,-2.0039599784007818,-3.1210493516667645e-07,0.0,9.443150936525985,-2.2816140569076166,2.2816140569076166
1762150981.1245425,4.3572661560747115,-1.99240198565335,-8.914795613683989e-07,0.0,9.460101164765595,-2.2741079929826706,2.2741079929826706
1762150981.3664808,4.307821498237717,-2.0085551716132675,-3.0196876208842156e-11,0.0,9.42487363962259,-2.2770700393711167,2.2770700393711167
1762150981.6341257,4.380213501480514,-1.9526306757660947,-1.7696170678743305e-07,0.0,9.417806241927153,-2.241399899365514,2.241399899365514
1762150981.9843855,4.399545899989793,-1.9304774034491272,-2.228624623928847e-07,0.0,9.442976437467712,-2.22608440547204,2.22608440547204
1762150982.3064444,4.55898393191618,-1.881296878240634,-1.5055562093983415e-07,0.0,9.543150755374105,-2.2277375938794877,2.2277375938794877
1762150982.6033568,4.631042353122928,-1.8951994325194434,-2.084300725448844e-06,0.0,9.497557535027983,-2.262105950437645,2.262105950437645
1762150982.7973046,4.5906916575803995,-1.869155883894529,-1.2147843932082967e-11,0.0,9.577050958214302,-2.2255617785857287,2.2255617785857287
1762150983.0297997,6.0805283974957,-0.2576983813343645,-7.215243000573957e-08,0.0,10.633360976455336,-1.811973462997336,1.811973462997336
1762150983.4342418,5.576047627366293,-0.5094845035755227,-1.1578445460159985e-06,0.0,10.286278901269894,-1.608733280423528,1.608733280423528
1762150983.6626658,5.577189162546209,-0.5117283867218738,-1.0614409399466147e-06,0.0,10.285699317857146,-1.6111405052338656,1.6111405052338656
1762150983.862703,5.510849906878894,-0.4974917862372135,-8.783537266095526e-07,0.0,10.271571680370215,-1.5550073300319203,1.5550073300319203
1762150984.136471,4.842682845690437,-0.5974846853107293,-5.1502070995925864e-08,0.0,9.876644174074286,-1.2081980220976525,1.2081980220976525
1762150984.2646916,4.517040964253132,-0.664942620686659,-6.85118720913975e-07,0.0,9.704990754811707,-1.092061161775217,1.092061161775217
1762150984.5150461,4.461861059287855,-0.7011797051956332,-5.309680009388462e-08,0.0,9.672630793369375,-1.0989048143012778,1.0989048143012778
1762150984.7034628,4.441195561513034,-0.698086204928618,-3.528373769126867e-08,0.0,9.672424695177298,-1.0870564938112097,1.0870564938112097
1762150984.9740975,4.4415067856689365,-0.5315974966915775,-5.399304778407346e-07,0.0,9.716414552233644,-0.9388115355119793,0.9388115355119793
1762150985.2483637,4.51771348224369,-0.01446211481484513,-4.557259988038258e-07,0.0,9.941248249207558,-0.5454591275037847,0.5454591275037847
1762150985.495562,4.554909787392073,0.24036339328959785,-3.199281163418587e-07,0.0,10.101296505109966,-0.36790013178911185,0.36790013178911185
1762150985.7611766,4.572313241232836,0.31391070670429994,-3.865524471370085e-08,0.0,10.155375249564413,-0.3231957587570722,0.3231957587570722
1762150986.0883923,4.557673346436496,0.35613646795244935,-1.2602535520884571e-08,0.0,10.17041869119593,-0.2817707276605836,0.2817707276605836
1762150986.4152682,4.549353183369891,0.37140096907936543,-1.1040635549850815e-08,0.0,10.173891174098747,-0.26481605539185266,0.26481605539185266
1762150986.7463503,4.571481827562102,0.3675451045547163,-1.4258932586396042e-07,0.0,10.18648891797583,-0.28237668475778466,0.28237668475778466
1762150986.9321094,4.5888167185821045,0.37833864694290714,-3.1937888984890255e-07,0.0,10.204653086236164,-0.2859115299543428,0.2859115299543428
1762150987.2380507,4.571881789678986,0.39097418504870624,-5.768267643417539e-09,0.0,10.200923837874539,-0.26518732556976343,0.26518732556976343
1762150987.4373264,4.580410207131676,0.4029081912259315,-7.1029274563173645e-09,0.0,10.213949035318626,-0.26205943889444605,0.26205943889444605
1762150987.708389,4.5606838566975885,0.40384816086552966,-5.6134655043618366e-09,0.0,10.201189419443986,-0.2481271997125401,0.2481271997125401
1762150987.954698,4.558343876010815,0.4023732776654307,-5.342441748552847e-09,0.0,10.198697711326613,-0.24765882434418218,0.24765882434418218
1762150988.2778804,4.563865897945836,0.3974562230662106,-4.048018064422143e-09,0.0,10.199445872408928,-0.2550071925943074,0.2550071925943074
1762150988.4836903,4.5706294124835365,0.39452071153141854,-8.262733223368599e-09,0.0,10.202235612257576,-0.26171394050742885,0.26171394050742885
1762150988.7363863,4.558020929934127,0.35004189427002896,-2.324323945256561e-09,0.0,10.167022461684542,-0.2865794120339163,0.2865794120339163
1762150988.900507,4.558693570084909,0.3234967236396033,-2.563578682460375e-13,0.0,10.151778097699632,-0.3070283125234864,0.3070283125234864
1762150989.2206604,4.570033874878169,0.32217805891209705,-2.1204763256832166e-13,0.0,10.158685740784804,-0.3154633548733101,0.3154633548733101
1762150989.3933048,4.555466815956919,0.3241278667254954,-1.5635247122837798e-09,0.0,10.149955943445963,-0.30443836382887973,0.30443836382887973
1762150989.5624976,4.5547218652258366,0.32257413794115364,-2.5182977464560045e-08,0.0,10.14853597630698,-0.305125798633592,0.305125798633592
1762150989.7855306,4.550006855858431,0.3232752014006872,-4.189847770702291e-09,0.0,10.14573647301567,-0.3015127927441529,0.3015127927441529
1762150989.9881918,4.558788985977084,0.3221470424239523,-1.0533753185344247e-09,0.0,10.151049731609318,-0.3081106970715529,0.3081106970715529
1762150990.296824,4.546819303293462,0.30793154541303525,-8.868091803654706e-10,0.0,10.134578643693503,-0.31107169604861984,0.31107169604861984
1762150990.5095637,4.525342045132757,0.3032640586844495,-7.155668427805588e-10,0.0,10.117141306923658,-0.30071524908064384,0.30071524908064384
1762150990.7954628,4.512009221707207,0.28961238613289203,-6.666473386211742e-10,0.0,10.100055100254734,-0.3026009849027518,0.3026009849027518
1762150991.03467,4.49540980934929,0.2809476472442921,-9.493350560555643e-09,0.0,10.083588163288256,-0.2986819958363189,0.2986819958363189
1762150991.2445993,4.496246121839149,0.27951952626520343,-8.64612008701674e-09,0.0,10.083352088164952,-0.3003160919298403,0.3003160919298403
1762150991.420558,4.497757255235667,0.28407379824490386,-1.29164057805985e-09,0.0,10.08700740997174,-0.29776321215371343,0.29776321215371343
1762150991.644773,4.504220733709798,0.28707123771652654,-6.497614665376546e-09,0.0,10.093207703640378,-0.2995746051059361,0.2995746051059361
1762150991.900551,4.502401314313567,0.2823139967601851,-4.416408883896853e-10,0.0,10.08921848153153,-0.302077898791787,0.302077898791787
1762150992.1645024,4.514389744918798,0.29503843657267437,-6.781997425371644e-09,0.0,10.104828165470602,-0.29996287297944957,0.29996287297944957
1762150992.392666,4.512104137581542,0.29681700128088245,-2.408764487075023e-10,0.0,10.104277188401102,-0.29713211312756516,0.29713211312756516
1762150992.5784469,4.487293514046925,0.2866057983304715,-2.532159385408627e-14,0.0,10.08118190930134,-0.2891561790765463,0.2891561790765463
1762150992.9436986,4.461673212879354,0.2748433410627364,-3.6301209600567392e-09,0.0,10.056670162374132,-0.2821042857801423,0.2821042857801423
1762150993.1800032,4.448700396693167,0.2759552146689971,-1.7734444109427977e-10,0.0,10.048148214513196,-0.2731118320802048,0.2731118320802048
1762150993.3418107,4.457484243574823,0.2832472769755252,-1.0247742720095345e-08,0.0,10.058487605504906,-0.2729333299644656,0.2729333299644656
1762150993.5596862,4.449191548879315,0.27555585891234297,-9.515875252767966e-11,0.0,10.048269681128968,-0.2737305667899924,0.2737305667899924
1762150993.7677212,4.458879277633247,0.2733282499520236,-9.052378341834871e-11,0.0,10.05384600369414,-0.2815319018250179,0.2815319018250179
1762150993.992437,4.442376709228291,0.2728101941661794,-8.861575307237772e-11,0.0,10.041895007912117,-0.27162219359683276,0.27162219359683276
1762150994.2739477,4.426281816852832,0.2719544393302054,-1.2642730347184689e-09,0.0,10.029971718030252,-0.2622914910603754,0.2622914910603754
1762150994.4762542,4.434105341673514,0.27184703374765246,-1.074088468233026e-09,0.0,10.035481366136263,-0.26722953727185955,0.26722953727185955
1762150994.6553442,4.430875513983202,0.2759493840992523,-5.4345281937442995e-11,0.0,10.035495162045736,-0.2620083542168038,0.2620083542168038
1762150994.8288686,4.428217491698602,0.27209066146926303,-8.55247775677386e-10,0.0,10.03142807667399,-0.2633843077762721,0.2633843077762721
1762150995.0893586,4.420186784900823,0.270881771195197,-4.900559471787907e-11,0.0,10.025017965986738,-0.2593624256986314,0.2593624256986314
1762150995.3756285,4.411234507064272,0.2733269977077525,-7.300034734170412e-10,0.0,10.019979774271578,-0.25191259125809906,0.25191259125809906
1762150995.7050803,4.4121461796896595,0.2712536085052198,-5.894507100347617e-10,0.0,10.019469613387436,-0.2541071808600989,0.2541071808600989
1762150995.9216418,4.409846498895521,0.2778554202400811,-4.322091100145711e-10,0.0,10.021529852964836,-0.24749193709690512,0.24749193709690512
1762150996.3187356,4.4101462137054135,0.2755366183156452,-5.532280867135021e-10,0.0,10.020440384676402,-0.24950195281171797,0.24950195281171797
1762150996.572581,4.403698021853993,0.26777204028564705,-1.5841453973705372e-11,0.0,10.011436990847114,-0.2516553680427982,0.2516553680427982
1762150996.7553093,4.413028596699521,0.27361410579024265,-2.538461463901749e-10,0.0,10.021428519623832,-0.2527930543373541,0.2527930543373541
1762150996.9803433,4.395656949720177,0.2751038265426297,-8.220856055197051e-10,0.0,10.00974226963652,-0.24093189077099508,0.24093189077099508
1762150997.2675157,4.394991634816339,0.27204705461374934,-1.294850988147476e-15,0.0,10.007540792057005,-0.24293886857308009,0.24293886857308009
1762150997.4313319,4.399678898068035,0.2787676038180439,-1.6449466452926944e-10,0.0,10.014716291549215,-0.2405106530496916,0.2405106530496916
1762150997.6895106,4.398022680710447,0.27207790361541645,-4.3116531977891185e-10,0.0,10.009753784053467,-0.24477282091769698,0.24477282091769698
1762150997.9862106,4.404921834357735,0.27606913108775805,-1.3038476332752042e-10,0.0,10.016980887661422,-0.24586366872896664,0.24586366872896664
1762150998.2790625,4.394375235354319,0.2766052179705772,-1.0732163309350532e-11,0.0,10.009658309046303,-0.23895992866666976,0.23895992866666976
1762150998.54046,4.392008310598028,0.2801810206574347,-3.014169842525319e-10,0.0,10.009955881307956,-0.23468400338865564,0.23468400338865564
1762150998.7460477,4.402422233490901,0.2740317061862049,-7.187813328379279e-11,0.0,10.01403201769837,-0.24593237143651275,0.24593237143651275
1762150998.9586508,4.3929786094482255,0.27565114163805743,-3.860267966109485e-12,0.0,10.008107889764442,-0.23885724111721485,0.23885724111721485
1762150999.175143,4.3988485671844915,0.272463011283071,-4.989032849200919e-12,0.0,10.010567812076038,-0.24497543600780547,0.24497543600780547
1762150999.3532882,4.4109093398893995,0.27916842811568243,-3.1331249395531906e-12,0.0,10.02303251145615,-0.24711486847696246,0.24711486847696246
1762150999.617519,4.420276629593033,0.28568250079659196,-4.158535223033978e-11,0.0,10.033427723585993,-0.24779769356912607,0.24779769356912607
1762150999.8105428,4.4206775357860035,0.2816826300600088,-2.0910431397154468e-10,0.0,10.031452302314408,-0.251183660068519,0.251183660068519
1762151000.0052385,4.423469798954957,0.2848206847923354,-3.106094289407753e-12,0.0,10.035224339100955,-0.2504559051950519,0.2504559051950519
1762151000.3163693,4.420939740832867,0.2849807993816541,-1.8936771529526253e-16,0.0,10.033505131455522,-0.24875944791788207,0.24875944791788207
1762151000.6329708,4.4005310773909265,0.27089209477091764,-7.941787018356481e-11,0.0,10.010901626666007,-0.24724830041390825,0.24724830041390825
1762151000.9000063,4.395578871671971,0.2737361823862277,-1.4066038019044259e-12,0.0,10.008916240173956,-0.24196424106793096,0.24196424106793096
1762151001.195931,4.400744872788077,0.2684022210173551,-9.601357013651113e-13,0.0,10.00965824235743,-0.24934556484240172,0.24934556484240172
1762151001.49359,4.395770133530321,0.2696736818654336,-1.02244751678513e-11,0.0,10.00677167413792,-0.24529161565098917,0.24529161565098917
1762151001.7271743,4.390307942731107,0.2700958520368373,-6.776376383309282e-13,0.0,10.003043633198493,-0.2416149049136107,0.2416149049136107
1762151001.9544,4.380534071567413,0.2662364293611455,-7.513694517480054e-13,0.0,9.993749220263002,-0.23870968295567088,0.23870968295567088
1762151002.330692,4.392660577598091,0.2664645160723637,-5.826978717406756e-13,0.0,10.002714541616248,-0.24592686031336441,0.24592686031336441
1762151002.5019696,4.392553528886617,0.2653730178365881,-6.738094171672712e-12,0.0,10.002024621437618,-0.24672527683918694,0.24672527683918694
1762151002.764724,4.388909807532115,0.27004845067536903,-6.4359124521573064e-12,0.0,10.002000015178039,-0.2407977422850166,0.2407977422850166
1762151003.0415688,4.39697629200798,0.27137392226726975,-2.9272055425532484e-13,0.0,10.008600613034979,-0.2446871848426041,0.2446871848426041
1762151003.2696075,4.395720574245151,0.27065445996641907,-8.471742317950792e-13,0.0,10.007286637821863,-0.24448606803362996,0.24448606803362996
1762151003.5527356,4.393312032305622,0.27258303795546734,-3.4350590130313508e-12,0.0,10.006623747777851,-0.24148626413684887,0.24148626413684887
1762151003.8402774,4.390418016812473,0.2665147674859289,-6.169748574808655e-12,0.0,10.00111314734206,-0.24451660971709177,0.24451660971709177
1762151004.03712,4.40305032381716,0.2753460934755351,-1.3733336858276402e-13,0.0,10.015224577053946,-0.24528202409664296,0.24528202409664296
1762151004.3685594,4.388874374181088,0.2709472955938064,-2.5129862389958633e-12,0.0,10.002479322499424,-0.24006468097682537,0.24006468097682537
1762151004.6735651,4.395651712825414,0.26832419141177877,-1.7129208214526521e-12,0.0,10.005928197225751,-0.24628591131791933,0.24628591131791933
1762151004.8213332,4.394245237580235,0.27141815841412775,-1.591053470438292e-12,0.0,10.006646030188216,-0.24297865543234248,0.24297865543234248
1762151005.2487962,4.395486058871085,0.2691867667977659,-1.1262284762772823e-13,0.0,10.00629235165401,-0.24550253096630878,0.24550253096630878
1762151005.5494452,4.410596046586813,0.26579298987866445,-9.95828172952314e-13,0.0,10.015293821196696,-0.25745553164301077,0.25745553164301077
1762151005.7304,4.400791526040725,0.27243694280537334,-3.947636059120533e-12,0.0,10.011957830402466,-0.24618874654161377,0.24618874654161377
1762151005.8551357,4.389557778093719,0.2728767392963421,-4.837859842356038e-14,0.0,10.004061293160516,-0.2389559542823239,0.2389559542823239
1762151006.185921,4.396123326384123,0.27014660950033326,-6.569078099388147e-13,0.0,10.007293233517313,-0.24513419635503425,0.24513419635503425
1762151006.3759494,4.399379396206447,0.270522768122346,-3.611055284149877e-14,0.0,10.009861581406827,-0.2468332393096389,0.2468332393096389
1762151006.6439128,4.398599097829905,0.2690092025871376,-1.8927359919027706e-12,0.0,10.008447252689804,-0.24755027678823044,0.24755027678823044
1762151006.7993636,4.394874827838678,0.27423483014510047,-2.721828359838302e-14,0.0,10.00868638933439,-0.24113864415450592,0.24113864415450592
1762151006.9748068,4.4006964708141005,0.26773714563332335,-2.6598114699794186e-14,0.0,10.009250097191545,-0.24984116978962517,0.24984116978962517
1762151007.1753335,4.39273997057195,0.26634439493653816,-4.3469926534411527e-13,0.0,10.00270481122347,-0.24607045628595842,0.24607045628595842
1762151007.381389,4.397368886268583,0.26501096617352177,-1.8509461979127148e-14,0.0,10.00531393446097,-0.24995693909235167,0.24995693909235167
1762151007.6032636,4.3952194621216725,0.2680449083733873,-1.997383439372907e-14,0.0,10.005458084231242,-0.24624210146767742,0.24624210146767742
1762151007.8209455,4.388351344979351,0.273323729861648,-1.4236571349272334e-14,0.0,10.003434934571139,-0.23786440837256007,0.23786440837256007
1762151008.0565004,4.388206049159455,0.26887689554053057,-2.0326147166438358e-13,0.0,10.000829695763334,-0.2412952242466625,0.2412952242466625
1762151008.2896388,4.391690367569926,0.27077153192732345,-1.7056345524567115e-13,0.0,10.004428001699662,-0.24192591781344575,0.24192591781344575
1762151008.4778612,4.385036669900527,0.27140237163048586,-1.5198679178225837e-13,0.0,9.999939415240052,-0.23735988375032926,0.23735988375032926
1762151008.803991,4.392923595195128,0.2710528341060387,-7.36283729074709e-15,0.0,10.005481664227165,-0.2424581946261966,0.2424581946261966
1762151009.0225856,4.387900119916369,0.26947116141033445,-7.718900154599635e-19,0.0,10.000940740486412,-0.24063783524474763,0.24063783524474763
1762151009.3694324,4.385414040038803,0.26771646342542776,-6.144892807684984e-19,0.0,9.99814376695991,-0.24051008643345365,0.24051008643345365
1762151009.5835238,4.389511082442779,0.27180720664424507,-4.155945185317511e-15,0.0,10.003425916163913,-0.2397735276147206,0.2397735276147206
1762151009.9119458,4.390290699570581,0.268781581090296,-8.2280031415305e-15,0.0,10.002292907766154,-0.24264443575331068,0.24264443575331068
1762151010.1106336,4.397407602514613,0.26918132632007513,-3.746064786607675e-15,0.0,10.007681442118702,-0.24668397906515616,0.24668397906515616
1762151010.4052072,4.39700555076335,0.2650609801372626,-3.756620873011311e-15,0.0,10.005078807447282,-0.2496949983118199,0.2496949983118199
1762151010.7844944,4.40308019742539,0.27720369633026243,-1.7393669906841685e-15,0.0,10.016291616938293,-0.24383595795642393,0.24383595795642393
1762151010.9611557,4.397804701605081,0.26975880619740067,-1.809672856487999e-15,0.0,10.008293179437194,-0.24647105992569268,0.24647105992569268
1762151011.2188063,4.385666902789296,0.2703777216988057,-1.916539256639479e-19,0.0,9.99982300116649,-0.23855617531568052,0.23855617531568052
1762151011.4123888,4.3935834324019005,0.2655931468490092,-1.5322609725407297e-15,0.0,10.00289581124435,-0.24718062203070348,0.24718062203070348
1762151011.594421,4.398280543432771,0.2642253252018912,-1.4999795403617762e-15,0.0,10.00553370389625,-0.2511362476617214,0.2511362476617214
1762151011.7477667,4.407591363153014,0.26988379106100485,-2.0232905636119063e-14,0.0,10.015427249023732,-0.25238196302636395,0.25238196302636395
1762151012.111248,4.403857126170687,0.2662609258249671,-1.5316469658804793e-14,0.0,10.010704381427892,-0.25294597642303346,0.25294597642303346
1762151012.2922046,4.403062059397689,0.27133540097788084,-7.631068185472413e-16,0.0,10.012978364586038,-0.24845263879123453,0.24845263879123453
1762151012.5183105,4.400110810671179,0.27330452153692575,-6.596560090560048e-16,0.0,10.011953594955603,-0.24508600171996928,0.24508600171996928
1762151012.7327466,4.397939749071491,0.2669487660504621,-7.336190054835036e-20,0.0,10.006813860258866,-0.24877447376506295,0.24877447376506295
1762151013.0244336,4.393916455166009,0.2690055123938547,-9.740939368162195e-15,0.0,10.005052238192373,-0.24468490638404922,0.24468490638404922
1762151013.2964668,4.391235472873272,0.26465736388978006,-9.589315187751198e-16,0.0,10.000665723382228,-0.24648656183826798,0.24648656183826798
1762151013.4387088,4.388514323347316,0.2764949543015213,-3.7997375723401317e-16,0.0,10.0053386168523,-0.23545574935907218,0.23545574935907218
1762151013.5648155,4.395630215263649,0.26496701750053164,-2.1789474306800998e-14,0.0,10.004029475155562,-0.2489277626944762,0.2489277626944762
1762151014.0603175,4.393254194236556,0.26987726576029347,-3.145094837396201e-20,0.0,10.005061190867709,-0.2435901702455496,0.2435901702455496
1762151014.3422818,4.398430967613767,0.27067388816932997,-2.679524759630949e-16,0.0,10.009260370706436,-0.2461321500738739,0.2461321500738739
1762151014.550005,4.3988727863586465,0.27031499131394043,-1.8115235988077523e-16,0.0,10.009378449938339,-0.24668659145949332,0.24668659145949332
1762151014.864149,4.386318589847563,0.27302657940172015,-1.3083093496829817e-16,0.0,10.001787366627369,-0.23685689700342277,0.23685689700342277
1762151015.1180751,4.38692992407753,0.26645336686727084,-2.2783986014391923e-15,0.0,9.998539780538549,-0.2424357029068337,0.2424357029068337
1762151015.3848896,4.401687516272791,0.26808558908445757,-1.9580978222771866e-15,0.0,10.0101616120778,-0.250173898811318,0.250173898811318
1762151015.6049697,4.383011210043159,0.266834357792296,-2.459683645729364e-15,0.0,9.99589511346877,-0.23974423999726013,0.23974423999726013
1762151015.7352867,4.3924105097981645,0.26815714026906845,-8.640793504561036e-17,0.0,10.003482767350134,-0.24443462753301365,0.24443462753301365
1762151015.931547,4.394827981841953,0.26751152501700376,-8.96048519201193e-17,0.0,10.004874877544019,-0.246424289681063,0.246424289681063
1762151016.1901917,4.401029290011992,0.269800546471625,-8.225222786643861e-21,0.0,10.010648646545947,-0.248415863842691,0.248415863842691
1762151016.2195203,4.399018521571935,0.26980589579015224,-7.1462513111897e-17,0.0,10.00919798283706,-0.24717808345748946,0.24717808345748946
1762151016.5594382,4.391316741145927,0.2727135048302501,-5.882880974123411e-17,0.0,10.005248195700755,-0.24016140439410671,0.24016140439410671
1762151016.8467824,4.391377254574636,0.27382204415194433,-4.394999673555836e-17,0.0,10.005915679232327,-0.23932191799707642,0.23932191799707642
1762151017.1454818,4.4026178599819294,0.26618946297163615,-4.51395438151416e-17,0.0,10.009769983687253,-0.2522420323435938,0.2522420323435938
1762151017.6028152,4.421083537184938,0.2672076943022665,-3.1938971155261246e-17,0.0,10.023597625645566,-0.2628054246709916,0.2628054246709916
1762151017.801695,4.42683884444909,0.2703792920025973,-4.162324122768398e-16,0.0,10.029483359419862,-0.26387305747402867,0.26387305747402867
1762151018.000449,4.420938512672032,0.2697801986076052,-4.669736007931357e-16,0.0,10.024936715220399,-0.2606930209714838,0.2606930209714838
1762151018.339495,4.427459732337857,0.2747677832121597,-1.5976232991098346e-17,0.0,10.032395151578967,-0.2608142448528486,0.2608142448528486
1762151018.5413704,4.427943431147235,0.2706094012643894,-1.4936693477158043e-16,0.0,10.030399832093964,-0.264376793399632,0.264376793399632
1762151018.7738414,4.421858256732556,0.2752842024774729,-1.6092903664722066e-21,0.0,10.028687773078921,-0.2569374667525986,0.2569374667525986
1762151019.017248,4.422169800703056,0.27278934819885264,-1.9326706881696536e-16,0.0,10.027506600661146,-0.259089751727239,0.259089751727239
1762151019.2594771,4.4328802567435375,0.26432986372050843,-2.2514634099569654e-17,0.0,10.030387632164349,-0.27236456876982473,0.27236456876982473
1762151019.4752734,4.449497843903027,0.26291882050262566,-1.0335333861034873e-21,0.0,10.041365004348997,-0.283795821128765,0.283795821128765
1762151019.740965,4.4303225315008135,0.27019258944982194,-1.4784638824456554e-16,0.0,10.031859750395787,-0.2661787126631065,0.2661787126631065
1762151019.8986053,4.425109975278866,0.2626882531873111,-6.586460313175613e-18,0.0,10.023939454191684,-0.2688466919610307,0.2688466919610307
1762151020.1780477,4.437642735081982,0.2609431662974114,-6.636082654881756e-22,0.0,10.031870527703724,-0.2779743544042302,0.2779743544042302
1762151020.3811336,4.431574334283724,0.27194192720383475,-8.393012223015275e-17,0.0,10.033734649545915,-0.2655834391178306,0.2655834391178306
1762151020.6785653,4.454725779012489,0.26819589627677626,-7.291098961786126e-17,0.0,10.048021735584262,-0.28293479973832886,0.28293479973832886
1762151020.9254975,4.469513945728588,0.2689339509219843,-3.182436636972371e-18,0.0,10.058834158812786,-0.2916269150617237,0.2916269150617237
1762151021.3122673,4.45866471421478,0.26880392993320207,-2.676153786274571e-18,0.0,10.051139329699808,-0.28492426062921383,0.28492426062921383
1762151021.4943697,4.470666809327159,0.2675308625208902,-4.115374295206147e-17,0.0,10.058849541382848,-0.29344282121810694,0.29344282121810694
1762151021.7149212,4.457807164750392,0.26981963355672556,-3.2449941538707573e-18,0.0,10.05110866543679,-0.28359536654902695,0.28359536654902695
1762151021.8606048,4.464210282226625,0.2707891281058247,-1.0952232361804072e-16,0.0,10.056160351203811,-0.2868529281789733,0.2868529281789733
1762151022.1303868,4.451981890990566,0.27130343643731863,-1.9207583411581444e-22,0.0,10.04783873822923,-0.27879404257138984,0.27879404257138984
1762151022.391773,4.448861804209249,0.28070837241715396,-8.110516607328065e-17,0.0,10.050954222120877,-0.26950429152389205,0.26950429152389205
1762151022.5682704,4.435406260827618,0.27893530916179265,-1.4539065152392353e-22,0.0,10.040405592560097,-0.2624884634516562,0.2624884634516562
1762151022.9022264,4.433426828874611,0.2774561626910186,-1.1143235476511414e-18,0.0,10.038161719102847,-0.26241416973907383,0.26241416973907383
1762151023.104642,4.438365903036774,0.2772725619351408,-1.4796765143169128e-17,0.0,10.041568989852772,-0.26563283233038293,0.26563283233038293
1762151023.3885095,4.435799126970026,0.27781855884364803,-8.475316304880928e-19,0.0,10.040053711544054,-0.26360691744283027,0.26360691744283027
1762151023.6041198,4.4422721206701175,0.2821786917107561,-1.0959091645504253e-17,0.0,10.04711892747572,-0.26423606003456757,0.26423606003456757
1762151023.7919145,4.4244538680607555,0.27620409191851364,-5.615960830388818e-19,0.0,10.031059905694129,-0.25782347662188043,0.25782347662188043
1762151024.0255036,4.4397189801142956,0.27227360170981924,-5.845937957670106e-23,0.0,10.03970804729739,-0.2703865762207676,0.2703865762207676
1762151024.310809,4.447965414085286,0.2723034324209426,-6.843089400594165e-18,0.0,10.045565343355948,-0.27550425456760846,0.27550425456760846
1762151024.5565891,4.4442765466390375,0.27813326968291424,-5.216273085736507e-19,0.0,10.046248680640861,-0.2686472211459977,0.2686472211459977
1762151024.7685986,4.439965861916124,0.2797349231242468,-2.7560116092500857e-19,0.0,10.044097691481408,-0.2647052105985106,0.2647052105985106
1762151025.0021174,4.442422417005984,0.27884997264213757,-4.9558432399294775e-18,0.0,10.045339887830233,-0.26692971326999226,0.26692971326999226
1762151025.395022,4.440312332676054,0.27829194984730593,-3.864666599661301e-18,0.0,10.04352716656863,-0.26604916165654857,0.26604916165654857
1762151025.6363647,4.4349560451638235,0.2806519474512475,-1.8871600164758306e-19,0.0,10.041056374879442,-0.2608650459669071,0.2608650459669071
1762151025.9039927,4.438426684535714,0.27745259119393706,-2.577359766477107e-18,0.0,10.04171389776048,-0.26552990113301544,0.26552990113301544
1762151026.1675794,4.430594856244754,0.2768738392019644,-1.492261069022625e-23,0.0,10.035816837634146,-0.2611096059746034,0.2611096059746034
1762151026.3561614,4.434285769049971,0.2753513541415014,-1.10271366862339e-19,0.0,10.037584656199925,-0.2645965491568352,0.2645965491568352
1762151026.669916,4.446452088403815,0.2761833354757127,-5.236463080017903e-18,0.0,10.046686456146796,-0.2715288424237816,0.2715288424237816
1762151026.8319364,4.440050126183764,0.2803060129043596,-9.831618268914812e-24,0.0,10.04448082359205,-0.2643114859931098,0.2643114859931098
1762151027.2099185,4.440255433033529,0.27032113586432255,-6.326614858943853e-20,0.0,10.038988561257515,-0.2722486324335095,0.2722486324335095
1762151027.4068158,4.459503689009677,0.2692399238555189,-5.93723682267636e-20,0.0,10.051975838747067,-0.28510958825510146,0.28510958825510146
1762151027.5129545,4.450674094142766,0.2718213486203588,-4.2513390982126967e-20,0.0,10.047207559968278,-0.2775724679606037,0.2775724679606037
1762151027.791886,4.450894436798388,0.27472661368791257,-7.838765102659741e-19,0.0,10.049004387422272,-0.2754424414823724,0.2754424414823724
1762151028.0023947,4.445088029957104,0.2707647430171343,-6.685238915400333e-19,0.0,10.042661945349396,-0.2749116812368517,0.2749116812368517
1762151028.1875234,4.4601227252725275,0.2616749142889948,-3.5769208280789257e-20,0.0,10.048150685781525,-0.2913983420053244,0.2913983420053244
1762151028.4369986,4.46089740221388,0.2717310900711975,-3.1920993664179396e-20,0.0,10.054363527898934,-0.28404139012965035,0.28404139012965035
1762151028.768732,4.453487764998796,0.26852843647852853,-2.3276865458782733e-20,0.0,10.047336211953391,-0.281901508762952,0.281901508762952
1762151028.9402256,4.4409631797350695,0.2636608588432457,-2.6045524711805708e-24,0.0,10.035746657671622,-0.2779047724563549,0.2779047724563549
1762151029.1992164,4.45353279974868,0.2638135074391999,-1.635374523989495e-20,0.0,10.044713962893718,-0.28561232342118476,0.28561232342118476
1762151029.4814475,4.454481815305161,0.2745110339450368,-7.021479091218959e-19,0.0,10.051415259744157,-0.2778552442524137,0.2778552442524137
1762151029.657629,4.445265031954095,0.2749537282057827,-2.404921878276564e-19,0.0,10.045151076937502,-0.27174806854370265,0.27174806854370265
1762151029.9604812,4.459783218948126,0.2685930656868604,-1.964729520394699e-19,0.0,10.051807543496823,-0.2857889591347657,0.2857889591347657
1762151030.2591956,4.452171299963745,0.2677194884998352,-1.1160470084110717e-24,0.0,10.04595171326698,-0.2817109301393045,0.2817109301393045
1762151030.451401,4.446591624125429,0.2695850387250122,-1.4617317512323908e-19,0.0,10.043060993497946,-0.27677148618458336,0.27677148618458336
1762151030.6862235,4.451594834717405,0.26751676538809427,-9.121369143364916e-21,0.0,10.045430747641438,-0.28150937574777196,0.28150937574777196
1762151030.9510777,4.452714311551712,0.26662030981804785,-7.258873898877559e-21,0.0,10.045715827374426,-0.28290856518816115,0.28290856518816115
1762151031.207718,4.454360051712055,0.2721937056575806,-4.724939272899399e-21,0.0,10.050019561234548,-0.27958641121655653,0.27958641121655653
1762151031.4055736,4.455735512698352,0.2780435346052585,-8.507686609461406e-20,0.0,10.054299834285457,-0.27588737461800816,0.27588737461800816
1762151031.723993,4.451683493750057,0.27360139743349127,-4.7103296410927905e-21,0.0,10.048925759855647,-0.27681393669180265,0.27681393669180265
1762151032.004881,4.451660865401468,0.26803342232883115,-6.4294233903629704e-21,0.0,10.045768349580616,-0.281147001317054,0.281147001317054
1762151032.267399,4.444924883173223,0.2647292998874494,-1.1884532931231772e-20,0.0,10.039150536384655,-0.2795316110280784,0.2795316110280784
1762151032.4247856,4.4530823474232335,0.26817227565926677,-4.082451734475649e-20,0.0,10.04684953603994,-0.28192631299955506,0.28192631299955506
1762151032.7136662,4.450071207122047,0.2652641904886266,-4.493267476608667e-20,0.0,10.043087695107584,-0.28231914790453905,0.28231914790453905
1762151032.9446998,4.436710090444394,0.2686764293837391,-1.7571114185887718e-21,0.0,10.035547824871825,-0.2713322633959748,0.2713322633959748
1762151033.1545568,4.450106620489686,0.27167535786649366,-1.8276461279657682e-25,0.0,10.046724295659056,-0.2773319473455897,0.2773319473455897
1762151033.4216053,4.451274140336461,0.27503302245563194,-1.1921815354239671e-21,0.0,10.049445892521536,-0.2754408211432595,0.2754408211432595
1762151033.6912398,4.459007233253502,0.26880237920972333,-1.282782251808595e-25,0.0,10.051379549274753,-0.28513989288389263,0.28513989288389263
1762151033.8731759,4.451886448402301,0.27263483263403265,-1.7433949041919997e-20,0.0,10.048523034845948,-0.2776951608216196,0.2776951608216196
1762151034.1975844,4.446020378356452,0.2675496546611808,-7.467592813506843e-22,0.0,10.041510974781108,-0.2780070326201515,0.2780070326201515
1762151034.4175816,4.450645626010876,0.263477722539673,-1.1749209854434126e-20,0.0,10.042489007761553,-0.2840740299236548,0.2840740299236548
1762151034.662249,4.450890626993642,0.2677988942269965,-6.020051122666189e-22,0.0,10.045092576943096,-0.2808493858545217,0.2808493858545217
1762151034.8414667,4.455524428292212,0.2695358641331836,-6.978725200802817e-22,0.0,10.0493402644836,-0.2823883984711072,0.2823883984711072
1762151035.202122,4.460486446767956,0.2706079130773876,-3.231666146837803e-20,0.0,10.05343974001778,-0.28465894679123116,0.28465894679123116
1762151035.395538,4.459816255082609,0.26483480940082493,-6.028158248692433e-22,0.0,10.049712696111982,-0.2887408108767747,0.2887408108767747
1762151035.6516516,4.4521703272567255,0.26953900384901225,-3.7552622706027456e-26,0.0,10.04697641779706,-0.28028934601164396,0.28028934601164396
1762151035.815857,4.454611406580464,0.27083608625930583,-4.1410413653557264e-22,0.0,10.049430259535585,-0.28080283290161306,0.28080283290161306
1762151036.1604214,4.453166322187156,0.27017875147788495,-6.496545912559352e-21,0.0,10.048040032041142,-0.28041227476316405,0.28041227476316405
1762151036.4202967,4.4561693618630045,0.27341742244120804,-3.219407915237364e-21,0.0,10.051986988597838,-0.2797645945963928,0.2797645945963928
1762151036.6347106,4.464965915616771,0.2769905222230911,-1.9966279032761532e-26,0.0,10.060202675458044,-0.28250197777429553,0.28250197777429553
1762151036.8722367,4.450681707871345,0.2679057788009659,-3.476096396870957e-21,0.0,10.045005281110372,-0.2806354797386498,0.2806354797386498
1762151037.1590965,4.44394165759945,0.27413168325514253,-2.030214797177626e-21,0.0,10.043749558906427,-0.271564709050948,0.271564709050948
1762151037.5314586,4.452675537323218,0.2744822047846008,-1.6003978462246381e-21,0.0,10.0501241350682,-0.2767472296315194,0.2767472296315194
1762151037.838792,4.448605911180629,0.27081622461745264,-8.104871632276616e-23,0.0,10.045179149163669,-0.27706592980059414,0.27706592980059414
1762151038.0282857,4.451436780468851,0.26756141655402926,-8.241853994754931e-27,0.0,10.045344345609196,-0.28137582769293945,0.28137582769293945
1762151038.3273993,4.440063595671491,0.26965236322719177,-1.9714153320501639e-22,0.0,10.038476043924764,-0.2726527977353427,0.2726527977353427
1762151038.4964519,4.448764380170939,0.2709420248680386,-1.32695293691492e-22,0.0,10.045362102541866,-0.27706656709617417,0.27706656709617417
1762151038.7547224,4.459124191064694,0.26573995957261254,-5.396852280546561e-23,0.0,10.049735578145848,-0.28760170669409474,0.28760170669409474
1762151038.9290504,4.45031985752837,0.2712722543127729,-3.8915475708309415e-23,0.0,10.046647470111797,-0.2777799321210286,0.2777799321210286
1762151039.238486,4.439677090692463,0.26868825989934164,-3.957267311107095e-23,0.0,10.037659505245882,-0.2731672590806985,0.2731672590806985
1762151039.485095,4.441938655674156,0.2670010764599526,-4.915224445259175e-22,0.0,10.038313481196269,-0.27589505690055904,0.27589505690055904
1762151039.685165,4.4503115828655035,0.2743489648512813,-2.8116242274883827e-23,0.0,10.04837907510358,-0.27537274047089866,0.27537274047089866
1762151039.9277713,4.457135344776163,0.2696626924283307,-2.4778749132537467e-27,0.0,10.050546914610837,-0.2832972825774432,0.2832972825774432
1762151040.1916718,4.444905501929392,0.27262971079999676,-1.6279178615839918e-23,0.0,10.043584420373179,-0.27333988854956187,0.27333988854956187
1762151040.425694,4.454063177388118,0.27456065528503065,-2.568991655505936e-22,0.0,10.05114793887859,-0.2775544712400533,0.2775544712400533
1762151040.5849175,4.452197494499045,0.2736199417268131,-1.157008709613345e-23,0.0,10.049299197922615,-0.2771209088423849,0.2771209088423849
1762151040.814062,4.45837059794189,0.26543013835051965,-1.2061344198116595e-23,0.0,10.049030841361832,-0.2873721109355499,0.2873721109355499
1762151041.2940454,4.459192346057076,0.26990881460550126,-1.047462660875443e-27,0.0,10.052134259955997,-0.28439312909570524,0.28439312909570524
1762151041.5329263,4.451264385996547,0.271200277060954,-1.2776638366407075e-22,0.0,10.047273938631168,-0.27842620651401373,0.27842620651401373
1762151041.7934825,4.450482726200915,0.27228337278259235,-5.361463074976375e-24,0.0,10.047333190307297,-0.27709216327021036,0.27709216327021036
1762151042.025922,4.445538740609007,0.27394246359824737,-9.196960811880941e-23,0.0,10.044773683248895,-0.2727090232212859,0.2727090232212859
1762151042.3515701,4.447334731693437,0.2685213784690546,-4.553990318594935e-24,0.0,10.042987352490629,-0.27806640420155304,0.27806640420155304
1762151042.4894946,4.443254933920471,0.26155343666957004,-3.695164836896267e-24,0.0,10.036187095398164,-0.280980018234522,0.280980018234522
1762151042.7625906,4.458391922358929,0.26734679443545706,-4.354377709194084e-24,0.0,10.050125625426007,-0.285890046940567,0.285890046940567
1762151043.0403645,4.469612182054984,0.27465589080526565,-5.038686405629362e-23,0.0,10.062141391912087,-0.2872393852381434,0.2872393852381434
1762151043.3017566,4.453046217820094,0.26641751975190936,-4.012116586825657e-24,0.0,10.045835760681717,-0.2832742022495147,0.2832742022495147
1762151043.5335193,4.452813873143081,0.26762405763063857,-1.8822029358039216e-24,0.0,10.046351295820086,-0.28218674031241114,0.28218674031241114
1762151043.7154026,4.454528615084125,0.27030897417283895,-1.817393797278906e-24,0.0,10.04907439568786,-0.28116235518773386,0.28116235518773386
1762151043.9746785,4.440048250158243,0.2695475869079668,-1.9250209668142902e-28,0.0,10.038406191709175,-0.2727252797104388,0.2727252797104388
1762151044.2507336,4.450500853737083,0.2649782465462257,-1.3049884791338325e-24,0.0,10.04323019122352,-0.28281060583065787,0.28281060583065787
1762151044.4731557,4.433562340919723,0.2660007630535507,-1.182095120408283e-24,0.0,10.03180938436241,-0.2714762988339959,0.2714762988339959
1762151044.643924,4.4560384850539805,0.26859273179851584,-2.0109690840862915e-23,0.0,10.049170621214508,-0.28344581594999085,0.28344581594999085
1762151044.8592708,4.451255168265933,0.2675591558571331,-2.0536723868742922e-23,0.0,10.04521489012267,-0.2812642282073696,0.2812642282073696
1762151045.0499618,4.439687284649189,0.2750373640264553,-1.148345378154675e-24,0.0,10.041244551199135,-0.26820445075286137,0.26820445075286137
1762151045.329865,4.4568002031638985,0.2699673876242747,-1.3263640758632547e-23,0.0,10.050482762270827,-0.28284989422140905,0.28284989422140905
1762151045.5750418,4.453185997694377,0.268224794691281,-9.848118784883941e-24,0.0,10.046952242404393,-0.28195005409609436,0.28195005409609436
1762151045.7837608,4.45199752911825,0.26612496478851727,-5.393442508866262e-25,0.0,10.044931377144488,-0.282848110350806,0.282848110350806
1762151045.9547563,4.451770176863801,0.2698377134850941,-4.857179071357811e-25,0.0,10.046862419720638,-0.2798061181068523,0.2798061181068523
1762151046.3071198,4.451986091938029,0.26677752964119705,-5.717443860426517e-25,0.0,10.04529060678219,-0.28233112870505883,0.28233112870505883
1762151046.6114566,4.45360560205608,0.27107557663152837,-2.7251977539012863e-24,0.0,10.048856006248142,-0.2799869415492352,0.2799869415492352
1762151046.805865,4.449531803266878,0.2649468827651617,-2.7219672999558195e-25,0.0,10.042528462315788,-0.28223093082614803,0.28223093082614803
1762151047.0812871,4.447071456363978,0.27097570375460006,-3.867894060377145e-24,0.0,10.04418416853337,-0.2759837547555267,0.2759837547555267
1762151047.415289,4.449357526811382,0.2621617188399619,-2.6371719702070613e-25,0.0,10.040840906508095,-0.28430065839449675,0.28430065839449675
1762151047.7292933,4.455297133087504,0.27052424950521303,-3.954610835745294e-24,0.0,10.049737747303306,-0.28147506395340055,0.28147506395340055
1762151047.9876812,4.447502035081577,0.26513604414373604,-1.2700098141360347e-25,0.0,10.041201054289067,-0.2808180692396315,0.2808180692396315
1762151048.3193877,4.441812433299983,0.2708611033750421,-1.221017500802607e-29,0.0,10.04039639035105,-0.27279533457606403,0.27279533457606403
1762151048.5793788,4.452808268849362,0.2710364047896275,-7.368542270186995e-26,0.0,10.04827130754813,-0.2795190141429023,0.2795190141429023
1762151048.8145232,4.457003032793839,0.27151492604997085,-7.459281271196878e-26,0.0,10.051499415777347,-0.2817699694089266,0.2817699694089266
1762151049.1543367,4.455838998444297,0.2703340172908026,-3.3065455033816363e-24,0.0,10.050012341562361,-0.2819624643852504,0.2819624643852504
1762151049.50964,4.448725755858376,0.2653975473439848,-5.90633936573986e-26,0.0,10.042212599836905,-0.2813760920312395,0.2813760920312395
1762151049.6740568,4.441022629227938,0.26943180373679676,-3.385297616831093e-26,0.0,10.039031769294601,-0.2734222103415985,0.2734222103415985
1762151049.9327257,4.449602054601901,0.2639458746812714,-5.0487760350594316e-26,0.0,10.042015471704248,-0.2830574828886996,0.2830574828886996
1762151050.214078,4.450444139990576,0.26524867441194444,-3.588434675492992e-26,0.0,10.043342224548887,-0.28256383642384947,0.28256383642384947
1762151050.3884678,4.447886191841492,0.26600966353329686,-2.3040749885806172e-26,0.0,10.041963672813306,-0.2803741436712743,0.2803741436712743
1762151050.5772932,4.452848182515847,0.266646987661896,-4.282713019462669e-25,0.0,10.045825270617835,-0.28297131076602544,0.28297131076602544
1762151050.7871134,4.448196275304847,0.26887879613793547,-2.576205135149359e-30,0.0,10.043797650203924,-0.2783243098419764,0.2783243098419764
1762151050.9523597,4.457320074690217,0.26795522474982786,-2.834285889643992e-25,0.0,10.049713967151343,-0.28474482695394987,0.28474482695394987
1762151051.1529424,4.443996001076664,0.2656817844577563,-1.969428500138052e-26,0.0,10.039028511616829,-0.27820797510385276,0.27820797510385276
1762151051.3773353,4.439346485565172,0.26590286123255674,-1.8572735398961934e-26,0.0,10.035859547545545,-0.27514355602438,0.27514355602438
1762151051.6345508,4.439065832609919,0.2635431593436048,-1.5144828935765495e-30,0.0,10.034336284791141,-0.2768185434057879,0.2768185434057879
1762151051.8896084,4.443977442015804,0.27386893533359,-9.775400094995754e-27,0.0,10.043626571729593,-0.2717924014945448,0.2717924014945448
1762151052.130265,4.45321985397839,0.2693122796775768,-7.930258612168014e-27,0.0,10.047589119439664,-0.28112213257557694,0.28112213257557694
1762151052.3675056,4.451487561374279,0.26429696373997696,-9.74494033217291e-27,0.0,10.043543444829238,-0.28395852564613483,0.28395852564613483
1762151052.6481314,4.448482432617502,0.26928021373254263,-7.542430320887795e-27,0.0,10.044226038016287,-0.27818909504675887,0.27818909504675887
1762151052.862752,4.451258335794714,0.26783578042901524,-7.012462659629293e-27,0.0,10.045372916226693,-0.2810500934703814,0.2810500934703814
1762151053.068937,4.454067868672228,0.26567348906781796,-1.6853566236752134e-25,0.0,10.046137321970502,-0.2844933001940434,0.2844933001940434
1762151053.3417642,4.448984835973404,0.2664423780663673,-4.713465022292558e-27,0.0,10.04298323658225,-0.2807206550399614,0.2807206550399614
1762151053.5975742,4.454305138084164,0.2624392709178963,-3.411440775002512e-27,0.0,10.044485971174494,-0.2871681204349084,0.2871681204349084
1762151053.884791,4.456633001492512,0.2620794676248787,-3.4217306171212576e-27,0.0,10.045923218466058,-0.2889022628305082,0.2889022628305082
1762151054.0795693,4.4516483447856885,0.26411980082876996,-4.606652614958787e-26,0.0,10.043557285092975,-0.284197288005092,0.284197288005092
1762151054.3183808,4.443277672497182,0.2659652552510961,-2.3506434578208146e-27,0.0,10.03867941328716,-0.2775390769180318,0.2775390769180318
1762151054.4847236,4.445997671170964,0.2680795949464567,-1.6487521878255788e-27,0.0,10.041793153533938,-0.277578404091265,0.277578404091265
1762151054.7923815,4.446348544096525,0.26908062301362223,-2.9175260933833835e-27,0.0,10.042604934605706,-0.2770143027361725,0.2770143027361725
1762151055.062913,4.452046844864688,0.26976177471727125,-2.40623157883953e-27,0.0,10.047014880638873,-0.28003825459778375,0.28003825459778375
1762151055.4062512,4.4402172035885705,0.27108992511685676,-8.738245773367545e-28,0.0,10.03939443251288,-0.2716230948318149,0.2716230948318149
1762151055.688516,4.453441394415265,0.2689560962997118,-1.1611979015134542e-31,0.0,10.047544574994623,-0.28153864675893103,0.28153864675893103
1762151056.005599,4.44503231464671,0.26986385100588817,-1.460092450300014e-26,0.0,10.042114874960866,-0.27558140057261504,0.27558140057261504
1762151056.3759913,4.454344759680451,0.2660513922455914,-1.0701104679054607e-26,0.0,10.046545204063062,-0.2843710888445621,0.2843710888445621
1762151056.6571407,4.461950395811813,0.2677727001091097,-8.973748175015933e-27,0.0,10.05286890764953,-0.28778586639288006,0.28778586639288006
1762151056.9669871,4.445392444934086,0.2691743372908878,-4.064618834888859e-28,0.0,10.041981348589747,-0.2763450685110195,0.2763450685110195
1762151057.1900966,4.447847437592983,0.2720298131347609,-4.141566099545776e-28,0.0,10.045327514368456,-0.27564435924715935,0.27564435924715935
1762151057.476771,4.451624624683123,0.2657238667215546,-5.44079105871007e-27,0.0,10.044442590508616,-0.28292881867969677,0.28292881867969677
1762151057.6654062,4.455979757436817,0.2611415473639448,-3.082544394508094e-28,0.0,10.044936521085987,-0.2892271846354843,0.2892271846354843
1762151057.8090806,4.454666120673172,0.2671317542518622,-2.2884471909349187e-28,0.0,10.047380081665546,-0.283728256373,0.283728256373
1762151057.829481,4.457553205845804,0.26600055326887856,-3.0003336651014075e-32,0.0,10.048776717469822,-0.28641584939636416,0.28641584939636416
1762151058.136991,4.446834166131244,0.2597572177070882,-2.2403235039618716e-28,0.0,10.037710639955996,-0.2846121147967213,0.2846121147967213
1762151058.3295817,4.4477766400474215,0.26573578198701236,-3.911485068988111e-27,0.0,10.041732252241374,-0.2805200696143755,0.2805200696143755
1762151058.6215036,4.4601921548401116,0.2697812562362277,-1.8088564331320144e-32,0.0,10.052765853200151,-0.28511881897960456,0.28511881897960456
1762151058.9387207,4.452738536035216,0.26904718962286756,-2.135470379942594e-27,0.0,10.047100096081719,-0.28102835498655576,0.28102835498655576
1762151059.1309566,4.450310882710331,0.26874650809366724,-1.0168651349354805e-28,0.0,10.045217039653933,-0.279747168924698,0.279747168924698
1762151059.3860502,4.451329998893861,0.26706955971099233,-1.665107026154364e-27,0.0,10.044992030262794,-0.28169345265722473,0.28169345265722473
1762151059.6111405,4.439165463269925,0.2621461508541268,-8.057066870693846e-29,0.0,10.03362369752484,-0.2779756128937092,0.2779756128937092
1762151059.8702044,4.439017805287727,0.2666221217510188,-1.1718507015246265e-27,0.0,10.036030525769158,-0.2743757760365592,0.2743757760365592
1762151060.160773,4.447332401980022,0.2623647076029543,-9.776581217269106e-28,0.0,10.039524754463585,-0.2828808263503799,0.2828808263503799
1762151060.4425106,4.4557402008716505,0.2668788271018697,-8.160935643092166e-28,0.0,10.047994530144507,-0.2845969485469625,0.2845969485469625
1762151060.7609234,4.454636123139618,0.2738590466152262,-6.587901056758832e-28,0.0,10.051155426752807,-0.27846026575321925,0.27846026575321925
1762151061.017995,4.467068986829817,0.27385177693289847,-3.129671995225978e-29,0.0,10.059901009116109,-0.28626503968386746,0.28626503968386746
1762151061.278446,4.46025614615525,0.27191162825147747,-5.024345700645463e-28,0.0,10.054014346989057,-0.283498731133143,0.283498731133143
1762151061.5337994,4.448439087734691,0.2692654311143865,-2.0815799477725172e-29,0.0,10.04418707579926,-0.27817360513646544,0.27817360513646544
1762151061.7532222,4.457341588058449,0.26715607120941454,-2.003926855421669e-29,0.0,10.049278679646077,-0.2853818099607428,0.2853818099607428
1762151062.0390809,4.45366571198007,0.27138699748436057,-1.6046881662770992e-29,0.0,10.049074206833025,-0.27978150931750584,0.27978150931750584
1762151062.2130752,4.453789774047486,0.2673327380371537,-1.5118427542812674e-29,0.0,10.046875470946055,-0.2830238076477771,0.2830238076477771
1762151062.4072165,4.45837614406026,0.26386820125293564,-6.449241221879382e-28,0.0,10.048155652999396,-0.28859459551496786,0.28859459551496786
1762151062.6186492,4.451652786318629,0.26818569022957844,-1.5443386300814256e-29,0.0,10.045848427147506,-0.28102301704345617,0.28102301704345617
1762151062.7784908,4.459461970302682,0.27353845984138825,-1.1753145448505967e-29,0.0,10.054375221722374,-0.2817333975804937,0.2817333975804937
1762151063.012328,4.454715543335349,0.2659847666386287,-7.1172569761147225e-28,0.0,10.046769032332355,-0.2846547217598555,0.2846547217598555
1762151063.2291584,4.4534804181715275,0.26733013640914355,-9.161628554513543e-30,0.0,10.046655858511926,-0.2828325950879568,0.2828325950879568
1762151063.5256767,4.446742854406542,0.2640190236814798,-4.016727818336076e-28,0.0,10.040036939677131,-0.28121917231969856,0.28121917231969856
1762151063.7572253,4.46050566771657,0.27441380381428304,-1.5159632593157166e-28,0.0,10.055605312006374,-0.2817061256928381,0.2817061256928381
1762151063.923707,4.453708505315967,0.27193668841495827,-6.331166043245177e-34,0.0,10.04941476922827,-0.2793793524723418,0.2793793524723418
1762151064.268719,4.4482256320034885,0.2629382634551869,-7.273565402128046e-29,0.0,10.040477632745988,-0.28298814982391335,0.28298814982391335
1762151064.4803271,4.454315951395209,0.27103838514977996,-1.067984110887658e-29,0.0,10.049336083454108,-0.2804601932357402,0.2804601932357402
1762151064.6436057,4.4516427039999185,0.2737598481655107,-5.758535766136278e-29,0.0,10.048986492962506,-0.27666478070584427,0.27666478070584427
1762151064.8836768,4.447091065307496,0.26656835733350903,-4.890785343632319e-29,0.0,10.041715947972923,-0.27944169473467234,0.27944169473467234
1762151065.16142,4.45575504921141,0.2675635425042678,-3.3099164574164775e-30,0.0,10.048390765870385,-0.2840717769061749,0.2840717769061749
1762151065.3479311,4.455510866191254,0.26766528777454535,-2.265648446410914e-30,0.0,10.048276037851869,-0.2838397151579712,0.2838397151579712
1762151065.5921917,4.445088685124588,0.267728189911949,-1.8017359429469904e-30,0.0,10.040952372544139,-0.27728693737756616,0.27728693737756616
1762151065.7943678,4.451682508060295,0.26351330579501386,-1.9520963202103383e-34,0.0,10.043240532061448,-0.2846926934849262,0.2846926934849262
1762151065.995991,4.454362968909778,0.2652987375810139,-1.719705900456945e-34,0.0,10.046134438097337,-0.2849702806012335,0.2849702806012335
1762151066.235159,4.449421433698942,0.2667105779447732,-2.1347610741163534e-29,0.0,10.04344251080434,-0.2807832500082844,0.2807832500082844
1762151066.3843226,4.461534998058748,0.26556608947755556,-1.900544745087554e-29,0.0,10.051332985186782,-0.28924600365631276,0.28924600365631276
1762151066.6985772,4.451990118189778,0.26913886398763803,-9.598945325321396e-31,0.0,10.046623649308417,-0.2804892360502538,0.2804892360502538
1762151067.0028846,4.4513528539839236,0.26779739715157796,-8.887038237759958e-31,0.0,10.045418012064388,-0.28113908262021226,0.28113908262021226
1762151067.379739,4.454124809012017,0.2709925316551643,-1.0303856529674502e-29,0.0,10.049175385487484,-0.28037642871713814,0.28037642871713814
1762151067.5408514,4.460304396774503,0.2703029529601563,-9.659363956368303e-30,0.0,10.053139407955003,-0.28478253069386633,0.28478253069386633
1762151067.7531426,4.444992497373876,0.274800547299956,-5.435344165903645e-31,0.0,10.044871556883628,-0.2716976513608107,0.2716976513608107
1762151068.0395303,4.460729694572771,0.2707703139518288,-5.493415024188363e-31,0.0,10.053702618940598,-0.2846848418239426,0.2846848418239426
1762151068.3444645,4.449341008746938,0.26941361191505125,-5.47460576253103e-30,0.0,10.044907888622367,-0.27862060949690276,0.27862060949690276
1762151068.5232425,4.450181532546119,0.2673970407220043,-3.451174951603011e-35,0.0,10.04436565815228,-0.280720875269078,0.280720875269078
1762151068.8489647,4.452620329959327,0.2658793510852977,-1.4604997654622554e-29,0.0,10.045232491794742,-0.2834287341169087,0.2834287341169087
1762151069.1572485,4.459046090467352,0.2666427087310678,-3.307377436199864e-30,0.0,10.05018919944315,-0.28684859044742184,0.28684859044742184
1762151069.407009,4.446112915236536,0.24945284698545075,-2.7683467498311465e-30,0.0,10.031444504536926,-0.2922411404815964,0.2922411404815964
1762151069.5842946,4.467434846954302,0.2501674754745352,-1.7380558015339193e-30,0.0,10.046829652206021,-0.30495163523732066,0.30495163523732066
1762151069.7811327,4.468633274017012,0.2508699810517107,-3.069043638059366e-30,0.0,10.048061355203147,-0.30515202354411064,0.30515202354411064
1762151069.9805126,4.471298636275494,0.24370831162134574,-2.117523977687617e-30,0.0,10.04592578612708,-0.3124092818123151,0.3124092818123151
1762151070.2537107,4.44765471055268,0.2430389897702522,-1.1611246150680709e-35,0.0,10.028964817126992,-0.2982306530304274,0.2982306530304274
1762151070.42627,4.4413623467433085,0.23282478475537943,-1.5042841076564925e-30,0.0,10.018873456934747,-0.30237627964478253,0.30237627964478253
1762151070.610127,4.417080736896694,0.23592827974331054,-6.152223525883515e-32,0.0,10.003310575107157,-0.28502136543802997,0.28502136543802997
1762151070.7773995,4.392474355555709,0.2284563848049883,-6.4530641878696e-32,0.0,9.98140289378835,-0.2759805515714288,0.2759805515714288
1762151071.0169098,4.408248766797635,0.23490360242247746,-1.0991347000258453e-31,0.0,9.996395324556463,-0.2804407603437111,0.2804407603437111
1762151071.3577974,4.433134145567942,0.2575294483137857,-8.064435516002689e-31,0.0,10.026763209039032,-0.2778619841197119,0.2778619841197119
1762151071.618439,4.438924880853524,0.25254631099088326,-8.842499120844833e-32,0.0,10.02808799455537,-0.28535976881313146,0.28535976881313146
1762151071.8034256,4.438709672427983,0.26359306099094365,-3.779647276453748e-32,0.0,10.034111808365493,-0.2765582965952689,0.2765582965952689
1762151072.0356038,4.461672424527894,0.26749539952836726,-3.505977353087158e-32,0.0,10.05251708904478,-0.2878278777678611,0.2878278777678611
1762151072.3577619,4.465162544114685,0.2653305911100995,-2.897979653325282e-32,0.0,10.053748292724297,-0.29170187352274696,0.29170187352274696
1762151072.5445077,4.461033933545039,0.25786990070127236,-2.10342081250867e-31,0.0,10.046654512195182,-0.2949384423898876,0.2949384423898876
1762151072.7281744,4.451817962431881,0.24276635640797276,-1.1823661116636176e-30,0.0,10.03174487005615,-0.3010245285905602,0.3010245285905602
1762151073.0544226,4.428196518859897,0.24512976668945233,-2.8179836912319844e-31,0.0,10.016353058436664,-0.28457369316358483,0.28457369316358483
1762151073.3183327,4.444077754270079,0.24942665387292925,-1.4806236165376804e-32,0.0,10.02999322390554,-0.2910003115104482,0.2910003115104482
1762151073.637838,4.41775924288728,0.24777740497428574,-5.450762119617862e-31,0.0,10.01037413661013,-0.27607119135149494,0.27607119135149494
1762151073.8556666,4.451438151918734,0.24836329343299926,-7.163460526477534e-33,0.0,10.034591283900886,-0.2963998714897301,0.2963998714897301
1762151074.1846435,4.438411123137163,0.24359041756934052,-1.4449135791644898e-31,0.0,10.02274529979205,-0.2920818897047026,0.2920818897047026
1762151074.3802667,4.419857874468373,0.23152311712695914,-1.2912499242482794e-31,0.0,10.002861695788326,-0.29020516985952727,0.29020516985952727
1762151074.6322446,4.412790320262322,0.23338055259127494,-7.282858194041202e-37,0.0,9.998820175364228,-0.2844175624360441,0.2844175624360441
1762151074.811583,4.396970837714401,0.23383509002235434,-1.7600448084340929e-31,0.0,9.987648915533674,-0.27442857128448495,0.27442857128448495
1762151074.978414,4.381916593672744,0.21758964371868203,-3.8113515731936095e-33,0.0,9.967761815747114,-0.2782736756329837,0.2782736756329837
1762151075.3395212,4.414893744735247,0.23474213520780213,-2.1364651136156383e-31,0.0,10.00108490195018,-0.2846234723458433,0.2846234723458433
1762151075.5092826,4.413926368140578,0.24010755093347574,-3.545014806349086e-33,0.0,10.003364743381931,-0.2797856464971071,0.2797856464971071
1762151075.7407799,4.404802166051007,0.2444345792944641,-1.894060171626957e-31,0.0,9.999200314896996,-0.27078570895787923,0.27078570895787923
1762151075.920257,4.409017516299215,0.24093065554022716,-3.200802841516261e-33,0.0,10.000292090808955,-0.2761343336229921,0.2761343336229921
1762151076.2974484,4.41519901159695,0.24879006277689827,-3.550732069243881e-32,0.0,10.009103021280243,-0.27370094238852893,0.27370094238852893
1762151076.5086112,4.4189042802847025,0.24707939638521498,-1.2487481416600568e-31,0.0,10.010805538354703,-0.2773249892500552,0.2773249892500552
1762151076.7113817,4.428223855308293,0.25040634965121633,-2.768977866162125e-32,0.0,10.019305601565117,-0.2804333016580566,0.2804333016580566
1762151077.1314883,4.418013500616098,0.24264704909899273,-3.4716208584512167e-32,0.0,10.007705001307079,-0.2802796690296627,0.2802796690296627
1762151077.3797588,4.4166742098770575,0.24965449884647278,-1.084938744631301e-33,0.0,10.01064157371133,-0.27392324769230575,0.27392324769230575
1762151077.5969434,4.418672489741811,0.2495265851714727,-2.3221022783280547e-33,0.0,10.012001151440817,-0.27525094652044224,0.27525094652044224
1762151077.8183463,4.42078241446087,0.2533105342417327,-9.732771638065156e-38,0.0,10.015617316661041,-0.2735629617472418,0.2735629617472418
1762151078.1083443,4.421631306369166,0.242861788608735,-8.032885118788201e-38,0.0,10.010412186008091,-0.2823285445556075,0.2823285445556075
1762151078.3584228,4.412427043685515,0.2421200067343172,-1.4666767926801096e-33,0.0,10.003404983940342,-0.27727646785552534,0.27727646785552534
1762151078.530028,4.427226017553201,0.24987752055212722,-6.7720953624026065e-34,0.0,10.018301275209941,-0.28023501010391205,0.28023501010391205
1762151078.7478883,4.422499804994959,0.24451865652713048,-5.0571842498490855e-34,0.0,10.011952616668236,-0.28155370041539146,0.28155370041539146
1762151079.019022,4.423182973181472,0.24852325463875494,-5.5444594565259695e-34,0.0,10.014666180907541,-0.2788141564279848,0.2788141564279848
1762151079.3577602,4.416895167112892,0.25088878599606546,-3.668646264257338e-38,0.0,10.01148713528409,-0.27308446518286456,0.27308446518286456
1762151079.511594,4.4228020563349935,0.24639149404372473,-4.956416184904348e-33,0.0,10.013209006654884,-0.2802615099577306,0.2802615099577306
1762151079.7449179,4.415512353367503,0.24604372311011333,-2.401548178289278e-34,0.0,10.007799948035407,-0.2760627890385431,0.2760627890385431
1762151079.9433525,4.409043788737756,0.24790226431969603,-2.7048508740301637e-34,0.0,10.004186707278704,-0.27063261118134346,0.27063261118134346
1762151080.1391585,4.408216145511482,0.2499681941098495,-2.7556640938751816e-34,0.0,10.004741271941741,-0.2684921318830683,0.2684921318830683
1762151080.5347314,4.418871458829634,0.24797084216655024,-2.5525709445991954e-33,0.0,10.011277857543094,-0.2766010857577785,0.2766010857577785
1762151080.7567592,4.424065523618546,0.24539362477560522,-1.535246695810381e-34,0.0,10.013556203439318,-0.28182514983315976,0.28182514983315976
1762151081.0069902,4.423453476898976,0.2449432417000741,-8.64604210010675e-35,0.0,10.012869284674052,-0.28180440431713577,0.28180440431713577
1762151081.3199534,4.416231805802237,0.24379391250436294,-8.199244835316461e-35,0.0,10.0070653900689,-0.27828162091180864,0.27828162091180864
1762151081.5047927,4.413122333636932,0.24404259156738403,-7.921683164009032e-35,0.0,10.004972485109079,-0.27618102096635994,0.27618102096635994
1762151081.7253761,4.417399638855618,0.24429378195999668,-6.969030396934343e-35,0.0,10.008179948135464,-0.278602241041261,0.278602241041261
1762151081.9787939,4.406356630278361,0.24811230605958143,-9.842261616034909e-34,0.0,10.00236794085117,-0.2688231759494627,0.2688231759494627
1762151082.2135806,4.425491996333903,0.2438815719657685,-4.980742740286569e-35,0.0,10.01373371901725,-0.28389462249389996,0.28389462249389996
1762151082.4730206,4.42060836676723,0.24494825305950774,-4.3579590800580356e-35,0.0,10.010839797704616,-0.280053410504939,0.280053410504939
1762151082.827394,4.42934307910535,0.2514096631470151,-4.983524786278921e-35,0.0,10.020659866320168,-0.2803333512853102,0.2803333512853102
1762151083.1114695,4.411218921934986,0.24502437710604982,-2.898931446905053e-35,0.0,10.00415047364232,-0.2742398035546717,0.2742398035546717
1762151083.5039902,4.411542530669388,0.2464143854452201,-4.461447637265527e-34,0.0,10.005156082350993,-0.27333844004562424,0.27333844004562424
1762151083.7789447,4.410551916377245,0.24865523872738163,-1.8486397801483543e-35,0.0,10.005690874858436,-0.27096009564714824,0.27096009564714824
1762151084.0005558,4.421837796411101,0.25030007316815023,-1.976853231260427e-39,0.0,10.014694500283328,-0.2765857989894074,0.2765857989894074
1762151084.5184302,4.4107869607572,0.24274640788727192,-1.552712582614272e-35,0.0,10.002573882861723,-0.27577799808061065,0.27577799808061065
1762151084.8547597,4.412636072696736,0.2484081223073298,-1.6124102867907313e-35,0.0,10.007051119231374,-0.2724318347624903,0.2724318347624903
1762151085.131762,4.4106640628479585,0.24287552737145318,-8.304724433421148e-36,0.0,10.00255722061312,-0.2756006853410685,0.2756006853410685
1762151085.4167304,4.423830613674796,0.25068161305813114,-7.4394440930161e-36,0.0,10.016329237857839,-0.2775108667472852,0.2775108667472852
1762151085.5493026,4.424640475776377,0.25202202597853934,-1.0651018656768609e-34,0.0,10.017653045841307,-0.2769530858853419,0.2769530858853419
1762151085.7271411,4.419994217564517,0.2506993957141308,-9.242949213463818e-35,0.0,10.013599439025553,-0.2751375243894453,0.2751375243894453
1762151086.104111,4.413529313451663,0.24500466536579357,-4.6413751917616283e-36,0.0,10.005799430945546,-0.275669383201067,0.275669383201067
1762151086.3672383,4.411571221212962,0.24352389434717245,-3.652285843314237e-36,0.0,10.00356976129284,-0.27564233209368766,0.27564233209368766
1762151086.6083684,4.426378114490346,0.2505045316172214,-4.4528809267838295e-36,0.0,10.018046423085297,-0.2792187924627152,0.2792187924627152
1762151086.7216377,4.421236233208031,0.25209687209070847,-3.4877893747585863e-40,0.0,10.01526533620056,-0.2747990031623422,0.2747990031623422
1762151086.8483326,4.405330948907677,0.24654622619417668,-2.418360385952015e-36,0.0,10.000756539319969,-0.26943620075502944,0.26943620075502944
1762151087.1589377,4.420241274859587,0.24576434981347245,-2.1078118910754904e-36,0.0,10.011030824719716,-0.27918380578246915,0.27918380578246915
1762151087.3899755,4.417828462286379,0.24552356082426102,-3.297603999280279e-35,0.0,10.009170463669832,-0.27789362567597753,0.27789362567597753
1762151087.8122885,4.422226989352291,0.24794097144973146,-5.880310521263721e-36,0.0,10.013659865172187,-0.27868573677882086,0.27868573677882086
1762151088.153859,4.413368169449423,0.24616325002680592,-1.4073970673325617e-40,0.0,10.006327899471927,-0.27465473233249504,0.27465473233249504
1762151088.5366983,4.425253134563149,0.24852370605298216,-1.5640654203748096e-35,0.0,10.016142909696569,-0.280087189372474,0.280087189372474
1762151089.1112037,4.422220639395048,0.24374550799675446,-6.3645626212089055e-37,0.0,10.01132386309346,-0.28199255705215304,0.28199255705215304
1762151089.5401819,4.405558468638742,0.24582023916491588,-5.242166277894224e-37,0.0,10.00051672357084,-0.27015001207259154,0.27015001207259154
1762151090.6885781,4.425958297759729,0.2466808925155101,-4.1314215762132334e-36,0.0,10.015620957860966,-0.2819737828969158,0.2819737828969158
1762151091.2454536,4.412793508253233,0.24766765396383786,-1.664781342772501e-37,0.0,10.006752107549408,-0.2731135493514409,0.2731135493514409
1762151091.6167214,4.421953813140945,0.2527285344337622,-2.2187001548338847e-36,0.0,10.016129724900694,-0.27474247935191504,0.27474247935191504
1762151091.9503877,4.424947749480487,0.24725209905185755,-1.8588764443321633e-36,0.0,10.015218178863172,-0.2809018160444948,0.2809018160444948
1762151092.2520018,4.419071738410942,0.24749164882237454,-1.2238338148455165e-37,0.0,10.011154624145238,-0.2771023119468984,0.2771023119468984
1762151092.5136282,4.414478901597072,0.24774130828954818,-7.48196325999572e-38,0.0,10.00800288952781,-0.27408801452661735,0.27408801452661735
1762151092.6912913,4.415580125326713,0.2528623895533957,-6.29082951061939e-38,0.0,10.011644485178117,-0.27071924429622046,0.27071924429622046
1762151092.955386,4.417028160756021,0.24641887996763265,-9.589824663526337e-37,0.0,10.009094976413204,-0.27669563927911667,0.27669563927911667
1762151093.1975863,4.420485510563524,0.24840567540229744,-4.357630138587281e-37,0.0,10.012674108481367,-0.27724906467716165,0.27724906467716165
1762151093.4982316,4.4126453261955785,0.2486240798884114,-3.9180652990074527e-38,0.0,10.00717797028973,-0.2722668195588808,0.2722668195588808
1762151093.8323057,4.412890748951032,0.2488332816770072,-4.225481140093659e-38,0.0,10.007470673407584,-0.27225185638180194,0.27225185638180194
1762151094.1723158,4.42364862586207,0.24588913044903113,-4.860560427027764e-37,0.0,10.013534058156003,-0.28117805167994575,0.28117805167994575
1762151094.631247,4.420008672568387,0.243829458994463,-3.2816599264697516e-37,0.0,10.009789494855491,-0.28056887146421083,0.28056887146421083
1762151094.7989354,4.42141481369945,0.25028704973691834,-3.1136371572900246e-37,0.0,10.014385126024102,-0.27633599671549836,0.27633599671549836
1762151095.0067773,4.414199589564824,0.2482568073473686,-1.859337283796611e-42,0.0,10.008089330767088,-0.2735094992958589,0.2735094992958589
1762151095.5984585,4.414475658242143,0.2501029713118104,-2.159219250625185e-37,0.0,10.009315134200493,-0.2722202976100037,0.2722202976100037
1762151096.1731863,4.4068114375980665,0.24710679445555306,-8.092301939125827e-39,0.0,10.002136066625868,-0.26989698674521834,0.26989698674521834
1762151096.7233942,4.411981272514651,0.24848918808011344,-2.088556106411875e-38,0.0,10.006625860730843,-0.27196665343049387,0.27196665343049387
1762151097.0813763,4.41385659286596,0.2473351424359065,-4.181400753648472e-39,0.0,10.007330351151612,-0.27402762650042656,0.27402762650042656
1762151097.8669484,4.414763910816647,0.24937103704152788,-3.062206192525475e-39,0.0,10.00911436880596,-0.27297521144044395,0.27297521144044395
1762151098.2718728,4.429902298471726,0.2491076545743079,-3.3290428839470996e-38,0.0,10.019776699198182,-0.28249051059753527,0.28249051059753527
1762151098.804629,4.416196860171866,0.2503084326948801,-1.4945894953173e-39,0.0,10.010663633454197,-0.2731139914249985,0.2731139914249985
1762151099.155132,4.408739156049018,0.251452026482697,-1.747846518436038e-39,0.0,10.005944602665972,-0.2676389168532789,0.2676389168532789
1762151099.5266109,4.414653193107288,0.23985760730398936,-3.571606150143735e-39,0.0,10.003747796725014,-0.2804279189298053,0.2804279189298053
1762151099.8650548,4.3983141507673365,0.2446657353574937,-1.5765851234955806e-38,0.0,9.994637442643555,-0.26664686477615446,0.26664686477615446
1762151100.0827222,4.415078604381589,0.2506235756377772,-1.0472877442791685e-38,0.0,10.010037513804418,-0.27217898647957506,0.27217898647957506
1762151100.3398695,4.420676591271282,0.24622215322246896,-5.149418533629744e-40,0.0,10.011596501759673,-0.27908965432134186,0.27908965432134186
1762151100.6014369,4.414707508360639,0.24178744254482812,-4.3650221863110844e-40,0.0,10.004857833823353,-0.27893465069025425,0.27893465069025425
1762151100.8436096,4.419628344634603,0.24889101261218743,-6.951411008772864e-39,0.0,10.012331248670971,-0.2763395685160444,0.2763395685160444
1762151101.0592904,4.4258020735698445,0.24503733336139638,-3.2631017500223624e-40,0.0,10.01459651884113,-0.2831736582590101,0.2831736582590101
1762151101.3782473,4.4155877255951514,0.24909242895313446,-3.0682582852470063e-40,0.0,10.009550031073948,-0.2737005146890016,0.2737005146890016
1762151101.5265903,4.40708125125323,0.253180304585186,-1.1531937364778169e-39,0.0,10.005714342886606,-0.265257372409777,0.265257372409777
1762151101.6390646,4.421092742932715,0.249858254155112,-2.0729454852673586e-40,0.0,10.013916352331,-0.27647621210763623,0.27647621210763623
1762151101.8658054,4.416259611818377,0.25185450616897975,-1.947094579727248e-40,0.0,10.011569772758964,-0.27193197995965585,0.27193197995965585
1762151102.1895747,4.417738868798589,0.24752827552350873,-1.0135085770446338e-38,0.0,10.010220969654851,-0.2762554098388164,0.2762554098388164
1762151102.5300233,4.428086290732116,0.24729390284846553,-5.223360536187927e-40,0.0,10.017476910371066,-0.28280032635925273,0.28280032635925273
1762151102.9004347,4.421949872582089,0.24822590836059985,-2.157721669459637e-39,0.0,10.013620434399451,-0.27829065234724903,0.27829065234724903
1762151103.2984312,4.413775817701806,0.24423393575329813,-8.944894966213193e-41,0.0,10.005548035851275,-0.27642970488204033,0.27642970488204033
1762151103.5527263,4.417145596129196,0.24282535476956113,-8.282474959651953e-45,0.0,10.007182322302517,-0.2796069575377962,0.2796069575377962
1762151103.7204096,4.417300030110183,0.24769411879537376,-6.741161581928789e-41,0.0,10.009998947128542,-0.27585520764409827,0.27585520764409827
1762151103.953867,4.409057249902148,0.24320602182027146,-5.231441612766057e-41,0.0,10.001584576380692,-0.27435706899259205,0.27435706899259205
1762151104.266807,4.4239701885841205,0.2513036148462997,-8.523233073400002e-40,0.0,10.016775060838881,-0.2771065292385363,0.2771065292385363
1762151104.5398476,4.418090815659606,0.24847116562036342,-4.3908299789490443e-41,0.0,10.010997492981893,-0.27572692695494616,0.27572692695494616
1762151104.6733768,4.4284025159013405,0.2501044998475713,-5.741424387313629e-40,0.0,10.019264753687464,-0.2807811207555546,0.2807811207555546
1762151104.967043,4.416611118427944,0.24704907445215035,-2.700214988530354e-41,0.0,10.009146623665785,-0.2759421034168633,0.2759421034168633
1762151105.4373147,4.4077235255911225,0.24895001566683447,-1.9403903653870644e-41,0.0,10.003819397396565,-0.2689961260289624,0.2689961260289624
1762151105.715768,4.421688901073797,0.24361547375912196,-2.1131704452922775e-45,0.0,10.010871790819996,-0.2817688183267103,0.2817688183267103
1762151105.9414525,4.420011043698046,0.24904348007749513,-1.8273474590703485e-41,0.0,10.012689756910499,-0.27645432544743226,0.27645432544743226
1762151106.2334418,4.410769607476857,0.24866500024593355,-4.784105738486621e-41,0.0,10.0058528416884,-0.2710856583075573,0.2710856583075573
1762151106.3980908,4.411318971131795,0.24710708618762367,-1.1321901249294259e-41,0.0,10.005380741161561,-0.27265382490841095,0.27265382490841095
1762151106.6334405,4.4145966514331345,0.2491611845607116,-1.4071814252528203e-41,0.0,10.008877569151723,-0.27303841671134427,0.27303841671134427
1762151107.0984378,4.4159070491577,0.2455628508878558,-1.6808607194116032e-40,0.0,10.007815600316347,-0.27668466316203133,0.27668466316203133
1762151107.2876375,4.411186487809209,0.25381426449471034,-1.5127510249171821e-41,0.0,10.009021826987027,-0.2672717046606781,0.2672717046606781
1762151107.7337887,4.418479962028591,0.24134474138412967,-8.412915428843825e-41,0.0,10.007316108169906,-0.2815946719645373,0.2815946719645373
1762151108.04053,4.414510157840576,0.24191296622060227,-3.730277208800656e-42,0.0,10.004785903072891,-0.27871460396821346,0.27871460396821346
1762151108.5060062,4.420361632998846,0.2420960674189137,-5.192481670505149e-41,0.0,10.009079527035869,-0.282154433229303,0.282154433229303
1762151108.7905753,4.424483080441633,0.248318336077764,-4.415705050184781e-41,0.0,10.01547969305839,-0.27977532404604616,0.27977532404604616
1762151108.9988534,4.411905413937466,0.24202769539836796,-1.9079258679725977e-42,0.0,10.002978846814266,-0.2770305368052592,0.2770305368052592
1762151109.4572444,4.4197369775749635,0.24346198844469583,-1.6639206404899095e-42,0.0,10.00939107741148,-0.2806924459092753,0.2806924459092753
1762151110.0803733,4.420774757506124,0.2500684516251966,-2.866539024989475e-42,0.0,10.013806121251703,-0.2761149584632826,0.2761149584632826
1762151110.5529685,4.405874880191897,0.2438663292856587,-1.0017545797850034e-46,0.0,9.999658325199281,-0.2718906013772449,0.2718906013772449
1762151110.7852297,4.415842095429636,0.2537795871590617,-2.150980520370539e-42,0.0,10.012343569275878,-0.27015623357114604,0.27015623357114604
1762151111.0844302,4.430766584159681,0.24809471002708983,-5.944993390859856e-43,0.0,10.019827677006056,-0.28382088607682754,0.28382088607682754
1762151111.5991702,4.423902085239831,0.249900335796282,-7.242531768008375e-42,0.0,10.015945392597114,-0.27817069863238575,0.27817069863238575
1762151111.8462415,4.419820687306874,0.24712392464157665,-4.586754552044234e-43,0.0,10.011485870713667,-0.27785236250303413,0.27785236250303413
1762151112.1292613,4.429385848530909,0.25126999732173033,-5.324838702249145e-42,0.0,10.020612538512982,-0.2804696714776834,0.2804696714776834
1762151112.5015256,4.415058596439625,0.24297228417684455,-2.937410796587027e-47,0.0,10.005767675261398,-0.27821261781157314,0.27821261781157314
1762151112.754594,4.431102632981345,0.24846590529162096,-2.460971184729156e-47,0.0,10.020272712041386,-0.2837358143962912,0.2837358143962912
1762151113.0958025,4.421454799630553,0.24239697449858505,-1.5834573157495007e-43,0.0,10.010028039784379,-0.2825872856426232,0.2825872856426232
1762151113.5911732,4.409074021095971,0.24630695285292115,-1.2940075408388077e-43,0.0,10.003320741128043,-0.2719131918341933,0.2719131918341933
1762151113.8601966,4.423395040979612,0.25454745919593974,-2.2703571232121087e-42,0.0,10.01817200334143,-0.27419640701463754,0.27419640701463754
1762151114.3852968,4.414943543397179,0.25082882708485443,-6.883516168891922e-44,0.0,10.010054980493992,-0.271934040839463,0.271934040839463
1762151114.6288495,4.414479579058282,0.24581220417749683,-7.588560325773603e-48,0.0,10.00693041744266,-0.275612961534824,0.275612961534824
1762151114.8874297,4.414150506819314,0.24817369150744692,-1.7133877324834695e-43,0.0,10.008007857040607,-0.27354508927240984,0.27354508927240984
1762151115.2143998,4.411759907147715,0.24549209670255875,-5.190780846885991e-48,0.0,10.004799401100815,-0.2742008666467644,0.2742008666467644
1762151115.42822,4.420691795653183,0.2446783430956918,-7.765626451275135e-43,0.0,10.010749489136565,-0.28031771116218457,0.28031771116218457
1762151115.6864312,4.41950102920689,0.2476795818145373,-3.720059017735515e-44,0.0,10.011566256790779,-0.27721750339587026,0.27721750339587026
1762151116.0558228,4.418650727947156,0.24330447340388653,-4.766640115613001e-44,0.0,10.008526297661705,-0.2801507983364069,0.2801507983364069
1762151116.1461346,4.417061877674482,0.24226055734210106,-3.119498937458325e-44,0.0,10.006808734444366,-0.2800020798977762,0.2800020798977762
1762151116.55028,4.409222337796292,0.24862703158968066,-2.3477336574700926e-44,0.0,10.004718685038082,-0.2701685921945062,0.2701685921945062
1762151116.932,4.406337015022513,0.2475191574106547,-2.97363396271173e-43,0.0,10.002023593589499,-0.269280649137937,0.269280649137937
1762151117.2362201,4.420004405126064,0.2493093764484468,-2.0233519905384804e-43,0.0,10.012832974993719,-0.27624044002375636,0.27624044002375636
1762151117.85858,4.41866952372002,0.24624684353600765,-9.893005587263206e-49,0.0,10.010174630731683,-0.2778383031048887,0.2778383031048887
1762151118.302917,4.413520091605066,0.24751174781250404,-7.483156506002751e-49,0.0,10.00718706496509,-0.27368188122180737,0.27368188122180737
1762151118.545681,4.408305105663517,0.2484260390024531,-4.6490400473691765e-45,0.0,10.003946487715284,-0.2697663900772945,0.2697663900772945
1762151118.6861637,4.412723047443339,0.24546578445043088,-8.241161237432039e-44,0.0,10.005476783461356,-0.2748111754077235,0.2748111754077235
1762151119.0050733,4.422018893474784,0.24714316376127912,-7.028045399293546e-44,0.0,10.01306762157567,-0.27918726460393734,0.27918726460393734
1762151119.4735966,4.408093970734637,0.24237495894881098,-3.5527759595688965e-49,0.0,10.000429099817193,-0.2744266295685909,0.2744266295685909
1762151119.7465098,4.42414456177019,0.25375537032513523,-2.2505568064830194e-45,0.0,10.018265078208954,-0.27528207270031296,0.27528207270031296
1762151119.9268944,4.420751320692612,0.25040173292242635,-2.6558327481804054e-49,0.0,10.013974897952762,-0.2758376630589368,0.2758376630589368
1762151120.5226648,4.420001856302745,0.24840617973067616,-1.528115280793714e-45,0.0,10.012328604616755,-0.2769515854783068,0.2769515854783068
1762151120.7875416,4.423254604554433,0.2472575291275339,-1.2547190323909418e-45,0.0,10.014013445971047,-0.27985645647739255,0.27985645647739255
1762151120.975695,4.414160246605821,0.24930760984281017,-1.2620992101909709e-45,0.0,10.008645989777508,-0.2726551707154678,0.2726551707154678
1762151121.4262054,4.420159725771323,0.2445701843250889,-1.4642998796704298e-44,0.0,10.01030896891175,-0.28007660382812816,0.28007660382812816
1762151121.7232738,4.428533779097228,0.24519217129366727,-6.261360706987371e-46,0.0,10.016627693073826,-0.28473207166981784,0.28473207166981784
1762151121.9381828,4.414742034470233,0.2466089294232101,-5.665122424286632e-46,0.0,10.007561756137132,-0.2751440869615168,0.2751440869615168
1762151122.17664,4.415949563420513,0.24760559862756862,-2.1351079267706558e-45,0.0,10.008982053517501,-0.2750968196989787,0.2750968196989787
1762151122.3569405,4.427304416750697,0.24913074450983974,-4.408334825289158e-46,0.0,10.017941679830882,-0.2808716049407993,0.2808716049407993
1762151122.6653333,4.417493238536447,0.24442054606939684,-1.406795166417862e-44,0.0,10.008317423389466,-0.2785594591100837,0.2785594591100837
1762151122.8599613,4.424246850781109,0.24503568962425618,-4.4983176663021945e-46,0.0,10.013486721942543,-0.28221895169993877,0.28221895169993877
1762151123.1236567,4.423552412103709,0.25438553691411714,-2.6172344307035745e-46,0.0,10.018193996338088,-0.2744208999853821,0.2744208999853821
1762151123.6635954,4.422034579720304,0.25004746679237694,-3.547638305233865e-45,0.0,10.014694429125507,-0.2769060077195277,0.2769060077195277
1762151123.941817,4.409569956034658,0.2519603797961973,-2.935470665532324e-45,0.0,10.006825792629979,-0.26774585488432473,0.26774585488432473
1762151124.1670313,4.408634851808834,0.24805947924048266,-2.572029741056429e-45,0.0,10.0039798414009,-0.27025807829109194,0.27025807829109194
1762151124.4879806,4.412642249338692,0.245471193170985,-1.2114919373902695e-46,0.0,10.005421752855549,-0.2747574377631594,0.2747574377631594
1762151124.742846,4.413323094305491,0.24314154974993074,-1.1193029507993203e-46,0.0,10.00461603774019,-0.27701650210779,0.27701650210779
1762151124.9613647,4.417740045450785,0.24674909275833,-1.5509495503579954e-45,0.0,10.009788473083253,-0.27687144940387837,0.27687144940387837
1762151125.2356818,4.418416383832535,0.2472390581528317,-9.477874313588292e-47,0.0,10.010545154881028,-0.27689950882454767,0.27689950882454767
1762151125.4076774,4.417359021229649,0.2522544577273828,-7.647525949663161e-47,0.0,10.012580113991678,-0.27229149625978505,0.27229149625978505
1762151125.5622578,4.418342702824092,0.24654157026492532,-6.349866176673338e-47,0.0,10.010104560940599,-0.2774050506140976,0.2774050506140976
1762151125.72228,4.4240222896954435,0.2434434832393091,-6.206514953213205e-47,0.0,10.01244234489578,-0.28333725088589473,0.28333725088589473
1762151125.9043376,4.414415776567671,0.24823207699994207,-8.619658499058609e-46,0.0,10.008230683809325,-0.2736615513194992,0.2736615513194992
1762151126.2393422,4.421997737060513,0.24564315183917418,-4.9381327026576213e-51,0.0,10.012218757402861,-0.2803579039181412,0.2803579039181412
1762151126.698361,4.413934838566888,0.24351725073177716,-5.081200523845971e-46,0.0,10.005263974527054,-0.27709376629786175,0.27709376629786175
1762151126.8865657,4.425308536507811,0.24395036022259156,-3.253156001052063e-51,0.0,10.013641123506007,-0.28372760544882436,0.28372760544882436
1762151127.2115076,4.423763103997509,0.24564224313096353,-3.869356942723144e-46,0.0,10.013478563985313,-0.2814431686220655,0.2814431686220655
1762151127.5324833,4.410984119418973,0.24611325219186767,-1.2504758547277403e-45,0.0,10.004587154379493,-0.27323485934202385,0.27323485934202385
1762151127.7561073,4.417947203313189,0.2479660603744862,-1.484379388502156e-47,0.0,10.010613662091965,-0.2760375729467747,0.2760375729467747
1762151127.939574,4.420130137346081,0.24777499754948254,-2.329574330552075e-46,0.0,10.012069233644544,-0.27752849063237695,0.27752849063237695
1762151128.2088761,4.4202093878462225,0.24861176791559933,-4.295720855167717e-47,0.0,10.012591364961471,-0.27691682259202255,0.27691682259202255
1762151128.4468126,4.426686154697059,0.24116587351488855,-1.1030289714853706e-47,0.0,10.013077826547176,-0.2867708804022186,0.2867708804022186
1762151128.577535,4.418606400657492,0.24613222360461498,-1.1745124300163172e-47,0.0,10.010065732954509,-0.2778900869395257,0.2778900869395257
1762151128.7990038,4.416131708025387,0.24679969983659414,-7.979584420195568e-48,0.0,10.008664355443676,-0.27584513587333265,0.27584513587333265
1762151129.1225553,4.419808558064582,0.24590672435057004,-5.989336854383882e-48,0.0,10.010800505176485,-0.27880581492380846,0.27880581492380846
1762151129.5514257,4.426036968812704,0.249089428948678,-8.701057237338347e-47,0.0,10.017016107636085,-0.28012373654089423,0.28012373654089423
1762151129.7873766,4.41010667860001,0.24458707401611893,-4.4722593404857664e-48,0.0,10.00310743544365,-0.2739055068784948,0.2739055068784948
1762151130.1233096,4.416056763959241,0.2475525042065275,-7.054892583401918e-48,0.0,10.00902935852155,-0.2752044959209655,0.2752044959209655
1762151130.4715087,4.425920804331203,0.24717971168902492,-4.81621953220142e-47,0.0,10.0158714795377,-0.28155746889378164,0.28155746889378164
1762151130.740371,4.405017816215271,0.2412574281983326,-2.836066321590222e-48,0.0,9.997590199617447,-0.27343460401851455,0.27343460401851455
1762151131.0032575,4.4180968220213375,0.24724755499046547,-1.2736022942153855e-47,0.0,10.010321124372064,-0.2766967084690479,0.2766967084690479
1762151131.436328,4.427077888666444,0.2495769967749266,-2.553996530779756e-47,0.0,10.018028636359375,-0.2803805175637912,0.2803805175637912
1762151131.6718917,4.421895855731589,0.24923567479776537,-2.4618372438331554e-47,0.0,10.014143599811318,-0.2774609523815944,0.2774609523815944
1762151131.955852,4.409029368743107,0.24836699398469306,-9.900731417180819e-49,0.0,10.004435028254901,-0.27025618858574607,0.27025618858574607
1762151132.2695487,4.419461177780501,0.24814980548510124,-1.0101965945597678e-48,0.0,10.01179930750301,-0.2768218836391198,0.2768218836391198
1762151132.543108,4.434592832826405,0.24254803139341694,-7.220699057389078e-48,0.0,10.01946364430123,-0.29054702327083853,0.29054702327083853
1762151132.7390218,4.4267481731031175,0.2450261686601068,-6.41090768778106e-49,0.0,10.015264381689573,-0.28376428727035097,0.28376428727035097
1762151133.0213716,4.422942955017036,0.2523443125483163,-6.454630584384248e-49,0.0,10.016621764944784,-0.2756540532183168,0.2756540532183168
1762151133.3371258,4.4260329955699795,0.24621392316529814,-5.654610696249117e-49,0.0,10.015414694066768,-0.28238789670410563,0.28238789670410563
1762151133.5673602,4.415724926698544,0.24423937816870797,-6.8106817824261594e-49,0.0,10.006949478630947,-0.27761901206849626,0.27761901206849626
1762151133.805884,4.415165996581104,0.2416174973343626,-4.064201257073711e-49,0.0,10.005092443733082,-0.2793496523121311,0.2793496523121311
1762151133.9871006,4.426321267318978,0.25208547730857606,-2.278405780866197e-49,0.0,10.018886003788442,-0.27793844234701953,0.27793844234701953
1762151134.335021,4.413081596221269,0.2455559934188499,-4.3743314955966246e-48,0.0,10.005784453338064,-0.2749593528892231,0.2749593528892231
1762151134.6140518,4.420670701783035,0.24258294466382938,-3.625939526662329e-48,0.0,10.009570781605333,-0.28195942235992033,0.28195942235992033
1762151134.9268262,4.414899590068698,0.24348596405200898,-1.9366583050799278e-49,0.0,10.005938934517319,-0.27770912286473654,0.27770912286473654
1762151135.269169,4.4178578662035894,0.24489961881394506,-1.231048408072042e-49,0.0,10.008844762460377,-0.27840452433905394,0.27840452433905394
1762151135.4481897,4.41143393579786,0.24790265307849976,-1.1959739456053923e-49,0.0,10.005906075087093,-0.27209515609486445,0.27209515609486445
1762151135.7153413,4.417320974292158,0.24694619403920132,-1.1747510423710534e-49,0.0,10.009597953590475,-0.27645872454852705,0.27645872454852705
1762151135.9826396,4.416590815195188,0.2502169448190892,-1.0295912130186152e-53,0.0,10.010894971827708,-0.2734280041730164,0.2734280041730164
1762151136.3759716,4.423019771024948,0.2507088066506601,-1.1289656052973496e-48,0.0,10.015765856523762,-0.27699051082103493,0.27699051082103493
1762151136.6326132,4.405583889742899,0.24354806327996817,-5.354733485963938e-50,0.0,9.999271493813133,-0.27196507112329077,0.27196507112329077
1762151136.8381693,4.417012733565754,0.24257504666301635,-5.466308987859008e-50,0.0,10.006948132267993,-0.27972339869400387,0.27972339869400387
1762151137.0314167,4.417073859721652,0.2505824445665475,-7.446952307382409e-49,0.0,10.01144452190792,-0.27343598354249565,0.27343598354249565
1762151137.3178644,4.413321893290014,0.24393630183336076,-4.411599062853867e-54,0.0,10.005056731648871,-0.2763872144553937,0.2763872144553937
1762151137.6425736,4.428172605685327,0.24798737284474692,-2.933887596124094e-50,0.0,10.017923790982962,-0.2823070990099077,0.2823070990099077
1762151137.9117281,4.413307353224127,0.2497534182351532,-2.9572573900191296e-50,0.0,10.008282080860461,-0.27178010064009517,0.27178010064009517
1762151138.0958848,4.4078817796117615,0.24647433621979398,-1.970033041148718e-50,0.0,10.002555359115533,-0.27105178201109914,0.27105178201109914
1762151138.3564932,4.42017890380285,0.24679339536240794,-2.0937855303329621e-50,0.0,10.011558250038414,-0.2783331911362291,0.2783331911362291
1762151138.630267,4.422667605112686,0.24808870565648147,-1.6164753559656145e-50,0.0,10.01405662826278,-0.27884002847879374,0.27884002847879374
1762151138.8285646,4.414868633069491,0.2500714333085289,-7.742290991256597e-49,0.0,10.009579445457968,-0.2724862313740388,0.2724862313740388
1762151139.0925474,4.4193224687263655,0.2459528054680564,-1.1534702929160564e-50,0.0,10.010478404914466,-0.278471124957522,0.278471124957522
1762151139.4866202,4.420581703197902,0.25061712877147396,-8.870541175301805e-51,0.0,10.013973591962042,-0.27556350336712593,0.27556350336712593
1762151139.749172,4.423169675420126,0.24526933053564165,-1.3403193814797203e-50,0.0,10.01284787162158,-0.281372755827291,0.281372755827291
1762151140.0479476,4.416613611126027,0.2453460666142554,-1.0943197130366611e-49,0.0,10.008201540844102,-0.2772890127121887,0.2772890127121887
1762151140.3624036,4.407324291459194,0.24384289108881504,-5.2489493116819696e-51,0.0,10.00069027940178,-0.2727941966625939,0.2727941966625939
1762151140.5721488,4.4106758930594445,0.23784949844485312,-5.424952135658027e-51,0.0,9.999775956961228,-0.279587044971751,0.279587044971751
1762151140.852277,4.4274113409163895,0.25057610727090623,-4.6678677971500645e-51,0.0,10.01882189182379,-0.27979891347793284,0.27979891347793284
1762151141.2526524,4.413688022603146,0.24492130432053735,-5.252039552773631e-50,0.0,10.005867035422531,-0.27583246490127544,0.27583246490127544
1762151141.4697921,4.424877181138074,0.2470616039995789,-2.8345774270932744e-51,0.0,10.015061974522181,-0.28100861919518144,0.28100861919518144
1762151141.7218394,4.42740287306302,0.24977330811472334,-1.478390269256149e-49,0.0,10.018369189300055,-0.2804260464021943,0.2804260464021943
1762151142.0311263,4.417829604315155,0.24917430660396275,-2.2266763898559523e-55,0.0,10.011201772735763,-0.2750114995454731,0.2750114995454731
1762151142.2743797,4.413293100077016,0.2389655520581962,-2.2649251592529467e-51,0.0,10.002276402305023,-0.2803021793645947,0.2803021793645947
1762151142.5343933,4.418349082165946,0.24685143417866012,-1.3244496632294514e-51,0.0,10.010281422017945,-0.2771642797930054,0.2771642797930054
1762151142.800994,4.4193803538591805,0.24669087894630795,-1.9746155234391943e-50,0.0,10.010930125226738,-0.27792391495397606,0.27792391495397606
1762151143.0030947,4.419932379664141,0.24191055812022796,-1.2906398848737617e-51,0.0,10.008669550351451,-0.28203777557638593,0.28203777557638593
1762151143.2149913,4.427238768486645,0.24691698864227557,-1.0562927522753055e-55,0.0,10.016664186975811,-0.2825755999866732,0.2825755999866732
1762151143.426148,4.420393409423808,0.24145549530525992,-1.940906524297283e-50,0.0,10.008746756127762,-0.2826799363727011,0.2826799363727011
1762151143.628945,4.410126385406122,0.24067455161773316,-1.2818675620523292e-50,0.0,10.000948084564122,-0.2770143600162054,0.2770143600162054
1762151143.8691454,4.429707636116392,0.24270934251431886,-5.528180717557076e-52,0.0,10.016084531305005,-0.2874114639595258,0.2874114639595258
1762151144.0696247,4.4171970622444325,0.24658029165757003,-7.25790279271481e-52,0.0,10.0093057226837,-0.2766717235147587,0.2766717235147587
1762151144.2604737,4.424961002764638,0.24196013501582328,-8.335674617486653e-51,0.0,10.012288717839116,-0.2850843928789212,0.2850843928789212
1762151144.4717047,4.412407312469133,0.2441455082470951,-1.2549384111424412e-51,0.0,10.004516061739603,-0.2756620700548923,0.2756620700548923
1762151144.770373,4.415270728096895,0.24645507513038142,-7.05312974115881e-51,0.0,10.007855409317802,-0.27558965914344913,0.27558965914344913
1762151144.9431968,4.403681927661815,0.2393207183513487,-3.239464410268403e-52,0.0,9.995550171383503,-0.27415554991889896,0.27415554991889896
1762151145.364295,4.421488112221043,0.2509562385090447,-3.91297469027119e-51,0.0,10.014810035170708,-0.27585332594627393,0.27585332594627393
1762151145.5891078,4.430918795827389,0.2505039444701143,-2.3749177957987035e-56,0.0,10.021275488158437,-0.2820181691633949,0.2820181691633949
1762151145.7892356,4.425666558991506,0.25217776456200663,-1.6768050884357317e-52,0.0,10.018471039221424,-0.27746237990170775,0.27746237990170775
1762151146.0923839,4.420055935588235,0.24319009796750138,-2.7868602849486756e-51,0.0,10.009468244667447,-0.2811028184854944,0.2811028184854944
1762151146.2804575,4.412534308832915,0.24818307300344455,-5.024263175115098e-52,0.0,10.00685277182513,-0.27254737317515604,0.27254737317515604
1762151146.4676888,4.41109249443006,0.24585039371445574,-1.5889915088037857e-52,0.0,10.0045188831786,-0.2735090789921581,0.2735090789921581
1762151146.6747324,4.415020404158874,0.24379021032103834,-1.1229100251122337e-52,0.0,10.006194629598198,-0.27754256449334574,0.27754256449334574
1762151146.8895679,4.425282997726509,0.24295238888763657,-1.0426969100444077e-56,0.0,10.013068935947995,-0.28449922943137385,0.28449922943137385
1762151147.2594392,4.415353065367765,0.2450469301451403,-1.2322544863504145e-51,0.0,10.007131590520482,-0.2767529315022,0.2767529315022
1762151147.4704926,4.423230425236009,0.2475194362226632,-6.8898597194257e-53,0.0,10.014141806186121,-0.2796350141960438,0.2796350141960438
1762151147.6931803,4.420669095428523,0.2515546095792784,-6.0073215866062755e-53,0.0,10.01455808034869,-0.2748778345429619,0.2748778345429619
1762151147.9043138,4.414266997211792,0.25507070959621403,-5.228686642544178e-53,0.0,10.011934396453364,-0.2681699555970104,0.2681699555970104
1762151148.0649056,4.416562191508685,0.24451699264372634,-7.106913959494223e-52,0.0,10.007703938009508,-0.27791260626791137,0.27791260626791137
1762151148.3410494,4.418135411569608,0.251050046936986,-5.865589041794828e-52,0.0,10.012464991228008,-0.27371880849613106,0.27371880849613106
1762151148.6435192,4.414637866375335,0.24545996519601365,-9.472778627774415e-53,0.0,10.006848156168953,-0.275988338370265,0.275988338370265
1762151148.8094807,4.4233548272107575,0.23984167623526434,-2.4538657888913805e-53,0.0,10.009967655030676,-0.2857708584703982,0.2857708584703982
1762151149.0226607,4.417713290743351,0.24640229857035378,-1.8841629898289962e-53,0.0,10.009576485416808,-0.27712892587093413,0.27712892587093413
1762151149.348468,4.424957691827807,0.24940274756964478,-1.9489876007376148e-53,0.0,10.016421267918162,-0.2792124927319962,0.2792124927319962
1762151149.6264908,4.413991376598568,0.24925589564223696,-1.844133714128545e-57,0.0,10.00849602396828,-0.2725924966999426,0.2725924966999426
1762151149.8526309,4.4145145265289925,0.2473590312809043,-2.287739540543093e-52,0.0,10.00781576864809,-0.2744119152440129,0.2744119152440129
1762151150.0251706,4.4268377480044645,0.24165179023035738,-1.3526775713876534e-53,0.0,10.013455328590235,-0.2864806716911474,0.2864806716911474
1762151150.2950404,4.42024390547365,0.2501003977249795,-1.0095201061749648e-53,0.0,10.013444470349079,-0.2757635065560241,0.2757635065560241
1762151150.5220864,4.4142425937967325,0.24934893691133037,-9.976664978280532e-54,0.0,10.008728082544154,-0.27267300998988114,0.27267300998988114
1762151150.7096074,4.406597599757117,0.24542591768186506,-2.923124376141423e-52,0.0,10.001046721495454,-0.2710969251641693,0.2710969251641693
1762151150.9407752,4.414470855420387,0.24798906484297056,-8.226793320123683e-53,0.0,10.008134972285081,-0.2738873200339116,0.2738873200339116
1762151151.1888425,4.409747073488399,0.24633732473608794,-6.873437218100584e-58,0.0,10.003822018099923,-0.2723008034042347,0.2723008034042347
1762151151.3861663,4.418768645385167,0.2501394048759873,-8.817802549838951e-53,0.0,10.012411086246491,-0.27482637243230146,0.27482637243230146
1762151151.5867891,4.427937231025816,0.2441534469106149,-5.338803361038406e-58,0.0,10.01562643442313,-0.2851837875342326,0.2851837875342326
1762151151.8599486,4.429116032219792,0.24677280992867978,-8.011327338132215e-53,0.0,10.017919874022096,-0.2838450177702859,0.2838450177702859
1762151152.1490586,4.422442115116023,0.24518209973335914,-3.746541913344046e-58,0.0,10.012279962186948,-0.2809946775825767,0.2809946775825767
1762151152.4390383,4.405276378974178,0.2463232568021022,-2.0969669010174582e-54,0.0,10.000593096981184,-0.2695794221064751,0.2695794221064751
1762151152.7038138,4.426560867024203,0.2459212936048312,-2.007771866392845e-54,0.0,10.015628173768063,-0.2829433291420862,0.2829433291420862
1762151153.1454825,4.427243466038167,0.24754123076512155,-9.76366901826302e-54,0.0,10.017014483066921,-0.28208652739177675,0.28208652739177675
1762151153.676428,4.414524891212275,0.25052108262108735,-1.0901384093448661e-54,0.0,10.009583302489046,-0.27192025935224096,0.27192025935224096
1762151153.9487963,4.4195572361033335,0.23830725519904306,-1.2987449134034107e-54,0.0,10.006402533934214,-0.2846554604599414,0.2846554604599414
1762151154.2347775,4.416496335578241,0.24784133941199177,-7.734648115870217e-55,0.0,10.009505073201074,-0.2752459347899985,0.2752459347899985
1762151154.5130134,4.411180168766413,0.24715362453606898,-7.86940543576298e-55,0.0,10.005306854872918,-0.2725320601591441,0.2725320601591441
1762151154.831352,4.422207620127119,0.24317846302512386,-5.786620223836397e-55,0.0,10.01099972300609,-0.2824322067862533,0.2824322067862533
1762151155.250957,4.415801945226746,0.24522470568456617,-4.6666526320575906e-55,0.0,10.007552283324449,-0.27688746689260335,0.27688746689260335
1762151155.6224868,4.419005461967237,0.2448317330240826,-5.956100869490134e-54,0.0,10.009628556734752,-0.2791619314582099,0.2791619314582099
1762151155.8277087,4.414292245211509,0.24776545683597256,-4.055253694871285e-55,0.0,10.007882401497305,-0.2739545338150397,0.2739545338150397
1762151156.0391223,4.426445271579182,0.2424624356148852,-3.179386316653616e-59,0.0,10.013625440024178,-0.2855999760650657,0.2855999760650657
1762151156.2595975,4.41101096448032,0.25125310590798744,-3.9192456924586916e-54,0.0,10.007467855013356,-0.269187687482974,0.269187687482974
1762151156.4335983,4.427528552353922,0.24915997857467032,-1.0310961962550191e-53,0.0,10.018117481063031,-0.28098662140489744,0.28098662140489744
1762151156.6453485,4.42535536135704,0.24734552114411232,-4.996774088558683e-55,0.0,10.01556068272416,-0.2810788848168654,0.2810788848168654
1762151156.873384,4.405741745634654,0.2487889567635294,-1.3728867528195165e-55,0.0,10.002301368771407,-0.2679118016113805,0.2679118016113805
1762151157.1607335,4.403452816994356,0.24941552870208017,-1.309763733640672e-55,0.0,10.000998602805911,-0.2660171738895064,0.2660171738895064
1762151157.686449,4.424321178780866,0.2491282425387649,-1.7363791310588477e-54,0.0,10.015814717534804,-0.2790372100944949,0.2790372100944949
1762151158.0076165,4.417012563052533,0.2442801031918939,-8.840599151129127e-55,0.0,10.007895044161884,-0.27837580484481905,0.27837580484481905
1762151158.372495,4.4235509318357185,0.24471779000033667,-5.241735004055703e-56,0.0,10.0128136071616,-0.2820421651533891,0.2820421651533891
1762151158.669646,4.4177613468036965,0.24538553285904505,-8.728530583084434e-55,0.0,10.009045685233074,-0.2779614970405713,0.2779614970405713
1762151158.929045,4.427625508730366,0.24979306184921973,-7.930325624044692e-55,0.0,10.018538637598482,-0.2805476385356168,0.2805476385356168
1762151159.3218446,4.422953378373102,0.24317237726109062,-5.587482988299959e-56,0.0,10.011528917063353,-0.28289481175731757,0.28289481175731757
1762151159.5468843,4.416580593687899,0.24303075067895138,-4.9080903148505686e-55,0.0,10.006891500218577,-0.27909848570000695,0.27909848570000695
1762151159.8632336,4.423833051809326,0.2494661261443635,-1.3433463854790295e-54,0.0,10.015654540889345,-0.27847053327485694,0.27847053327485694
1762151160.2336323,4.411333233684054,0.24635724910510048,-1.9816897197129547e-56,0.0,10.004973857284432,-0.27325552694205285,0.27325552694205285
1762151160.5474684,4.425711619691891,0.2510340139812123,-1.6584195480565814e-56,0.0,10.017866347620265,-0.27839116209111314,0.27839116209111314
1762151160.9109623,4.425755649351808,0.24390721293651038,-2.3050432073306655e-56,0.0,10.013935884422747,-0.2840364491241075,0.2840364491241075
1762151161.1093671,4.41685158510104,0.247964002120729,-1.8098302270522742e-55,0.0,10.009827851715844,-0.2753669681337053,0.2753669681337053
1762151161.506879,4.418567324875464,0.24824193988121823,-5.2771673392804304e-55,0.0,10.01121102917754,-0.2762003808294356,0.2762003808294356
1762151161.8061347,4.4181956274740415,0.24814898395564852,-8.86262725587683e-57,0.0,10.010893270927655,-0.27604561367303737,0.27604561367303737
1762151162.0782268,4.406128524780698,0.24735809239937082,-6.194129150406681e-57,0.0,10.001783619098147,-0.2692807265891015,0.2692807265891015
1762151162.3351903,4.4173928797626125,0.24509528820626858,-5.191747747767305e-57,0.0,10.00862047601499,-0.27796485488613765,0.27796485488613765
1762151162.5296,4.421695958300417,0.2444344487898287,-2.8630879964615848e-55,0.0,10.01133166258879,-0.2811266165355241,0.2811266165355241
1762151162.7445564,4.419264432442597,0.2460601693221956,-3.5448183173317314e-57,0.0,10.010496562240261,-0.27835073862417403,0.27835073862417403
1762151163.024309,4.427821116413326,0.2478377439696084,-3.4144085924808684e-57,0.0,10.017590489443519,-0.28220853183393463,0.28220853183393463
1762151163.4272332,4.427207915489426,0.24894443439145478,-4.280123825319059e-56,0.0,10.017769362533672,-0.28095895966861156,0.28095895966861156
1762151163.6220968,4.430318482463028,0.2444078823915671,-2.4412007667313675e-57,0.0,10.01746136825908,-0.2864488141611249,0.2864488141611249
1762151163.8673027,4.4249484962632675,0.2477425953265522,-1.9725257489724025e-57,0.0,10.015491398593845,-0.28051554424620023,0.28051554424620023
1762151164.1378593,4.411975581566516,0.24645629155419344,-2.7129610107530593e-56,0.0,10.005490611291131,-0.2735703791792059,0.2735703791792059
1762151164.3558702,4.4116779414547835,0.24638994195863023,-4.9920703478206683e-57,0.0,10.005239810397192,-0.2734406519350114,0.2734406519350114
1762151164.6609807,4.425117255211326,0.24857751424623567,-3.8194110415270177e-57,0.0,10.01607598038084,-0.2799611635020831,0.2799611635020831
1762151164.8766544,4.415993027025163,0.2445257525442341,-9.237430326612681e-58,0.0,10.007300829504583,-0.27755692423409006,0.27755692423409006
1762151165.3166988,4.422088091780914,0.25481933167403226,-8.476838472480359e-58,0.0,10.017390904373299,-0.2731773394264978,0.2731773394264978
1762151165.522053,4.420858156624458,0.24378239122328269,-5.9000142608823125e-58,0.0,10.010370767179186,-0.2811272156335489,0.2811272156335489
1762151165.7195146,4.416555162807338,0.24487548463914896,-5.639209228243623e-58,0.0,10.00789811404031,-0.27762501722403155,0.27762501722403155
1762151165.896704,4.421481807067867,0.2471914444991475,-8.688566505079483e-57,0.0,10.012710804336589,-0.278819205916662,0.278819205916662
1762151166.178,4.426452298170908,0.24449540984228693,-4.981741499958506e-58,0.0,10.014758879151568,-0.28400084414898663,0.28400084414898663
1762151166.3517692,4.419791606316744,0.24476254600124356,-4.211317478566341e-58,0.0,10.010152558214612,-0.2796988412955109,0.2796988412955109
1762151166.8312685,4.419906907504923,0.24574927777248226,-6.808012369019476e-58,0.0,10.010783336614109,-0.2789904814609266,0.2789904814609266
1762151167.0912354,4.419901550271893,0.24992914571343344,-4.1283362051853616e-57,0.0,10.013104375432052,-0.27568824488955146,0.27568824488955146
1762151167.399999,4.422010107585095,0.24575634881259006,-2.04310014572061e-58,0.0,10.012290495953815,-0.280276169338148,0.280276169338148
1762151167.6078193,4.4173478206295735,0.24544301423042256,-3.207680703868776e-57,0.0,10.008781460080339,-0.2776625262203656,0.2776625262203656
1762151167.8556361,4.406567683819879,0.2458680494334831,-2.5710457424205824e-57,0.0,10.001271094424185,-0.27072861071390975,0.27072861071390975
1762151168.1077118,4.413935743062147,0.24465177410381583,-2.2206435495708803e-57,0.0,10.00589505065204,-0.2761972407935959,0.2761972407935959
1762151168.2946439,4.4229792681548465,0.24731348296453845,-1.7276611606535605e-58,0.0,10.013848035194984,-0.27964307955625123,0.27964307955625123
1762151168.622318,4.4147388213772984,0.25038638026855764,-1.1137796876872482e-62,0.0,10.009661730853441,-0.2721578666350696,0.2721578666350696
1762151168.8295639,4.420054313149392,0.25048231519053527,-2.8486562414057385e-58,0.0,10.013521541715265,-0.2753457049920053,0.2753457049920053
1762151169.0914183,4.408056656004007,0.237955978029,-1.1879069147748628e-57,0.0,9.997949126704237,-0.2779043320826287,0.2779043320826287
1762151169.425942,4.423923511575153,0.2461395888945301,-3.4749692262604594e-57,0.0,10.013869365905032,-0.28114942636762547,0.28114942636762547
1762151169.6394134,4.414550698977192,0.2483579585216056,-4.575921392399973e-59,0.0,10.008397534278352,-0.27364480114704187,0.27364480114704187
1762151169.9309292,4.425605619769811,0.248026264481376,-3.19049921107123e-59,0.0,10.016117508821893,-0.28069620199872336,0.28069620199872336
1762151170.1497724,4.423957412563964,0.252468666185394,-5.9232076367101724e-58,0.0,10.017414748527274,-0.276180559830759,0.276180559830759
1762151170.4025853,4.414240342081792,0.2495136781335399,-2.9158316611770316e-59,0.0,10.008818185259207,-0.27254148712217807,0.27254148712217807
1762151170.643512,4.416225537744367,0.2486090423340739,-4.3081274462836246e-58,0.0,10.009738177042285,-0.2744735117020294,0.2744735117020294
1762151170.9198742,4.420068054427809,0.24904612022524597,-3.6739403207807485e-58,0.0,10.012731988987106,-0.27648726420932435,0.27648726420932435
1762151171.10341,4.407258787559869,0.23800001788759048,-3.33734451401543e-58,0.0,9.997398500422902,-0.2773828144115237,0.2773828144115237
1762151171.3301494,4.416828947465965,0.245018632176604,-4.294806403254047e-58,0.0,10.008173862450871,-0.27767971582052314,0.27767971582052314
1762151171.5799623,4.413606431345872,0.23937237882371282,-1.3147607292456155e-59,0.0,10.002727119015391,-0.28017175085010004,0.28017175085010004
1762151171.738078,4.41900854105826,0.2483746301755393,-1.5153446728692995e-59,0.0,10.011600573152029,-0.27636650829610926,0.27636650829610926
1762151171.9651713,4.418931596580333,0.2426471528858125,-1.9896996868381884e-58,0.0,10.008362348158196,-0.28084230048998104,0.28084230048998104
1762151172.1868083,4.413899067241761,0.24194283495639832,-8.30830851989941e-60,0.0,10.004363853698006,-0.27831705571358023,0.27831705571358023
1762151172.4345863,4.412146674071607,0.2544144490053431,-1.4354777462662397e-58,0.0,10.01004643464598,-0.26738661467953795,0.26738661467953795
1762151172.720688,4.4166380985243405,0.2506742894295567,-1.190621874704277e-58,0.0,10.011183524841273,-0.27309597319681855,0.27309597319681855
1762151172.9240978,4.416601815503583,0.24825112863357335,-5.573442371751488e-60,0.0,10.009808650979428,-0.2749869937267814,0.2749869937267814
1762151173.1879144,4.424585861181426,0.24315433740604267,-5.479549922525477e-60,0.0,10.012683880319068,-0.28391159673896005,0.28391159673896005
1762151173.409499,4.420684611581712,0.24671512334916562,-4.8814535835537065e-60,0.0,10.011876275769442,-0.2787054800127597,0.2787054800127597
1762151173.550098,4.407733461729621,0.2458352698877553,-3.787235842935648e-60,0.0,10.002092992657497,-0.2714669106044647,0.2714669106044647
1762151173.86899,4.426472179611248,0.2504590416360196,-4.9121670845310944e-60,0.0,10.018088099883537,-0.2793125665907616,0.2793125665907616
1762151174.149189,4.415008782241323,0.25326557219665163,-1.0033331762502625e-58,0.0,10.011459639979739,-0.2700502156225877,0.2700502156225877
1762151174.3385472,4.423371678772778,0.24698844789913216,-2.4144706899834786e-60,0.0,10.013947407657774,-0.2801406640199403,0.2801406640199403
1762151174.6149552,4.416864475850676,0.24418808083740645,-2.1318816359662082e-60,0.0,10.007737809191065,-0.2783577657332851,0.2783577657332851
1762151174.8835652,4.419437717599553,0.24581556372152785,-2.1243381956750097e-64,0.0,10.010484572174986,-0.27865021042733173,0.27865021042733173
1762151175.2317889,4.431857727101478,0.2453181060040101,-1.4851916767671474e-60,0.0,10.019060147297289,-0.2866799203673997,0.2866799203673997
1762151175.4695396,4.419011565458309,0.2456211936738524,-1.2012213941206263e-60,0.0,10.010071636100417,-0.2785422133208256,0.2785422133208256
1762151175.696342,4.417439485757241,0.24704363766443863,-1.0809399139919442e-60,0.0,10.009737026367208,-0.2764544607757059,0.2764544607757059
1762151175.8365777,4.41180717149506,0.2480033500594151,-9.74692842204137e-61,0.0,10.006230350537535,-0.2722440901742895,0.2722440901742895
1762151176.2199905,4.422686238841698,0.24612704270118446,-7.013371114702127e-61,0.0,10.012979343992619,-0.28039899581967087,0.28039899581967087
1762151176.3853595,4.418121603767197,0.24746269997649983,-4.2408774373643995e-59,0.0,10.010458524065639,-0.2765420348265147,0.2765420348265147
1762151176.632382,4.41217359463991,0.24528107939564625,-9.958917236853366e-60,0.0,10.004979356484489,-0.27462092511929226,0.27462092511929226
1762151176.9318075,4.430016755346902,0.24705593425754807,-3.979314418425227e-61,0.0,10.01871757167647,-0.28417683141716166,0.28417683141716166
1762151177.3101356,4.420937041332555,0.24249102065096878,-6.123645747902779e-61,0.0,10.009710167851209,-0.2821953920629583,0.2821953920629583
1762151177.7093472,4.424578221143632,0.24439725184090513,-4.55506331909325e-61,0.0,10.013368496851474,-0.2829262497129796,0.2829262497129796
1762151178.031435,4.415846224134692,0.24589671151179346,-2.14402465701106e-61,0.0,10.007957597003863,-0.27638357412501835,0.27638357412501835
1762151178.2883985,4.417373396350209,0.24563785481062517,-2.3183769283762265e-61,0.0,10.00890807942357,-0.27752429109694376,0.27752429109694376
1762151178.7669687,4.416000862161888,0.24642642597679773,-1.4203296494178172e-61,0.0,10.008362985322297,-0.2760598212397907,0.2760598212397907
1762151179.0452244,4.42170771998385,0.24253947589460184,-2.7487565099645773e-61,0.0,10.010287871612281,-0.28262993546012244,0.28262993546012244
1762151179.367955,4.413491703911449,0.24785560469354476,-1.0985930087993654e-61,0.0,10.007358013082055,-0.2733927299979752,0.2733927299979752
1762151179.73749,4.414878902368635,0.2426493455849225,-9.462145669255044e-62,0.0,10.005459403572148,-0.2783579573583233,0.2783579573583233
1762151179.984878,4.42020418158472,0.24497447573862693,-8.438148225734927e-66,0.0,10.010565373309822,-0.2797846560663325,0.2797846560663325
1762151180.3695204,4.413495871770253,0.24380287581782958,-5.325716503423529e-62,0.0,10.005107519341436,-0.27659921344528915,0.27659921344528915
1762151180.5270371,4.420494507803603,0.2494201116042522,-8.34753719745176e-62,0.0,10.013244975287726,-0.2764541920171466,0.2764541920171466
1762151180.8622353,4.412749721286574,0.2463980486350245,-4.042265069159984e-62,0.0,10.006014365170593,-0.27409039059422885,0.27409039059422885
1762151181.098373,4.417552252522314,0.24747126305695705,-5.9721069440365645e-61,0.0,10.010055622793487,-0.2761859344716374,0.2761859344716374
1762151181.5432634,4.410393971168961,0.24690059684157548,-3.565926892009873e-62,0.0,10.004600749467098,-0.2722510091127593,0.2722510091127593
1762151181.7043262,4.4215453604532335,0.248726630932965,-4.2095443448837994e-61,0.0,10.013610030684093,-0.2776470500729322,0.2776470500729322
1762151182.0000134,4.423654661884462,0.24735845119994893,-3.533776309840106e-61,0.0,10.014355034054518,-0.280022791245795,0.280022791245795
1762151182.5940456,4.41084457279083,0.24591044994584116,-5.934417636985396e-62,0.0,10.00437402078382,-0.27330988350952223,0.27330988350952223
1762151183.047167,4.410760257603366,0.24416286690771172,-8.561484713921e-63,0.0,10.003341760991306,-0.27464082247633165,0.27464082247633165
1762151183.3253155,4.41489781756772,0.2501859778021797,-7.500508850578403e-63,0.0,10.009664161553893,-0.27241366722321825,0.27241366722321825
1762151183.669378,4.427548824993579,0.2513334923875189,-8.337951862853679e-67,0.0,10.019341268334552,-0.27928714518972175,0.27928714518972175
1762151183.9738376,4.417498909103391,0.25239623981332093,-5.378083144945336e-63,0.0,10.012759278887088,-0.2722655514238582,0.2722655514238582
1762151184.3535213,4.416554131499428,0.2471200039877888,-5.003453982536027e-63,0.0,10.009145238016284,-0.2758511297451117,0.2758511297451117
1762151184.5095806,4.423917540218128,0.24423720701786822,-3.8876070209752646e-63,0.0,10.012808310021297,-0.2826465872603819,0.2826465872603819
1762151184.7013154,4.413249908541219,0.2506079784260913,-2.8813670284043444e-63,0.0,10.00871677235388,-0.27106974490371366,0.27106974490371366
1762151184.8163671,4.418508827951519,0.24668669903140786,-5.660910517866424e-62,0.0,10.010304165794954,-0.2773923769661646,0.2773923769661646
1762151185.0529854,4.4141533768255,0.245898027508756,-3.4383975954006026e-67,0.0,10.006744056783127,-0.2753453061243858,0.2753453061243858
1762151185.4435124,4.415491955553946,0.2460716310606932,-2.3997990409849468e-63,0.0,10.007800838449253,-0.276028235389913,0.276028235389913
1762151185.7076285,4.421136933556453,0.2482721474384757,-2.1311546149876236e-63,0.0,10.013065401648232,-0.2777546262573696,0.2777546262573696
1762151185.9266546,4.425715907601338,0.2432651041398845,-1.7882496007375958e-63,0.0,10.01355111380925,-0.28451853607301747,0.28451853607301747
1762151186.1239092,4.423499752668053,0.24739154659914384,-2.517424651532218e-62,0.0,10.01426290011162,-0.27990145316379406,0.27990145316379406
1762151186.5374906,4.424467586744091,0.24241244808647217,-1.347052324062436e-62,0.0,10.012187763727395,-0.2844243988295662,0.2844243988295662
1762151186.9485846,4.426290313264791,0.2452263272195509,-6.982508598395033e-64,0.0,10.015049389535776,-0.28332486075445656,0.28332486075445656
1762151187.2644825,4.41944168490651,0.2539758116021724,-7.30924024492205e-64,0.0,10.01502978127474,-0.27221374857616576,0.27221374857616576
1762151187.5349374,4.4181041314510425,0.24900446301885826,-5.9205355843491815e-64,0.0,10.011303782471783,-0.2753140992330869,0.2753140992330869
1762151187.8192313,4.4148260732696665,0.24770687578596337,-8.586899836184373e-63,0.0,10.008232784860605,-0.27432801562127024,0.27432801562127024
1762151187.9543908,4.413734331016546,0.24440097070647346,-4.697988333114545e-64,0.0,10.005611079104982,-0.2762722308785195,0.2762722308785195
1762151188.1755621,4.4209021316447314,0.25021192570664486,-3.851119093329359e-64,0.0,10.013977008880017,-0.27608007903754095,0.27608007903754095
1762151188.5011165,4.427004118334167,0.2438072298933869,-6.593367002224356e-64,0.0,10.014769873015306,-0.2848828609161354,0.2848828609161354
1762151188.6835015,4.417759410401844,0.25030402982744854,-2.833102190414438e-64,0.0,10.01178040447827,-0.27407665543651416,0.27407665543651416
1762151188.9792356,4.420513047272508,0.24959014189604245,-3.0255480606878898e-64,0.0,10.013352852994323,-0.27633144205538657,0.27633144205538657
1762151189.263958,4.424007850698474,0.24669733034675545,-7.376098666467942e-63,0.0,10.01423950453376,-0.2807613494832061,0.2807613494832061
1762151189.580458,4.420341131939298,0.24915951553166094,-3.1185905444047975e-63,0.0,10.012990319921737,-0.2765655569457752,0.2765655569457752
1762151189.838239,4.406965085239037,0.25009429511066705,-2.463096226486122e-63,0.0,10.003910352875495,-0.267626958795907,0.267626958795907
1762151190.0568538,4.412870484699292,0.2451311956563359,-2.0869912637446961e-63,0.0,10.005396664139052,-0.27516600256639673,0.27516600256639673
1762151190.4045773,4.428206503513011,0.24851693537047018,-1.0634573375994607e-64,0.0,10.018242330098612,-0.2819107864940987,0.2819107864940987
1762151190.6123254,4.4083924198555895,0.2491172049698435,-1.0236247938186715e-64,0.0,10.004394213532139,-0.2692730742040558,0.2692730742040558
1762151190.8086786,4.409351405000571,0.24212887062190527,-2.303491984289483e-64,0.0,10.00119790343578,-0.2753895205590823,0.2753895205590823
1762151190.9324715,4.41746415202649,0.2452567064026068,-6.59476399447012e-65,0.0,10.008761236741059,-0.27788103227014926,0.27788103227014926
1762151191.3005767,4.418917668336731,0.25149907345605965,-5.0723391188955995e-65,0.0,10.013274845534708,-0.27384509493761805,0.27384509493761805
1762151191.5182946,4.401976411887749,0.24341169975831395,-5.1351850390746834e-65,0.0,9.996590410771622,-0.2698726745888479,0.2698726745888479
1762151191.8211555,4.412368017911815,0.24861597710564246,-6.941516039002555e-64,0.0,10.006974278741644,-0.27210333608522874,0.27210333608522874
1762151191.9446778,4.414410835637402,0.24555896445821931,-4.37667023493803e-69,0.0,10.006740295785296,-0.27577101884369754,0.27577101884369754
1762151192.1805687,4.408742390837735,0.2520295254277059,-2.9814519129541786e-65,0.0,10.006268834271095,-0.26718433269459246,0.26718433269459246
1762151192.5932472,4.414304345013656,0.24675063555551024,-2.041758862207722e-65,0.0,10.007326539778928,-0.2747639091039007,0.2747639091039007
1762151192.8120086,4.4197673738902346,0.24562369287699076,-3.936358117541423e-64,0.0,10.01061374274926,-0.27900400283770876,0.27900400283770876
1762151193.0881262,4.417088840364472,0.24297652930116845,-3.176145434208215e-64,0.0,10.007225606693943,-0.27945270579330816,0.27945270579330816
1762151193.3918486,4.415335591001736,0.2472018611857351,-1.331549184875892e-65,0.0,10.008317267895835,-0.27503935163945814,0.27503935163945814
1762151193.7261133,4.416361644478791,0.24096673137112587,-2.096056193493927e-64,0.0,10.005588686853603,-0.28059613547270396,0.28059613547270396
1762151194.0608232,4.418803733321243,0.2493425939719054,-9.798141292731458e-66,0.0,10.01199265805391,-0.2754767543443244,0.2754767543443244
1762151194.3846815,4.417175700884168,0.24870223157865087,-8.791690931015751e-66,0.0,10.010470790360413,-0.27498287417352923,0.27498287417352923
1762151194.7510152,4.4222992036338935,0.24768646531413624,-6.801641621035325e-66,0.0,10.013569899249765,-0.2789308869459288,0.2789308869459288
1762151194.9898167,4.409536280083894,0.24889148639777245,-5.424102975552552e-66,0.0,10.005091842640576,-0.2701515750833455,0.2701515750833455
1762151195.1986713,4.419522254764645,0.24700664236763878,-8.253513374013079e-66,0.0,10.011207204340403,-0.2777617363842007,0.2777617363842007
1762151195.523867,4.413067380779838,0.24579479276109964,-4.181357797242444e-66,0.0,10.005907023411892,-0.27476184259874714,0.27476184259874714
1762151196.075839,4.422101344245726,0.24643783106132316,-3.191734932897053e-70,0.0,10.01273440818242,-0.2797944435903883,0.2797944435903883
1762151196.5715973,4.420794244004126,0.24985039475156187,-2.1960725322529384e-66,0.0,10.013698675344546,-0.276298943869082,0.276298943869082
1762151196.8789454,4.427797939674071,0.243386910258695,-1.6701443439085886e-66,0.0,10.015101804105704,-0.28570248230170153,0.28570248230170153
1762151197.1842859,4.416909943890374,0.24453112008813152,-2.0778613986998142e-66,0.0,10.007960987738283,-0.2781145643050091,0.2781145643050091
1762151197.4602203,4.42446551346917,0.24522868583096769,-2.0803968779865414e-65,0.0,10.013749898312149,-0.28220109062194765,0.28220109062194765
1762151197.750487,4.404533826151933,0.24394636260911046,-4.345318445932734e-66,0.0,9.998735163678683,-0.2710087125207793,0.2710087125207793
1762151198.048601,4.42404361461154,0.25043643464637083,-7.154344714302421e-67,0.0,10.016344694416912,-0.2778352007648414,0.2778352007648414
1762151198.4671485,4.426273349574847,0.24333900997108712,-3.417304578653795e-66,0.0,10.013989399645922,-0.2848028543638571,0.2848028543638571
1762151198.770466,4.424060683827841,0.25012533000974635,-1.0531098701544744e-65,0.0,10.016183723650256,-0.27809092802231156,0.27809092802231156
1762151198.982866,4.417944281510632,0.2536427855453419,-3.18400776630261e-67,0.0,10.013772867564096,-0.2715557728722299,0.2715557728722299
1762151199.3404596,4.420971557730262,0.24545187636322008,-1.2831545804898343e-66,0.0,10.011379248506904,-0.2798787661954375,0.2798787661954375
1762151199.6217864,4.422365185168204,0.24559990152149824,-5.014726974905588e-66,0.0,10.012457160374737,-0.28061771951076825,0.28061771951076825
1762151199.9635763,4.414524998960766,0.2470692438469328,-2.0278672300045867e-67,0.0,10.007662078678523,-0.27464732810495673,0.27464732810495673
1762151200.2535756,4.420775471323108,0.2420294711493556,-1.7540606849047382e-67,0.0,10.00933847898238,-0.2824608274145449,0.2824608274145449
1762151200.403429,4.412817159349559,0.24206265000224167,-2.9782684999709205e-66,0.0,10.003653414728728,-0.2775604380495002,0.2775604380495002
1762151200.7789702,4.423924399071374,0.24676330530115656,-1.6322735543367873e-71,0.0,10.014216640777665,-0.2806580113427622,0.2806580113427622
1762151201.0530834,4.428115087866276,0.25074169374381405,-2.0164217930938609e-66,0.0,10.019414823934108,-0.28010218343842475,0.28010218343842475
1762151201.3291736,4.4118508663976685,0.24621093836285113,-1.7202870878660178e-66,0.0,10.005264524623634,-0.2736880516360851,0.2736880516360851
1762151201.7014909,4.431489748879931,0.24851799316864312,-7.126459437723684e-68,0.0,10.020576572870974,-0.28393352006249534,0.28393352006249534
1762151201.9567165,4.428165592644811,0.247075736360885,-6.841234772158691e-68,0.0,10.017412093380981,-0.2830210605213826,0.2830210605213826
1762151202.2177725,4.411743565450247,0.24521981414070448,-1.071948131438587e-66,0.0,10.004636263977087,-0.2744062163867202,0.2744062163867202
1762151202.4319346,4.423588383617033,0.24248107262366916,-4.446541136821073e-68,0.0,10.011598500467088,-0.28383035222432235,0.28383035222432235
1762151202.756775,4.415548659331752,0.24350652397363567,-4.727166496235294e-72,0.0,10.00641592683489,-0.27809033684856554,0.27809033684856554
1762151203.1036859,4.424617896859343,0.25532474440799136,-3.3227847430629456e-68,0.0,10.0194773343551,-0.27433766349908406,0.27433766349908406
1762151203.3873165,4.4191716331312065,0.24574565599229675,-2.5915916890954826e-68,0.0,10.01025534741309,-0.27854213920731163,0.27854213920731163
1762151203.649555,4.418293747650764,0.24948871934505368,-2.4947047703770826e-68,0.0,10.01170902480304,-0.27504826630867985,0.27504826630867985
1762151203.8253968,4.433400680896943,0.2503892033746694,-1.940019720665367e-68,0.0,10.022972902834068,-0.2836401781663812,0.2836401781663812
1762151204.0715003,4.424445857736558,0.24796195751178426,-2.0136832773693334e-68,0.0,10.01525496919771,-0.28003341334514537,0.28003341334514537
1762151204.2902973,4.422059447182907,0.24808169793256132,-2.5314085763221844e-68,0.0,10.013618483116794,-0.27847175575545485,0.27847175575545485
1762151204.671247,4.419113539953261,0.2520859373214994,-1.971784525942251e-67,0.0,10.013741874172378,-0.27350250070719967,0.27350250070719967
1762151204.8667004,4.417729764505421,0.24545182967015544,-1.4073122130349051e-68,0.0,10.009059915754085,-0.27788976139369437,0.27788976139369437
1762151205.1935098,4.3558189712648,0.2454335533116125,0.6524937841562707,0.0,9.963946869031007,-0.2403338028606175,0.2403338028606175
1762151205.570601,4.532540911196903,0.4538708377270939,1.4714772560514835,0.0,10.212886593910461,-0.19214986370032536,0.19214986370032536
1762151205.8582237,4.881089364124682,0.8415671165169115,1.3701838556741244,0.0,10.697004157287411,-0.19137840662159805,0.19137840662159805
1762151206.2253716,4.997641609158597,1.3238673801455993,1.1756874101701775,0.0,11.146788818263621,-0.0522653658169562,0.0522653658169562
1762151206.425383,5.176632257814874,1.5060212703759819,0.9909666480157729,0.0,11.368706547296345,-0.15564202454540182,0.15564202454540182
1762151206.6498003,5.2117536656342285,1.6970984845019237,0.9606260150628736,0.0,11.544212055835226,-0.14443819058964388,0.14443819058964388
1762151206.8258028,5.195572924311705,1.8646799413004347,0.9651484271298877,0.0,11.69653406166058,-0.10692337704650282,0.10692337704650282
1762151207.1349325,5.070747220328137,2.1722662262249024,0.9433824443576128,0.0,11.996526827024859,0.02508565681718408,0.02508565681718408
1762151207.3690567,4.983085096093379,2.4100697849873023,0.974894549375877,0.0,12.256972734360117,0.07863872764357986,0.07863872764357986
1762151207.7350454,4.627616230496817,2.68217983902521,1.2937679471604544,0.0,12.73661370845775,0.2373245086324443,0.2373245086324443
1762151207.9737687,4.256664334018258,2.7513720346428348,1.4101351204378536,0.0,13.193006769503585,0.388440492273197,0.388440492273197
1762151208.3938231,3.654300006258242,3.1292949392287275,1.2315581306799779,0.0,13.996074048535263,0.15480497854833464,0.15480497854833464
1762151208.7092369,3.124246556403945,3.2041785266416314,2.2817510187045675,0.0,14.544052394277758,0.03958752411577986,0.03958752411577986
1762151208.9620957,2.41620592076949,3.0222977566923968,3.065682239814556,0.0,15.279719601062071,0.039819135450877556,0.039819135450877556
1762151209.3953152,1.10513120705457,2.662259735500976,2.214762534864817,0.0,16.627573304751163,0.1461943145746486,0.1461943145746486
1762151209.6534665,0.38904962960504513,2.7908737410138156,1.941265824077985,0.0,17.30864312665229,-0.15897905271539517,0.15897905271539517
1762151210.035779,0.5104887097969928,2.630470977741671,2.2369390016543322,0.0,17.230543191049595,0.02714512391579263,0.02714512391579263
1762151210.424557,0.7549860629745461,3.257536361507474,2.970486698341642,0.0,16.845868010765205,-0.5045658462217543,0.5045658462217543
1762151210.6415656,0.627826851281304,3.7650621622822618,1.9113569797464527,0.0,16.88674459818631,-1.026869194903284,1.026869194903284
1762151211.0741317,0.6054372394840566,4.083492532821784,-0.00029970714785252343,0.0,16.922174319802494,-1.336982494507513,1.336982494507513
1762151211.5399373,0.6707097210575031,4.096478603524895,-0.0002905219974103511,0.0,16.855829920489487,-1.3379934081698142,1.3379934081698142
1762151211.8523052,0.6604033853155341,4.090794073006403,-0.00023862274312334088,0.0,16.866731274830574,-1.3341546745620732,1.3341546745620732
1762151212.1955714,0.5304369285551536,4.059729389206691,-0.0031378509135300157,0.0,16.93371028839161,-1.3348258550968726,1.3348258550968726
1762151212.5556462,-0.907487702560908,3.6956381665688642,-0.00015875549598329603,0.0,18.666848267391494,-1.147988958418833,1.147988958418833
1762151212.8297071,-1.3477914088601664,3.65577887321016,-0.002117458945134139,0.0,19.151866856763583,-1.0924512629094103,1.0924512629094103
1762151213.173563,-1.3765917741141394,3.5937002945862524,-0.001714281512827084,0.0,19.180125098295495,-1.0288124138945531,1.0288124138945531
1762151213.4155557,-1.3766883608012603,3.5716513712475675,-1.0355444220004617e-08,0.0,19.178815405895875,-1.0067960955134418,1.0067960955134418
1762151213.6604521,-1.3840090557369151,3.556038330391339,-0.001228352552977132,0.0,19.185804053212337,-0.990777328592242,0.990777328592242
1762151214.0602465,-1.3802262585279523,3.564213751241271,-5.49247870321832e-05,0.0,19.182202388126964,-0.9991626916789492,0.9991626916789492
1762151214.4278877,-1.3787154044286527,3.562414839334808,-0.0007618979855732611,0.0,19.180437170499935,-0.9974561690936201,0.9974561690936201
1762151214.734244,-1.5349820746925738,3.549861205327749,-4.382459852479703e-09,0.0,19.34970067454072,-0.9745691256065943,0.9745691256065943
1762151215.0940578,-1.6618101728672283,3.576990088647156,-3.07748562086379e-05,0.0,19.49042617317242,-0.9915129726419029,0.9915129726419029
1762151215.3939679,-1.702500967670824,3.5898404721227424,-0.34850449799793154,0.0,19.535761163990244,-1.0007500216240726,1.0007500216240726
1762151215.6270537,-1.6248157628861546,3.5726039553093707,-0.14352309031842364,0.0,19.449451565531866,-0.9902464499154818,0.9902464499154818
1762151216.045255,-1.3712243828232449,3.4768543387289412,-0.10534714560756463,0.0,19.16687271714412,-0.9124792618013233,0.9124792618013233
1762151216.3958843,-0.7396703769443046,3.561466033330139,8.35883765738132e-06,0.0,18.480868779394505,-1.0149463246033166,1.0149463246033166
1762151216.6444154,-0.6214828570180081,3.5799014749952995,7.219437153153034e-06,0.0,18.351155764766663,-1.032573658816828,1.032573658816828
1762151217.0225706,0.018485292970283708,3.536654819686322,-0.15529124386868898,0.0,17.55401549280051,-0.9620720804810959,0.9620720804810959
1762151217.5369124,-0.635154637676231,2.7697554033669554,-2.261377718955117,0.0,18.375449235009075,-0.22263500850379075,0.22263500850379075
1762151217.7567685,-0.7821296409198878,2.362947514425206,-1.529860170877026,0.0,18.52427641054222,0.18359955277336729,0.18359955277336729
1762151217.9849267,-0.9433454735703394,2.2628094652747013,-0.604980214830281,0.0,18.681397132786515,0.28522169988657436,0.28522169988657436
1762151218.402334,-0.9867995295123839,2.23549545962067,0.00013468494147144062,0.0,18.723281968082457,0.31330386608060296,0.31330386608060296
1762151218.6216242,-0.15518238216275598,2.2303245787126875,0.00011404769471127023,0.0,17.914200274908016,0.3311392934221584,0.3311392934221584
1762151218.8903334,-0.009237138284764804,2.214346347338111,-0.13996256702863583,0.0,17.772656467631315,0.3552597064667893,0.3552597064667893
1762151219.1382437,-0.052903686610011644,2.1965917149998675,-0.8367237513426432,0.0,17.816526515362245,0.37041032394450013,0.37041032394450013
1762151219.451625,-0.32442764985356853,2.195356878507383,-1.3712215354448551,0.0,18.07979003173497,0.35881877743414387,0.35881877743414387
1762151219.6599164,-0.6417431056729362,2.2855305082770982,-1.087444584355684,0.0,18.386788949720753,0.2615016136843383,0.2615016136843383
1762151219.932195,-0.8037676899240317,2.407785966972545,-0.5827868719908773,0.0,18.545767666011646,0.13883459665087874,0.13883459665087874
1762151220.3098626,-0.7996013045385947,2.4320741200006113,1.5311735237361068e-08,0.0,18.5417454323891,0.11452941573741118,0.11452941573741118
1762151220.670661,-0.8338280139786916,2.436172025328862,0.00016958557445861914,0.0,18.575665309245665,0.11061715372722475,0.11061715372722475
1762151221.1697166,-0.8394211809237881,2.438414677546584,7.743799087698037e-05,0.0,18.58122194495902,0.10841438003148374,0.10841438003148374
1762151221.4495237,-0.836135123527445,2.4373353436212635,5.89558230233968e-05,0.0,18.577958767136018,0.10946996600188379,0.10946996600188379
1762151221.665845,-0.8239595060251728,2.43370754209296,9.392202407857514e-05,0.0,18.56587526161946,0.11301783693116174,0.11301783693116174
1762151221.8716695,-0.8327647311025901,2.4345727391067054,4.693994481591335e-05,0.0,18.57460132368354,0.11220913502035913,0.11220913502035913
1762151222.2288165,-0.8423692831636269,2.4347387183616966,0.0007864927305866664,0.0,18.584115031891553,0.11211229710380809,0.11211229710380809
1762151222.4852037,-0.8346195409336602,2.4362418368041245,3.858156008215707e-09,0.0,18.57644983683294,0.1105528169470443,0.1105528169470443
1762151222.9248803,-0.8277548642644954,2.4371392473275897,2.4579988256259107e-05,0.0,18.56965561754801,0.10960973423611643,0.10960973423611643
1762151223.1519413,-0.8189800937735686,2.4370253125995753,2.4215629265042737e-05,0.0,18.560962309888534,0.10967110456286103,0.10967110456286103
1762151223.578401,-0.8315467600041858,2.4395788827894616,1.924444840788707e-09,0.0,18.573428166304936,0.10719489729143666,0.10719489729143666
1762151223.7861545,-0.8252877062250493,2.4361357378861994,0.0009889227400050782,0.0,18.567205436909124,0.11059778304422818,0.11059778304422818
1762151224.0085468,-0.8350738909835732,2.438164107810372,0.00022631696076167137,0.0,18.576913194513875,0.10863375859984875,0.10863375859984875
1762151224.2533798,-0.8153777724962132,2.435187032848587,1.1122101179392494e-05,0.0,18.557384043365463,0.1114896791671613,0.1114896791671613
1762151224.538225,-0.8387316752164297,2.437739471660175,0.00014959322658137126,0.0,18.58053394803368,0.10908451435448031,0.10908451435448031
1762151224.7283568,-0.8318986200510239,2.4309366268853334,7.731109856973232e-06,0.0,18.57371935009182,0.11583931694961395,0.11583931694961395
1762151225.0380802,-0.8328135602444553,2.429660587111076,0.00019762131283577477,0.0,18.574616668811174,0.11712150532846767,0.11712150532846767
1762151225.498132,-0.8296223150330772,2.4366387890347925,4.854742941807487e-06,0.0,18.571502354073704,0.11012221482273313,0.11012221482273313
1762151225.8717086,-0.8288198444933612,2.436393990774502,6.39900577802982e-05,0.0,18.57070586609444,0.11036180107455697,0.11036180107455697
1762151226.220464,-0.8395164128074456,2.443036326322077,2.441873972076752e-06,0.0,18.58135002165576,0.10379355787739326,0.10379355787739326
1762151226.6210477,-0.8334976182083913,2.437338278473467,6.247628085141302e-05,0.0,18.575345948004568,0.10944865923645122,0.10944865923645122
1762151226.8216422,-0.8300810400227309,2.4381218684841115,2.510587739898472e-10,0.0,18.57196640054041,0.10864216843194417,0.10864216843194417
1762151227.0617058,-0.8250416705313507,2.4369878084378596,4.2981698538753256e-05,0.0,18.5669668973927,0.10974421717210149,0.10974421717210149
1762151227.3081033,-0.8275473676186198,2.440868026808218,2.9375383954334996e-05,0.0,18.56947349952745,0.10587971120151271,0.10587971120151271
1762151227.591173,0.29316940684371356,3.0314870247953842,2.2308237384280426e-05,0.0,17.348831115622378,-0.4154347732838176,0.4154347732838176
1762151227.9561691,-0.060802202735780776,3.0446322028522217,2.0799136996240922e-05,0.0,17.77387322037475,-0.4766243382249431,0.4766243382249431
1762151228.203073,-0.0920602279178698,3.0474539686491653,4.197482088352344e-05,0.0,17.805939832279073,-0.48128817842046673,0.48128817842046673
1762151228.574526,-0.06637589043849154,3.0443568112328543,1.255564814711248e-05,0.0,17.77973028565816,-0.47668265303838303,0.47668265303838303
1762151228.9143882,-0.055758095338532765,3.042479456698638,8.356137191188334e-07,0.0,17.768702522153465,-0.47417162231386323,0.47417162231386323
1762151229.2051308,-0.07604491628700728,3.047841343893409,6.145754963022813e-07,0.0,17.78954419739116,-0.4807341728866121,0.4807341728866121
1762151229.6319547,-0.07408884083282188,3.0406358654414403,3.637048708119748e-07,0.0,17.787982620546487,-0.4734257507021065,0.4734257507021065
1762151229.9773839,-0.07734502551967846,3.0457677926143534,2.3329973305025792e-07,0.0,17.791016744922548,-0.47874092873314533,0.47874092873314533
1762151230.3841944,-0.06088785750125225,3.0435746886781287,1.6433644517702075e-07,0.0,17.774034190532998,-0.4755738696457891,0.4755738696457891
1762151230.6269016,-0.07010202220609923,3.046371555566526,1.9266959604743901e-07,0.0,17.78348091290537,-0.4789153347898462,0.4789153347898462
1762151230.9447758,-0.06835085275917756,3.0499037485350096,1.6194017860208348e-07,0.0,17.781427193058764,-0.48233729033059014,0.48233729033059014
1762151231.3331752,-0.07696271466805825,3.046574662875166,2.0698571784821025e-06,0.0,17.790571596965755,-0.47952384941850684,0.47952384941850684
1762151231.6181774,-0.07561242319582633,3.0447501737077283,1.1617486171521792e-07,0.0,17.789294274623952,-0.47762286345402055,0.47762286345402055
1762151232.0181103,-0.08310203543307032,3.0445355412551485,9.36409485295355e-12,0.0,17.797004184128085,-0.4778496777920081,0.4778496777920081
1762151232.3251672,-0.06389477126716518,3.0440718201674137,5.454023316385666e-06,0.0,17.777154996636998,-0.47625014870416427,0.47625014870416427
1762151232.662936,-0.056098543190799405,3.0466465792110835,9.526993465168469e-07,0.0,17.768777366459528,-0.4783517078692103,0.4783517078692103
1762151232.9414904,-0.06319035682949858,3.044959586334599,9.62126736484886e-07,0.0,17.77635806359232,-0.477094214847357,0.477094214847357
1762151233.3934247,-0.07408865939320018,3.0472624537585653,6.157004472081842e-07,0.0,17.78755894108917,-0.48004074482359366,0.48004074482359366
1762151233.5307164,-0.07628364851868731,3.042623429408375,1.4749399056214837e-07,0.0,17.790121829186322,-0.47553943881777816,0.47553943881777816
1762151233.817598,-0.0767196298699059,3.0494904351313235,2.7944969366388095e-08,0.0,17.79013586638474,-0.48242020513559325,0.48242020513559325
1762151234.0782633,-0.06922115337670838,3.0459343846739673,1.1350829788036849e-07,0.0,17.782592987128755,-0.4784266504409516,0.4784266504409516
1762151234.404856,-0.07390678303011834,3.044639271194443,4.803798625247272e-08,0.0,17.78753862884545,-0.4774113980717943,0.4774113980717943
1762151234.6436603,-0.07491034293523896,3.040236235273616,1.3981870415482415e-08,0.0,17.788856568264027,-0.4730753467475018,0.4730753467475018
1762151234.8925564,-0.07735381796106086,3.0478450547728633,2.1940839427726112e-07,0.0,17.790894338307652,-0.4808150950653338,0.4808150950653338
1762151235.2621515,-0.05482810195608625,3.045452401522071,2.5902290671320878e-08,0.0,17.76751487857659,-0.4770828077686508,0.4770828077686508
1762151235.5592709,-0.0872698086022376,3.044786285063569,8.186996696354932e-09,0.0,17.801240699743186,-0.47834462985840404,0.47834462985840404
1762151235.7954373,-0.0628612539439618,3.0459257118066994,4.118857714481485e-08,0.0,17.775948656657498,-0.4780389196278131,0.4780389196278131
1762151235.9871602,-0.080212316013302,3.0499693439706306,1.1170931110401599e-07,0.0,17.793702502589515,-0.48310410533834824,0.48310410533834824
1762151236.3243866,-0.07264845169184371,3.044785030120907,7.301918428094829e-09,0.0,17.786226470770714,-0.47748247737486577,0.47748247737486577
1762151236.487036,-0.0743544319157015,3.0439363526812984,5.868969862590864e-09,0.0,17.78804649879873,-0.4767361648388804,0.4767361648388804
1762151236.810326,-0.05842719727997938,3.0399308894784585,9.5108535139228e-08,0.0,17.77169127983237,-0.4717887645964348,0.4717887645964348
1762151236.9780178,-0.06384315965476023,3.043647449475798,6.1889247106474995e-09,0.0,17.777129099986503,-0.47582345225230843,0.47582345225230843
1762151237.3216677,-0.06441286115878905,3.045088686289146,2.1772489110554848e-08,0.0,17.777629974904336,-0.47729614728407793,0.47729614728407793
1762151237.489947,-0.07211567092590579,3.0419780846542324,2.1261592651856362e-09,0.0,17.785854819065317,-0.4746489185020145,0.4746489185020145
1762151237.719287,-0.07980645288253463,3.044484696047772,1.651314073061035e-07,0.0,17.79362964291649,-0.4776050764630955,0.4776050764630955
1762151237.9745855,-0.06966493509165016,3.04380465174665,2.4097742777474305e-09,0.0,17.783193073830148,-0.47632701806402017,0.47632701806402017
1762151238.2510126,-0.04888948104597541,3.0401824679589917,3.69083941259319e-09,0.0,17.76157490724025,-0.4714608760716833,0.4714608760716833
1762151238.520241,-0.05603977508269463,3.0454578923057927,1.2419906307988496e-09,0.0,17.76879658027386,-0.47716164236852465,0.47716164236852465
1762151238.7934148,-0.06465166578538517,3.0473417010788943,2.3703701351834212e-08,0.0,17.777730696509426,-0.479559401792804,0.479559401792804
1762151238.9912705,-0.07142332606787544,3.0488169106401326,1.0549374072729792e-09,0.0,17.78469556979226,-0.48143473262573205,0.48143473262573205
1762151239.3516629,-0.05595164853718535,3.040931238598258,9.021733686419828e-14,0.0,17.769012771442128,-0.4726379417627331,0.4726379417627331
1762151239.5401013,-0.04871208502625829,3.0381611771641,1.1488586467359576e-08,0.0,17.761527820319223,-0.46943251381466855,0.46943251381466855
1762151239.8305464,-0.0739368116238323,3.044732542991915,4.211729574868328e-09,0.0,17.787563727563274,-0.47750628183937904,0.47750628183937904
1762151239.9960027,-0.08029630781534826,3.0474763533945133,8.430305786451053e-09,0.0,17.793945182521856,-0.48062038172923466,0.48062038172923466
1762151240.2510629,-0.06493347897928702,3.0448399917150946,2.556202708234755e-09,0.0,17.7781911555538,-0.47707897539120603,0.47707897539120603
1762151240.4950454,-0.07498038273519192,3.0453320208506716,3.36233176705523e-10,0.0,17.78860441435374,-0.4781663744129078,0.4781663744129078
1762151240.6627727,-0.0473220035138776,3.039882146190537,3.40456528258063e-10,0.0,17.759925489704887,-0.4710649512756008,0.4710649512756008
1762151240.9227571,-0.06574450377506023,3.039053614440269,3.299638367092974e-10,0.0,17.779419647759912,-0.4713512589988272,0.4713512589988272
1762151241.3104713,-0.07120017662700005,3.037764168701313,1.713515852060077e-10,0.0,17.78517709252408,-0.4703881848865246,0.4703881848865246
1762151241.5614805,-0.05609747512744726,3.022408545982112,1.760108089044609e-10,0.0,17.770422413563665,-0.45415786262643193,0.45415786262643193
1762151241.7941573,-0.08149831106143857,3.0221666478807525,1.5696952650229462e-10,0.0,17.796749527873533,-0.45542519624627376,0.45542519624627376
1762151242.0742786,-0.06479487791140706,3.0230477101348714,1.5624578812240652e-10,0.0,17.779477817375973,-0.4553172087078603,0.4553172087078603
1762151242.301858,-0.058724131370787136,3.0117036044100827,3.9417120458425244e-10,0.0,17.773891187269353,-0.44363037450143644,0.44363037450143644
1762151242.4864326,-0.07282486837637767,3.0165747608625475,9.365086726015639e-11,0.0,17.788207220879457,-0.4493320000422023,0.4493320000422023
1762151242.8602042,-0.059959233690277704,3.0147167362886056,7.763128640679024e-11,0.0,17.774982481853623,-0.4467121607542513,0.4467121607542513
1762151243.1006112,-0.05153088588385736,2.991581859571856,4.325010543942847e-09,0.0,17.76770223144666,-0.42311145253213733,0.42311145253213733
1762151243.431399,-0.058424288832607744,2.9805895555048165,9.904002179830207e-10,0.0,17.775622798109254,-0.4125543190786693,0.4125543190786693
1762151243.7676022,-0.025352870237655156,2.9898860157305513,3.5136430302777173e-10,0.0,17.73021168026655,-0.41979590849625453,0.41979590849625453
1762151244.073323,-0.08251418695533341,2.988033083345265,3.431387221692488e-11,0.0,17.799870072658386,-0.4214102028246623,0.4214102028246623
1762151244.4484375,-0.049815148864058356,2.9851669976984776,2.9025159369382623e-11,0.0,17.766334333249976,-0.4166043020869662,0.4166043020869662
1762151244.710669,-0.034459371892882416,2.9696469743371474,2.8087981609035592e-11,0.0,17.751200773712824,-0.4001670530088653,0.4001670530088653
1762151245.0492475,-0.048524896620888984,2.9702162679411055,2.0298492878240193e-11,0.0,17.76598704832838,-0.4016027935736238,0.4016027935736238
1762151245.302085,-0.0432665112582919,2.9748249386742933,2.9649815648516594e-10,0.0,17.760153087035675,-0.4058814672595523,0.4058814672595523
1762151245.6140826,-0.040441412438783006,2.958847429671311,1.083393609250522e-09,0.0,17.75827428678186,-0.3897603114534699,0.3897603114534699
1762151245.8703902,-0.04706928573886625,2.9608637288084174,1.3172470193929041e-11,0.0,17.765090832178238,-0.392179017082905,0.392179017082905
1762151246.0767953,-0.025837925159664633,2.9579113193920206,9.48619974033249e-12,0.0,17.73600756751757,-0.3879133625617738,0.3879133625617738
1762151246.415007,-0.038586572314467396,2.941436836924002,3.479881150480522e-11,0.0,17.757515944418934,-0.37226840367114145,0.37226840367114145
1762151246.6592612,-0.018024326642174675,2.9454097468848133,4.824527745048265e-11,0.0,17.730381867594318,-0.37493100416726616,0.37493100416726616
1762151246.8815901,-0.01813216307866962,2.943558706382212,1.0877810967716651e-10,0.0,17.730796041650652,-0.37309079097839387,0.37309079097839387
1762151247.184756,-0.03259685236398474,2.948864030096008,9.129793690459984e-12,0.0,17.75069150993632,-0.37930821299293155,0.37930821299293155
1762151247.4590929,-0.01662900526419263,2.947288564497974,4.186496320141471e-12,0.0,17.72869351838235,-0.37671450302918974,0.37671450302918974
1762151247.673746,-0.026525493906780127,2.9534895203554625,4.201280939485428e-12,0.0,17.737420933465934,-0.3835440329763473,0.3835440329763473
1762151247.9119186,0.0029590397329942743,2.9422081654486045,4.019379914516965e-16,0.0,17.710223154418216,-0.37031450423882784,0.37031450423882784
1762151248.1787817,0.003909633792067852,2.93567596380667,4.787859295821023e-11,0.0,17.71037214315896,-0.36373120684965515,0.36373120684965515
1762151248.4534247,0.00802817744675661,2.932403325256163,2.364945897056624e-12,0.0,17.706326340528296,-0.3601743269373275,0.3601743269373275
1762151248.599641,0.02288740847078735,2.935697653462202,2.8374426769744377e-12,0.0,17.68942949662143,-0.3623618043085853,0.3623618043085853
1762151248.8039021,0.0304358160195377,2.9476481903018947,3.242040380273547e-11,0.0,17.67964790703662,-0.3736882855006655,0.3736882855006655
1762151249.0752692,0.005649634151769111,2.9440900932203444,1.207314451626486e-10,0.0,17.707257052671643,-0.37200139988361147,0.37200139988361147
1762151249.404908,0.0020522477301143515,2.930138884603847,2.2810932629505502e-11,0.0,17.713124513649355,-0.3583379067814891,0.3583379067814891
1762151249.6755135,0.02662746617214219,2.946007882185403,1.0712326273121126e-12,0.0,17.684137863974787,-0.37235279308756364,0.37235279308756364
1762151249.8874767,0.018879411447800986,2.9385968059600738,1.0016763273513868e-12,0.0,17.69362719728586,-0.3655561293744363,0.3655561293744363
1762151250.2133849,0.01765208300328158,2.934901480232507,9.343407840908222e-13,0.0,17.695373028260974,-0.3619629663544708,0.3619629663544708
1762151250.4934673,0.03708085408698752,2.9360574768628163,4.868933618767507e-12,0.0,17.673376408313985,-0.3615998573765429,0.3615998573765429
1762151250.7230513,0.009434384501592102,2.9362621458695166,5.423426235327691e-13,0.0,17.704395484393366,-0.36392226098077113,0.36392226098077113
1762151250.9197059,0.011752987720197472,2.9422813355899913,5.592652056586114e-13,0.0,17.701226696154972,-0.369757680072587,0.369757680072587
1762151251.2495024,0.024326893434998383,2.942596873675313,4.593460196107181e-13,0.0,17.68709450573396,-0.3691303415130054,0.3691303415130054
1762151251.4895442,0.029897989312805438,2.9386201784147055,4.847531515298057e-13,0.0,17.681229376964946,-0.36473114320906397,0.36473114320906397
1762151251.691804,0.020600106459847865,2.9405050077226114,3.787056910537167e-13,0.0,17.691502982114038,-0.36732919844448236,0.36732919844448236
1762151251.8929224,0.026227153744717097,2.943302405107647,2.7547909199889054e-13,0.0,17.68487698203033,-0.3696866735116843,0.3696866735116843
1762151252.234807,0.03281629819587671,2.9436837542533176,1.494522952870721e-12,0.0,17.677378157220716,-0.36954640338910477,0.36954640338910477
1762151252.4366384,0.03576447164509406,2.9411613130877257,2.2756779378638115e-17,0.0,17.67430775529052,-0.36679404550594463,0.36679404550594463
1762151252.7453651,0.034272064505069484,2.9261277100944123,2.5484500571899494e-13,0.0,17.677632116054568,-0.3519299847597055,0.3519299847597055
1762151252.9119241,0.01424250279536578,2.9366017712281827,1.421182846891518e-13,0.0,17.699010005077138,-0.36391107453407556,0.36391107453407556
1762151253.2473903,0.029923155574027967,2.927522298763075,1.1953889877096095e-13,0.0,17.68237845188606,-0.3536656987804668,0.3536656987804668
1762151253.4299552,0.028234523888890445,2.939352261034703,1.2241641305784179e-17,0.0,17.68302965827106,-0.36559183619496727,0.36559183619496727
1762151253.662302,0.025914906981403175,2.9308383444695787,1.800297820543501e-12,0.0,17.686533961920087,-0.35728421412971884,0.35728421412971884
1762151253.9362452,0.01993836225364708,2.9430768672454866,8.899734646566506e-18,0.0,17.691982420706523,-0.3699437618421531,0.3699437618421531
1762151254.1640122,0.03642880010073902,2.9488517264474416,6.125452764984288e-14,0.0,17.67269696361639,-0.37440472804065456,0.37440472804065456
1762151254.4217792,0.06423852327684328,2.9277529010305803,5.335059449262678e-14,0.0,17.643298841430372,-0.35095355503544134,0.35095355503544134
1762151254.6230295,0.051028552194501954,2.9350096115331006,4.531477292485191e-14,0.0,17.65759658555646,-0.3593762933223702,0.3593762933223702
1762151254.8132138,0.0410970821155274,2.942038177828062,1.0793077604410678e-13,0.0,17.66813865406165,-0.36722850786585304,0.36722850786585304
1762151255.185339,0.009815866125542685,2.9311260407244166,3.312245560091596e-14,0.0,17.7044669720797,-0.358771980294567,0.358771980294567
1762151255.3337762,0.010526876883232983,2.9326675902439483,3.4031964140265023e-14,0.0,17.703529418925033,-0.3602582086621448,0.3602582086621448
1762151255.5639362,0.03209045775880128,2.935990177843772,2.369695188082622e-14,0.0,17.67903422822457,-0.3619354445097581,0.3619354445097581
1762151255.6952863,0.05051714986753186,2.9357776625174155,4.2213162204576586e-13,0.0,17.658092027306424,-0.36018614272891775,0.36018614272891775
1762151255.8671458,0.04300561487439905,2.940605808483646,2.6140942663249533e-18,0.0,17.666123197176418,-0.3656410647630076,0.3656410647630076
1762151256.196389,0.035818446845032735,2.937979073013261,2.131837473544723e-18,0.0,17.674596914892422,-0.3636179123521599,0.3636179123521599
1762151256.4133673,0.031136587588264764,2.9358501997062145,3.001710467364256e-13,0.0,17.680126865925857,-0.3618717777911686,0.3618717777911686
1762151256.5928042,0.03228777516136269,2.9391792290890217,2.3322616983890297e-13,0.0,17.678466837131094,-0.36509860809552613,0.36509860809552613
1762151256.802084,0.04160472732455858,2.937356409170102,1.153783536648217e-14,0.0,17.66808954149734,-0.3625206462490809,0.3625206462490809
1762151257.1351004,0.0003986337043256134,2.9411374765586693,1.7873168653095572e-13,0.0,17.71292596677888,-0.36942565610000566,0.36942565610000566
1762151257.4312727,0.015737409336765772,2.9364203039587022,6.996265157052724e-15,0.0,17.697359837359784,-0.3636198386845238,0.3636198386845238
1762151257.609281,0.04237170265756947,2.931678143845523,8.702780054956602e-19,0.0,17.66785656189861,-0.3567980757291415,0.3567980757291415
1762151257.814256,0.036190928467431716,2.931052377401443,1.0779961625244176e-13,0.0,17.67493319050898,-0.35668377507159105,0.35668377507159105
1762151257.862642,0.03430360664856182,2.931244036269436,7.451763684330121e-19,0.0,17.67704559962877,-0.3570272847980829,0.3570272847980829
1762151258.0949278,0.04398426092791378,2.936359397231156,1.0031640428104448e-14,0.0,17.665490941630196,-0.36132716298001505,0.36132716298001505
1762151258.3169897,0.031086326345317973,2.939006089005588,5.581073411874088e-19,0.0,17.679844861272688,-0.36502172689497664,0.36502172689497664
1762151258.5739267,0.0316797653073934,2.9340256631734563,4.309819356721739e-15,0.0,17.679709069752313,-0.36000984336158137,0.36000984336158137
1762151258.8750598,0.04322685089393023,2.948071939831109,6.257259422296186e-14,0.0,17.66501287766638,-0.3730619264918764,0.3730619264918764
1762151259.0147943,0.02909551382671979,2.9364743972400094,3.158210265191047e-15,0.0,17.682363807848517,-0.36265524058761267,0.36265524058761267
1762151259.2654977,0.01898217810313416,2.9394447443059,4.364407795977559e-14,0.0,17.693425993173122,-0.36639396268256785,0.36639396268256785
1762151259.5271645,0.032766987878949036,2.937495424123391,4.25626696084947e-15,0.0,17.678106721231963,-0.36338185947797547,0.36338185947797547
1762151259.7440026,0.04492997488192584,2.9357608690458217,1.467695652562946e-15,0.0,17.664480673391633,-0.36065065771950705,0.36065065771950705
1762151259.9505725,0.05460495794070185,2.937813527739987,1.280324570661114e-15,0.0,17.65315857828528,-0.3618529084745521,0.3618529084745521
1762151260.2165654,0.009389468037447866,2.94667416194368,1.1866054492184416e-15,0.0,17.703139552657547,-0.3743106356441124,0.3743106356441124
1762151260.4305983,0.03379551472379337,2.942090119946692,1.2333000343098821e-15,0.0,17.67644118163619,-0.3678791802668754,0.3678791802668754
1762151260.651532,0.024545397661950682,2.9501400347421805,6.746194863329256e-14,0.0,17.686053766809728,-0.3766342041019527,0.3766342041019527
1762151260.8433628,0.0008477647139878703,2.9433862441547323,5.679384012295837e-15,0.0,17.7121091065149,-0.37163777400214787,0.37163777400214787
1762151261.04878,0.01696953420765059,2.9252199219757014,2.1191286698769514e-14,0.0,17.69709698996134,-0.3523588754328737,0.3523588754328737
1762151261.4190948,0.04312008372124141,2.936756756016713,7.869756800023516e-20,0.0,17.66643093787768,-0.3617960068008917,0.3617960068008917
1762151261.633874,0.019996995307196175,2.941010310872763,5.350688577768246e-16,0.0,17.692128239520223,-0.36787865987777657,0.36787865987777657
1762151261.8155901,0.026976751430884998,2.947726087768461,5.00495126650819e-16,0.0,17.683559676361565,-0.37403850578263986,0.37403850578263986
1762151262.046986,0.011512195934176498,2.938343102756866,6.384587341347304e-16,0.0,17.70188176647032,-0.3658473909940485,0.3658473909940485
1762151262.3767111,0.02009795504219956,2.942767963817169,5.115915076856049e-16,0.0,17.691834828040403,-0.36962367856583755,0.36962367856583755
1762151262.5808353,-0.004068355422898606,2.9317368339892522,3.056047907603074e-16,0.0,17.718894133625536,-0.3603550255913879,0.3603550255913879
1762151262.8067844,0.024553250217813186,2.945699132855955,3.246752626046164e-20,0.0,17.686513648373534,-0.3722059284318202,0.3722059284318202
1762151263.041911,0.0171035411010409,2.9412114060127204,2.0601048051273785e-16,0.0,17.695351888657704,-0.36829628437747025,0.36829628437747025
1762151263.3116777,0.03672973599471743,2.9423088081360715,2.366161869729697e-20,0.0,17.67308353055646,-0.3678590415985782,0.3678590415985782
1762151263.6388276,0.03542255155365942,2.9408787084405894,2.687586885042785e-15,0.0,17.674727244976307,-0.36654014965998427,0.36654014965998427
1762151263.861072,0.023935439371520192,2.944091527096658,3.5234581485311026e-16,0.0,17.687379262986553,-0.37065071651896353,0.37065071651896353
1762151264.185295,0.054418274215666196,2.93384359820873,1.493998791790815e-16,0.0,17.653848577316875,-0.35791542336787024,0.35791542336787024
1762151264.4565272,0.04772428915308109,2.939334543406556,1.0408957774268444e-16,0.0,17.660874271207735,-0.3639721015762753,0.3639721015762753
1762151264.7276464,0.02153771887366746,2.933485448567653,1.6812666995999215e-15,0.0,17.691169342899986,-0.36025871007796606,0.36025871007796606
1762151264.8765678,0.02627662164410652,2.9340484518467114,1.3409143881633104e-16,0.0,17.68579352239913,-0.36045671975534843,0.36045671975534843
1762151265.2387094,0.01084392639197308,2.9438004227592076,9.752605806406837e-16,0.0,17.702091585373662,-0.37133889228342987,0.37133889228342987
1762151265.5499055,0.009381505108117203,2.9357353016387178,2.9475847245427182e-15,0.0,17.704505103327808,-0.3634005900100835,0.3634005900100835
1762151265.7706778,0.03335619759330364,2.9374914340186282,5.12948863440505e-17,0.0,17.677440313042844,-0.3633306630915808,0.3633306630915808
1762151266.0419073,0.03948207971278051,2.9372634678486262,3.365395467754771e-17,0.0,17.6705154561953,-0.3626044623424367,0.3626044623424367
1762151266.4475677,0.06800797557194203,2.9405210898394025,2.3108348686356016e-15,0.0,17.630235500472182,-0.36332062737949655,0.36332062737949655
1762151266.9217198,0.030727223759509016,2.945276760731487,3.7269395452584556e-16,0.0,17.67957452047737,-0.37130117202527824,0.37130117202527824
1762151267.1952484,0.019821587912876384,2.941977547027668,3.043923437223693e-16,0.0,17.692226180357142,-0.3688563872948104,0.3688563872948104
1762151267.5793235,0.0190868795838375,2.939664875290017,1.3776502871087715e-17,0.0,17.693286271668377,-0.36660560480381416,0.36660560480381416
1762151267.8668396,0.044824325276504616,2.9381143595985613,1.8927203032333892e-16,0.0,17.664331572317757,-0.36300464157647,0.36300464157647
1762151268.0483265,0.06779199781055686,2.936232895899465,1.013322588582801e-17,0.0,17.631343340012698,-0.3590717392115388,0.3590717392115388
1762151268.485079,0.02565728312674608,2.931126409965753,7.115898993804724e-18,0.0,17.686793225443562,-0.3575913241562457,0.3575913241562457
1762151268.8284473,0.03551070565586463,2.9363353808513613,7.179970716782148e-22,0.0,17.67512610900226,-0.36200459514853484,0.36200459514853484
1762151268.9779532,0.040703650773209504,2.939259037574908,1.3357698708502662e-16,0.0,17.66890128330045,-0.3644918220379813,0.3644918220379813
1762151269.208542,0.018753680835941835,2.9463134365820753,4.274666112180402e-18,0.0,17.692981848403186,-0.3732604613952502,0.3732604613952502
1762151269.404979,0.03448633413718862,2.9419720947499375,3.603749608181179e-18,0.0,17.67567001064043,-0.36770578921459773,0.36770578921459773
1762151269.6877782,0.034741250190976423,2.940288085387309,5.851634569176702e-17,0.0,17.675565489803443,-0.36600666406914384,0.36600666406914384
1762151269.866627,0.038751209712494225,2.937080672657314,5.4638473859484245e-17,0.0,17.671366608762998,-0.3624826074992399,0.3624826074992399
1762151270.2006054,0.028527247025084305,2.9387224162649415,2.916989990780832e-18,0.0,17.682766184929452,-0.36494096891861283,0.36494096891861283
1762151270.5596733,0.016009161482316705,2.9437371950883455,2.277595647282447e-18,0.0,17.696323079591203,-0.3708965224566634,0.3708965224566634
1762151270.9598095,0.028898129607715446,2.940579413023121,2.2332814346004942e-17,0.0,17.68214970436497,-0.3667631073384762,0.3667631073384762
1762151271.2662077,0.04886934453612939,2.9364198129215633,6.946978032282497e-17,0.0,17.65990341825033,-0.3609692512319955,0.3609692512319955
1762151271.6345816,0.048987360118813675,2.9537707883551274,1.1789425606672152e-18,0.0,17.65771728771351,-0.37824432183255213,0.37824432183255213
1762151271.9028313,0.03024905296581856,2.939031902773289,1.1104914144353615e-18,0.0,17.680788639356006,-0.3651138336741611,0.3651138336741611
1762151272.2383356,0.015796154918546045,2.937083104404801,7.111929603647127e-19,0.0,17.69722818918506,-0.3642764791357099,0.3642764791357099
1762151272.61081,0.024719764926906557,2.9345204585387337,1.2525425920207104e-18,0.0,17.687493911405944,-0.3610475790796451,0.3610475790796451
1762151273.005632,0.04112877577349517,2.9377144087736373,6.0795687486141145e-19,0.0,17.668591164840198,-0.3629171278665456,0.3629171278665456
1762151273.373873,0.036438076354842974,2.9358465599429144,3.263018308688488e-19,0.0,17.674128573168197,-0.3614420523363221,0.3614420523363221
1762151273.8428311,0.03793829287479394,2.9431641009964764,3.088209040444725e-23,0.0,17.67161271105907,-0.3686123708833578,0.3686123708833578
1762151274.3671887,0.003347410859797077,2.9400472754044102,1.7318788616436835e-19,0.0,17.710199560880046,-0.36813150122828364,0.36813150122828364
1762151274.6330252,0.03282314000578717,2.9357850114880417,3.0253248766550676e-19,0.0,17.678228115921456,-0.3616724206288822,0.3616724206288822
1762151274.944013,0.009280038325861177,2.9426091809062846,2.3119755069882246e-18,0.0,17.703923489622248,-0.3702639749893996,0.3702639749893996
1762151275.244124,0.014757718824928366,2.9374834061618507,1.0856888046300265e-19,0.0,17.698347798851522,-0.36475239731739006,0.36475239731739006
1762151275.8501155,0.005886826771823552,2.9402430042467764,1.2787803021218888e-18,0.0,17.70766295752648,-0.3681469672682705,0.3681469672682705
1762151276.0592263,0.02972378693284944,2.9444893872506035,1.060193578938411e-18,0.0,17.68079663062067,-0.37059582375485295,0.37059582375485295
1762151276.335457,0.040607792846912266,2.941473366038235,8.822134010033975e-19,0.0,17.66876066330701,-0.3667064658287204,0.3667064658287204
1762151276.5426354,0.042823098600096615,2.9345512684463353,4.37997399236302e-20,0.0,17.667019217038355,-0.3596232752942393,0.3596232752942393
1762151276.7496347,0.051908530912975606,2.944009587125467,4.813743985942469e-24,0.0,17.655517979645495,-0.3682640814212488,0.3682640814212488
1762151276.9135413,0.03547393777767307,2.93234154422941,3.481770499665604e-20,0.0,17.675603710019736,-0.3580268159818491,0.3580268159818491
1762151277.3382745,0.03849152755125349,2.9382199866257697,2.9862575416094614e-20,0.0,17.671534910670452,-0.3636394474017882,0.3636394474017882
1762151277.5937293,-0.005768113197432921,2.9395630355875957,4.082641177749524e-19,0.0,17.719268675789063,-0.3682794309021533,0.3682794309021533
1762151277.7734175,0.012100677673522997,2.941248682668283,2.0170897896666134e-20,0.0,17.70094048265789,-0.3687024142495477,0.3687024142495477
1762151278.009223,0.02298498954559406,2.9390268703138287,1.7372733539777096e-20,0.0,17.688976264260074,-0.3656738574960653,0.3656738574960653
1762151278.501916,0.028028341583077845,2.9345484715667522,1.1966035620603742e-20,0.0,17.68377015055468,-0.36081887530654333,0.36081887530654333
1762151278.8255837,0.026327874702193298,2.9436109313502197,9.947286266243734e-21,0.0,17.68473063092579,-0.3699864342847294,0.3699864342847294
1762151279.4728706,0.022196482927607526,2.94166314486472,1.223090557915534e-19,0.0,17.68958998190531,-0.3683626854407852,0.3683626854407852
1762151279.6854558,0.024759450785927006,2.9377543694825863,5.847473864922143e-20,0.0,17.68711317352853,-0.36426885583127355,0.36426885583127355
1762151280.1411808,0.0002396671370893277,2.9357538680574766,5.549104038086182e-21,0.0,17.71397804655151,-0.36406583374230983,0.36406583374230983
1762151280.4688873,0.002650591830961993,2.940864666228855,7.098807310783189e-20,0.0,17.710750739047622,-0.3689959391264076,0.3689959391264076
1762151280.6725428,0.04108845701551406,2.9377234912653147,5.659439266636756e-20,0.0,17.668636050461622,-0.3629295401609245,0.3629295401609245
1762151280.8581173,0.04505591375011139,2.937955971325121,3.657372509383852e-21,0.0,17.6640852742248,-0.36282713950030726,0.36282713950030726
1762151281.0846167,0.025688978054398244,2.9411232933002447,4.499913115396381e-20,0.0,17.6857138563482,-0.36755589341142253,0.36755589341142253
1762151281.3884816,0.046435079388012994,2.931453300859537,5.401988334302885e-20,0.0,17.663257712496982,-0.3562305221216991,0.3562305221216991
1762151281.5236437,0.05435184991952004,2.9406891645925,1.860058319869259e-21,0.0,17.653103746757587,-0.3647396884637269,0.3647396884637269
1762151281.8821344,0.04457863514272319,2.937173562913607,1.4169927987428621e-21,0.0,17.66471987910405,-0.36208808595783576,0.36208808595783576
1762151282.1093893,0.04029061455119885,2.940308615152863,1.3971002366390582e-21,0.0,17.6692535840508,-0.36557213202877314,0.36557213202877314
1762151282.3304427,0.03213224615680442,2.9250357469307544,1.1498630455123348e-21,0.0,17.680157465764637,-0.35101231665002114,0.35101231665002114
1762151282.581871,0.012507549696259045,2.9381219393518134,9.556048354621025e-22,0.0,17.700794467483647,-0.36555428724469097,0.36555428724469097
1762151282.7722423,0.034569866741507235,2.9377673062583782,1.018331745038109e-21,0.0,17.676035695142893,-0.36350795130786195,0.36350795130786195
1762151282.9621687,0.03398346053849383,2.941241803828271,8.154104323529442e-22,0.0,17.676320771666166,-0.3670184677267718,0.3670184677267718
1762151283.3192933,0.036403532782078064,2.9450796004226865,7.317277285347874e-22,0.0,17.673146722580892,-0.37064725408735216,0.37064725408735216
1762151283.5343492,0.015327021016471232,2.9365662072847454,9.484898836427382e-21,0.0,17.697803461777738,-0.36379568409795926,0.36379568409795926
1762151283.712729,0.04566158746610677,2.939586542490935,5.35000771013551e-22,0.0,17.663205357546218,-0.3644001883630693,0.3644001883630693
1762151283.9249742,0.01873062929483508,2.9390160074935103,4.499446402829675e-22,0.0,17.6937513688851,-0.36598531922758654,0.36598531922758654
1762151284.1287973,0.022097816652650763,2.93867351247923,7.330587046458697e-21,0.0,17.690009480874597,-0.36538924345596374,0.36538924345596374
1762151284.2742689,0.024881004774534764,2.9316845490003502,5.903025177024972e-21,0.0,17.687606520266055,-0.3582076461068844,0.3582076461068844
1762151284.7610214,0.02885196360676325,2.936912883006402,5.0006077148126666e-21,0.0,17.682591958660744,-0.3631115114569513,0.3631115114569513
1762151285.1035428,0.03691653858891968,2.9358095302791973,2.0597377186858184e-22,0.0,17.673590106300246,-0.36136614959837565,0.36136614959837565
1762151285.4403155,0.02568432371215024,2.9368792654562044,1.9619358145252165e-26,0.0,17.68616398980492,-0.3633249298388219,0.3633249298388219
1762151285.7393246,0.007873201714189988,2.939949546870101,1.134740773012512e-22,0.0,17.70575304824467,-0.3677123429064764,0.3677123429064764
1762151285.98851,0.018878458032983852,2.933571767464529,1.3775792416610256e-22,0.0,17.69413606094951,-0.3605452755936929,0.3605452755936929
1762151286.2339313,0.026843803071053825,2.9297706047871417,2.1128477925075226e-21,0.0,17.685602234693558,-0.35614773043413644,0.35614773043413644
1762151286.5175679,0.015682852272117354,2.9348322940009397,8.309783483331846e-23,0.0,17.697578686431026,-0.36204020079853183,0.36204020079853183
1762151286.7136035,0.03866925976258986,2.9312548269360357,8.437828563629376e-23,0.0,17.67210527900576,-0.3566831920796135,0.3566831920796135
1762151286.9823694,0.04504042505025223,2.9310407019562517,6.602396593905845e-23,0.0,17.664893295032652,-0.35593809508104973,0.35593809508104973
1762151287.3510795,0.019249795036743293,2.9397158215393238,5.155921459538354e-23,0.0,17.693098459281217,-0.3666441561804368,0.3666441561804368
1762151287.6043508,0.03632376635697129,2.945637414308639,4.694670812345369e-23,0.0,17.673175457904946,-0.37120972602545976,0.37120972602545976
1762151287.7849915,0.0277170581457523,2.943247203466779,6.301843070119869e-22,0.0,17.683199949611637,-0.3695153861870574,0.3695153861870574
1762151288.071818,0.048434104557960815,2.945624519380831,3.0517045143983974e-23,0.0,17.659322419512677,-0.370177115948831,0.370177115948831
1762151288.457753,0.02158495158606242,2.941595871454457,4.5749084857947356e-23,0.0,17.690284486917687,-0.3683421909069272,0.3683421909069272
1762151288.7194748,0.05555091354177812,2.9283530925709966,3.754641773352107e-22,0.0,17.65320487196517,-0.3523457006145997,0.3523457006145997
1762151289.0014403,0.03827104759520298,2.9297379481098575,2.0639785713585956e-27,0.0,17.672723358115917,-0.35520408429046146,0.35520408429046146
1762151289.3827364,-0.00308696474549817,2.947120704775991,8.579934833478592e-22,0.0,17.715367978034102,-0.3756364053556152,0.3756364053556152
1762151289.6402164,0.00994123743921705,2.9314077777956125,1.3767562756751615e-27,0.0,17.704300827372787,-0.3590439515628989,0.3590439515628989
1762151289.868866,0.01697566470967492,2.9360162681529705,6.512670427756437e-22,0.0,17.696017133264938,-0.3631250479426801,0.3631250479426801
1762151290.0870583,0.021019953236510902,2.9445659191621134,9.973789450837291e-24,0.0,17.69061325842748,-0.3713466217688461,0.3713466217688461
1762151290.330917,0.007788177802741158,2.9437320147895547,2.229624347192293e-22,0.0,17.70520784063153,-0.37149135469423267,0.37149135469423267
1762151290.6122427,0.010345213528308033,2.933704847242532,1.0995598282100942e-23,0.0,17.703630878286642,-0.36130589057983586,0.36130589057983586
1762151290.814768,0.023053372120355273,2.9341517283208325,9.304846530500846e-23,0.0,17.68940235628201,-0.36080770519268596,0.36080770519268596
1762151290.999619,0.017073372497335853,2.9341955123186576,5.076302686935434e-23,0.0,17.69609011799963,-0.36130205261874737,0.36130205261874737
1762151291.3276691,0.04657230508586879,2.9409768366949707,4.629600549041675e-24,0.0,17.662002248375185,-0.36570744182582987,0.36570744182582987
1762151291.4888098,0.03221768590880334,2.9378086631087417,6.102183156894954e-23,0.0,17.67869431499218,-0.3637380029508106,0.3637380029508106
1762151291.7903023,0.040461538614078196,2.937978165171851,6.403254249574951e-23,0.0,17.66932110652407,-0.36323551450186226,0.36323551450186226
1762151292.0423822,0.021755940249011483,2.9455446841299437,4.495837696584311e-23,0.0,17.689683492674888,-0.37226655597428343,0.37226655597428343
1762151292.3267345,0.004433953301440137,2.9461165338101933,3.5769399059081506e-23,0.0,17.708118794728346,-0.37410919847839713,0.37410919847839713
1762151292.5896878,0.035655162768666954,2.934435671893454,2.4797231878378243e-24,0.0,17.675170240511267,-0.3600994091182751,0.3600994091182751
1762151292.86983,0.02205019179019598,2.9457872166870307,6.507058819212654e-24,0.0,17.689326868710303,-0.372485936730641,0.372485936730641
1762151293.0505395,0.035670331542103424,2.9388902689068312,1.3802915783168377e-24,0.0,17.67466479419904,-0.3645381369281284,0.3645381369281284
1762151293.344933,0.03050335643213741,2.943006064027627,1.2018011923576946e-24,0.0,17.680073666596265,-0.3690553979277593,0.3690553979277593
1762151293.5206,0.030129761129073257,2.931755945385028,1.3082163933126023e-24,0.0,17.681698706518777,-0.3578699611246655,0.3578699611246655
1762151293.74104,0.036200395365957025,2.931496814394327,5.145591576949996e-24,0.0,17.67487401112449,-0.35712598153572944,0.35712598153572944
1762151293.9690654,0.037392094995698094,2.9371166191005647,9.071973453807395e-25,0.0,17.672906259109627,-0.3626300210978987,0.3626300210978987
1762151294.4117968,0.014777115090807369,2.938911014371724,5.075602797669016e-25,0.0,17.69818428031955,-0.3661747025611111,0.3661747025611111
1762151294.672434,0.0299331607365583,2.9258892388718563,8.044572588383935e-24,0.0,17.682538954960673,-0.35203689498479435,0.35203689498479435
1762151294.8733528,0.0439376947734918,2.928415116505634,8.675812743669535e-24,0.0,17.666444534704915,-0.3534150652538037,0.3534150652538037
1762151295.1479316,0.03582661176625368,2.939048438629868,3.614401496079484e-25,0.0,17.674470048099217,-0.36468309003088856,0.36468309003088856
1762151295.4377694,0.037046799254215744,2.9429702482950417,3.559539427975775e-29,0.0,17.672649266562562,-0.3684923329129761,0.3684923329129761
1762151295.7936206,0.06282410991345405,2.935940062282158,3.5110652239995753e-25,0.0,17.643912922487534,-0.359237104522977,0.359237104522977
1762151295.984157,0.03339454775636003,2.9434582382507672,2.0249686700278427e-25,0.0,17.676746517904594,-0.3692751542844326,0.3692751542844326
1762151296.4876108,0.03407202721097372,2.940191088638601,1.4152217458012088e-25,0.0,17.676335229118017,-0.36596402138408485,0.36596402138408485
1762151296.700416,0.031144578527424662,2.9333425385479357,1.2005958005376112e-25,0.0,17.68038603684033,-0.3593713597965081,0.3593713597965081
1762151296.910075,0.03239691882000925,2.934449805363666,5.702114198004297e-25,0.0,17.678853718357548,-0.36037552180075044,0.36037552180075044
1762151297.1448364,0.026303381901283108,2.927335561200559,1.7044304416706094e-24,0.0,17.686461131766393,-0.3537618501967957,0.3537618501967957
1762151297.3141272,0.020699048662515568,2.937956261805214,1.048087873725426e-25,0.0,17.691652844978183,-0.3647802508591607,0.3647802508591607
1762151297.5772638,0.04045137525240248,2.9404322489728876,8.375536944278629e-26,0.0,17.669056471908924,-0.3656819709970743,0.3656819709970743
1762151297.8340662,0.006168386155456969,2.934190031028796,2.6480020864408027e-25,0.0,17.708216384339316,-0.36208909658936567,0.36208909658936567
1762151298.1114676,0.006568513130434411,2.93921890345733,1.0857275918533204e-24,0.0,17.7071610784228,-0.36707685226031966,0.36707685226031966
1762151298.3061285,0.037500839848687205,2.9388841302647877,4.4533340103563694e-26,0.0,17.67258699702911,-0.3643827112195475,0.3643827112195475
1762151298.6289203,0.03800131288800961,2.940131722152337,1.8474108399219421e-25,0.0,17.671879400502412,-0.36558504346744347,0.36558504346744347
1762151298.965408,0.009581460442310404,2.9341786459022123,1.4239053174896132e-25,0.0,17.704433218601306,-0.36183356323232424,0.36183356323232424
1762151299.323193,0.02397338285148365,2.9414230224389626,2.5760177061101033e-26,0.0,17.68761537763661,-0.3679871736619175,0.3679871736619175
1762151299.5862684,0.026047290952283732,2.936728884836492,3.931296093354201e-26,0.0,17.68577126855242,-0.36314688942973306,0.36314688942973306
1762151299.6905994,0.027839613589976386,2.9381438573911773,2.0637058937676895e-26,0.0,17.68360323689388,-0.36441804585456783,0.36441804585456783
1762151299.8273773,-0.0003143910924577515,2.9425397300020326,1.7923695067003445e-26,0.0,17.71339585881323,-0.37087422222376626,0.37087422222376626
1762151300.1588516,0.006945727175069759,2.933675674476029,1.3338865306149825e-26,0.0,17.707404329874507,-0.3615207287506591,0.3615207287506591
1762151300.4910963,0.017582739529681705,2.9348397524423,3.196580494419179e-25,0.0,17.695456699913905,-0.36190658056122416,0.36190658056122416
1762151300.6555827,0.016609604864466415,2.9421282345585067,9.877614563346605e-27,0.0,17.69581262844681,-0.369247364473894,0.369247364473894
1762151300.9134722,0.017550326980137986,2.9324315048049368,8.629349311978639e-27,0.0,17.69573392005367,-0.3595074240878045,0.3595074240878045
1762151301.2134683,0.010141803412050218,2.940547726946574,1.0709108081024507e-26,0.0,17.7031926425529,-0.3681456218560547,0.3681456218560547
1762151301.3622077,0.023371391155755625,2.93951700232988,8.308175390173412e-31,0.0,17.68849106756346,-0.36613297228933983,0.36613297228933983
1762151301.5167837,0.022014804634679207,2.9403377291345785,8.78826142592006e-27,0.0,17.689931174123718,-0.3670549638643589,0.3670549638643589
1762151301.779466,0.02766804419915956,2.9460883770772734,6.451558467427347e-31,0.0,17.682952287318184,-0.37235169968316556,0.37235169968316556
1762151302.0575268,0.038903724949149676,2.9325800928960413,7.910486634129002e-26,0.0,17.671693015038784,-0.3579847060432329,0.3579847060432329
1762151302.3214142,0.04513507457374571,2.927747698997116,3.741014215189907e-27,0.0,17.665159381049666,-0.3526488871787971,0.3526488871787971
1762151302.5126312,0.028716987637620085,2.9300656290778884,3.223348824172285e-27,0.0,17.683466925145677,-0.35629585894633625,0.35629585894633625
1762151302.744423,0.04649467503744248,2.928127266380117,2.771424821010988e-27,0.0,17.663570039499906,-0.35291150783877234,0.35291150783877234
1762151303.0735657,0.04416398579892151,2.934868651444105,1.8813157428320045e-27,0.0,17.665455912689403,-0.35982654478047427,0.35982654478047427
1762151303.408805,0.028435587071313134,2.928458073887375,3.612093906469714e-26,0.0,17.683951733916523,-0.35471522323374854,0.35471522323374854
1762151303.5877664,0.03984988417257304,2.9389390842851264,1.8174351668959802e-27,0.0,17.669909436130375,-0.36424389528539236,0.36424389528539236
1762151303.9347134,-0.004099829967627985,2.9356021125794083,1.3913911274689413e-27,0.0,17.71828235044487,-0.3642136410890534,0.3642136410890534
1762151304.255973,0.01612603090127914,2.9437143418337866,2.1478311930674216e-26,0.0,17.69619445384215,-0.3708650515979709,0.3708650515979709
1762151304.4956112,0.009033346753801338,2.9507620543567397,8.382864667789944e-28,0.0,17.702810873205223,-0.37841383099657594,0.37841383099657594
1762151304.7372801,0.02383082619836087,2.946555911055912,1.5506966870177016e-26,0.0,17.687238893593616,-0.3731158672620698,0.3731158672620698
1762151304.9213002,0.012283548617002274,2.940262199331685,1.350575471132493e-26,0.0,17.700833653499036,-0.3677052073505187,0.3677052073505187
1762151305.3614147,0.03610557086159071,2.9387732555983175,3.347863783642427e-27,0.0,17.6741837436094,-0.36438613060786346,0.36438613060786346
1762151305.6211333,0.025747725353227384,2.9406783913358567,8.255573609398282e-27,0.0,17.68569440180441,-0.3671077720314461,0.3671077720314461
1762151305.8628268,0.03163046739399317,2.94133046731416,7.181968361615593e-27,0.0,17.678978271528464,-0.3672954620138777,0.3672954620138777
1762151306.1895087,0.042338484579661155,2.933180290587588,4.239254820129923e-28,0.0,17.667725328654583,-0.358297746025472,0.358297746025472
1762151306.4206743,0.03260086581843998,2.9336191114828294,4.734548915190155e-27,0.0,17.678712713113466,-0.3595311917051695,0.3595311917051695
1762151306.631586,0.03848294415533051,2.946653997524467,2.374009160824188e-28,0.0,17.670600069105813,-0.37204554189116124,0.37204554189116124
1762151306.8063266,0.04870262818513396,2.936485268319737,3.487261333459357e-28,0.0,17.660086565320437,-0.36104890312676857,0.36104890312676857
1762151307.0255373,0.03270896256912727,2.9404704131477457,3.3184278294511725e-27,0.0,17.677849838952028,-0.3663519747706653,0.3663519747706653
1762151307.3074505,0.030735954460528705,2.9272069576413715,1.940187436303737e-32,0.0,17.68149788725417,-0.3532872846317772,0.3532872846317772
1762151307.505255,0.02258396537738062,2.936452101622653,1.1834362198878403e-28,0.0,17.68969238809942,-0.3631372182200182,0.3631372182200182
1762151307.896231,0.0314807414530662,2.933841489551713,1.9116660310556678e-27,0.0,17.679953422489334,-0.3598420660055999,0.3598420660055999
1762151308.1764505,0.023341203574299443,2.9355831852149157,1.1664864925640507e-28,0.0,17.688931954901843,-0.36221298093706605,0.36221298093706605
1762151308.412741,0.04056299835539319,2.935694896128543,5.0512189832976315e-27,0.0,17.66946187937336,-0.36095168729435784,0.36095168729435784
1762151308.681078,0.02407688996573699,2.9415640713369946,5.3233746840731394e-27,0.0,17.687484100379432,-0.36811984445494084,0.36811984445494084
1762151308.8574526,0.0391284212596193,2.9402958196144686,4.673167759726216e-27,0.0,17.6705785978941,-0.3656557021713436,0.3656557021713436
1762151309.1060522,0.05466160827504933,2.9406405555572257,7.542906723855321e-29,0.0,17.652752922991247,-0.3646635773722011,0.3646635773722011
1762151309.5038023,0.07441170116869004,2.937023251067325,7.097956632267297e-28,0.0,17.624704703091822,-0.359208957028042,0.359208957028042
1762151309.8558118,0.05806069608627857,2.9365619123903675,6.454365833174775e-29,0.0,17.64933249606107,-0.3602949128154689,0.3602949128154689
1762151310.173551,0.0225841220378163,2.936958629621408,3.89438924220762e-29,0.0,17.68964006446648,-0.36364226290447355,0.36364226290447355
1762151310.570411,0.025432712291136465,2.9400226066109805,3.471362230771988e-28,0.0,17.686118218047497,-0.36647834642772875,0.36647834642772875
1762151310.9153512,0.025774409551624425,2.938167929008133,1.7027562819257584e-29,0.0,17.685927754681146,-0.36460276422009713,0.36460276422009713
1762151311.1859233,0.007910751067849131,2.9417765502506525,2.4947201673140866e-28,0.0,17.705412179985696,-0.3695320327348322,0.3695320327348322
1762151311.485871,0.043834298696076926,2.936080655084795,1.2255435647841e-29,0.0,17.66569368717789,-0.36106208569052545,0.36106208569052545
1762151311.761744,0.03928426846488182,2.931807717840336,8.631461451843635e-30,0.0,17.67134699413462,-0.3571836081492272,0.3571836081492272
1762151312.0429218,0.026070694182324536,2.9426928265985217,7.906611541178135e-30,0.0,17.685117972944315,-0.36909109257583683,0.36909109257583683
1762151312.2752824,0.03089439176261063,2.939181060539212,1.3468509539051267e-28,0.0,17.680043089193376,-0.36521138703198086,0.36521138703198086
1762151312.5297785,0.020851250134326284,2.935837362472691,7.147751522245218e-34,0.0,17.69169854034359,-0.3626558902489954,0.3626558902489954
1762151312.7554588,0.03328553179014466,2.94046404450415,4.7125232282356304e-30,0.0,17.6771971359073,-0.3662993817176983,0.3662993817176983
1762151313.0251837,0.016891993934545067,2.94250116202648,4.472592725859187e-30,0.0,17.695458670428735,-0.36959823228479277,0.36959823228479277
1762151313.4139266,0.037110751200349075,2.9451327945779844,5.81282690758328e-29,0.0,17.672335328321175,-0.3706423926621572,0.3706423926621572
1762151313.742254,0.035284822169235994,2.941739500033126,4.706983507589269e-29,0.0,17.674788841860263,-0.36740928854301447,0.36740928854301447
1762151313.9674032,0.037587771516896,2.93597689835921,4.071940126674905e-29,0.0,17.672810166833635,-0.3614780967425097,0.3614780967425097
1762151314.3817732,0.027331569265238692,2.9327454525424264,1.9559747266677786e-30,0.0,17.684743605969263,-0.35907569046743687,0.35907569046743687
1762151314.589537,0.025340881571169493,2.93478861293346,2.0664936380411655e-30,0.0,17.686768215068653,-0.3612670572328965,0.3612670572328965
1762151314.774079,0.0303846905239737,2.9307598981497915,3.0339032218137977e-29,0.0,17.681517188405287,-0.3568568977487523,0.3568568977487523
1762151315.0781565,0.018084226944373623,2.934147429752497,2.2336942483699093e-29,0.0,17.694965815680074,-0.3611787576545062,0.3611787576545062
1762151315.3525915,0.024863912395061347,2.945892243651064,1.1067547346749607e-30,0.0,17.686142619245285,-0.3723744558758733,0.3723744558758733
1762151315.6372025,0.03142511395153824,2.946692027566421,1.5015292399096374e-29,0.0,17.67862904739978,-0.3726563801150466,0.3726563801150466
1762151315.9563382,0.019776337551613996,2.9394547864751215,1.1556784646267186e-29,0.0,17.69253465275426,-0.36634420493479164,0.36634420493479164
1762151316.294165,0.010667400682582874,2.9355158143863687,9.659826332101657e-30,0.0,17.70309739980243,-0.3630888255286723,0.3630888255286723
1762151316.62264,0.03204925787447956,2.9366583913680318,5.319721307156291e-31,0.0,17.679008840745,-0.3626048223145124,0.3626048223145124
1762151316.8417,0.03142756917626309,2.942773194488005,2.3071815530333363e-29,0.0,17.679051919517434,-0.3687497853110487,0.3687497853110487
1762151316.9986246,0.02404348157441782,2.94908995010069,4.4623386794753425e-31,0.0,17.686732108529444,-0.3756260112464177,0.3756260112464177
1762151317.380221,0.026210489983871092,2.9403740611514984,4.721085933753706e-30,0.0,17.685204751031943,-0.366768450599212,0.366768450599212
1762151317.551742,0.04339712764925717,2.936056123129321,4.248070462752774e-30,0.0,17.666194788242326,-0.3610745223488572,0.3610745223488572
1762151317.813821,0.034934777989887915,2.9437069530780864,1.9006028072332035e-31,0.0,17.67496967177643,-0.36939867143762695,0.36939867143762695
1762151317.980737,0.014758415426395185,2.937980248884934,2.050976584063131e-31,0.0,17.69829768337044,-0.365247841292188,0.365247841292188
1762151318.4253361,0.045572719865581784,2.941691547221676,1.712907920814319e-35,0.0,17.663063696308186,-0.3665051158303862,0.3665051158303862
1762151318.8033416,0.023035615254048698,2.9428700631069913,1.091169356749299e-31,0.0,17.68852050764238,-0.3695019365872738,0.3695019365872738
1762151319.2541535,0.04524017621297347,2.93087847501049,8.461864024775326e-32,0.0,17.66468436849258,-0.3557595067130086,0.3557595067130086
1762151319.5029702,0.033883800666142376,2.94235313706015,7.139067324470006e-32,0.0,17.67631218697317,-0.368134229869566,0.368134229869566
1762151319.6231825,0.026821447697756583,2.9322801501319167,2.8184056350486596e-31,0.0,17.68536573691593,-0.3586514601165997,0.3586514601165997
1762151319.9117048,0.03301690419906193,2.9306339749162933,6.718749195396725e-36,0.0,17.67856381239813,-0.3565223334265303,0.3565223334265303
1762151320.2763476,0.011592891824714974,2.9402690224518353,6.198240927583878e-32,0.0,17.701603105999602,-0.3677623531839158,0.3677623531839158
1762151320.6628318,0.04680675049077487,2.935044619863728,2.6908012346001955e-32,0.0,17.662420882959637,-0.35977691248027865,0.35977691248027865
1762151320.9463825,0.04555878858480154,2.940293643111575,2.9087821536847865e-32,0.0,17.663241267964388,-0.36511349074395383,0.36511349074395383
1762151321.1625562,0.03908883017395961,2.9333534660754976,3.028070010438177e-36,0.0,17.67139735569635,-0.35874021913465065,0.35874021913465065
1762151321.4520156,0.01708201023128165,2.9371677128190496,3.653268221661634e-31,0.0,17.69578286106342,-0.36426539618764603,0.36426539618764603
1762151321.6514926,0.0047854233719835364,2.9442833618860167,2.2352572766829866e-36,0.0,17.70807708684564,-0.3722555989570239,0.3722555989570239
1762151321.8722882,0.026023061714546925,2.9351877995467404,1.3974970611928223e-32,0.0,17.6859596641364,-0.36161229986091126,0.36161229986091126
1762151322.199458,0.016733001067893456,2.9355856166793153,1.2618392354608077e-32,0.0,17.696331309266398,-0.3627136240279145,0.3627136240279145
1762151322.4926028,0.028312337792250154,2.934651037405629,5.365887599694632e-32,0.0,17.683439514621345,-0.36089891449478606,0.36089891449478606
1762151323.0405786,0.03715286317743527,2.9421261860079744,9.457184061484969e-37,0.0,17.672622505656946,-0.36764241062797004,0.36764241062797004
1762151323.2580047,0.036908784857030835,2.935863426043773,1.2627841623675407e-31,0.0,17.6735929641034,-0.36142049886274,0.36142049886274
1762151323.6239767,0.0297694673097306,2.937238534277356,6.497662588469873e-33,0.0,17.681522034562402,-0.36336393975803094,0.36336393975803094
1762151323.9658065,0.05293913724770246,2.937810354830262,4.160724826620492e-33,0.0,17.65507341501167,-0.3619979222139462,0.3619979222139462
1762151324.2858245,0.05582726942709692,2.9365286983851,3.65097621975259e-33,0.0,17.651907530916844,-0.3604637168339328,0.3604637168339328
1762151324.558959,0.05118931910520062,2.942352296528825,2.8730266018696e-33,0.0,17.65654317954515,-0.36667661581900957,0.36667661581900957
1762151325.015127,0.0327741758255979,2.9485343764967555,1.7668156344995473e-33,0.0,17.676894649887345,-0.374384797208153,0.374384797208153
1762151325.2735283,0.0342256998773664,2.9360606852288074,1.995176279476282e-33,0.0,17.676611483028434,-0.36183462437751196,0.36183462437751196
1762151325.757649,0.0316052858559587,2.9414527470870397,1.7922022722621473e-33,0.0,17.678993558665614,-0.3674193611464607,0.3674193611464607
1762151326.0001957,0.06638932843927359,2.941699159505729,1.4182587871098594e-37,0.0,17.63157204091401,-0.3646496307993225,0.3646496307993225
1762151326.2908962,0.036063609468697,2.9354081135365906,1.202968196909337e-37,0.0,17.674601139683976,-0.361035508066351,0.361035508066351
1762151326.6767378,0.029104479181319837,2.9372932307991775,9.341847775233628e-38,0.0,17.68226669719559,-0.3634708423313921,0.3634708423313921
1762151327.0574188,0.05057528744792164,2.937915710685284,1.0971784725781256e-33,0.0,17.657773715385304,-0.362310942290735,0.362310942290735
1762151327.4189072,0.0037394732682906836,2.934410913719676,4.463292630387988e-34,0.0,17.710750319606326,-0.36248123270522703,0.36248123270522703
1762151327.6569176,0.0193807545276879,2.9371224459474097,5.024433125241447e-38,0.0,17.69321517859773,-0.36404825302859595,0.36404825302859595
1762151327.9035294,0.013676536058303372,2.944984229131625,8.355766083855714e-34,0.0,17.698809514844662,-0.37231253045905377,0.37231253045905377
1762151328.3542922,0.044839964350760424,2.9343465127777213,2.5284725953525517e-34,0.0,17.664744966599844,-0.3592490291007657,0.3592490291007657
1762151328.6141162,0.040505161652690885,2.9343054604744045,3.940605964478337e-33,0.0,17.669683144110373,-0.3595718387920974,0.3595718387920974
1762151328.959673,0.03232384661694958,2.9341211286424254,3.6321609545066444e-33,0.0,17.678971595847397,-0.36005371853423623,0.36005371853423623
1762151329.2303128,0.03196539647124304,2.9399047735756145,2.6274750530076877e-33,0.0,17.67875327549339,-0.365847583589697,0.365847583589697
1762151329.393534,0.012288308540482532,2.937728326187454,2.6021163957383307e-33,0.0,17.701077438097624,-0.36517772004276705,0.36517772004276705
1762151329.692173,0.005283552838958772,2.943941093611063,1.4005223462753898e-38,0.0,17.707642815544737,-0.3718788050264085,0.3718788050264085
1762151330.007676,0.02008937418450928,2.9450171123149302,1.1292204840180673e-38,0.0,17.691613387362374,-0.3718670584689226,0.3718670584689226
1762151330.4570181,0.030035621300960668,2.9364358033915883,6.367103666114977e-35,0.0,17.681307223646826,-0.3625426994429215,0.3625426994429215
1762151330.7287407,0.020746827425834637,2.944462701109615,7.657767289923276e-35,0.0,17.690931145165433,-0.3712644319219586,0.3712644319219586
1762151330.9688253,0.031811822135521486,2.9441742685838705,9.135119974978796e-34,0.0,17.67846426001218,-0.37011575786775697,0.37011575786775697
1762151331.378443,0.04332528761033902,2.9417111535165805,4.7798404336774184e-39,0.0,17.665631674995023,-0.36671551587612095,0.36671551587612095
1762151331.5766754,0.024656976609198904,2.9317649026870445,4.212254579298944e-39,0.0,17.687849545515693,-0.35830499382919134,0.35830499382919134
1762151331.8296964,0.017244492923311136,2.933279659911008,2.856199957990163e-35,0.0,17.695990569139436,-0.3603760006145552,0.3603760006145552
1762151332.1104786,0.015035544683360118,2.9307701938686272,6.84819357540316e-35,0.0,17.69870190724183,-0.35803690535293836,0.35803690535293836
1762151332.383775,0.02074768465412673,2.9404410685189957,3.6140924534315874e-34,0.0,17.691343853117754,-0.3672542664232153,0.3672542664232153
1762151332.6124723,0.004160147693647951,2.9356109522707636,4.728857383192789e-34,0.0,17.71013592968505,-0.3636486841729135,0.3636486841729135
1762151333.02813,0.010802525116701156,2.941282928864524,1.69435326806913e-39,0.0,17.702384699673022,-0.3688310251415841,0.3688310251415841
1762151333.3751616,0.040469066692742015,2.9391226904560295,1.3492615660707094e-39,0.0,17.669183830606784,-0.3643754643612745,0.3643754643612745
1762151333.6729772,0.04633846315238588,2.933276660243336,1.1152105590361193e-39,0.0,17.663158764177833,-0.35805548797498166,0.35805548797498166
1762151333.9168687,0.02981414503609114,2.929158001101871,4.0352921251449906e-34,0.0,17.682328658194194,-0.35530492197594943,0.35530492197594943
1762151334.3774526,-0.147737673690112,2.9122036638667104,0.07868834525014261,0.0,17.871000475416942,-0.34941310087078975,0.34941310087078975
1762151334.6309373,-0.20614316354201628,2.905569663785932,0.4212155774658643,0.0,17.93171170817164,-0.3457996220841651,0.3457996220841651
1762151334.9449275,-0.17102468185151407,2.8991946065360916,0.6199587898976459,0.0,17.895742331411345,-0.3376646912242928,0.3376646912242928
1762151335.123205,-0.34647454985787907,2.8748941446386627,0.24718826553143428,0.0,18.077419394978293,-0.3210719290441575,0.3210719290441575
1762151335.3447418,-0.4209052184525655,2.8747554406549916,0.08560898776063727,0.0,18.153955591983724,-0.32336602444742596,0.32336602444742596
1762151335.64289,-0.6027779494860885,2.8569934417021807,1.7821692924489023,0.0,18.34126001129547,-0.3094849679267033,0.3094849679267033
1762151335.9650166,-1.262198880547513,2.697053000099129,2.32723815545001,0.0,19.011141490226294,-0.1392492485012594,0.1392492485012594
1762151336.345823,-2.210554053683639,2.9237351600034867,2.6597317112366126,0.0,19.99120083967142,-0.28431548310980354,0.28431548310980354
1762151336.457321,-2.6569690273189037,3.1038289187915686,3.146479857084844,0.0,20.458026858293515,-0.4071086174846716,0.4071086174846716
1762151336.7056522,-3.4315023723026568,3.3623204029343863,3.4085179638867125,0.0,21.34898712709783,-0.4768562729237209,0.4768562729237209
1762151336.9254243,-4.418371368203401,3.0765536670609404,3.5720458275289064,0.0,22.207680637417848,-0.03910860428782112,0.03910860428782112
1762151337.2380748,-5.618536712594589,2.9365949926875343,3.613056942874492,0.0,23.351834435976354,-0.21592507338419667,0.21592507338419667
1762151337.4646838,-6.301552495628642,3.064337491644754,3.2102279950731525,0.0,23.842463170787656,-0.707424347352972,0.707424347352972
1762151337.928342,-7.519932400377156,2.113924293292275,2.964538321454717,0.0,24.910367602888996,-1.2136339463855172,1.2136339463855172
1762151338.2530496,-7.328013258173797,1.8195031912216852,3.444473595503909,0.0,24.932756606651605,-1.0182999029085449,1.0182999029085449
1762151338.534308,-7.563433762748199,2.4417052792933105,1.7384550408715835,0.0,24.748413163476233,-1.3506438172793354,1.3506438172793354
1762151338.910498,-7.6750965524671875,2.842616932387345,-0.03797642354249676,0.0,24.715476083507202,-1.5305522842730879,1.5305522842730879
1762151339.3344796,-7.865103929617312,2.8391492639005214,-0.0003559314249739233,0.0,24.72058835128162,-1.7148003003814463,1.7148003003814463
1762151339.8193321,-7.777463191218656,3.059237526119598,-0.00030999736229312823,0.0,24.624497538565937,-1.7325345603268938,1.7325345603268938
1762151340.0846105,-7.877696840091463,3.0627467731391333,-2.682065034995129e-08,0.0,24.689480126602046,-1.782684866148676,1.782684866148676
1762151340.4846413,-7.667524410083251,2.943747757234072,-0.00027591183239371705,0.0,24.6356782820467,-1.5942520936254923,1.5942520936254923
1762151340.6964047,-7.6029957816757125,2.9534864665601157,-0.0002487194773788428,0.0,24.584982283202457,-1.5648834924589758,1.5648834924589758
1762151340.9273393,-7.449857267458752,2.957847767406233,-0.00023383022800770533,0.0,24.478519860149277,-1.4743182252184912,1.4743182252184912
1762151341.29332,-7.483196158118809,2.7364680517979223,-0.00021586725422283396,0.0,24.564820864570375,-1.4070445488936834,1.4070445488936834
1762151341.681061,-7.530174397562493,2.460918484877266,-6.569912781755768e-05,0.0,24.713890283740067,-1.3357550274529626,1.3357550274529626
1762151341.947758,-7.522544439113849,2.3742964270296256,-0.0018166992543287097,0.0,24.781449586221356,-1.2876347599957607,1.2876347599957607
1762151342.2283435,-7.511822807647855,2.3038051062423426,-0.001182373641263642,0.0,24.83390552969426,-1.246572235274129,1.246572235274129
1762151342.4528368,-7.5084894747480515,2.2799534349561443,-0.0008284952561673271,0.0,24.851819301715075,-1.2331710332102608,1.2331710332102608
1762151342.6556933,-7.5084907828348,2.273789253675064,-0.002876806728987084,0.0,24.76588187675049,-1.2708738836637985,1.2708738836637985
1762151342.8821867,-7.5111220974059085,2.2798221434411245,-0.0006678555340385052,0.0,24.853399791184714,-1.234988454919847,1.234988454919847
1762151343.2017286,-7.509204934114353,2.2692132185395515,-3.681804118310303e-09,0.0,24.770209483062274,-1.2694984413600783,1.2694984413600783
1762151343.3983054,-7.515924454405119,2.2825288615243045,0.7265882245856996,0.0,24.853839961504587,-1.2396544082974048,1.2396544082974048
1762151343.6759565,-7.556895962411056,2.511074716458942,2.344572016734574,0.0,24.68723949290768,-1.381200604028054,1.381200604028054
1762151343.9230626,-7.586982299240706,2.8218819895752154,2.4335360408693454,0.0,24.67138652041736,-1.4698714515569726,1.4698714515569726
1762151344.2621858,-7.51163130089073,2.9093478694034536,0.932395684098236,0.0,24.55598691656554,-1.481815472905189,1.481815472905189
1762151344.775377,-7.14106768927076,3.69586060067498,3.780031375195695,0.0,24.164251972691936,-1.6593764348732187,1.6593764348732187
1762151345.0703301,-5.640226727305038,3.6153466787357766,5.384194942581565,0.0,23.18607728381809,-0.8383598983356078,0.8383598983356078
1762151345.501806,-2.684947453723759,3.7396268900613725,7.765062620024829,0.0,20.59279525287243,-1.0332951596958588,1.0332951596958588
1762151345.928498,0.3383410150366326,3.7487053306125775,10.045024044001211,0.0,17.059849454980633,-1.093771101551254,1.093771101551254
1762151346.368867,3.5491180492302306,5.7731266720965095,10.046382484888296,0.0,14.351853016203691,-2.458427122171992,2.458427122171992
1762151346.6250057,6.3316548870505285,5.300801591339293,10.022822487470144,0.0,13.44244937857211,-2.6268117687707804,2.6268117687707804
1762151347.056485,9.211385304580707,5.519654331684716,8.121753124884645,0.0,13.82449859365708,-3.039258674740396,3.039258674740396
1762151347.6414025,8.780515122657631,0.4794994265007268,4.960662043102966,0.0,11.58419353972024,-3.8543024252098244,3.8543024252098244
1762151347.8397462,9.13394929581041,-0.03120199209835346,3.8656366518888947,0.0,11.427050616401637,-4.374084841342463,4.374084841342463
1762151348.1868265,8.85840111809334,-0.8473188173831927,2.030462132636105,0.0,11.199241112561584,-4.4476250584710915,4.4476250584710915
1762151348.596794,7.28228553779939,1.487360817989141,-0.018977010836931946,0.0,11.738065438631786,-2.2134571006760333,2.2134571006760333
1762151348.9314752,7.309235340482502,1.2348892331484254,0.7189190146093848,0.0,11.660478758920767,-2.273841123154945,2.273841123154945
1762151349.4089088,7.464284502076136,0.3224504150888056,4.404009041176756,0.0,11.225103314136652,-2.7131433829588834,2.7131433829588834
1762151349.813128,5.971452121808861,-0.6569634609653121,5.991299162776722,0.0,10.42935562773592,-1.9925046390711698,1.9925046390711698
1762151349.9743404,4.92091306081538,-0.6747815197360403,6.768027145086902,0.0,9.890726311676204,-1.3165679027840629,1.3165679027840629
1762151350.363005,2.0220471692540727,-0.8926502743963639,8.772200261226736,0.0,7.688794512719207,-0.8046959285774178,0.8046959285774178
1762151350.5788767,0.11021198938179039,-1.1850294465958544,9.895320446175727,0.0,5.844771155840353,-1.1918598057344223,1.1918598057344223
1762151350.802102,-1.8400390265664546,-1.1221744600891594,10.048331315327337,0.0,3.767662260908532,-1.1936889995952091,1.1936889995952091
1762151351.120457,-3.388676688837156,-3.1688850730992892,10.047008425727167,0.0,2.0045350359468994,-3.1113081303423447,3.1113081303423447
1762151351.5470064,-8.007362288713562,-1.3822476951750255,10.019722635901608,0.0,0.4039016166710797,-2.58009129965599,2.58009129965599
1762151351.9009862,-7.552655987403908,2.698084865996921,9.039313544049822,0.0,24.637963279034924,-1.4326920144298945,1.4326920144298945
1762151352.1606867,-7.1713557708998055,4.399675510185055,7.7287413371768965,0.0,23.930442497573495,-2.2273813906971003,2.2273813906971003
1762151352.5455065,-4.536877217038293,3.51777949215816,5.669518138166505,0.0,22.32311314997698,-0.4865698121480528,0.4865698121480528
1762151352.7615745,-3.4483586104255313,3.6887281296332604,4.471773081364845,0.0,21.452599326970496,-0.7841149210788374,0.7841149210788374
1762151353.136752,-2.0979882147550293,3.7195031176657656,2.4264311688090374,0.0,19.973942622886792,-1.0878318450490252,1.0878318450490252
1762151353.5785606,-2.0365244119725907,3.447852687452483,0.2691170572808158,0.0,19.87646708634173,-0.8252086765151465,0.8252086765151465
1762151353.9186654,-2.0295948063809335,3.4498881155859453,0.8479160770582503,0.0,19.869485499831434,-0.8280202815049438,0.8280202815049438
1762151354.2396321,-2.035730898025914,3.450986073223145,0.856306807277634,0.0,19.876014883758526,-0.8284121413357808,0.8284121413357808
1762151354.55994,-2.0263224473046173,3.4459431074382985,0.7787391866975627,0.0,19.865586792868807,-0.8244725955521897,0.8244725955521897
1762151354.832769,-2.027957909311393,3.437899405270389,-0.009618178557564102,0.0,19.866349484355606,-0.8162952309914334,0.8162952309914334
1762151355.0108113,-2.0322497851780965,3.4421207910242018,-0.008625833794627362,0.0,19.871326946198604,-0.8200013229752211,0.8200013229752211
1762151355.4064605,-2.028639278615114,3.466209355469243,1.4700710222840359,0.0,19.870437070207405,-0.8443442780826093,0.8443442780826093
1762151355.8032897,-2.0207391819166047,3.4582333274393666,1.690022487158351,0.0,19.861220766003303,-0.837316574730456,0.837316574730456
1762151356.1952877,-2.0413581528324696,3.4978346679103343,2.0179979855723964,0.0,19.88751009531107,-0.8743092509638024,0.8743092509638024
1762151356.5580382,-2.033998057844286,3.5135181276714733,3.2821411006721197,0.0,19.88170858920203,-0.89073270077126,0.89073270077126
1762151356.9623654,-2.0096286374381442,3.6398879077022053,3.285405196439284,0.0,19.87134737414793,-1.0190579666037864,1.0190579666037864
1762151357.3037653,-2.0499595676604563,3.550621768441155,3.2737558105281885,0.0,19.90288400475596,-0.9257547271225418,0.9257547271225418
1762151357.676347,-2.051259970759188,3.513875516456116,3.2637626714185277,0.0,19.89978354114775,-0.8891041585505942,0.8891041585505942
1762151357.991565,-2.048137727153643,3.5566751650065256,3.2686995962782643,0.0,19.901714645017332,-0.9319780748844846,0.9319780748844846
1762151358.4075794,-2.0305949676654635,3.5414948445568712,3.2672203194189646,0.0,19.88151630808792,-0.9189150587847431,0.9189150587847431
1762151358.58896,-2.03881619953112,3.5102331484676723,3.2621059823334844,0.0,19.88634924183475,-0.8869174672902057,0.8869174672902057
1762151358.843347,-2.0429514710872994,3.512404849004001,2.7145109812929618,0.0,19.89093133724178,-0.8886001004649231,0.8886001004649231
1762151359.1367307,-2.0288768321594475,3.4700892822987,1.6297338838013264,0.0,19.87114875898925,-0.8481719678342907,0.8481719678342907
1762151359.4203053,-2.0244343021199764,3.4484075179484925,0.9717916296784008,0.0,19.86390993019749,-0.8271353092448097,0.8271353092448097
1762151359.6384864,-2.032073193045327,3.4464456857875803,0.4626394778923095,0.0,19.87165912188689,-0.8243182061912052,0.8243182061912052
1762151359.852984,-2.0297568835245903,3.439288594063216,-0.0003733813401832159,0.0,19.868390509768055,-0.8174710595636238,0.8174710595636238
1762151360.2620127,-2.027103791787961,3.438913925716466,-0.0003659367547083888,0.0,19.8655651219476,-0.8174001538295115,0.8174001538295115
1762151360.4688976,-2.03300943793525,3.4444161908572997,-0.015220364980728771,0.0,19.87239280894923,-0.8221953034523413,0.8221953034523413
1762151360.6666195,-2.0261000165663274,3.4364395108154295,-0.00021219017427517856,0.0,19.864224009964694,-0.815055606751962,0.815055606751962
1762151360.9699368,-2.0313881007984262,3.442817006874327,-0.00019731577125838083,0.0,19.870511793217513,-0.8207910791739929,0.8207910791739929
1762151361.2594402,-2.029511726942253,3.4409131768178196,-0.0001930835595506262,0.0,19.868328559233085,-0.819112978957508,0.819112978957508
1762151361.5395253,-2.0327904122532208,3.4436865510506,-0.00262001961073302,0.0,19.872077380063025,-0.821495352711372,0.821495352711372
1762151361.838272,-2.0277444436729524,3.4382622748177116,-0.00018388669235846274,0.0,19.866170125004746,-0.8166799906338318,0.8166799906338318
1762151362.1426563,-2.030390686944786,3.4414699195066225,-0.0001199645473210733,0.0,19.869311304705743,-0.8195661877291477,0.8195661877291477
1762151362.3910468,-2.024679722223871,3.437540294400404,-0.006703469247605888,0.0,19.86287362398061,-0.8163103295378399,0.8163103295378399
1762151362.6477318,-2.026001218007532,3.437513229918644,-0.0012475976457834465,0.0,19.86424866708856,-0.8161336029488393,0.8161336029488393
1762151362.837035,-2.0267440902262273,3.4401028331318004,-0.0001788339907524725,0.0,19.865331475964233,-0.818622203014314,0.818622203014314
1762151363.1353562,-2.029499608820716,3.439378342663231,-0.0016886555303262515,0.0,19.868132996003403,-0.8175894666842114,0.8175894666842114
1762151363.4892788,-2.029930795021103,3.4413827853359993,-0.0007521560201452299,0.0,19.868821454998667,-0.8195319078355205,0.8195319078355205
1762151363.7636461,-2.0304942636347914,3.4411896486903677,-4.332084317139329e-09,0.0,19.869385863240414,-0.8192759566871037,0.8192759566871037
1762151364.080687,-2.0310294105266613,3.4430073131053485,-4.3894623583934886e-05,0.0,19.870160561016323,-0.8210209584047427,0.8210209584047427
1762151364.4486318,-2.028964378025884,3.4410926904605184,-0.00039966499753060287,0.0,19.867779270273758,-0.8193535310446579,0.8193535310446579
1762151364.8078887,-2.026367694159287,3.438805100016734,-0.00038039570884071817,0.0,19.86478452255778,-0.8173755612165869,0.8173755612165869
1762151365.1753032,-2.031192005756556,3.4418371850480036,-0.0002356243002559841,0.0,19.870190475187147,-0.8198399296190986,0.8198399296190986
1762151365.4511933,-2.0290225834213884,3.439214498093793,-1.6107882944556082e-05,0.0,19.867616151956412,-0.8174808881500302,0.8174808881500302
1762151365.6944077,-2.0305855402778876,3.440804745205156,-2.0151404937577025e-05,0.0,19.86943511887176,-0.8188831702197334,0.8188831702197334
1762151365.8527381,-2.0267152144442093,3.4405954026604664,-1.3716675846710087e-05,0.0,19.86535997588593,-0.8191148673193013,0.8191148673193013
1762151366.3345625,-2.0304523349951307,3.444233041999439,-1.0296880995826517e-05,0.0,19.8697051243034,-0.8223043732135412,0.8223043732135412
1762151366.5148435,-2.029784058335772,3.4415217663404127,-5.919753135069141e-06,0.0,19.86868503871202,-0.8196866690534163,0.8196866690534163
1762151366.7472572,-2.0304782922944318,3.4417044112811315,-5.8244356360606245e-06,0.0,19.869430598863868,-0.8197891962573371,0.8197891962573371
1762151366.978098,-2.0287435264156475,3.4392664830127178,-8.28553943772877e-05,0.0,19.867331405235074,-0.817564239599498,0.817564239599498
1762151367.2404692,-2.030677933491941,3.441072037535073,-7.113014042465809e-05,0.0,19.86956331135155,-0.8191382211773311,0.8191382211773311
1762151367.5568593,-2.0282346867274685,3.4394027444520385,-6.121037948005773e-05,0.0,19.866817104176864,-0.8177574157978221,0.8177574157978221
1762151367.8839295,-2.0284859617325255,3.441288077883628,-2.9738754873001137e-06,0.0,19.867303707836765,-0.8196020071347151,0.8196020071347151
1762151368.1281576,-2.029318010384275,3.438667319029441,-2.1107046416327685e-06,0.0,19.867858947413513,-0.816903685341571,0.816903685341571
1762151368.4870327,-2.032723286252282,3.4436867770781983,-2.066733913959997e-06,0.0,19.872007436898915,-0.8215032207905092,0.8215032207905092
1762151368.729362,-2.0299567767162188,3.4404596054975483,-1.6179308958289227e-06,0.0,19.868738483395056,-0.8186117591963098,0.8186117591963098
1762151368.9756584,-2.029554441861289,3.44091034091573,-1.295867208246077e-06,0.0,19.86837275555793,-0.8191053065356273,0.8191053065356273
1762151369.3827999,-2.031669779387828,3.4405822128111634,-1.0661777917676578e-06,0.0,19.870538792158825,-0.8185387484879707,0.8185387484879707
1762151369.6692753,-2.0274866418593303,3.43924523717852,-8.189571975893139e-07,0.0,19.866018357706345,-0.8176858658038119,0.8176858658038119
1762151369.9638734,-2.0240147004310756,3.4366512422459463,-1.229925054886103e-05,0.0,19.862074324560425,-0.8155023655277254,0.8155023655277254
1762151370.4750593,-2.026070089341564,3.4373918355821718,-1.2792375970873362e-06,0.0,19.864306054035374,-0.8160051802716285,0.8160051802716285
1762151370.8693922,-2.0299613244362273,3.4414920096119648,-4.861200500230994e-11,0.0,19.868866306327035,-0.8196369532025332,0.8196369532025332
1762151371.1464744,-2.0280507597661535,3.440681787391589,-5.784342122830809e-06,0.0,19.866777675375968,-0.8190490718824875,0.8190490718824875
1762151371.5613608,-2.0284061613463398,3.4407363946874527,-2.679374644835533e-07,0.0,19.86715476910539,-0.8190629596861511,0.8190629596861511
1762151371.903365,-2.0317594269083514,3.4401894256925347,-1.587593916886626e-06,0.0,19.870585374685728,-0.8181383118600624,0.8181383118600624
1762151372.2441497,-2.033052221240769,3.4426982328137443,-2.989292849199557e-06,0.0,19.872232270361568,-0.8204836499545369,0.8204836499545369
1762151372.5361109,-2.0271952607821064,3.438906870839676,-1.4044991220664747e-07,0.0,19.865659668271643,-0.8173827626183751,0.8173827626183751
1762151372.77304,-2.0278402103221147,3.439724738765786,-2.1288541366154026e-06,0.0,19.86644413615583,-0.8181221238046548,0.8181221238046548
1762151372.9516113,-2.028142921944887,3.440563910028116,-1.95513564428897e-06,0.0,19.866859735191042,-0.8189214902902969,0.8189214902902969
1762151373.1744635,-2.0336182772233213,3.4434594166789485,-1.7276499232399652e-06,0.0,19.87291315242783,-0.8211754075133048,0.8211754075133048
1762151373.5457978,-2.027899376725639,3.4390576367606474,-8.388202315765774e-07,0.0,19.866426382189797,-0.81745261805551,0.81745261805551
1762151373.8055973,-2.030142341659634,3.4426812327797474,-7.57206059879344e-12,0.0,19.869196833935217,-0.8207978837108403,0.8207978837108403
1762151374.0616488,-2.0290395521904,3.4392477296218122,-8.800880378041733e-08,0.0,19.86763780254867,-0.8175119765563726,0.8175119765563726
1762151374.3576982,-2.028678609725482,3.439645571715097,-3.051665153538445e-06,0.0,19.86730888537537,-0.8179482488149422,0.8179482488149422
1762151374.5820987,-2.0250380991533525,3.4388969025433243,-4.6804350924854125e-12,0.0,19.863408696785537,-0.8176175673881679,0.8176175673881679
1762151374.802704,-2.025211566475673,3.4384889058152197,-2.0621528046367018e-06,0.0,19.863541120503857,-0.8171925339267554,0.8171925339267554
1762151374.9795287,-2.0259448274216005,3.4377276049738894,-3.312792131141485e-08,0.0,19.864215352829184,-0.8163529905787237,0.8163529905787237
1762151375.2633102,-2.029207989957176,3.4395442335584003,-4.29907691844112e-07,0.0,19.86784874009612,-0.8177874218332916,0.8177874218332916
1762151375.610236,-2.0276882832084557,3.439643837764219,-3.5165263874621013e-07,0.0,19.866276082263077,-0.818058996434253,0.818058996434253
1762151375.9451022,-2.03544821446062,3.4452692878123603,-1.5390579227179775e-07,0.0,19.875036581070272,-0.8227649122674288,0.8227649122674288
1762151376.2378924,-2.030874850012158,3.44146651378586,-1.3561514598274933e-08,0.0,19.869815638001942,-0.8195077415443481,0.8195077415443481
1762151376.5288494,-2.034965713398261,3.4429150326789455,-2.0138706459903326e-07,0.0,19.874252379366226,-0.8204810219196966,0.8204810219196966
1762151376.7571268,-2.029201489765758,3.441668053028214,-9.926973149480561e-09,0.0,19.868095070869874,-0.819898222704748,0.819898222704748
1762151377.0968678,-2.0275854995752787,3.4387499817566516,-7.152997275692175e-09,0.0,19.86606246840519,-0.817182589280881,0.817182589280881
1762151377.5483785,-2.026864547932549,3.4398657183217565,-2.6200312654565277e-08,0.0,19.865428886753502,-0.8183729495376704,0.8183729495376704
1762151377.8349297,-2.0330136584062384,3.4467861643647226,-8.456389686649992e-08,0.0,19.87268025484696,-0.8245493740023503,0.8245493740023503
1762151378.080243,-2.0279951862342926,3.4439620776113755,-3.959900315749061e-09,0.0,19.86711052929509,-0.8223144476550699,0.8223144476550699
1762151378.4753876,-2.0327569944286723,3.443482326905806,-1.9476306406158764e-08,0.0,19.872018163679705,-0.8212962621168637,0.8212962621168637
1762151378.7404418,-2.0529323589103186,3.464800835919556,-2.6725604715168304e-08,0.0,19.895594161944825,-0.8401638979990664,0.8401638979990664
1762151378.9531598,-2.0699160038684035,3.477551460678491,-6.446903418212808e-08,0.0,19.914808307251285,-0.8508640749474968,0.8508640749474968
1762151379.2826114,-2.0691260901758897,3.4777525830366924,-3.4439184174456634e-08,0.0,19.914011413270146,-0.8511556050741992,0.8511556050741992
1762151379.5960143,-1.9000018791966964,3.520732991352842,-1.5430018817260754e-09,0.0,19.741214924934997,-0.9126650484505546,0.9126650484505546
1762151379.8712904,-2.0637025224429744,3.3536367200548596,-1.312047350588066e-09,0.0,19.893409902231316,-0.7284989756471056,0.7284989756471056
1762151380.3749294,-1.670547717873648,3.2970912597593602,-1.194999590943072e-13,0.0,19.474244165224015,-0.7118836401430153,0.7118836401430153
1762151380.734621,-1.7597625226079077,3.275644949874565,-8.623597789945187e-10,0.0,19.56669103748819,-0.6826530249484488,0.6826530249484488
1762151381.003742,-1.6430888992143717,3.3014521053019292,-7.972243777101452e-14,0.0,19.445456436443184,-0.7185092656948523,0.7185092656948523
1762151381.292732,-1.6459224081959545,3.3099910866945623,-5.633659415288569e-10,0.0,19.44921079313214,-0.7267872975916834,0.7267872975916834
1762151381.5910532,-1.7330738518963542,3.3348966475421205,-5.5096822226224524e-14,0.0,19.54414661282184,-0.7440903397329099,0.7440903397329099
1762151381.9342937,-2.4424110669642016,3.5614045130235876,-4.3553590228902125e-10,0.0,20.30468316972602,-0.888156756011249,0.888156756011249
1762151382.312458,-1.6040193135695142,3.313066039416881,-2.997320012178686e-10,0.0,19.404912909363237,-0.7332136764587752,0.7332136764587752
1762151382.5474687,-1.6641989610772887,3.3005919565959543,-2.268338765549889e-10,0.0,19.46781889166747,-0.7159051600950175,0.7159051600950175
1762151382.834439,-1.6945713775079936,3.279656951978168,-1.89831796275652e-10,0.0,19.4981296159313,-0.6924641264656931,0.6924641264656931
1762151383.0701075,-1.6158683361789714,3.2055266109058143,-3.3131098688701676e-09,0.0,19.408516127642343,-0.6250760629611102,0.6250760629611102
1762151383.4930732,-1.4642963261514423,2.8228503873164654,-1.6814143539824206e-14,0.0,19.223290031934212,-0.254053790725682,0.254053790725682
1762151383.6523542,-1.4142697909037476,2.76082803786226,-1.0655848911856462e-10,0.0,19.16855260685804,-0.19516185879725043,0.19516185879725043
1762151383.8874257,-1.322588872668161,2.714634102179677,-1.0485840856332645e-10,0.0,19.07307632224884,-0.15397034174954172,0.15397034174954172
1762151384.2512927,-0.24839998747254285,2.764123325247466,-1.676925283152918e-10,0.0,17.981733608860623,-0.20646026753016397,0.20646026753016397
1762151384.5288277,0.08477828111038375,2.7368600589759198,-5.415851475130704e-09,0.0,17.641785929521753,-0.15897443179792298,0.15897443179792298
1762151384.6858969,0.22496418456475137,2.712533981699819,-1.0940758392716374e-09,0.0,17.495930109260748,-0.11636000056018678,0.11636000056018678
1762151385.0066516,0.3874694692410775,2.66412169132073,-7.18352475342475e-11,0.0,17.341454707549673,-0.03622700371459407,0.03622700371459407
1762151385.3562677,0.4346067975177062,2.667225278020711,-3.5330921079670435e-11,0.0,17.294413862951394,-0.027928856142669364,0.027928856142669364
1762151385.6372368,0.46186222238380564,2.6557219791601603,-3.5277616997568406e-11,0.0,17.270785487160747,-0.009934718230481518,0.009934718230481518
1762151386.0986683,0.6500022562815211,2.497166834591938,-3.2748481145522866e-11,0.0,17.13594321720939,0.19397710984024838,0.19397710984024838
1762151386.4300451,1.1630973702379648,2.382981322852858,-3.678043103697232e-10,0.0,16.59882414891159,0.4305038920552117,0.4305038920552117
1762151386.6374054,1.398774175858711,2.3472443554655293,-4.2103302814975615e-10,0.0,16.339805044400006,0.4828823364879962,0.4828823364879962
1762151386.8552525,1.4105810467061606,2.3485281362369133,-2.14163325616464e-11,0.0,16.328911725339417,0.482260897131785,0.482260897131785
1762151387.2946062,1.3202817505367006,2.274846185836107,-2.476982549906207e-10,0.0,16.42343947138627,0.5511099200634674,0.5511099200634674
1762151387.4895554,1.274469260339077,2.245313025523642,-1.1346727257837306e-10,0.0,16.477725723854313,0.5778714283895483,0.5778714283895483
1762151387.6543198,1.2425971690261057,2.2485978236645665,-1.7073471960138957e-10,0.0,16.517741057010745,0.5721894058355327,0.5721894058355327
1762151387.8743546,1.215622016929564,2.2400064594371836,-8.4535956046554e-12,0.0,16.55176700062285,0.5783056957076433,0.5783056957076433
1762151388.150437,1.1928217894113429,2.2285965672336507,-6.935678347715786e-12,0.0,16.58119019402426,0.5872776679007993,0.5872776679007993
1762151388.3588989,1.1468725148487589,2.223421540011158,-6.2373288284379744e-12,0.0,16.643377482459705,0.5866619958922945,0.5866619958922945
1762151388.5511835,1.1348848231293394,2.222479775498863,-4.955152969519396e-12,0.0,16.65691044714035,0.5858697161854007,0.5858697161854007
1762151388.8817747,1.0902301113804143,2.201803157489489,-7.576416424235362e-12,0.0,16.72784480405248,0.5987891684955351,0.5987891684955351
1762151389.152163,1.070539334350951,2.1984696945960693,-6.631147860647937e-11,0.0,16.747790519833487,0.5983034454364985,0.5983034454364985
1762151389.52191,1.0665825851789352,2.2016312770179547,-5.1812064751892794e-11,0.0,16.751349609545297,0.5944161572239991,0.5944161572239991
1762151389.7521281,1.0630224308798337,2.202137356621086,-4.6878371335680924e-11,0.0,16.754825953334198,0.5932035046821257,0.5932035046821257
1762151390.0156689,1.0616277100104343,2.212044671660262,-1.9831450675771624e-12,0.0,16.75505033186052,0.5832129751974188,0.5832129751974188
1762151390.3641822,1.0638077101991634,2.2096172547371733,-1.482245145393939e-12,0.0,16.75316974030475,0.5860314546280304,0.5860314546280304
1762151390.7470827,1.0135403639518274,2.2062605555871846,-5.102269844178179e-12,0.0,16.832636404383223,0.57805103636576,0.57805103636576
1762151391.0745325,0.9740525707841341,2.20227625417951,-1.0040180582703324e-12,0.0,16.872236368135958,0.5718301306573775,0.5718301306573775
1762151391.380505,0.9639072713850393,2.1974592537497504,-1.6378047247197817e-11,0.0,16.883042111595515,0.573691088307103,0.573691088307103
1762151391.589316,0.9554321486113132,2.196806953371213,-7.95551057614049e-13,0.0,16.891507535192428,0.5719428104033288,0.5719428104033288
1762151391.948774,0.9587042989002471,2.1932894341127978,-6.231510973750233e-13,0.0,16.888866761870695,0.5762464228386395,0.5762464228386395
1762151392.1763406,0.9396321214760042,2.2006918607073596,-9.766678387685824e-12,0.0,16.936907858114047,0.5634387880553255,0.5634387880553255
1762151392.6008153,0.9347051588793984,2.198571995194786,-4.3806486514776327e-13,0.0,16.942179348362338,0.564030506264419,0.564030506264419
1762151392.8111572,0.9322215429202295,2.1988558281099726,-6.406863394019911e-12,0.0,16.944540614444577,0.5630315235718533,0.5630315235718533
1762151393.0027883,0.9367719224715189,2.205522379617208,-5.689067755841537e-12,0.0,16.93864139012691,0.557984330462174,0.557984330462174
1762151393.2928877,0.9434586282522097,2.2073162168716265,-2.4694626571134263e-12,0.0,16.93172418948322,0.5582044247879185,0.5582044247879185
1762151393.5088434,0.9494469101482397,2.207420909680204,-2.938000508731871e-17,0.0,16.89564190316543,0.5600495805340735,0.5600495805340735
1762151393.7071388,0.929251865529891,2.210841219504467,-3.702120438768389e-12,0.0,16.944814900819615,0.5506996662354743,0.5506996662354743
1762151393.942184,0.9569059689974881,2.2069341882437965,-3.2006650256800393e-12,0.0,16.888368016301325,0.562624079351786,0.562624079351786
1762151394.2990332,0.9492179521953716,2.2054381607961493,-1.2845777089932756e-13,0.0,16.926515592583456,0.5616579332608582,0.5616579332608582
1762151394.577434,0.9384180818208491,2.215438816305669,-5.517806868059284e-13,0.0,16.934864623074766,0.548970817156158,0.548970817156158
1762151394.7869627,0.939360925682429,2.212109248900912,-1.1749079769815948e-13,0.0,16.93467342257324,0.5524312917872432,0.5524312917872432
1762151395.0588615,0.9264097016889482,2.2141377136389537,-7.967970189289817e-14,0.0,16.946866604662887,0.5467136406266963,0.5467136406266963
1762151395.3764386,0.9117695509726287,2.211422417436621,-7.097037072514694e-14,0.0,16.961746081025428,0.5449745768186902,0.5449745768186902
1762151395.6597514,0.9090348375872948,2.219649982259148,-1.0680961207579687e-12,0.0,16.962613619707277,0.536304100188074,0.536304100188074
1762151395.9102998,0.9328029822500659,2.218806900573361,-1.041193252281031e-12,0.0,16.93960635320628,0.5441174008816871,0.5441174008816871
1762151396.2207575,0.9693398533636293,2.2176687942684126,-7.634614563282678e-13,0.0,16.87432030354592,0.5557182430446386,0.5557182430446386
1762151396.4609885,0.9675418851021454,2.2114884543208118,-3.7099523266423544e-14,0.0,16.87712225272019,0.5611853176703734,0.5611853176703734
1762151396.6910346,0.9900723148975608,2.2110189641408504,-3.584431926011595e-14,0.0,16.85498452240262,0.5676034884841654,0.5676034884841654
1762151396.9576635,1.0095326202928256,2.215407515097613,-2.7819240337659875e-14,0.0,16.835065151201345,0.5682039306856339,0.5682039306856339
1762151397.2047102,1.0150179789682916,2.208821550818441,-4.935776876898863e-13,0.0,16.830752988826372,0.5759187678361088,0.5759187678361088
1762151397.528776,0.9948163989766664,2.216773134066632,-2.311029264613258e-18,0.0,16.849348546279174,0.5632421620841426,0.5632421620841426
1762151397.7138643,1.0024495670483247,2.21431411046383,-2.0317253690849164e-14,0.0,16.84223138629975,0.5675313008967857,0.5675313008967857
1762151397.966585,1.0193335008128346,2.2139449278193672,-1.718928602438614e-14,0.0,16.825644624731876,0.5719650334560448,0.5719650334560448
1762151398.3324208,1.004151072433233,2.2142493095525193,-7.39118396790741e-14,0.0,16.84056442388267,0.5680138827508096,0.5680138827508096
1762151398.5638592,1.0032647384532198,2.2137627240417297,-1.0892325592329464e-14,0.0,16.841519405360025,0.5682672420980976,0.5682672420980976
1762151398.7858038,0.9917873989754213,2.2169695800074694,-1.4998857723306982e-13,0.0,16.852302551413196,0.5622845449964684,0.5622845449964684
1762151399.0616467,0.9940450888670616,2.2203900899082174,-8.726529061626563e-19,0.0,16.849506834142083,0.5595454569620861,0.5595454569620861
1762151399.3814206,1.0110879026052164,2.212792261829665,-1.2667145373232693e-13,0.0,16.83396704317529,0.571118524098341,0.571118524098341
1762151399.591678,1.002843417013121,2.2118898474449593,-3.838257978653077e-14,0.0,16.84224669545713,0.5699788150900627,0.5699788150900627
1762151399.8441072,1.0094577929085158,2.2118084531200375,-5.164511946607531e-15,0.0,16.83573820925093,0.571678776990667,0.571678776990667
1762151400.2273808,1.0092502833579304,2.206466913919857,-3.853657237707082e-15,0.0,16.836832234899138,0.576811478894231,0.576811478894231
1762151400.449274,0.9895311078962553,2.2140590766813277,-4.309776072299393e-15,0.0,16.855011968849702,0.5645240432090807,0.5645240432090807
1762151400.6314282,0.9927998534538361,2.2137781556714677,-2.5848608314443272e-15,0.0,16.85183563084911,0.5656306454210763,0.5656306454210763
1762151400.8986416,0.9963882618316398,2.2151401960150205,-2.0727281509916976e-15,0.0,16.8480705251112,0.5652193443086617,0.5652193443086617
1762151401.1521893,1.0092192917063703,2.2109120709618795,-3.457194496282816e-14,0.0,16.836122636430638,0.5724907171450804,0.5724907171450804
1762151401.438856,1.011004155531846,2.2145416545162315,-1.1332896949950903e-14,0.0,16.83375833197453,0.5694000449501161,0.5694000449501161
1762151401.6950295,1.0049840775256116,2.2153970317906917,-2.334132309235523e-14,0.0,16.839551941780446,0.5671055272692976,0.5671055272692976
1762151401.9410212,1.010253942626077,2.213717942998895,-1.6397511632929968e-15,0.0,16.834635227055514,0.57001842757348,0.57001842757348
1762151402.292546,1.023902825828867,2.21031128904723,-3.7564073227463486e-15,0.0,16.79271849093437,0.5767941340837335,0.5767941340837335
1762151402.6995711,1.015899046246017,2.2115238238516466,-1.8361763457847474e-14,0.0,16.82943426920151,0.5735042821689976,0.5735042821689976
1762151402.9354298,0.999769486538821,2.2106574079100936,-7.594518488191232e-20,0.0,16.845482925746907,0.5704090241263357,0.5704090241263357
1762151403.1166058,1.0053259892130375,2.216435768566295,-9.697077624133965e-15,0.0,16.839041844440676,0.566181856155864,0.566181856155864
1762151403.4501333,1.0077837046887963,2.2109548191304396,-5.326790908972134e-16,0.0,16.837531064680544,0.5720995875504138,0.5720995875504138
1762151403.757004,1.0205848653764606,2.2138157858803944,-4.213997260092879e-16,0.0,16.824131496814367,0.5723855672877318,0.5723855672877318
1762151404.140474,1.0071030342109968,2.2048525172257754,-2.195145668478407e-14,0.0,16.839218319555286,0.5778522170501372,0.5778522170501372
1762151404.522006,1.0036114345833023,2.206528174753071,-2.7243709517754397e-16,0.0,16.842382164765418,0.5753663743723019,0.5753663743723019
1762151404.732335,0.9956942531397963,2.2118299057003825,-4.1850231396273584e-15,0.0,16.849306037680268,0.5682499379620214,0.5682499379620214
1762151405.1208694,1.0050523616326448,2.214160263090958,-2.7002277383823836e-15,0.0,16.83969054371263,0.5683217624150421,0.5683217624150421
1762151405.500914,0.9966746191132685,2.2146523878411233,-2.1084795920063947e-15,0.0,16.847869389705057,0.5657637596549733,0.5657637596549733
1762151405.7762966,1.0077792438746855,2.2114255621188086,-9.765491546277258e-17,0.0,16.837457080402093,0.5716417980265978,0.5716417980265978
1762151406.0646188,1.0128180342875213,2.2128269902840407,-7.961553911843809e-17,0.0,16.832255281575733,0.5715014749446563,0.5715014749446563
1762151406.2883015,0.989503796796348,2.219344659841387,-1.2938534845956211e-15,0.0,16.854158802920345,0.5594039770995778,0.5594039770995778
1762151406.559299,1.0010287701068072,2.211859196080637,-1.1439467576096359e-15,0.0,16.844041113575326,0.5695583935690363,0.5695583935690363
1762151406.800422,0.9909239007431849,2.2131918387846716,-4.1942343383150826e-15,0.0,16.85378302210459,0.565719689312627,0.565719689312627
1762151407.012172,0.9939423629548917,2.206757883463714,-5.440965709692094e-17,0.0,16.85187800744882,0.5727153701329099,0.5727153701329099
1762151407.2695777,1.0020632168545267,2.2159271004708856,-4.152251990397427e-17,0.0,16.84234376611127,0.5658721041360028,0.5658721041360028
1762151407.4461348,1.002609552602348,2.21254023859245,-4.41168377705428e-21,0.0,16.842368999308707,0.5692904666326704,0.5692904666326704
1762151407.8876975,1.0016619035041994,2.2111154479750437,-4.673545282523934e-16,0.0,16.843540659289367,0.5704365444685011,0.5704365444685011
1762151408.110924,1.0123295801705432,2.2080852167549065,-7.423866243096839e-16,0.0,16.833526463575243,0.5759877095122294,0.5759877095122294
1762151408.4351172,0.9999139753820122,2.2101770334139945,-2.025194110010202e-17,0.0,16.845420440520606,0.5709105271346148,0.5709105271346148
1762151408.764216,1.005087411670206,2.2124766546611063,-1.8889946577699532e-21,0.0,16.839936318484213,0.5699631451703764,0.5699631451703764
1762151409.0036206,1.0030657630323119,2.215885579845255,-2.3313531492672294e-16,0.0,16.84136212904553,0.5661599391473706,0.5661599391473706
1762151409.431472,1.000390353405517,2.2139732341006746,-7.90303016852542e-18,0.0,16.844318612169907,0.5673509053473803,0.5673509053473803
1762151409.712603,1.0017254338846082,2.213971297369714,-6.481459418461557e-17,0.0,16.8430024919243,0.5676843286548071,0.5676843286548071
1762151410.003445,0.9924695203578631,2.210820240686225,-8.309272144407752e-18,0.0,16.852653871170737,0.5684089885877545,0.5684089885877545
1762151410.3548372,1.0101045210821287,2.2134983298737656,-6.0464370012735035e-18,0.0,16.8348191301753,0.5701954393610698,0.5701954393610698
1762151410.5948002,1.0083171317015056,2.209871472556297,-6.479784061612931e-18,0.0,16.837185470987503,0.5732807725734032,0.5732807725734032
1762151410.8413117,1.0137605545237915,2.211392069268931,-4.112342033335141e-18,0.0,16.831564845824346,0.5731211041864368,0.5731211041864368
1762151411.084011,1.011715753045218,2.209859511886204,-3.705734703605782e-18,0.0,16.833836286023477,0.5741170989006076,0.5741170989006076
1762151411.4284248,1.024156207213088,2.2093082778482236,-3.5140233923275046e-22,0.0,16.79258436695056,0.5778299226399783,0.5778299226399783
1762151411.7421849,0.9977649694691719,2.2122657039944733,-2.2888215457978503e-18,0.0,16.84719166437064,0.5683491685304914,0.5683491685304914
1762151412.0728416,0.9997717190614971,2.2098223160433186,-1.9579839381885796e-18,0.0,16.845619774480642,0.5712186486474585,0.5712186486474585
1762151412.3267796,1.0187065695415813,2.2115724953235087,-1.5761296375159635e-18,0.0,16.826657834763502,0.5741231499872107,0.5741231499872107
1762151412.7997553,1.0143688248906786,2.214664237114541,-2.0699560038210705e-18,0.0,16.830420222395553,0.5700886366772023,0.5700886366772023
1762151413.125343,1.004353840184502,2.2103814138683915,-1.699355754406457e-17,0.0,16.841008525190865,0.5718142976657964,0.5718142976657964
1762151413.5148332,0.9993565557330472,2.2070862749221596,-1.3418771284009615e-17,0.0,16.846484716866524,0.5737652413424823,0.5737652413424823
1762151413.8576214,0.9813644851746252,2.2081456640870387,-7.088230743406999e-19,0.0,16.86404922020134,0.5681160434124984,0.5681160434124984
1762151414.0695703,0.9973488717645822,2.20652018529904,-8.062254036420772e-19,0.0,16.84855863239267,0.5738086797740811,0.5738086797740811
1762151414.3512697,1.013777571897845,2.206768118595614,-8.168977658848846e-18,0.0,16.832317994190525,0.5776152966725606,0.5776152966725606
1762151414.5778434,1.0197365532162697,2.2104024605528467,-4.07205678498234e-18,0.0,16.825837050691604,0.5755034910838691,0.5755034910838691
1762151414.8527632,1.0177983978699277,2.207100565455231,-5.699280506259569e-18,0.0,16.8282979437254,0.5782536272003928,0.5782536272003928
1762151415.1454709,1.011142286073655,2.217360882624024,-2.1256486878475758e-17,0.0,16.833152703631995,0.5666962603848434,0.5666962603848434
1762151415.3962662,1.0037734557078242,2.2162757806785436,-2.735072545863738e-19,0.0,16.84059934392713,0.5659559054071898,0.5659559054071898
1762151415.6162715,1.00472840242014,2.2075563985860125,-1.32588537377676e-18,0.0,16.841109581572756,0.5746457464234951,0.5746457464234951
1762151415.9147234,1.007379204052996,2.210543401928113,-4.4436487757886854e-18,0.0,16.837998423037092,0.572399917925299,0.572399917925299
1762151416.158842,1.0029310613136553,2.213409276568056,-2.5247799501563556e-18,0.0,16.84190727645161,0.5685275059500154,0.5685275059500154
1762151416.424605,0.9905976158860184,2.210654254859682,-1.1185110728041494e-19,0.0,16.85452728190778,0.568091007237082,0.568091007237082
1762151416.6632338,1.0191961965208707,2.2113199012096443,-1.1388482043158729e-19,0.0,16.82621710211325,0.5744842782070135,0.5744842782070135
1762151417.011079,1.017105556920049,2.2167677282068854,-8.999002049428164e-20,0.0,16.82737144556054,0.5686954966845521,0.5686954966845521
1762151417.2182271,1.0186112789825716,2.2158385389187583,-6.479994110855202e-20,0.0,16.82604146154183,0.5699541797177873,0.5699541797177873
1762151417.512182,1.017599301728337,2.2120075591539594,-1.0946774018395666e-18,0.0,16.827677203167315,0.5734383119509178,0.5734383119509178
1762151417.7316105,1.0009778987211384,2.2111355096846577,-9.290131084275417e-19,0.0,16.844211774901744,0.5702470493367935,0.5702470493367935
1762151417.9503784,1.0029037446675964,2.214264651624335,-8.047889953645675e-19,0.0,16.841791784338156,0.5676914923786122,0.5676914923786122
1762151418.2687607,0.9985769248173122,2.213774367819802,-3.3257562724287686e-20,0.0,16.846139838230705,0.567091198524017,0.567091198524017
1762151418.4330914,1.013387728768975,2.2145435753713607,-3.224345863221909e-20,0.0,16.831407713629503,0.569971155946484,0.569971155946484
1762151418.6773107,1.0007997613965627,2.209403482213921,-5.513917366752691e-19,0.0,16.844675823128764,0.571881051968801,0.571881051968801
1762151418.9292188,1.0003495793906434,2.216293097365669,-2.5095164807285894e-20,0.0,16.843972539481058,0.5650925750446113,0.5650925750446113
1762151419.2534714,0.9861825125947092,2.21232532663648,-1.9613667551162208e-20,0.0,16.858602502218965,0.5653369549112996,0.5653369549112996
1762151419.5690134,0.9923805892887666,2.212207451593452,-1.7958853478069865e-20,0.0,16.852510578026937,0.5670439699549215,0.5670439699549215
1762151419.8114567,1.0180457227381983,2.202890439046902,-1.9504166818595525e-20,0.0,16.828755094339826,0.5824029034472007,0.5824029034472007
1762151420.1369367,1.011687302636144,2.202905840127423,-1.524791778372162e-20,0.0,16.835022186352454,0.580859689324751,0.580859689324751
1762151420.411946,1.0104230083964385,2.213129707191521,-1.6774139813953274e-19,0.0,16.834566467846944,0.5706302933223363,0.5706302933223363
1762151420.7163892,1.0113595875663473,2.2165115937290287,-6.80811978163258e-20,0.0,16.833079849692155,0.5675731481500909,0.5675731481500909
1762151420.9387636,1.0035042117491053,2.2140104958822904,-8.81394222800938e-21,0.0,16.841242018940516,0.5680860921996879,0.5680860921996879
1762151421.3038652,0.9897037087362875,2.208793031898655,-5.002241262719748e-21,0.0,16.85571861997618,0.5696616330571006,0.5696616330571006
1762151421.5788186,0.9978461820949627,2.212960866818809,-4.456117850556896e-21,0.0,16.846995834792267,0.5676962103765703,0.5676962103765703
1762151421.8189003,0.9945894215684967,2.211804099417764,-7.347658482306519e-20,0.0,16.850399742751655,0.5679955116407308,0.5679955116407308
1762151422.0415423,0.9937540687033458,2.214331513723367,-3.1730151024400668e-21,0.0,16.85080259751482,0.5653372864738784,0.5653372864738784
1762151422.4265902,1.0034101681257377,2.207638075497932,-3.1782646082666737e-21,0.0,16.8423958133701,0.5742406487277714,0.5742406487277714
1762151422.7416039,1.0037058941254213,2.212397217515921,-3.9511980155879503e-20,0.0,16.841311776994306,0.5697000169840516,0.5697000169840516
1762151423.009491,1.0025120053820369,2.215877381050895,-8.447279335924871e-21,0.0,16.841909521398534,0.566031221963845,0.566031221963845
1762151423.2895067,0.9998222825227814,2.216189166820112,-1.5799096802461387e-21,0.0,16.8445097806175,0.5650621802069298,0.5650621802069298
1762151423.5539596,1.0165166631005609,2.211345965404879,-3.1136632752543665e-20,0.0,16.8288548892759,0.5738241054216016,0.5738241054216016
1762151423.8084695,1.0101437917489078,2.215715627409598,-9.247488097105841e-20,0.0,16.834411208320013,0.568052692000529,0.568052692000529
1762151424.043554,0.9874578209313654,2.2036848473326076,-6.492482412147365e-21,0.0,16.858783712491565,0.5740196695152846,0.5740196695152846
1762151424.3614938,0.9887727149880149,2.2077159981633994,-1.394620832132559e-20,0.0,16.856815952557454,0.5704631894749824,0.5704631894749824
1762151424.5980117,0.9506265014221674,2.192209616970446,-8.220383539892819e-22,0.0,16.92803668235756,0.5747371132398669,0.5747371132398669
1762151424.869955,0.947904482233356,2.2043711225872453,-9.139106661241838e-22,0.0,16.928030767736775,0.562304104191712,0.562304104191712
1762151425.237612,1.0126845779129536,2.22984448114703,-5.547071806403136e-22,0.0,16.82955331402001,0.5549404840347111,0.5549404840347111
1762151425.4767642,1.0237295680746985,2.2395857099511813,-1.4381620241493296e-20,0.0,16.789460776117796,0.5482011195481575,0.5482011195481575
1762151425.706125,0.7601156173473822,2.367334199657432,-3.012504053291474e-22,0.0,17.072469968925734,0.35048271608074133,0.35048271608074133
1762151426.0647454,0.6821085970383143,2.4292305102320997,-3.346358735525571e-26,0.0,17.12535596399428,0.2682950161727167,0.2682950161727167
1762151426.476224,0.6562236710179186,2.44192168377744,-2.048657353052099e-22,0.0,17.145397218620545,0.24868289285349068,0.24868289285349068
1762151426.753813,0.6446203511315309,2.438350667264784,-1.707849311295868e-22,0.0,17.156913203456615,0.2488002168547206,0.2488002168547206
1762151426.8900633,0.6457996611289981,2.4303832106163776,-1.6653506176900982e-22,0.0,17.157983975139373,0.25677503450049205,0.25677503450049205
1762151427.2634795,0.6535173243538461,2.394443895565759,-1.5661311638043847e-26,0.0,17.16061015044057,0.29342871162502115,0.29342871162502115
1762151427.5284674,0.6650322242195067,2.3994094361846057,-1.3286753593818957e-26,0.0,17.148905542773758,0.29193967622615585,0.29193967622615585
1762151427.7453637,0.6640537988427201,2.420429802442393,-1.1141435188366353e-22,0.0,17.14412209280261,0.27151679159325115,0.27151679159325115
1762151428.008623,0.6549736061210093,2.429155459338597,-1.4042342185633335e-21,0.0,17.149989540067658,0.2605602827534698,0.2605602827534698
1762151428.3154829,0.6459931285786304,2.426751141802187,-4.958110895839942e-22,0.0,17.158783173744023,0.26031304395582444,0.26031304395582444
1762151428.696208,0.6496340177726267,2.4323990343102952,-9.146639792574962e-22,0.0,17.153960339088663,0.2559306570284714,0.2559306570284714
1762151429.112216,0.65649873437152,2.426044447404855,-7.066303211851875e-22,0.0,17.149446602068664,0.2639770519883545,0.2639770519883545
1762151429.474458,0.655125770830134,2.4374829981830777,-3.894866405851509e-27,0.0,17.147599043888214,0.25262249511565654,0.25262249511565654
1762151429.7402093,0.6484962246617499,2.432432275279854,-5.160015753991536e-23,0.0,17.154984525624478,0.2555754269958623,0.2555754269958623
1762151430.029508,0.6604880800549827,2.4253944751992265,-3.2589169961428145e-23,0.0,17.14600718798936,0.2657393522703608,0.2657393522703608
1762151430.4019775,0.6590707679608694,2.4310483805166148,-3.451800954476741e-22,0.0,17.145761285809826,0.25991626031272047,0.25991626031272047
1762151430.68887,0.6527037736452015,2.4288775475049262,-1.4906037381193235e-23,0.0,17.152123451642957,0.26017996610970623,0.26017996610970623
1762151430.914253,0.6519276650135083,2.431705094468344,-1.686386122407788e-23,0.0,17.152065180482772,0.25724847420795083,0.25724847420795083
1762151431.254647,0.6657053302532471,2.4229471955384208,-6.470360396067764e-22,0.0,17.14194542142441,0.26957830555257895,0.26957830555257895
1762151431.4606419,0.6569646097032635,2.4284398694239897,-8.614768012718457e-24,0.0,17.148377228387513,0.2618141773190458,0.2618141773190458
1762151431.739483,0.6541232356456503,2.4254513667411084,-7.699577918278272e-24,0.0,17.151759748560607,0.263868492961649,0.263868492961649
1762151432.0999355,0.6582562671343282,2.4314353859080784,-3.005537950478158e-23,0.0,17.146395303227294,0.25931250443028386,0.25931250443028386
1762151432.523823,0.6531778323455685,2.429205013867156,-5.623907545361099e-28,0.0,17.151605105679256,0.26000104224148357,0.26000104224148357
1762151432.7608325,0.6461992632455548,2.4320188252934694,-7.064717499813422e-23,0.0,17.157181658880834,0.2553198527438012,0.2553198527438012
1762151433.0728195,0.6501962293780185,2.4330830671324883,-3.817175476223428e-24,0.0,17.1532654783367,0.2554347480849424,0.2554347480849424
1762151433.5431144,0.6399024160496863,2.426802945153595,-2.4789370575311417e-24,0.0,17.16429659038673,0.2585414398855085,0.2585414398855085
1762151433.8128564,0.6531852779169246,2.426698557956087,-2.0804674949019025e-24,0.0,17.152274031207718,0.2624058700306938,0.2624058700306938
1762151434.191311,0.6274565451328913,2.415375805160462,-2.806531724351672e-23,0.0,17.17862063080695,0.26601706096388195,0.26601706096388195
1762151434.4459813,0.5537160383344298,2.4088684160374765,-2.4784707927430104e-23,0.0,17.24690713972983,0.25228687884210527,0.25228687884210527
1762151434.7658682,0.6343571079570469,2.4241944085103864,-1.0364179101877388e-24,0.0,17.1700253066455,0.259483346906754,0.259483346906754
1762151435.0247095,0.6271395574944284,2.435492713947375,-1.1929263257538014e-24,0.0,17.173581548710082,0.24661395909906234,0.24661395909906234
1762151435.3161583,0.6213754783814983,2.429556764565827,-1.8131159521566048e-23,0.0,17.180399361392183,0.25070280814025636,0.25070280814025636
1762151435.5307274,0.6369392519490807,2.4346255168773716,-1.2001010176745576e-23,0.0,17.164897569610126,0.2502006963095216,0.2502006963095216
1762151435.784467,0.6231415318722369,2.428634616098546,-1.0503183491328229e-23,0.0,17.17903698931776,0.2520808371269493,0.2520808371269493
1762151436.055395,0.6353410948525532,2.4332745965745897,-5.671760218807753e-25,0.0,17.166711738413373,0.2510464886849888,0.2510464886849888
1762151436.5213091,0.6449177204082284,2.4366159964037046,-1.3813192006612334e-24,0.0,17.15710970889003,0.2505479865814754,0.2505479865814754
1762151436.8442743,0.646061244856245,2.4291614816652194,-2.8533650888416994e-25,0.0,17.158074567756646,0.2580208024578042,0.2580208024578042
1762151437.1682758,0.6357632485835156,2.4313438011483153,-2.546606460290394e-25,0.0,17.16684349349953,0.25301802647203075,0.25301802647203075
1762151437.5255804,0.6613626227676861,2.408928293235843,-7.269929341006067e-25,0.0,17.1496578825356,0.2817695125035918,0.2817695125035918
1762151437.8251534,0.7064723143879278,2.361806478464337,-1.5202665897290437e-25,0.0,17.121845844760227,0.33988940497467657,0.33988940497467657
1762151438.0211394,0.6794035418269602,2.4157158502430565,-1.3500196038898709e-25,0.0,17.131495898500457,0.2804471422668933,0.2804471422668933
1762151438.3263686,0.6529756140636164,2.4232792609446294,-1.4736405164147205e-25,0.0,17.153384693749462,0.2656241649023896,0.2656241649023896
1762151438.5659893,0.6446667412260024,2.427833962056497,-5.611423201808643e-25,0.0,17.15969639229986,0.2588989238627102,0.2588989238627102
1762151438.8326056,0.6412523057125152,2.425032581380629,-8.314086452437174e-26,0.0,17.16354454186164,0.2606207942613248,0.2606207942613248
1762151439.1657646,0.6484001219984286,2.429329752985275,-6.319931482760142e-26,0.0,17.15590657252317,0.25852291284551726,0.25852291284551726
1762151439.527525,0.6283280230050152,2.417122095285513,-6.719026377823499e-30,0.0,17.177369520628446,0.26458355345306295,0.26458355345306295
1762151439.7157173,0.6123121585698786,2.418792374079399,-4.7869335315382254e-26,0.0,17.1914642579035,0.25852926835454365,0.25852926835454365
1762151439.8936343,0.6290779021665502,2.418767976849896,-7.583349626943495e-25,0.0,17.17625446064963,0.2632128195501461,0.2632128195501461
1762151440.2251365,0.6016612808003937,2.4044706674526988,-3.5788996949405986e-26,0.0,17.204814537326083,0.26937282507358096,0.26937282507358096
1762151440.542806,0.5642972566925681,2.4040458648731464,-5.553231796190585e-25,0.0,17.23857738110255,0.2597278740105493,0.2597278740105493
1762151440.827907,0.5460455970767681,2.4064787441366935,-8.382627195973912e-26,0.0,17.254387165397965,0.2525886481402385,0.2525886481402385
1762151441.1104183,0.5455853297025102,2.4233404947114754,-2.5056904809384488e-30,0.0,17.250687907486235,0.23619053693381722,0.23619053693381722
1762151441.4594865,0.6312978414211393,2.420929066210717,-1.4495127169214623e-26,0.0,17.173668424914272,0.2617593669998954,0.2617593669998954
1762151441.7409098,0.6380882163514077,2.4254206298749534,-2.0889432930866198e-26,0.0,17.166312250859928,0.25935623598401797,0.25935623598401797
1762151442.0345275,0.6568875106490376,2.4343289978556744,-1.1155709012648637e-26,0.0,17.1468536568086,0.25614837568058096,0.25614837568058096
1762151442.4118397,0.6554629386289023,2.4282679536470946,-7.981802410126787e-27,0.0,17.149785381507435,0.2615504771664507,0.2615504771664507
1762151442.5754447,0.6597278560273105,2.4312043251977995,-8.355514768186839e-27,0.0,17.145123021814975,0.2599548183934475,0.2599548183934475
1762151442.9574976,0.6366248964293982,2.4288266222321435,-6.386017468424276e-27,0.0,17.16673236121075,0.255675980086858,0.255675980086858
1762151443.2836046,0.6400893748318645,2.431165346446124,-6.309284257682596e-31,0.0,17.162960291252737,0.2544092087598803,0.2544092087598803
1762151443.525916,0.6501247725995138,2.4293225319277707,-7.983249598925115e-26,0.0,17.154343441969175,0.25901974443395986,0.25901974443395986
1762151443.75261,0.660013484220677,2.427310376869069,-7.261120797613256e-26,0.0,17.14591877363382,0.26376774212838583,0.26376774212838583
1762151443.9530919,0.6483496851574752,2.4269728521080367,-3.736777126676165e-27,0.0,17.156585794376806,0.2607685722840159,0.2607685722840159
1762151444.3009214,0.6638965651327923,2.424738110552833,-2.139445180685482e-26,0.0,17.14309752624619,0.2673440047667607,0.2673440047667607
1762151444.5021248,0.6571796549380994,2.426518545675195,-2.916944721425995e-31,0.0,17.148701399713502,0.2637169493498902,0.2637169493498902
1762151444.7684762,0.6523832465017064,2.4258238128894205,-3.630709682578994e-26,0.0,17.153236814294264,0.2630162260964774,0.2630162260964774
1762151444.9774182,0.6525759203223377,2.422947944981761,-3.2880607650413784e-26,0.0,17.15383599459471,0.2658281362968218,0.2658281362968218
1762151445.510696,0.649536869237889,2.436163574063929,-1.1423962454026108e-26,0.0,17.15303352982504,0.25229394595980914,0.25229394595980914
1762151445.7944567,0.6491392938433657,2.4284771867249773,-1.5058645369574803e-27,0.0,17.155465090623178,0.259550271819019,0.259550271819019
1762151446.025415,0.6419146951302814,2.429022651886335,-1.1013600325579395e-31,0.0,17.161876106314786,0.25698030958509066,0.25698030958509066
1762151446.4268935,0.6409924369037029,2.4240311133282044,-8.544483780199196e-32,0.0,17.164047820178794,0.26150820388337415,0.26150820388337415
1762151446.6892006,0.66574687552541,2.427494084459172,-1.2152299539983758e-26,0.0,17.140673637476784,0.2652345514621362,0.2652345514621362
1762151446.9477746,0.6536530624613783,2.4319687243478283,-8.779407656074725e-27,0.0,17.150427968749018,0.2574872910912124,0.2574872910912124
1762151447.2813256,0.6409441593351761,2.414562604984715,-4.997677570314712e-32,0.0,17.166615298236742,0.27057906730845627,0.27057906730845627
1762151447.5702558,0.6379010393702188,2.42640641278377,-6.182418335648798e-27,0.0,17.16621921779304,0.2583576482688919,0.2583576482688919
1762151447.78365,0.6458203308368219,2.4126755437494327,-3.8287753703503443e-28,0.0,17.162704109732115,0.27376484939717605,0.27376484939717605
1762151447.962677,0.6436784222504092,2.4177200935032057,-3.2288372866008253e-32,0.0,17.163297626009424,0.26832075193479554,0.26832075193479554
1762151448.2659535,0.6419183843099521,2.4261534149155914,-2.7462001276830073e-28,0.0,17.16264053205842,0.2597336666288342,0.2597336666288342
1762151448.4632378,0.646330009583949,2.4274247071814914,-5.63195819060119e-28,0.0,17.15829681931167,0.2597625356660769,0.2597625356660769
1762151448.7642283,0.6340607662116403,2.430456498553048,-1.9795696799926179e-28,0.0,17.168627378828177,0.25339039469350544,0.25339039469350544
1762151448.983352,0.6334409351047023,2.4422990039999175,-1.4268159204025492e-28,0.0,17.166028113886068,0.2418522640103148,0.2418522640103148
1762151449.3645158,0.6389765886379143,2.4442527886077894,-1.3610839376288775e-28,0.0,17.160461698590794,0.24154097078811881,0.24154097078811881
1762151449.631509,0.6360835869056766,2.4370522268676242,-1.1300845943776139e-32,0.0,17.16502661604788,0.24763117999077866,0.24763117999077866
1762151450.044666,0.640009557141577,2.4285163926983206,-6.703465099940585e-29,0.0,17.163741392955306,0.2569278620830613,0.2569278620830613
1762151450.2987967,0.6323249361885129,2.4221308309560885,-4.9040121114314884e-29,0.0,17.17241776511205,0.26089363447131186,0.26089363447131186
1762151450.6999006,0.6542583505797624,2.4262755342455042,-5.655699583351257e-29,0.0,17.151415130770335,0.2631169390667963,0.2631169390667963
1762151450.9564886,0.6501879516438174,2.4267680355055163,-4.903585270648499e-33,0.0,17.15497344960149,0.26148688935054765,0.26148688935054765
1762151451.2504268,0.6448249727768927,2.4196975174432245,-6.0715462261114965e-28,0.0,17.161730789472667,0.2667477850143794,0.2667477850143794
1762151451.5865688,0.6357103213906153,2.4304142451475377,-2.4667333011248072e-29,0.0,17.167139655681712,0.2538950744713658,0.2538950744713658
1762151451.8635585,0.6576168295688929,2.429979247835888,-3.8924926257717176e-28,0.0,17.14736947981455,0.2605251681984461,0.2605251681984461
1762151452.1041014,0.6509114171180929,2.4242453448118133,-2.8212942164271764e-28,0.0,17.154995719711028,0.2641111684387816,0.2641111684387816
1762151452.4210615,0.6588306705179896,2.421173638663528,-1.487514184370824e-29,0.0,17.148648685228956,0.2693107542664852,0.2693107542664852
1762151452.6335287,0.6580969922618165,2.429047601971368,-2.428914315107215e-28,0.0,17.14718608407282,0.2615551657194636,0.2615551657194636
1762151452.8351748,0.644122733873059,2.4288245075980055,-2.4923794119573634e-28,0.0,17.15992460127474,0.2577948986161915,0.2577948986161915
1762151453.0750682,0.6478250694056072,2.4263919121654345,-1.9080004035994941e-28,0.0,17.157217691938254,0.2611768174499093,0.2611768174499093
1762151453.4048295,0.6380653956484986,2.4299778737938245,-1.5165334688172765e-28,0.0,17.16511649749919,0.25497728973347455,0.25497728973347455
1762151453.6717896,0.6411077240817136,2.4329168894436197,-7.437616665813347e-30,0.0,17.161565911423978,0.2530167844445049,0.2530167844445049
1762151453.982036,0.630894710268501,2.4301882076878023,-1.0608525376149265e-28,0.0,17.17157638097839,0.25275854576948253,0.25275854576948253
1762151454.2637014,0.6321276427326676,2.4376526788993758,-8.69077844307905e-29,0.0,17.168466009648803,0.24594099667165137,0.24594099667165137
1762151454.574764,0.6469504547582913,2.4419739315050695,-4.598597687125285e-30,0.0,17.153816861917257,0.24598793079977455,0.24598793079977455
1762151454.8158705,0.660449616590292,2.4399281755895044,-6.484430819374813e-29,0.0,17.142098633298883,0.25180334975730234,0.25180334975730234
1762151455.0874226,0.6565932344788507,2.4389594375995305,-3.576050772521026e-34,0.0,17.145865506129283,0.2516270753515934,0.2516270753515934
1762151455.548887,0.649064939213421,2.43200478147761,-1.871508213308436e-30,0.0,17.154583241342877,0.2561468924692941,0.2561468924692941
1762151455.860712,0.6510440901949636,2.4261841997823455,-7.742284660374751e-30,0.0,17.15435407019291,0.26228993729115196,0.26228993729115196
1762151456.1455832,0.6498794143750415,2.4242230593086562,-2.1742835282672768e-30,0.0,17.155937230074066,0.26383945723193114,0.26383945723193114
1762151456.4198923,0.649451476233996,2.420556834541869,-7.064738688664161e-29,0.0,17.157308967751952,0.2672335700363077,0.2672335700363077
1762151456.7909935,0.5934554949824584,2.404843521975987,-9.642315905636409e-31,0.0,17.212124842580526,0.26677890387323544,0.26677890387323544
1762151457.111976,0.6329541389930409,2.415382916760597,-1.308981529342124e-30,0.0,17.173635565071642,0.26754743923867874,0.26754743923867874
1762151457.404787,0.6383919476499549,2.421911896935521,-7.165456498902623e-31,0.0,17.166971857654378,0.26280848429822096,0.26280848429822096
1762151457.672403,0.6389703920159943,2.4206199983940855,-6.993754850971369e-35,0.0,17.166791395086975,0.26421098844294444,0.26421098844294444
1762151457.8992827,0.6461908228365093,2.4159500067319795,-1.9776739638235835e-30,0.0,17.161494879772405,0.2707285536025915,0.2707285536025915
1762151458.2461605,0.6403600988872524,2.4246649728592153,-7.626346537885831e-31,0.0,17.164452243761463,0.26072168862344763,0.26072168862344763
1762151458.6315284,0.6456247641819628,2.4222334488638357,-3.8102683909683305e-35,0.0,17.160327675538483,0.2645415844542819,0.2645415844542819
1762151458.9841413,0.6490666811592042,2.4341986377234277,-2.6190227210449104e-31,0.0,17.15399059506904,0.2540440196736193,0.2540440196736193
1762151459.209573,0.6517953395532629,2.4414974358461694,-2.071201274232974e-31,0.0,17.149538760137983,0.24782444401665962,0.24782444401665962
1762151459.5695603,0.6473265258995788,2.4252559053591813,-2.777086821262119e-31,0.0,17.157974748251515,0.26212484362341365,0.26212484362341365
1762151459.8763566,0.6587144752616825,2.427965953074264,-1.739694741907381e-35,0.0,17.146918854534903,0.2627681607646959,0.2627681607646959
1762151460.1334555,0.6529912899365822,2.4248723860082415,-2.2031508055341647e-30,0.0,17.152941735119256,0.2641013211966583,0.2641013211966583
1762151460.3516881,0.6380854144417193,2.4398628215159115,-1.260852078890706e-31,0.0,17.16245203500516,0.24549986696777698,0.24549986696777698
1762151460.6241899,0.6357581691792189,2.4426609522713023,-9.062052280921952e-32,0.0,17.16382048600129,0.2421584546203962,0.2421584546203962
1762151460.8548129,0.6404184806998684,2.437065189180728,-7.283442571004829e-32,0.0,17.161079992904202,0.24884288190621043,0.24884288190621043
1762151461.1507957,0.6511273367227208,2.443408988331077,-7.944742480446349e-32,0.0,17.14962863737107,0.2458017654033897,0.2458017654033897
1762151461.3984795,0.6407334557758504,2.4426180962523407,-5.955019293102559e-32,0.0,17.159301480849827,0.243606107599455,0.243606107599455
1762151461.6319582,0.6433806733465947,2.4397422785329033,-5.714539723680817e-36,0.0,17.157666152265612,0.24711416318846136,0.24711416318846136
1762151461.915095,0.6535134798942863,2.44835829531392,-5.68811611354943e-32,0.0,17.1461139756707,0.24174000908298546,0.24174000908298546
1762151462.165505,0.6458214703657467,2.443009203880868,-4.061307262658989e-36,0.0,17.154564708941166,0.24467444297264782,0.24467444297264782
1762151462.4252524,0.6355083109072656,2.4471928271643484,-2.896644075938059e-32,0.0,17.162831998704426,0.23774040965528695,0.23774040965528695
1762151462.726138,0.6476994605980501,2.440265751837592,-4.196647191931169e-31,0.0,17.15359669875597,0.24783857982774418,0.24783857982774418
1762151462.975973,0.6462263029679722,2.4407687639916587,-2.4478886841821488e-36,0.0,17.15480091179146,0.24693756356940919,0.24693756356940919
1762151463.2213273,0.6434545947651076,2.4424583089838676,-1.7398468025621355e-32,0.0,17.15686746001676,0.24453061991324196,0.24453061991324196
1762151463.4819582,0.649018733508199,2.4459696525586923,-2.5420907379237925e-31,0.0,17.150854074111454,0.2427462315230929,0.2427462315230929
1762151463.7615879,0.6616800090798458,2.448214707172145,-1.494794098128929e-36,0.0,17.13872061421113,0.24421904642310613,0.24421904642310613
1762151464.1171942,0.6576390204004205,2.444883798261117,-3.877486066416811e-31,0.0,17.143304856032508,0.2462500202620342,0.2462500202620342
1762151464.3454506,0.6530667605896688,2.443834481040338,-1.2403895461047158e-32,0.0,17.147748947642246,0.24594750146208813,0.24594750146208813
1762151464.6022615,0.6432930388846304,2.4491563047572504,-1.2565169913432248e-31,0.0,17.15520747589186,0.2380622998264492,0.2380622998264492
1762151464.8554833,0.6579069498621235,2.4411635704453536,-7.428056442431501e-37,0.0,17.144073102656463,0.24989109906571721,0.24989109906571721
1762151465.2259753,0.6412387753244962,2.4533464799814704,-4.404776213604565e-33,0.0,17.155948375187865,0.2334612746828877,0.2334612746828877
1762151465.6150274,0.6506968019637592,2.4445700760398763,-4.609474800605175e-37,0.0,17.149705823460305,0.2445661109904478,0.2445661109904478
1762151465.9711168,0.6502010936202188,2.446522307867511,-3.2335557919484424e-33,0.0,17.149627959708923,0.2425535836388505,0.2425535836388505
1762151466.1717436,0.6617636898288545,2.4375789729201296,-2.630459824459356e-33,0.0,17.141544373337876,0.2544307646628498,0.2544307646628498
1762151466.5014265,0.6410851022090758,2.4473597298857803,-2.6416575909219237e-37,0.0,17.157704352645688,0.23915844339836842,0.23915844339836842
1762151466.70797,0.6571042514401505,2.4430786067718118,-1.0053195863966854e-32,0.0,17.144282220240573,0.24782640187439647,0.24782640187439647
1762151466.9385207,0.6511234717404115,2.446059555353616,-3.476867046645128e-32,0.0,17.14891378031381,0.24326024851566966,0.24326024851566966
1762151467.1813762,0.6392777688425731,2.442205117432869,-2.4497896969363908e-32,0.0,17.1607378118148,0.24359019444880992,0.24359019444880992
1762151467.5631893,0.6405260281644438,2.4441506221529647,-2.0078214157434636e-32,0.0,17.159078010456042,0.24207758008127508,0.24207758008127508
1762151467.806806,0.642132562729046,2.44681654077437,-1.0320807332945558e-33,0.0,17.156896448272896,0.23997639417305483,0.23997639417305483
1762151468.0439575,0.6483967205457887,2.446908654717995,-8.469770903625364e-34,0.0,17.151166123517722,0.24166892436940784,0.24166892436940784
1762151468.3004928,0.6369030440366714,2.4488641392967723,-1.1983703872663258e-32,0.0,17.1611111857642,0.23653141227259467,0.23653141227259467
1762151468.5566084,0.6301006317998809,2.443373452139749,-5.83110472336734e-34,0.0,17.168784196400704,0.23988106195629766,0.23988106195629766
1762151468.8602269,0.6471033911354466,2.438855172006985,-4.909045252148963e-34,0.0,17.154519361791234,0.24902150449557592,0.24902150449557592
1762151469.083083,0.6515081807922354,2.4415386244702986,-8.965699785215485e-33,0.0,17.149788749525786,0.24770306666817354,0.24770306666817354
1762151469.401107,0.650010541647931,2.4450444673743426,-3.5131249783378975e-34,0.0,17.15020185152171,0.243915730397987,0.243915730397987
1762151469.6234105,0.6642793291953025,2.445482438533345,-3.0036421745113275e-34,0.0,17.137103327630317,0.24758353448756712,0.24758353448756712
1762151469.9023206,0.6609999394108147,2.4413459503288144,-4.453603848925394e-33,0.0,17.141212660068042,0.25060304091354113,0.25060304091354113
1762151470.1720166,0.6454958544503844,2.4451940575856286,-2.0061129331764846e-34,0.0,17.154271177643455,0.24248714487257794,0.24248714487257794
1762151470.4928296,0.6459128340279819,2.442666657732494,-1.383447791637334e-32,0.0,17.154574019818785,0.24502883000976092,0.24502883000976092
1762151470.9062655,0.6569186164819688,2.443618787235035,-2.4157174691584208e-33,0.0,17.1443041508798,0.2472556854189119,0.2472556854189119
1762151471.1667728,0.6531884599632465,2.4452947996864998,-1.8358036773954797e-34,0.0,17.147241961416615,0.24458279688644488,0.24458279688644488
1762151471.41942,0.6495353063717955,2.4402873825153235,-1.2361404471866476e-34,0.0,17.151921315001807,0.24834024830886656,0.24834024830886656
1762151471.6297724,0.6365260074648237,2.437443705106119,-1.0350321634689382e-38,0.0,17.16451931997415,0.24738036818818424,0.24738036818818424
1762151471.9240992,0.657901173983166,2.4394126415848967,-6.94219839810702e-35,0.0,17.14455410101552,0.2515670685881399,0.2515670685881399
1762151472.2681718,0.6599171215991353,2.4370668054290876,-5.171792615110147e-35,0.0,17.143360305032186,0.2543920010529505,0.2543920010529505
1762151472.5678954,0.656233900704483,2.4443127650981857,-8.136684801425116e-34,0.0,17.144738186660902,0.24639473329815387,0.24639473329815387
1762151472.7872365,0.6634847649581448,2.441575580626309,-4.10058902309672e-35,0.0,17.13889235725455,0.2510967469416601,0.2510967469416601
1762151473.0669425,0.659949800725027,2.439538471510874,-6.286195884338817e-34,0.0,17.142658711193587,0.25203338162378763,0.25203338162378763
1762151473.3954878,0.6413780667851131,2.446627791246702,-3.3623655557269714e-39,0.0,17.15763472089108,0.23994340972302758,0.23994340972302758
1762151473.5977669,0.6552977524537281,2.4461737286829623,-2.474179315964146e-35,0.0,17.145083870522004,0.24434368918217675,0.24434368918217675
1762151473.873451,0.6478172383855286,2.4449327410714146,-1.7950401452011938e-35,0.0,17.15222844774523,0.24339799572923326,0.24339799572923326
1762151474.1785054,0.6608264711935091,2.445211240330058,-2.0531484341885874e-39,0.0,17.140316855368965,0.2468506351929785,0.2468506351929785
1762151474.4607897,0.661051199305317,2.447967637099882,-1.0409028932675904e-35,0.0,17.139360191126208,0.2442749604299949,0.2442749604299949
1762151474.796765,0.6798521151200535,2.4491938948387713,-1.1235085377881786e-35,0.0,17.121907728775106,0.2485373737185899,0.2485373737185899
1762151475.0534666,0.6534944652442661,2.4431895208736845,-2.025990746994337e-34,0.0,17.1475348543544,0.24668775749546265,0.24668775749546265
1762151475.3339264,0.6596285431806246,2.4449511018236896,-1.5023529282031986e-35,0.0,17.14147713477019,0.2467559829132255,0.2467559829132255
1762151475.5350482,0.6475554311555634,2.447525496233972,-1.2478820546453714e-34,0.0,17.15176524278248,0.24083800989454562,0.24083800989454562
1762151475.7668207,0.6465414904492712,2.451199093749303,-6.12857297913468e-36,0.0,17.151694155025474,0.23702777485962903,0.23702777485962903
1762151476.0128262,0.6494192966442623,2.4375552655655763,-5.3560448628129184e-36,0.0,17.15276476683928,0.2509263238085095,0.2509263238085095
1762151476.3612473,0.6540692768866524,2.442240210794455,-4.496313727627692e-36,0.0,17.147269610023162,0.24776171690723267,0.24776171690723267
1762151476.6075895,0.6633716930132604,2.4437429929720627,-3.379668702833873e-36,0.0,17.138403590356187,0.24898833271933812,0.24898833271933812
1762151476.7937472,0.65422671325337,2.448420902237014,-1.60707457926743e-35,0.0,17.145447613911188,0.24188401412667032,0.24188401412667032
1762151477.0187466,0.6569434449694462,2.440814085564042,-5.66277161682384e-35,0.0,17.145043767210677,0.24995013357494478,0.24995013357494478
1762151477.3388984,0.6580581550204421,2.4447695290155593,-4.0464804461160535e-36,0.0,17.14295475486927,0.24647960785530715,0.24647960785530715
1762151477.6607742,0.6546498227526407,2.4497087212532436,-3.646835098350314e-35,0.0,17.144712005655293,0.2407711284283318,0.2407711284283318
1762151477.974147,0.6559531235465074,2.438305324225785,-1.8465613616175737e-36,0.0,17.146624515227224,0.252070861188698,0.252070861188698
1762151478.3413904,0.6695991129025977,2.43487406394475,-1.3934950491599697e-36,0.0,17.135171472985167,0.2592745748335435,0.2592745748335435
1762151478.6210923,0.6733372934429522,2.443469791477976,-1.0405107730085194e-36,0.0,17.129401549001944,0.2521247738977662,0.2521247738977662
1762151478.890974,0.651860867939583,2.4447796767486456,-1.0372205115732489e-40,0.0,17.148589744412707,0.24469734671899374,0.24469734671899374
1762151479.1559587,0.6648244016843045,2.4437014110009425,-7.721431816297579e-37,0.0,17.137094658625745,0.24944607975427469,0.24944607975427469
1762151479.4101055,0.65464062722526,2.443213246137734,-1.7980089204551026e-36,0.0,17.146485972200278,0.24699254912151813,0.24699254912151813
1762151479.6996555,0.6375558766642928,2.4517418092568595,-5.078043943352551e-37,0.0,17.159741073805467,0.23395605170890965,0.23395605170890965
1762151480.1491542,0.6404640690052699,2.4540668093218962,-1.901039072676437e-36,0.0,17.156460520444252,0.23255068174970536,0.23255068174970536
1762151480.3981106,0.6608641333921624,2.4409566223089745,-5.807258637084564e-36,0.0,17.14144208289765,0.2509370281044805,0.2509370281044805
1762151480.7222364,0.6534739574420686,2.438116447402833,-2.7963710104214885e-37,0.0,17.148928263939926,0.2515438198211038,0.2515438198211038
1762151481.0589106,0.6648742238853629,2.4396703978348606,-2.642255327844217e-41,0.0,17.13815007150488,0.25332098440491096,0.25332098440491096
1762151481.4589775,0.6634651235879063,2.440081554656122,-2.8578454568300964e-36,0.0,17.13931765662118,0.25252209390235814,0.25252209390235814
1762151481.6738453,0.6485235609204338,2.4449089122611283,-1.3040614847688055e-37,0.0,17.151591964772763,0.2436219535426006,0.2436219535426006
1762151481.93711,0.6514329109156894,2.4402779001612815,-1.52322492361356e-37,0.0,17.15019843725237,0.2488899919273332,0.2488899919273332
1762151482.2607558,0.6480657172645075,2.452678068489925,-1.7357768207183168e-36,0.0,17.149903759497526,0.23604447925784974,0.23604447925784974
1762151482.474817,0.6608865324712655,2.440672942416276,-9.717014192318167e-38,0.0,17.141498971260024,0.2512152076900764,0.2512152076900764
1762151482.6893275,0.6503857216795961,2.4456307927539904,-1.0481774082697605e-37,0.0,17.149701520520715,0.2434607278265035,0.2434607278265035
1762151483.0551562,0.658096528205856,2.441114548024365,-5.24927409233507e-38,0.0,17.1439141278788,0.24999236126118451,0.24999236126118451
1762151483.2831337,0.6731613597081664,2.4407162654558645,-9.614743400599753e-37,0.0,17.13031643515401,0.25470964813739655,0.25470964813739655
1762151483.555634,0.6724221297370576,2.448413284015616,-4.663380193515829e-38,0.0,17.128875545751406,0.24712800695259873,0.24712800695259873
1762151483.7310586,0.6683244873667099,2.4510618726185807,-3.5326656436498947e-38,0.0,17.131874809293407,0.24340754740233708,0.24340754740233708
1762151483.9063926,0.6422073035339135,2.44487596053411,-8.590219353288731e-37,0.0,17.157351541362857,0.24185847519606052,0.24185847519606052
1762151484.2750206,0.6495426450832636,2.446761160995803,-5.34521561978142e-37,0.0,17.150162689956257,0.24213688596265773,0.24213688596265773
1762151484.4972324,0.6607957176614317,2.446474186024901,-4.5680514015961335e-37,0.0,17.14000027920984,0.24563205924803627,0.24563205924803627
1762151484.6900346,0.6575687430591256,2.44304606219976,-2.6418021919257872e-42,0.0,17.143868735527345,0.24799060078802698,0.24799060078802698
1762151484.9677188,0.6497828644466986,2.441793913534546,-2.662112371413417e-38,0.0,17.151288841229782,0.24696661180677532,0.24696661180677532
1762151485.341523,0.6599814954440414,2.4443310539974945,-1.9554965899185263e-38,0.0,17.14132515477376,0.24745123093481985,0.24745123093481985
1762151485.590578,0.6640262835541474,2.4361567245822306,-1.498562994608396e-42,0.0,17.139877601092998,0.2564426754643573,0.2564426754643573
1762151485.810388,0.652504913747049,2.4395624959831026,-1.7520927506460212e-38,0.0,17.14941750509478,0.2498813985887042,0.2498813985887042
1762151486.1171932,0.6676592238279537,2.4445641040201243,-5.819975980720263e-37,0.0,17.134260046337527,0.24943671272074247,0.24943671272074247
1762151486.3904316,0.6649769022581276,2.4476927196908957,-9.353372116841172e-39,0.0,17.135864419388625,0.24566773099356992,0.24566773099356992
1762151486.5643997,0.6714062448047263,2.4407180154011066,-1.1974075512326354e-37,0.0,17.13190920493102,0.25420065518528695,0.25420065518528695
1762151486.7293768,0.6651570213120984,2.442518825647547,-5.632242491902188e-39,0.0,17.13711553212592,0.2506743580569154,0.2506743580569154
1762151487.0297647,0.6591786128297034,2.440386445732186,-4.5658288465475956e-39,0.0,17.143128750685033,0.2509999479375738,0.2509999479375738
1762151487.3846912,0.6491227988609828,2.4431180821670395,-2.5492048265374306e-37,0.0,17.15153114356318,0.24550928348375678,0.24550928348375678
1762151487.6568334,0.6591112015171106,2.443524916902137,-4.070058150509059e-43,0.0,17.14233602680454,0.24797385925613682,0.24797385925613682
1762151488.0434473,0.6618914806682729,2.447415375665786,-3.1999436216494336e-43,0.0,17.138746604497776,0.2450454292778844,0.2450454292778844
1762151488.3183656,0.6598541557590878,2.4429735452868817,-4.2184579133453475e-38,0.0,17.14181073920268,0.24871514053081395,0.24871514053081395
1762151488.6900167,0.6321402754297853,2.442334705299106,-1.834426095817697e-39,0.0,17.167203411053872,0.24145169373279687,0.24145169373279687
1762151488.882545,0.6432550395342864,2.4447512877648863,-2.0726060495056925e-39,0.0,17.156431037989922,0.24227525851783557,0.24227525851783557
1762151489.313016,0.656651502802796,2.4444977571301756,-2.0603270964555497e-38,0.0,17.144308061602818,0.2463370344280214,0.2463370344280214
1762151489.5439286,0.6616286757047233,2.4410550206289936,-1.122641787656341e-39,0.0,17.140720623391225,0.25106218856968604,0.25106218856968604
1762151489.8086302,0.6524155012715106,2.44059404703648,-9.08192870708799e-40,0.0,17.149219492307154,0.24886720650124136,0.24886720650124136
1762151490.0847123,0.6558991669171012,2.44974036744167,-1.046854509765617e-39,0.0,17.143565811940768,0.24109856782650368,0.24109856782650368
1762151490.4384925,0.6775205103808807,2.4467874327530867,-3.6412328872699473e-38,0.0,17.12468979697926,0.2501622503094833,0.2501622503094833
1762151490.7922344,0.6556493406516858,2.4436397865896744,-8.685550615691806e-40,0.0,17.145452742585423,0.24687229178462702,0.24687229178462702
1762151490.99739,0.6618844359589583,2.438793625189807,-6.787433013772904e-40,0.0,17.141104150851778,0.25330183914754717,0.25330183914754717
1762151491.3381093,0.6531158726253677,2.4605955146434355,-1.9848244017817935e-38,0.0,17.143142251004964,0.22990106198348756,0.22990106198348756
1762151491.6815238,0.6673581417172587,2.4624907801840688,-2.4373686241199185e-40,0.0,17.129612552516598,0.2321873641611929,0.2321873641611929
1762151492.0336971,0.6637348677687351,2.454888756150228,-2.495661489172852e-40,0.0,17.13502305687695,0.2384190312314631,0.2384190312314631
1762151492.339948,0.6564259688426983,2.444317751666992,-2.1094379529309829e-44,0.0,17.144562139198033,0.24644493532926143,0.24644493532926143
1762151492.5797071,0.6396201818439714,2.4329694196247043,-1.7344528309871666e-40,0.0,17.16290365139661,0.2525460682107605,0.2525460682107605
1762151492.8500478,0.6697578938076703,2.4398657191191995,-1.2767475367098334e-40,0.0,17.133638811567536,0.25454076500183115,0.25454076500183115
1762151493.2924676,0.6601883348195853,2.4117346787788443,-9.394515374132686e-41,0.0,17.1499638087758,0.2787447826992472,0.2787447826992472
1762151493.672277,0.6796554489349796,2.4064272490022334,-9.411837604151568e-41,0.0,17.133794230261657,0.28941287009087513,0.28941287009087513
1762151493.9884624,0.7337467250757002,2.346205199036263,-1.072968337192161e-39,0.0,17.10181545878815,0.3627970491776927,0.3627970491776927
1762151494.2587752,0.7392888347827798,2.36640263164372,-7.78480690937215e-41,0.0,17.091324314649732,0.34514584667119863,0.34514584667119863
1762151494.6609972,0.7317714979482496,2.379185094764227,-4.5598957773551806e-41,0.0,17.094492222981202,0.33070824817535505,0.33070824817535505
1762151494.8742642,0.7571970160090112,2.352387012712833,-3.4614335414061306e-41,0.0,17.07928856064613,0.3638653725655335,0.3638653725655335
1762151495.081686,0.8066368449533979,2.342130808726779,-4.190749133839749e-41,0.0,17.037041343290454,0.38858350944639714,0.38858350944639714
1762151495.3418982,0.919727991218131,2.275617242728486,-3.103948382877583e-41,0.0,16.938911500596276,0.48595311596230106,0.48595311596230106
1762151495.6115808,1.0914025900618705,2.224425882326739,-2.1535099850933157e-41,0.0,16.70011770934327,0.5768977531831466,0.5768977531831466
1762151495.8525584,1.229733854230701,2.2129702629471852,-2.087478675793249e-41,0.0,16.537135615350245,0.6065563420950624,0.6065563420950624
1762151496.0865345,1.1947798169515556,2.2035885484464495,-1.9565785806827343e-45,0.0,16.5816479079247,0.6123493131192289,0.6123493131192289
1762151496.545017,1.246071781144495,2.196278073907423,-1.193911385646073e-41,0.0,16.518758494368203,0.6246165412472295,0.6246165412472295
1762151496.7784216,1.1479999147889248,2.1883970401881494,-1.793747264517104e-40,0.0,16.646432290642682,0.6214987026825254,0.6214987026825254
1762151497.032199,0.9606452207699115,2.1860945886531633,-1.5488547622033627e-40,0.0,16.88815093992617,0.5837087445407363,0.5837087445407363
1762151497.317054,0.855252770771855,2.179935235001287,-2.495235264785873e-41,0.0,17.039990807750897,0.5578823747107057,0.5578823747107057
1762151497.5369184,0.9425388961353882,2.1758396576660988,-6.09007853466532e-42,0.0,16.93951125639958,0.5880652239121706,0.5880652239121706
1762151497.7852554,1.0257451660306378,2.1607460468696496,-1.0183740981780304e-40,0.0,16.82818054486263,0.6251813090608025,0.6251813090608025
1762151497.9911838,0.9725687662210057,2.149621426490414,-1.808625313014265e-41,0.0,16.882466947507417,0.6221272376725748,0.6221272376725748
1762151498.285489,0.948963301855808,2.1707666438741025,-6.904795409538736e-41,0.0,16.93435302218088,0.594790709905399,0.594790709905399
1762151498.561165,0.9914299047476374,2.1786975408150293,-1.195497023727223e-41,0.0,16.85902768384625,0.5992023188481973,0.5992023188481973
1762151498.8270335,1.075291924490743,2.1903959442999525,-2.248936669810795e-42,0.0,16.744016577640913,0.6071581275832526,0.6071581275832526
1762151499.0510895,1.130444934241134,2.189451098697779,-2.5597496453060473e-42,0.0,16.66385579571295,0.6178656466198122,0.6178656466198122
1762151499.3030143,1.1219879811468636,2.1902789422053854,-1.3855286575567044e-40,0.0,16.672225007584494,0.6157262584010075,0.6157262584010075
1762151499.6162355,1.1663680485771626,2.1939820035957553,-1.6691925097555715e-41,0.0,16.61201898150849,0.6184997913720837,0.6184997913720837
1762151499.9501483,1.1772378145863651,2.1959738181479653,-1.7250078058792164e-46,0.0,16.60106161341526,0.6178754601767147,0.6178754601767147
1762151500.1714447,1.2024957782754255,2.2132506050615093,-1.2073719032586053e-42,0.0,16.57092184704986,0.6035837660375611,0.6035837660375611
1762151500.4808278,1.2520353196106353,2.2098572438466055,-1.9172353833747817e-41,0.0,16.50962574045501,0.6115719039691295,0.6115719039691295
1762151500.7753305,1.2627703147988678,2.2110462626370526,-1.0453207792185583e-42,0.0,16.49569087786256,0.6112176203528149,0.6112176203528149
1762151501.0755532,1.290286886797814,2.2083293850786228,-7.612543245060731e-43,0.0,16.461082826763494,0.6158035353774691,0.6158035353774691
1762151501.5386913,1.3565190504929951,2.222893093362255,-7.289528190349121e-43,0.0,16.38909602636677,0.604863839984503,0.604863839984503
1762151501.7974179,1.3409684597681224,2.220682839607781,-3.9685238316878654e-43,0.0,16.40479501743499,0.6062794280041652,0.6062794280041652
1762151502.0057275,1.3294042152124044,2.222937064607851,-7.294846857034693e-42,0.0,16.416825120133115,0.603428923988733,0.603428923988733
1762151502.3445776,1.2746415127122148,2.21808926813979,-3.120925673700133e-43,0.0,16.47985634167869,0.6050434769529269,0.6050434769529269
1762151502.5996597,1.2679543984917407,2.210900980932345,-4.679873271636624e-43,0.0,16.48905099543885,0.6117431876505055,0.6117431876505055
1762151502.8899603,1.3248019698587081,2.210138112108009,-3.761962649003168e-42,0.0,16.422871090294603,0.6159670536320957,0.6159670536320957
1762151503.2078464,1.3191807894915393,2.215669788616602,-2.1184350116812137e-43,0.0,16.42686916431998,0.6101415671333477,0.6101415671333477
1762151503.5074759,1.3282600755626688,2.21613781441174,-2.63143774275024e-42,0.0,16.4185652300367,0.610158686446765,0.610158686446765
1762151503.7451978,1.3212868059291274,2.2123538292111693,-1.6789616167352763e-43,0.0,16.426697101153486,0.6135665851947716,0.6135665851947716
1762151503.9768322,1.3506234079658885,2.215899323363929,-1.0667419036570996e-43,0.0,16.39572059090005,0.6115494367467799,0.6115494367467799
1762151504.2612243,1.3395346425320085,2.222419348952298,-1.6595072914023406e-42,0.0,16.40603049620046,0.6044715561017354,0.6044715561017354
1762151504.5011528,1.2860632689307228,2.211219974001917,-1.373339406753429e-42,0.0,16.466055180355983,0.612652866238701,0.612652866238701
1762151504.7128613,1.3017022462509422,2.216636004230639,-1.4880103527943453e-42,0.0,16.446798178592804,0.6081979872184337,0.6081979872184337
1762151504.883922,1.2988889011101548,2.2102431067907826,-1.204214137212789e-43,0.0,16.450569760506355,0.614414767849256,0.614414767849256
1762151505.280423,1.2402078712589748,2.2060848131023185,-4.978974651848749e-44,0.0,16.52532253899681,0.6143463081813244,0.6143463081813244
1762151505.591191,1.2255043997027384,2.2056703403082007,-3.8030301154208363e-44,0.0,16.543125816945352,0.6134319860453875,0.6134319860453875
1762151505.8032594,1.2852051115345384,2.2095452047950737,-4.133290007765101e-44,0.0,16.467253020594992,0.6142693487331787,0.6142693487331787
1762151506.037947,1.3390837945285063,2.222903958227277,-8.431563818733568e-44,0.0,16.406425690035572,0.6039643976064665,0.6039643976064665
1762151506.3417144,1.36211991711442,2.2162721195062804,-3.0113861965048357e-48,0.0,16.384252188333818,0.6117603176774904,0.6117603176774904
1762151506.6016047,1.3119397961957169,2.2214030298661935,-2.1485320974197352e-44,0.0,16.434658125613172,0.6040202160826666,0.6040202160826666
1762151506.9613757,1.3438538278396708,2.219050390315749,-2.316798812670742e-44,0.0,16.402105309057834,0.6080575146027296,0.6080575146027296
1762151507.1350749,1.3569053256862393,2.2234261599125618,-1.8129737951615804e-44,0.0,16.388653814788164,0.6043510444465958,0.6043510444465958
1762151507.477894,1.3500449494765254,2.2209521715438814,-7.916553917590202e-44,0.0,16.395743448632654,0.6064736943267663,0.6064736943267663
1762151507.762118,1.3712006895266207,2.2305116183528586,-1.0752752723053971e-44,0.0,16.37366980878291,0.5980013322051021,0.5980013322051021
1762151508.1630166,1.4023809071341529,2.2287976887175525,-6.474984237136518e-43,0.0,16.34286358844943,0.6013492176833054,0.6013492176833054
1762151508.4413962,1.3846342789267616,2.2254113066122834,-7.974598094819054e-49,0.0,16.360873985150548,0.6037872654022601,0.6037872654022601
1762151508.7549622,1.3644231998153986,2.218679823601565,-6.081362616527355e-45,0.0,16.381699602444304,0.6094726295747172,0.6094726295747172
1762151508.9859612,1.3572587677985692,2.2273218660969416,-3.726511941574331e-45,0.0,16.387876795971977,0.6004782662539343,0.6004782662539343
1762151509.1940193,1.3478027401753854,2.221434783409074,-5.158912057179945e-45,0.0,16.397919495072856,0.6058776470050937,0.6058776470050937
1762151509.384818,1.3103449150809503,2.217128047329494,-3.725180608153462e-45,0.0,16.436749738367997,0.6081996792557776,0.6081996792557776
1762151509.6626368,1.3052890252201803,2.2164998858247276,-5.1329940535565474e-45,0.0,16.442617846486613,0.6085408575110464,0.6085408575110464
1762151509.9847755,1.3159096930786067,2.2263242880728513,-2.8841358557828194e-45,0.0,16.42987124002811,0.5993250064545884,0.5993250064545884
1762151510.23943,1.4156411500521726,2.2411010446532904,-1.658187727989185e-45,0.0,16.329090761808313,0.5898015469450348,0.5898015469450348
1762151510.567934,1.414149961502587,2.231965710881667,-3.8957965698251695e-44,0.0,16.33083565989378,0.5988377102137462,0.5988377102137462
1762151510.7767215,1.4445202544555513,2.24491689553584,-3.51076422619695e-44,0.0,16.328777322929525,0.5876465434485295,0.5876465434485295
1762151511.0267794,1.5271249795211144,2.2537096739234674,-1.0979891181700237e-45,0.0,16.24582875421794,0.5853175058601547,0.5853175058601547
1762151511.3270552,1.4413283919550062,2.2399488051741376,-2.1770233126213049e-44,0.0,16.332721799519902,0.5924011007403275,0.5924011007403275
1762151511.6286726,1.4144671126947301,2.2454714921973684,1.4518397917529466,0.0,16.329960499278705,0.5853715281699157,0.5853715281699157
1762151511.9746037,1.334746104280378,2.481872877823174,2.431155188238306,0.0,16.395795134348234,0.34511247824210806,0.34511247824210806
1762151512.330485,2.101794709433821,3.243466573965979,2.46981619838005,0.0,15.521388378994292,-0.26036115802658394,0.26036115802658394
1762151512.6982076,2.989720756369227,3.9095722428832125,2.4486346408537703,0.0,14.549887401963169,-0.6784914889963979,0.6784914889963979
1762151513.07343,3.5716542707099954,4.368732090354014,3.40594964641592,0.0,14.173459525912465,-1.0797173293883262,1.0797173293883262
1762151513.4665108,4.115868134745842,4.68711992812223,3.6085552449794966,0.0,13.804650782946187,-1.4477525055193181,1.4477525055193181
1762151513.6379247,4.411142684826061,4.769729850169922,3.513324629144487,0.0,13.707088997724439,-1.5811935364256504,1.5811935364256504
1762151514.0715973,5.415312713080815,4.216579897104324,3.5075676244775744,0.0,13.287922716021756,-1.416792847096361,1.416792847096361
1762151514.3627574,5.837556872359454,3.252706300660149,3.4776312331066013,0.0,12.753771288320761,-1.0154488246988316,1.0154488246988316
1762151514.713906,5.753096866411338,2.44546429923394,3.4641503041454627,0.0,12.20241152892148,-0.6808355229614661,0.6808355229614661
1762151515.1585612,5.626214706077498,1.8534330803817647,2.4007511526745295,0.0,11.71779523265911,-0.5371012824242154,0.5371012824242154
1762151515.4797382,5.313088000221495,2.241247809148453,2.4132348165799558,0.0,12.047015820783777,-0.22112090020758549,0.22112090020758549
1762151515.7187774,4.982058066232787,2.445978254343393,2.436654896380764,0.0,12.295292417649915,0.06922745427359564,0.06922745427359564
1762151515.9909198,4.662294717592314,2.7808538011926593,2.441438015031942,0.0,12.81020991470702,0.1411401050313889,0.1411401050313889
1762151516.393429,3.940948374355378,3.3244759670310895,2.441485867147943,0.0,13.728543883453485,-0.0753903745693137,0.0753903745693137
1762151516.594875,3.443392100589761,3.454221753354216,2.4368743637902233,0.0,14.206219981145798,-0.17093834161142732,0.17093834161142732
1762151516.7563913,3.0379557521382363,3.4109206014170126,2.637806348224733,0.0,14.589864947611133,-0.17952414965953212,0.17952414965953212
1762151517.149927,1.6739952346347797,2.889800408725754,2.9078825272068287,0.0,16.031576665968657,-0.024118888471238217,0.024118888471238217
1762151517.4940157,0.5391271624386853,2.6374558503041374,2.9107065627837616,0.0,17.201291506642008,0.02816841840754102,0.02816841840754102
1762151517.7693846,-0.23283751732677407,2.6354683607828653,3.2627597306723874,0.0,17.97179002796689,-0.07724027484371951,0.07724027484371951
1762151518.0568871,-1.3571549634747555,2.689820102795033,3.5246050683768804,0.0,19.106737284310015,-0.12742021171619441,0.12742021171619441
1762151518.421944,-2.710500961179651,2.6844922443082515,3.5412834607349346,0.0,20.45881098321474,0.015630439771502923,0.015630439771502923
1762151518.7085955,-3.78132903273223,2.624353083622012,3.5582532690510087,0.0,21.469203573972422,0.33099351975486296,0.33099351975486296
1762151519.1185465,-5.383700150664613,2.34224880445046,3.3689294664053184,0.0,23.43124079260855,0.4165318645250733,0.4165318645250733
1762151519.3050869,-5.80985299916726,1.7646571972765766,3.162753710132367,0.0,24.39622260967274,0.45549913840645523,0.45549913840645523
1762151519.7048635,-5.877371863234077,0.3650184675538968,2.527102700794228,0.0,26.084733847426858,-0.18126849181377208,0.18126849181377208
1762151520.0464745,-5.592373210324969,-0.17444164244406002,1.2357912628941745,0.0,0.23136714279329795,-0.45481144988601485,0.45481144988601485
1762151520.2401457,-5.388527757392941,-0.3636143386862046,1.5164497581365608,0.0,0.45079493258974557,-0.5299714509985182,0.5299714509985182
1762151520.603377,-4.765859984210848,-0.448986276728846,3.0219676368924175,0.0,0.9641994179081296,-0.4157304452385771,0.4157304452385771
1762151520.9903924,-3.504195154711319,-0.05848268262267399,3.2097728255720313,0.0,2.1472562819661283,-0.002649702192854146,0.002649702192854146
1762151521.263724,-2.6530855143220915,0.10480965887355465,3.163491445800151,0.0,3.0093442744200716,0.08702991603053949,0.08702991603053949
1762151521.597179,-1.499952889680757,0.06657752745566105,3.2083886995952784,0.0,4.156877572297041,-0.012577576859000923,0.012577576859000923
1762151521.9880102,0.39399600011929525,0.009973962732587624,3.3173660385279438,0.0,6.052170821824084,0.018425852530375084,0.018425852530375084
1762151522.303097,1.961651609171287,0.04913458737060703,3.631020084434793,0.0,7.62043894986132,0.13625471672893072,0.13625471672893072
1762151522.6428695,3.2186244153071977,0.3483402773157375,3.5594609086288758,0.0,8.951485725477701,0.25137667787336054,0.25137667787336054
1762151522.9062014,3.862723273172173,1.0095995498381034,3.522819878752905,0.0,10.04886654322105,0.6658243972307516,0.6658243972307516
1762151523.296007,4.250655877704483,2.069903346141076,1.49931367269799,0.0,11.856201613324702,0.8471219135080349,0.8471219135080349
1762151523.559149,4.2246294077092506,2.058178860123092,-0.0005838457716415993,0.0,11.84236897273955,0.8729412821375454,0.8729412821375454
1762151523.794854,4.161323635936596,1.8842980736141832,-0.0006165888079087821,0.0,11.481809061792154,0.9229961821075647,0.9229961821075647
1762151523.9831967,4.0702519977502725,1.8214962113600035,-0.0005097884718872949,0.0,11.285850590912125,0.993990188515988,0.993990188515988
1762151524.3902283,4.056880958894894,1.7512149130929993,-0.3302739026224225,0.0,11.170796776206386,0.9807630660621676,0.9807630660621676
1762151524.6565936,4.06181907682857,1.4518441632821988,-2.1484632926690472,0.0,10.699734034645353,0.830187483866696,0.830187483866696
1762151525.0707245,4.340252489934576,1.124676895013016,-0.9015184249235999,0.0,10.586166474207662,0.4100105827953081,0.4100105827953081
1762151525.508161,4.5923622325476865,1.0921755767904313,-0.0010533715521774047,0.0,10.730276965719208,0.18949552629270883,0.18949552629270883
1762151525.7680004,4.581750846293294,1.091103539624512,-0.00023055140995520003,0.0,10.72257866402934,0.19749410504487575,0.19749410504487575
1762151526.0203393,4.5785628466486665,1.1050001444782975,-6.178563216313634e-05,0.0,10.732922802699179,0.20817773743774465,0.20817773743774465
1762151526.3979347,4.576872938952454,1.0829043178135014,-3.214984991045255e-05,0.0,10.71215908301286,0.19664301129562783,0.19664301129562783
1762151526.6459944,4.584601857867459,1.0687835710071736,-0.0005193819498826958,0.0,10.704725435080947,0.18208019512329365,0.18208019512329365
1762151526.9116726,4.581150851883086,1.08313691943363,-3.0572724967967146e-09,0.0,10.71515326428107,0.19331684949662378,0.19331684949662378
1762151527.2389345,4.58870400260745,1.102334038009477,-2.4660646311472356e-09,0.0,10.73699456057466,0.19836894635922891,0.19836894635922891
1762151527.5232806,4.568839167398818,1.1015980228892774,-7.760688732042122e-05,0.0,10.723649520056847,0.21410389337205263,0.21410389337205263
1762151527.8408391,4.568569905769937,1.1442541924640108,-2.6314036991697326e-05,0.0,10.762197108286715,0.2389282003470551,0.2389282003470551
1762151528.1273685,4.569315350209804,1.1416340566975087,-3.6913176308420856e-05,0.0,10.760260374646277,0.23682229274619038,0.23682229274619038
1762151528.4381068,4.439216553599541,1.1287793040221143,-0.00018892733876638693,0.0,10.661525683191233,0.3345259207629812,0.3345259207629812
1762151528.7111738,4.354457562411936,1.0795159753429413,-0.0001383139936782669,0.0,10.55539313077368,0.3704591735629285,0.3704591735629285
1762151528.9271505,4.446734928116618,1.0740313825701775,-0.00029778224861058846,0.0,10.617521105300064,0.2951377605520796,0.2951377605520796
1762151529.3188126,4.497686881477684,1.0769411963019593,-5.237747383268624e-06,0.0,10.654956570209553,0.2566083922953344,0.2566083922953344
1762151529.59444,4.528609157513484,1.0965901416801815,-8.642366255530765e-05,0.0,10.692902350945365,0.24366609651181367,0.24366609651181367
1762151529.86862,4.533496655922276,1.0949028621738874,-2.4030264951925432e-05,0.0,10.694618026006781,0.238731725310113,0.238731725310113
1762151530.1369646,4.532816516589972,1.0883772812110166,-3.9390170121435426e-10,0.0,10.688378170218943,0.23539859364515484,0.23539859364515484
1762151530.458662,4.528698136897305,1.0822674683555635,-4.511737893724412e-05,0.0,10.680265985590571,0.2350558938196473,0.2350558938196473
1762151530.7263026,4.527771500601414,1.0911707838493852,-2.2954303279848203e-06,0.0,10.687531494687127,0.24111484611527406,0.24111484611527406
1762151531.1153157,4.507808477227861,1.0889256772126172,-1.921254502991438e-06,0.0,10.672300736743571,0.2557675515985159,0.2557675515985159
1762151531.4786282,4.465738903651494,1.06746993395104,-2.6630493689698433e-05,0.0,10.624886167808638,0.27612799943909727,0.27612799943909727
1762151531.7534244,4.4586624447231,1.0606448469674337,-1.2234765442592576e-06,0.0,10.613976297428463,0.2774878078575638,0.2774878078575638
1762151532.0798967,4.456416201904638,1.05926727244348,-1.0367092774717116e-06,0.0,10.611202690243985,0.278399392632785,0.278399392632785
1762151532.4227645,4.421765297133043,1.060802483554797,-8.128382270169206e-07,0.0,10.587959286597147,0.3064610041116514,0.3064610041116514
1762151532.809787,4.493103036040193,1.0876802327382757,-1.0264727323511867e-05,0.0,10.661355937322373,0.2667553950917717,0.2667553950917717
1762151533.0629425,4.490601227417385,1.0814163675610804,-4.3060663908582725e-07,0.0,10.65413619001124,0.2649566376129305,0.2649566376129305
1762151533.370479,4.4922238219806125,1.0824895554939837,-7.239392428956104e-06,0.0,10.656176483375624,0.26431608554003005,0.26431608554003005
1762151533.594577,4.489944519048864,1.0837295555529394,-3.8070994785429593e-07,0.0,10.655737283859299,0.2668807906763942,0.2668807906763942
1762151533.935021,4.480892889991611,1.0718420618578124,-5.219076310620163e-06,0.0,10.639116507323166,0.26683468218024503,0.26683468218024503
1762151534.3221998,4.489997305983486,1.0848270398880258,-2.3109884381527774e-07,0.0,10.656743156915114,0.26750341078824147,0.26750341078824147
1762151534.5270278,4.48369759582026,1.0711384402135065,-2.096464325365343e-07,0.0,10.640403284330837,0.26418388571122337,0.26418388571122337
1762151534.8498852,4.498639615891666,1.1170089065072588,-1.7061440707919675e-07,0.0,10.69130369406586,0.2799036489377572,0.2799036489377572
1762151535.139782,4.458750609171323,1.1328601415317787,-2.3295540377721295e-06,0.0,10.678684641024589,0.32137229338596196,0.32137229338596196
1762151535.4568024,4.416014212332953,1.1380586496451548,-2.9337235825819387e-07,0.0,10.653856240746377,0.3586131457510751,0.3586131457510751
1762151535.7168913,4.403696370778502,1.1404548729535153,-1.75564531079085e-06,0.0,10.647384622777778,0.3698548097084807,0.3698548097084807
1762151536.0033412,4.4070500501725105,1.156338287788116,-8.785895906494898e-08,0.0,10.664421902947726,0.37680624645326544,0.37680624645326544
1762151536.3782518,4.41371685815792,1.1532916381472473,-6.478802216286004e-08,0.0,10.666278819316645,0.36965031974491147,0.36965031974491147
1762151536.6494224,4.4113185575763385,1.1612637112413842,-6.879739372581098e-08,0.0,10.671999231275674,0.37636224611023295,0.37636224611023295
1762151536.8641753,4.407764915977269,1.1599640265489068,-4.3165037322214825e-08,0.0,10.668292481949216,0.3784201373415708,0.3784201373415708
1762151537.2769825,4.414329575696719,1.1511380311801391,-3.414151838511148e-08,0.0,10.66471598088308,0.36786332405207317,0.36786332405207317
1762151537.5793352,4.407724610713327,1.1634848043157298,-5.106376058327947e-07,0.0,10.671543778453628,0.3805696749018328,0.3805696749018328
1762151537.7782855,4.415699342563114,1.1603956397441872,-2.945099006592779e-08,0.0,10.674263540807772,0.37233770472271693,0.37233770472271693
1762151538.0770547,4.40790305177076,1.1576278158617488,-7.533515059762766e-07,0.0,10.666218393707075,0.3769029751703846,0.3769029751703846
1762151538.4636865,4.473961872542837,1.1688620188976366,-3.0007958984362747e-07,0.0,10.72270749783847,0.3304031676789985,0.3304031676789985
1762151538.774251,4.494376097684422,1.1585446538169895,-1.4579866481722726e-08,0.0,10.726802286046299,0.3078035785380129,0.3078035785380129
1762151538.9665787,4.4959690154334915,1.1609108283141016,-1.161439890618233e-08,0.0,10.730086337897584,0.3078854438769134,0.3078854438769134
1762151539.3493173,4.493048786378799,1.1642034614780525,-1.6439689257066922e-07,0.0,10.731216195934964,0.31217553890225924,0.31217553890225924
1762151539.6642504,4.484195046156259,1.143285753445409,-1.6446883774563395e-07,0.0,10.705570141636471,0.30710533569581994,0.30710533569581994
1762151539.852547,4.492080790679413,1.1607672336928059,-6.83756945978174e-09,0.0,10.72734131353039,0.3109639354130862,0.3109639354130862
1762151540.1779966,4.491954104521222,1.1611652253416889,-5.588850210921341e-09,0.0,10.72762915454847,0.31129869908091146,0.31129869908091146
1762151540.4613822,4.498477156728898,1.161665519860584,-8.121593890815282e-08,0.0,10.732474502335482,0.30628257522973923,0.30628257522973923
1762151540.6886797,4.492301185136709,1.1649953721370139,-4.951180184726339e-13,0.0,10.73145826022036,0.3132441128843212,0.3132441128843212
1762151540.9904258,4.49206259894448,1.1575345462085778,-3.610578525878146e-09,0.0,10.72430390181635,0.309094202780792,0.309094202780792
1762151541.3263052,4.487573222071574,1.1581401171255425,-2.869213809356451e-09,0.0,10.721848484279832,0.31309232766362705,0.31309232766362705
1762151541.6178913,4.3570260690163884,1.1693087987631334,-8.61976063408677e-08,0.0,10.640790467887669,0.42444270309875676,0.42444270309875676
1762151541.9025435,4.347723521842495,1.164710695569431,-2.5358059201890887e-09,0.0,10.629660651333017,0.4289863289722573,0.4289863289722573
1762151542.257545,4.35092299177984,1.1637136749341133,-1.4486608969350213e-09,0.0,10.631066817545031,0.4258479598115614,0.4258479598115614
1762151542.504014,4.385514908674467,1.1458026400097023,-2.7935041666095733e-08,0.0,10.639384770204972,0.38752862841405733,0.38752862841405733
1762151542.7340276,4.486141102819474,1.1412706834081427,-1.451578264481175e-09,0.0,10.705028423829487,0.30434520701950946,0.30434520701950946
1762151542.9508526,4.494795519214157,1.1553138536331538,-1.8190255503792438e-08,0.0,10.724065810093936,0.305578979477166,0.305578979477166
1762151543.2107873,4.379722946603241,1.1483656609771047,-9.02038190787479e-10,0.0,10.63760709285214,0.3936798208021764,0.3936798208021764
1762151543.4349217,4.451856323885671,1.1340694841392613,-7.496638691290236e-10,0.0,10.675060906562727,0.3276163562488965,0.3276163562488965
1762151543.6739516,4.435026754810242,1.1379322590476535,-3.288051504199649e-09,0.0,10.666983591143786,0.3433883946270265,0.3433883946270265
1762151544.0132627,4.490522959914358,1.1419918153959305,-4.737925321215201e-10,0.0,10.708648062356243,0.30123061336562623,0.30123061336562623
1762151544.45831,4.493650835284373,1.1455069474026751,-6.400978306253964e-09,0.0,10.714184466720164,0.3007670859414583,0.3007670859414583
1762151544.7753105,4.57823797043665,1.1475198350598552,-9.427660282206726e-09,0.0,10.771381384056488,0.23282434524990925,0.23282434524990925
1762151545.1904163,4.578528440282171,1.1555330453528556,-7.890233313275741e-10,0.0,10.778998344974024,0.2371084552064232,0.2371084552064232
1762151545.5501473,4.586281038886987,1.148294194846654,-3.429279095189411e-09,0.0,10.777199303656904,0.22662501991202644,0.22662501991202644
1762151545.751639,4.581161837260456,1.1462293374561505,-1.9182880738279247e-10,0.0,10.772047238866756,0.22968341767883732,0.22968341767883732
1762151545.9380999,4.585136734761035,1.1548220889602652,-1.801016097988592e-14,0.0,10.782529035503018,0.23124415215455926,0.23124415215455926
1762151546.2349322,4.578600680394084,1.1435118947502334,-1.7910356462627521e-10,0.0,10.767914070887777,0.23025408291143085,0.23025408291143085
1762151546.5707462,4.49632154355704,1.1456817943737865,-9.390531522442428e-11,0.0,10.716138313785555,0.2987068703309709,0.2987068703309709
1762151546.7901578,4.588340904397452,1.1490669874310506,-1.5063419205974923e-09,0.0,10.77921638812526,0.2253584834652291,0.2253584834652291
1762151547.0120103,4.575180462160439,1.1478563953603402,-7.519297193394391e-11,0.0,10.769745925195359,0.23553480711236713,0.23553480711236713
1762151547.358664,4.5773176563074625,1.1531846526133032,-5.998510468382009e-11,0.0,10.776044643830131,0.23678499335677472,0.23678499335677472
1762151547.619588,4.57551082613824,1.1372015946774163,-8.799720945988269e-10,0.0,10.760147441294194,0.22920526113582035,0.22920526113582035
1762151547.8398538,4.5842928356807295,1.1433006758099502,-4.356359084604083e-11,0.0,10.771332778721957,0.22544463419658056,0.22544463419658056
1762151548.2022154,4.530465135773492,1.1352134566699106,-3.0516384500728594e-10,0.0,10.729153121283204,0.26487810869413864,0.26487810869413864
1762151548.493317,4.503405358229152,1.1501440421401812,-3.567565937895872e-15,0.0,10.72501615955098,0.29557013902219564,0.29557013902219564
1762151548.795534,4.4746064162914685,1.158603676596331,-3.5961875529747765e-10,0.0,10.713510942313098,0.323872887181081,0.323872887181081
1762151549.043057,4.585045747953888,1.1473501723979591,-2.1610084082711644e-11,0.0,10.775544857867443,0.22711250911520559,0.22711250911520559
1762151549.2987788,4.5797654457594605,1.1387922832780426,-2.235586762096057e-11,0.0,10.764315727465535,0.22661431210163455,0.22661431210163455
1762151549.5972419,4.589628010661682,1.1339249980367554,-1.779018087156565e-15,0.0,10.766109446253848,0.21573339708627215,0.21573339708627215
1762151549.8406782,4.592770591479579,1.1443755281795367,-1.7690660846686965e-11,0.0,10.777679096157144,0.21905581025148807,0.21905581025148807
1762151550.1267612,4.591260251663521,1.1485241259461316,-1.0888599077136468e-11,0.0,10.780556730507477,0.22263967854150882,0.22263967854150882
1762151550.545856,4.587149872195894,1.1594878686920143,-1.5641080134039494e-11,0.0,10.788150698191508,0.23219193067280042,0.23219193067280042
1762151550.8259854,4.579003104157887,1.1419814461804598,-7.322103672402145e-12,0.0,10.7667612058752,0.22905404697595366,0.22905404697595366
1762151551.0426166,4.579779356877607,1.148971962977419,-1.0002604601393491e-10,0.0,10.773704200909702,0.2323745129100526,0.2323745129100526
1762151551.3708422,4.583411402501964,1.1537264327009833,-6.010608913068605e-12,0.0,10.780417716583527,0.23205539214522536,0.23205539214522536
1762151551.6166303,4.45051111095992,1.1195922170912822,-4.832324677361414e-12,0.0,10.66097332966224,0.31997529492504617,0.31997529492504617
1762151552.0132806,4.401299313866066,1.0896424326681977,-3.352677065038282e-12,0.0,10.599051865424867,0.34046050191072735,0.34046050191072735
1762151552.3731318,4.52269095519759,1.1548929464095552,-4.5323888877320405e-11,0.0,10.74223650580216,0.2826172562239075,0.2826172562239075
1762151552.655425,4.554689858658233,1.2020975385139006,-0.11445625151812404,0.0,10.808022039715073,0.28284521720491135,0.28284521720491135
1762151552.955372,4.722482850444383,0.9397501247082729,-2.337017740515338,0.0,10.682039054965033,-0.005487344209855485,0.005487344209855485
1762151553.2411795,4.791664408417625,0.5892033115968001,-1.704811612308688,0.0,10.466834105459224,-0.2807623034932778,0.2807623034932778
1762151553.4092228,4.705908119466684,0.4115299549990916,-0.9959548220675528,0.0,10.300885775999896,-0.3417892562607179,0.3417892562607179
1762151553.7766678,4.560901202224649,0.20662336857122243,-0.07130508271764571,0.0,10.086447314720907,-0.3976900042582995,0.3976900042582995
1762151554.0279918,4.5717780756576625,0.1962334786470191,9.256513083678325e-05,0.0,10.087984282988932,-0.4126270765757615,0.4126270765757615
1762151554.3153956,4.687935530963772,0.1681800521797243,-0.27943385561706363,0.0,10.148593377605977,-0.5090457589278143,0.5090457589278143
1762151554.666318,4.655377360676267,0.11390868222834938,-0.3673321520734794,0.0,10.09802826880429,-0.5293625596020457,0.5293625596020457
1762151555.1086197,4.357535045466145,-0.15189788185018424,-1.9248453251236481,0.0,9.774922843198611,-0.5679247207478159,0.5679247207478159
1762151555.5369484,3.1787053269318304,0.10871529673617474,-1.2936106754249257,0.0,8.864139311905321,0.026719653324263883,0.026719653324263883
1762151555.8011472,3.179883532054283,0.32412807818652833,-0.5551975453823218,0.0,8.912278015117142,0.2359798456087248,0.2359798456087248
1762151556.1169715,3.220758725942416,0.3482960256443653,0.0001717602979425884,0.0,8.953402551862862,0.25089455000250993,0.25089455000250993
1762151556.4766736,3.22911274032359,0.35553143242500035,0.0001894065754115493,0.0,8.962318489733807,0.25627522451934004,0.25627522451934004
1762151556.8383749,3.2373479656292945,0.3480590826290631,8.631009714116645e-05,0.0,8.968409005210248,0.24729685846212435,0.24729685846212435
1762151557.2168925,3.2444884886852043,0.35384325578881165,-1.018829881502259e-07,0.0,8.97600655874059,0.2515405412028489,0.2515405412028489
1762151557.5125947,3.205950785947271,0.37242787488128015,0.0012649127636162178,0.0,8.94468931157942,0.2775666810630639,0.2775666810630639
1762151557.7431164,3.2081281809507423,0.37319696604555763,0.0038344995344475083,0.0,8.946774449407144,0.27786628754752984,0.27786628754752984
1762151558.0181158,3.227087015174981,0.36721051725708964,4.7095163365500986e-05,0.0,8.962666544796038,0.2681226089567756,0.2681226089567756
1762151558.3495286,3.2232619138460756,0.3656725311844418,0.00026377604636571245,0.0,8.958927640742399,0.26739268957281154,0.26739268957281154
1762151558.5703332,3.22153955627034,0.36537534897046337,4.3394606112551694e-05,0.0,8.95732031049778,0.2674526528101532,0.2674526528101532
1762151558.8236918,3.2209694587114903,0.3649594611463903,3.1897296530528725e-05,0.0,8.95672911131919,0.26716187206191894,0.26716187206191894
1762151559.0324142,3.2213555859438445,0.36586140950144624,0.0004777297215488482,0.0,8.957245726905573,0.2679660226847524,0.2679660226847524
1762151559.3871958,3.209035818524068,0.36495049117518974,1.9573923589379828e-05,0.0,8.946026028744868,0.2696111023350973,0.2696111023350973
1762151559.6233778,3.215483773649355,0.3710538796336783,2.235311301725454e-09,0.0,8.952945510132254,0.27425061776372467,0.27425061776372467
1762151559.855827,3.2135827921442246,0.36998189234823886,1.7532668249016358e-05,0.0,8.951041508988283,0.27359269695418376,0.27359269695418376
1762151560.2045908,3.2200879203709123,0.3623866828025759,0.0006499904090507744,0.0,8.955452871160949,0.26482359386960136,0.26482359386960136
1762151560.522787,3.219578823646181,0.3715069045327841,1.2143395311462708e-05,0.0,8.956704678732455,0.2738553229997056,0.2738553229997056
1762151560.8944578,3.2163418775956325,0.36737361533951696,2.6516186820361425e-05,0.0,8.953023630864607,0.27047256740723513,0.27047256740723513
1762151561.1137762,3.2151640310051848,0.3670490930632197,0.00013382474483817052,0.0,8.951906285498666,0.2703971359959443,0.2703971359959443
1762151561.501734,3.2221862057202775,0.368665492486797,9.783693455611657e-05,0.0,8.95851828446801,0.27054195096527706,0.27054195096527706
1762151561.8166203,3.2142346478667996,0.36510064961701,4.937216339454458e-06,0.0,8.950706289590515,0.26868191345529835,0.26868191345529835
