timestamp,x_m,y_m,vx_mps,vy_mps,s_m,d_m (lateral_error),abs_lateral_error
1762250408.9009662,8.755383031113329,2.3629956116801183,-0.3664490863238556,0.0,3.9387735949854634,-1.291057335301208,1.291057335301208
1762250408.9275973,8.752743717460582,2.381826312568413,-0.3488373580237596,0.0,3.952983822754022,-1.2984701962538,1.2984701962538
1762250408.9692953,8.749342459693942,2.4100639639444976,-0.4544861950824233,0.0,3.974236764500489,-1.3101462071533547,1.3101462071533547
1762250409.0153747,8.748631399379564,2.446256560472622,-0.519014393218555,0.0,3.9999330265242494,-1.328365261796715,1.328365261796715
1762250409.0638123,8.745219179477248,2.4664643447487777,-0.511104538548678,0.0,4.015598058376485,-1.336030079617972,1.336030079617972
1762250409.135214,8.775008340826654,2.4923656959633576,-0.7188988926356957,0.0,4.0209048733045964,-1.3749796203521556,1.3749796203521556
1762250409.1707587,8.787972316676138,2.493577266246577,-0.8412899434461437,0.0,4.016169341850193,-1.386651165413142,1.386651165413142
1762250409.2387357,8.825752252885158,2.535276452958165,-1.0753904662678242,0.0,4.028577342059156,-1.4407033547138526,1.4407033547138526
1762250409.2903,8.860216082057688,2.5902594870890794,-1.1653662884418818,0.0,4.051034937001874,-1.4989951892910744,1.4989951892910744
1762250409.3405175,8.904639356895464,2.62823903302432,-1.1092597567850593,0.0,4.058078707136457,-1.5567932372181827,1.5567932372181827
1762250409.4043639,8.951068898909543,2.6617769841097596,-1.0327185966964263,0.0,4.061116198066418,-1.6139426208497447,1.6139426208497447
1762250409.4751818,9.022582358685723,2.7409425605037385,-0.754009702900069,0.0,4.084408744730765,-1.716618518970677,1.716618518970677
1762250409.525657,9.05834287323461,2.763306212569793,-0.5596078209368673,0.0,4.0842459151465444,-1.758795733027815,1.758795733027815
1762250409.675118,9.088187942809096,2.776425997339595,-0.2109166194160347,0.0,4.080401800839774,-1.791038521293999,1.791038521293999
1762250409.720026,9.098398436272044,2.7594076658060933,1.2720123002436605e-05,0.0,4.064554704059283,-1.790626901054745,1.790626901054745
1762250409.7698066,9.103443311271882,2.7541960951293465,0.0001724520505616491,0.0,4.058857390697881,-1.7921362853094043,1.7921362853094043
1762250409.802948,9.112535358325692,2.7449523088986867,1.414559907143148e-09,0.0,4.04922357678474,-1.7949507512298966,1.7949507512298966
1762250409.8443232,9.119831233336033,2.736210122457177,-0.05266243339337485,0.0,4.041170217986439,-1.7965241364554148,1.7965241364554148
1762250409.9063313,9.129110857936194,2.7376614532391583,-0.06141072120692081,0.0,4.038595169130699,-1.8051723026671829,1.8051723026671829
1762250409.9644022,9.152562971853333,2.749495329013879,-0.5538479161358344,0.0,4.0370468634920424,-1.8313387741853795,1.8313387741853795
1762250410.006332,9.177119081708437,2.756645429865511,-0.6988855250922926,0.0,4.032345098020432,-1.855976838426391,1.855976838426391
1762250410.0793686,9.191983923591792,2.7671670241820823,-0.8460883452246403,0.0,4.03319103933063,-1.8741543233275502,1.8741543233275502
1762250410.1202743,9.231595158710435,2.8204432510362616,-1.3098247238838459,0.0,4.050255681441885,-1.9359224242900575,1.9359224242900575
1762250410.1897054,9.179203393933088,2.866536164722032,-1.8205459715930314,0.0,4.101898095637199,-1.9161305265895834,1.9161305265895834
1762250410.2449677,9.246106276820601,2.9657880150063365,-2.190067317268619,0.0,4.139961526622456,-2.025971406989722,2.025971406989722
1762250410.327949,9.349178278327164,3.0666693584886597,-2.279929964058897,0.0,4.159079672526121,-2.1673190336551085,2.1673190336551085
1762250410.3917854,9.437450799729444,3.1222276591821614,-2.1856341336384815,0.0,4.158954053360554,-2.271607898469411,2.271607898469411
1762250410.4342656,9.531221383358641,3.136474047311897,-2.054072644845179,0.0,4.124112963148694,-2.3580986203001046,2.3580986203001046
1762250410.4624436,9.56670467502663,3.107507953868414,-1.7997401169505127,0.0,4.098670231477859,-2.3724273903198627,2.3724273903198627
1762250410.4981008,9.634462418788736,3.1396957612624137,-1.7383889790451235,0.0,4.091786629502451,-2.4468907127842145,2.4468907127842145
1762250410.5438251,9.748294778989242,3.169774312936611,-1.6807746352560322,0.0,4.065929926057761,-2.559236114600502,2.559236114600502
1762250410.5670671,9.865621440962855,3.204349367030637,-1.5504912384957823,0.0,4.04697686867274,-2.6770591196606137,2.6770591196606137
1762250410.6103034,9.96702029198019,3.224432319357911,-1.516733318949639,0.0,4.020593252858008,-2.773838432602955,2.773838432602955
1762250410.6674945,10.080157129704496,3.2283390664977056,-1.0912442598466978,0.0,3.9787565192809824,-2.872373982788092,2.872373982788092
1762250410.7347958,10.131462978969994,3.2306432827507057,-0.8685150889527158,0.0,3.9658365566555123,-2.917453683416041,2.917453683416041
1762250410.7680027,10.159515522712303,3.2405991634782083,-0.6779385977336047,0.0,3.9631495296281267,-2.9466166436763195,2.9466166436763195
1762250410.8115017,10.166017896285151,3.248296767376818,-0.5897137526809532,0.0,3.9646974896990677,-2.9561600030323847,2.9561600030323847
1762250410.8435585,10.186906724837245,3.2548929892795373,-0.34438698979155874,0.0,3.9624100787765504,-2.977454769723596,2.977454769723596
1762250410.8996325,10.197877846997015,3.2697453226254063,-0.3184571673978701,0.0,3.9657275864178834,-2.994519739238096,2.994519739238096
1762250410.9432082,10.19572246736639,3.285036711718447,-0.1706084876512935,0.0,3.9722600466133815,-3.000587022117352,3.000587022117352
1762250410.977272,10.201959148440803,3.2971162252030513,0.002575090062716154,0.0,3.9755591134406525,-3.0121820837853472,3.0121820837853472
1762250411.0589187,10.208175781213498,3.3104444205072263,0.0007003813201734135,0.0,3.9811365050688305,-3.0244156412224243,3.0244156412224243
1762250411.1175628,10.20683316252246,3.319720911500628,0.0020575132219166343,0.0,3.9876495065169353,-3.0280937034666837,3.0280937034666837
1762250411.1572528,10.213268221027786,3.3253385898706123,0.001961676298693831,0.0,3.988728829377217,-3.036512502615251,3.036512502615251
1762250411.1798577,10.211148024291797,3.3297823120574583,0.00014835264069606446,0.0,3.9924215697565897,-3.0370173569971293,3.0370173569971293
1762250411.2201846,10.213312080585613,3.324700474139378,0.00011142419913913001,0.0,3.9883007550421072,-3.0362177253331097,3.0362177253331097
1762250411.301856,10.207417551291384,3.331584315697781,1.2901662920297707e-08,0.0,3.995045297673868,-3.034773216459493,3.034773216459493
1762250411.3369818,10.209022609498474,3.335861840004215,8.657253579295453e-05,0.0,3.997158587685524,-3.0383737571713514,3.0383737571713514
1762250411.3687732,10.209334749028336,3.344014517616699,8.770274939713808e-05,0.0,4.002256576811637,-3.0428960432793994,3.0428960432793994
1762250411.4303098,10.205319709092148,3.3516875825412105,0.001660029844746177,0.0,4.008725877773485,-3.0434846024791193,3.0434846024791193
1762250411.4906266,10.210170577497966,3.3532314678434973,0.0001123953864496236,0.0,4.007817165292067,-3.0484264316450322,3.0484264316450322
1762250411.5520234,10.209861975971384,3.3514782010469584,0.000320355813781686,0.0,4.006818942809896,-3.04724643925455,3.04724643925455
1762250411.6042244,10.204639575275273,3.3560435671980797,0.004624985352799547,0.0,4.011766773416052,-3.0451848528601566,3.0451848528601566
1762250411.6359115,10.20210085603304,3.35416895372621,0.006378229009858122,0.0,4.011562342603314,-3.04204042478905,3.04204042478905
1762250411.6818094,10.211571865425206,3.360228806698676,0.005239308004894966,0.0,4.0117305123692075,-3.0532823060532257,3.0532823060532257
1762250411.7155385,10.207557969041172,3.355532867496423,0.00018114948059296234,0.0,4.010303850001003,-3.0474041161079537,3.0474041161079537
1762250411.7576015,10.208177267744123,3.3525835431380484,0.0013488408480789695,0.0,4.0081820039142535,-3.0463886549870125,3.0463886549870125
1762250411.8219855,10.203966102890886,3.3542679148173344,0.0013832007597360848,0.0,4.010898357076018,-3.043681473284413,3.043681473284413
1762250411.9041295,10.204534701870404,3.3536388722190162,8.938157809376679e-09,0.0,4.010275898998278,-3.043836714404712,3.043836714404712
1762250411.9643393,10.20368181141659,3.3554102717201126,0.0001686632565174219,0.0,4.011736724800207,-3.044037281203286,3.044037281203286
1762250412.032586,10.208726873382595,3.3570204830914214,6.212388223147775e-05,0.0,4.010795907271973,-3.0491787481241843,3.0491787481241843
1762250412.0924592,10.20790838087686,3.35354244295687,5.8181911689628364e-05,0.0,4.008898450105735,-3.0466611536776034,3.0466611536776034
1762250412.1380336,10.205530746364676,3.349622146354588,5.327179297336536e-05,0.0,4.007326051611698,-3.0425840521611933,3.0425840521611933
1762250412.1768773,10.204940704539323,3.3454951084843243,0.0012557213394530353,0.0,4.004921869123589,-3.039923255403089,3.039923255403089
1762250412.21843,10.203753074252326,3.3483298505605705,0.0010014089541708349,0.0,4.007195657728865,-3.040393014782937,3.040393014782937
1762250412.2507179,10.199501131166144,3.3489187649769208,9.961300789021386e-05,0.0,4.009230866297293,-3.037077319144367,3.037077319144367
1762250412.2877312,10.202903429072554,3.3431591843180746,5.891829103801058e-05,0.0,4.004226148012517,-3.0369655030531155,3.0369655030531155
1762250412.3197825,10.189357600934182,3.3516219687198165,7.367657346665335e-05,0.0,4.014903962808735,-3.029850823180142,3.029850823180142
1762250412.358518,10.181963714185411,3.3503567870648743,5.72215388858789e-05,0.0,4.0169756954279645,-3.02289067134129,3.02289067134129
1762250412.407507,10.184288980077987,3.343274418285478,5.145990719657432e-05,0.0,4.011566106014277,-3.021160972775631,3.021160972775631
1762250412.4381466,10.183150339146236,3.3422527408525906,5.016728384864141e-05,0.0,4.011359252697586,-3.0196559645872525,3.0196559645872525
1762250412.4572027,10.181876806946287,3.345646245121236,0.003117926674110432,0.0,4.0140151097510035,-3.020348151019256,3.020348151019256
1762250412.5620956,10.181727609062747,3.3431900291240626,4.08447924988266e-05,0.0,4.012510333425986,-3.018934594782494,3.018934594782494
1762250412.6234913,10.1784777257271,3.3507964060838544,0.000873941527883707,0.0,4.0186096931493065,-3.0201528028225337,3.0201528028225337
1762250412.653871,10.177396012629378,3.3546314943381397,4.720828092388279e-05,0.0,4.021462869649215,-3.0212438234610417,3.0212438234610417
1762250412.6827927,10.171730634109572,3.3546847000941065,3.906714405130892e-05,0.0,4.0236941413165095,-3.0164497078933183,3.0164497078933183
1762250412.7180822,10.173652235254345,3.3589482080678206,5.459809257479797e-09,0.0,4.018620851628574,-3.020323054510083,3.020323054510083
1762250412.7536325,10.164487054766125,3.360491975694981,4.9066515869368274e-05,0.0,4.024835624772793,-3.0133393526776553,3.0133393526776553
1762250412.7874708,10.165837806725026,3.3569731790027424,0.0007096151853527239,0.0,4.021140878092978,-3.0126374843002326,3.0126374843002326
1762250412.857648,10.166066003399994,3.3607056139304037,4.872084010537625e-09,0.0,4.024169883392783,-3.0147945454132867,3.0147945454132867
1762250412.8832026,10.163927201096964,3.3580696714845915,3.783631153551421e-05,0.0,4.023090487061886,-3.011589051208382,3.011589051208382
1762250412.9142182,10.1661403347195,3.3597532410857736,0.0001205231875112355,0.0,4.023325964154842,-3.0143568128428324,3.0143568128428324
1762250412.9642713,10.165086621020908,3.3662601091691933,0.000277115465047548,0.0,4.029384360671961,-3.0168846006072103,3.0168846006072103
1762250413.0039687,10.162309655812516,3.3639828310820894,0.0028653491876205217,0.0,4.028949758404529,-3.0133247765506264,3.0133247765506264
1762250413.0730326,10.164161070239134,3.361049894886815,0.002692456900068145,0.0,4.025481361474042,-3.0133556503391508,3.0133556503391508
1762250413.1174803,10.159927032109337,3.364212772159753,0.0006746711260882235,0.0,4.030420680918656,-3.011420054202214,3.011420054202214
1762250413.1458805,10.157887402033529,3.3681522747030375,3.7295868716113586e-05,0.0,4.034839780119038,-3.011760806230373,3.011760806230373
1762250413.2060156,10.155039639910742,3.3688013988789565,3.339080050069993e-05,0.0,4.036913873445596,-3.0096823175507548,3.0096823175507548
1762250413.2553813,10.152886186859286,3.368206315200252,2.884694689639827e-05,0.0,4.037565422330549,-3.007538513257038,3.007538513257038
1762250413.298782,10.15175216403636,3.3692746248038397,0.0005080014057702276,0.0,4.039075086820573,-3.0071377840879645,3.0071377840879645
1762250413.3208857,10.1484451370653,3.375218389989808,3.548031254647227e-09,0.0,4.0458655459431885,-3.007462190210705,3.007462190210705
1762250413.3630576,10.145261906675591,3.3792969064823204,2.7742153844695118e-05,0.0,4.049225008675203,-3.0069132027126284,3.0069132027126284
1762250413.4286492,10.148138266129907,3.379837218266016,3.375500387883812e-09,0.0,4.0487001461744665,-3.0096406044995536,3.0096406044995536
1762250413.5039468,10.142161403825659,3.386036266666009,8.986776746641355e-05,0.0,4.053014157638579,-3.0078457292251786,3.0078457292251786
1762250413.8180115,10.1281698152989,3.391940052679268,3.155867275812066e-05,0.0,4.05947786129326,-2.999105174805345,2.999105174805345
1762250414.0302677,10.13711350931228,3.3861689529723433,2.0642879466906635e-05,0.0,4.054437902047724,-3.003633055931108,3.003633055931108
1762250414.3028586,10.128707503994102,3.397533688019857,0.0003212540708038488,0.0,4.061859229206671,-3.0025278255371717,3.0025278255371717
1762250414.3594508,10.129314913611491,3.389783769171952,8.529501616123671e-05,0.0,4.05818928867185,-2.9989330988486773,2.9989330988486773
1762250414.6470742,10.122896958540965,3.3958395840367914,0.00023702155001129624,0.0,4.062721192646034,-2.9967038929868504,2.9967038929868504
1762250414.8429098,9.404644595494819,-3.4699406552016527,1.302040231380094e-05,0.0,0.2586693433244428,-2.5775927935871454,2.5775927935871454
1762250415.0401263,9.369849771002617,-3.728693366546482,0.0008263560892094023,0.0,0.15553185740084888,-2.731737225192398,2.731737225192398
1762250415.2727628,9.358594428550662,-3.7168585973455177,1.4867018526027861e-05,0.0,0.1557303999159048,-2.715412288295937,2.715412288295937
1762250415.4048562,9.368257244681317,-3.714631389703323,9.644872821408523e-10,0.0,0.16420520576030476,-2.7206808174251638,2.7206808174251638
1762250415.671628,9.37744386498293,-3.692105298926966,8.26763792004974e-06,0.0,0.1678335952478448,-2.7114651788833375,2.7114651788833375
1762250415.7953098,9.37136488696644,-3.696986402778921,7.398925826944229e-10,0.0,0.16015565119245861,-2.710562512784994,2.710562512784994
1762250415.8382413,9.375198658498585,-3.692828720158021,7.306514904822231e-10,0.0,0.16580973552765127,-2.7103733353313544,2.7103733353313544
1762250415.8572211,9.374813528029462,-3.695068024242201,0.0003398624425651677,0.0,0.16393001405488755,-2.711671028199879,2.711671028199879
1762250415.8765025,9.379470753822268,-3.693670507708314,7.034805218821688e-10,0.0,0.16790823146224876,-2.7140083786383498,2.7140083786383498
1762250415.9076362,9.380748455844198,-3.697975660081521,4.903479736274276e-06,0.0,0.1659544532896164,-2.7179391894863887,2.7179391894863887
1762250415.9441807,9.38298931909215,-3.699486623237105,9.506321688563465e-05,0.0,0.16642134388743396,-2.720595946784722,2.720595946784722
1762250416.0105057,9.386190364682843,-3.698977156616692,6.315415249565466e-06,0.0,0.16814369898766401,-2.722522022132763,2.722522022132763
1762250416.0526578,9.384401871927125,-3.698240710347077,0.00010402474390079463,0.0,0.16801034926957403,-2.7207288922830704,2.7207288922830704
1762250416.0821881,9.384801863518005,-3.699945607465404,8.791277850542025e-05,0.0,0.16734854077809697,-2.7222092937151494,2.7222092937151494
1762250416.3007522,9.376553857124328,-3.699229929485695,4.494760326381349e-06,0.0,0.1621406925406838,-2.715832452960651,2.715832452960651
1762250416.5108025,9.393232742589614,-3.6910792006546167,5.368748294483041e-06,0.0,0.1701985293264926,-2.7220330811103675,2.7220330811103675
1762250416.8103795,9.386079119557444,-3.6966420411803487,2.7784525394494065e-06,0.0,0.1683883951215076,-2.720809127730192,2.720809127730192
1762250416.9524913,9.384173958721107,-3.688284321785366,5.356640697353969e-05,0.0,0.16919115596731393,-2.7136023236352393,2.7136023236352393
1762250417.0963643,9.37714581335245,-3.703860883608192,4.71720911035957e-05,0.0,0.15921677453780764,-2.7195059775396624,2.7195059775396624
1762250417.2728548,9.371202430613426,-3.7128066634904373,4.3089037505733315e-05,0.0,0.1486510300022456,-2.72156128585552,2.72156128585552
1762250417.622881,9.380445015165625,-3.7065735308926677,0.00012734989996279807,0.0,0.1595527220872896,-2.723759799919746,2.723759799919746
1762250417.8108692,9.387790114813122,-3.6998327541829386,2.1149372578493485e-10,0.0,0.16824373651001878,-2.724263660134693,2.724263660134693
1762250418.0054858,9.380115138059724,-3.7121601324467117,2.02619556747593e-06,0.0,0.15530100958151966,-2.7274490138657814,2.7274490138657814
1762250418.0357563,9.375774940196472,-3.720400451207217,1.1312766915928815e-05,0.0,0.1463556866315207,-2.730150752289383,2.730150752289383
1762250418.086319,9.370877843726447,-3.715423444032548,9.60772521196771e-05,0.0,0.14654150478253553,-2.7231693085553443,2.7231693085553443
1762250418.1234863,9.366139689770932,-3.7127837964122055,1.7284643896738924e-06,0.0,0.1639780720585007,-2.717877110999111,2.717877110999111
1762250418.2333884,9.378829583775874,-3.7081883447422563,1.5063574295777008e-06,0.0,0.15726899370294495,-2.7237440259069556,2.7237440259069556
1762250418.2651656,9.373832809692468,-3.7071638994866087,2.191776689657104e-05,0.0,0.1545394756178859,-2.719468057777832,2.719468057777832
1762250418.577181,9.36885337749178,-3.712960194129327,1.930507024927715e-05,0.0,0.14691049467657863,-2.71999801822809,2.71999801822809
1762250418.8675945,9.371450750039534,-3.7048460037895596,3.1382354353955255e-05,0.0,0.15455566857067943,-2.7161444318354344,2.7161444318354344
1762250419.0286057,9.375663756621076,-3.7023264017045863,1.3590904099090319e-05,0.0,0.1592933463792911,-2.7173732179345493,2.7173732179345493
1762250419.2753828,9.380178107857173,-3.7066297909728254,8.296041190982133e-11,0.0,0.1593270063114544,-2.723609298377517,2.723609298377517
1762250419.6154048,9.383430956517811,-3.695884416963921,3.493652958526346e-05,0.0,0.16814488393777938,-2.718386815964415,2.718386815964415
1762250420.1135168,9.362353866306558,-3.7057632048350455,3.54946708514961e-07,0.0,0.14758298645142925,-2.7103164491349068,2.7103164491349068
1762250420.3200228,9.376322350322829,-3.7065795546545024,6.379874884142308e-07,0.0,0.15668771539702137,-2.7208293774565053,2.7208293774565053
1762250420.4767864,9.36241005339437,-3.720846281459013,3.3967098025118596e-07,0.0,0.15568010056346318,-2.720929313768724,2.720929313768724
1762250420.7639866,9.372886935344194,-3.709454874601063,1.1412078764425565e-06,0.0,0.15223345309260655,-2.7204045745008973,2.7204045745008973
1762250420.9426186,9.362599875394887,-3.700656596794144,0.08952933312343808,0.0,0.1514308689356864,-2.706902837309822,2.706902837309822
1762250421.1613684,9.384184189735075,-3.6522727477754238,0.3971224699640361,0.0,0.17664699169946696,-2.6884609671868525,2.6884609671868525
1762250421.328127,9.358709921201509,-3.4921354998067238,1.0266228873397165,0.0,0.23232348714370343,-2.559231822111898,2.559231822111898
1762250421.6518545,9.397172560042964,-2.9829683167359216,1.8735636240884181,0.0,0.40381567414046726,-2.2558798948459273,2.2558798948459273
1762250421.9152355,9.498014264924356,-2.3326259915916063,2.788875328379275,0.0,0.7380376247708089,-1.9783817233577616,1.9783817233577616
1762250422.166543,9.712869961850718,-1.5409241073937332,3.0632855069722726,0.0,1.2072177600446283,-1.835850373908833,1.835850373908833
1762250422.3065517,9.798600201491707,-1.0420916529879702,3.3217098066989545,0.0,1.5141303033602325,-1.7723502761571812,1.7723502761571812
1762250422.5716236,9.811205249415503,0.04631348276744328,3.8758533037544796,0.0,2.2016262837675686,-1.6470996058898266,1.6470996058898266
1762250422.7562144,9.637661316530274,0.8163904333606018,3.9382482623429977,0.0,2.6714652265180927,-1.5410918011258834,1.5410918011258834
1762250422.9093425,9.457518452832696,1.368675080492583,3.9401547251038758,0.0,3.049338635161174,-1.5058749984259374,1.5058749984259374
1762250423.0400124,9.250566937977077,1.9680013106595637,3.9631364172373753,0.0,3.4868036422635953,-1.5399932100522886,1.5399932100522886
1762250423.276425,8.69466081430765,2.8660386164668608,3.958063482555081,0.0,4.288285904546532,-1.5125699246535407,1.5125699246535407
1762250423.527793,7.8778195144812155,3.5669676924430473,3.873065183267564,0.0,5.034130229508936,-1.3677701211512838,1.3677701211512838
1762250423.902569,6.528944807933563,4.284520137546049,3.9043785748027933,0.0,6.211689186288904,-1.210481563809971,1.210481563809971
1762250424.3631344,4.6743696958470355,4.598973521362419,3.7739488507148744,0.0,7.812515846449709,-0.8983638006959743,0.8983638006959743
1762250424.594268,3.784465219078689,4.595975711234433,3.813908233847479,0.0,8.624176519353796,-0.735434519285948,0.735434519285948
1762250424.988723,2.7233620643371297,5.080650231754692,3.526047122920724,0.0,9.701704893185305,-1.099758270560454,1.099758270560454
1762250425.2379415,2.197692350345251,4.369102879581983,2.585889451992429,0.0,10.159338505457063,-0.329846040366726,0.329846040366726
1762250425.457099,1.7856278887088777,4.03564504778147,2.0021662074721807,0.0,10.523178499301284,0.056626372623456496,0.056626372623456496
1762250425.9427981,2.165877680371536,4.010181880627878,-0.0004806738577004151,0.0,10.143080019500117,0.030119238814282367,0.030119238814282367
1762250426.336572,2.5007868188613336,4.096929836558685,-0.00040800185819797445,0.0,9.820779806022886,-0.09758407016048072,0.09758407016048072
1762250426.7940168,2.6185617588937102,4.18699639837222,-0.9895967071977431,0.0,9.712361923717971,-0.20003793097070754,0.20003793097070754
1762250427.1165257,2.4304414527637,4.465820935453383,-0.6549854242813574,0.0,9.93639397482343,-0.4555931878007822,0.4555931878007822
1762250427.6070743,2.726499910702191,4.5119087477980395,-0.32292329656422536,0.0,9.636218192247846,-0.5343221314533672,0.5343221314533672
1762250427.9352632,2.2694620111994577,4.897254786111439,-0.4478876506373829,0.0,10.158534974465713,-0.8628513855366985,0.8628513855366985
1762250428.188962,2.2809920638686796,4.929141261015835,-1.7464326868253728,0.0,10.15111369391076,-0.8959883459797522,0.8959883459797522
1762250428.361252,2.300155877716489,4.878538595897632,-1.8534514276242395,0.0,10.124523952232913,-0.8483685033975258,0.8483685033975258
1762250428.7633796,2.676865289383145,4.395776804871266,-0.8715939923786251,0.0,9.675277617325252,-0.4137582780303388,0.4137582780303388
1762250428.8977277,2.87139772019791,4.224720272013664,-0.9007764980399144,0.0,9.460584674124178,-0.26185421595809183,0.26185421595809183
1762250429.104194,3.136034903944507,4.118287030607751,-0.7235249179015435,0.0,9.190242573572293,-0.1813096414164702,0.1813096414164702
1762250429.6075492,3.5389886881610453,3.8882018644163194,-0.4422644419637041,0.0,8.765457041389281,-0.0005043424314511824,0.0005043424314511824
1762250429.8240242,3.7135529234150337,3.807483151623224,-0.2680726331023308,0.0,8.580923633895116,0.054993937311221965,0.054993937311221965
1762250429.995405,3.7777460383227086,3.777820245262035,0.11930543293435932,0.0,8.512651995171806,0.07470937784673493,0.07470937784673493
1762250430.1625082,3.7784554134611046,3.803313913112089,0.748141317638382,0.0,8.515852062363166,0.04940533576622274,0.04940533576622274
1762250430.4980984,3.53302687083907,4.17098462124322,2.230577270878114,0.0,8.808113884298875,-0.2800482960184564,0.2800482960184564
1762250430.7155147,3.283129102805992,4.436463286111988,1.623146041766095,0.0,9.080777888974266,-0.5134893551034406,0.5134893551034406
1762250430.958751,3.0041322853427066,4.50018020179578,0.5826045193564969,0.0,9.355563188146574,-0.5482397135281565,0.5482397135281565
1762250431.191895,2.9009926003560667,4.51218687056164,-1.0167381603309877e-08,0.0,9.45675715565168,-0.5508147541602241,0.5508147541602241
1762250431.4547246,2.9781382884274543,4.481901858407535,-6.279892779913608e-05,0.0,9.378824008320379,-0.5276206838496704,0.5276206838496704
1762250431.9188237,2.8408601979555885,4.49538895874537,1.5160742672139984,0.0,9.51573661524745,-0.5287019275405496,0.5287019275405496
1762250432.0944643,2.4311464980009245,4.440091283609805,2.6557859008910216,0.0,9.932445421261454,-0.4301411943277197,0.4301411943277197
1762250432.2512424,2.1100587222606766,4.287144128411602,2.4943133439171867,0.0,10.2358150167007,-0.2368525828106418,0.2368525828106418
1762250432.5282226,1.579071948693235,3.856523624590316,2.1673291695579717,0.0,10.70536413574759,0.2615577683031581,0.2615577683031581
1762250432.8503768,1.0633933519691978,3.4509306200947734,2.677376119087316,0.0,11.195532569074665,0.7216349687290896,0.7216349687290896
1762250433.102439,0.2426681867438354,3.5545977516356237,2.876874789878748,0.0,12.05014524878661,0.6630108941345113,0.6630108941345113
1762250433.3180075,-0.22563515871060844,3.857096364626391,3.1143164039701206,0.0,12.534633690369683,0.379878579538301,0.379878579538301
1762250433.555762,-0.9104439740366771,4.485102900004616,3.073472246888999,0.0,13.238255493238302,-0.2281343798545077,0.2281343798545077
1762250433.9402015,-1.7892657748234766,4.95311448327824,0.9332116601652816,0.0,14.101468256546573,-0.6921301635521532,0.6921301635521532
1762250434.2321286,-1.8266035408275922,4.951699528688504,-4.080768268785451e-08,0.0,14.137350282923634,-0.6913492328825361,0.6913492328825361
1762250434.478027,-1.7824862310067586,4.9300083138533575,-0.00031222480549725727,0.0,14.095298806534695,-0.6689201652249573,0.6689201652249573
1762250434.9903483,-1.566011730900065,4.79071519699575,-1.8007881146985807,0.0,13.887014016525477,-0.5275211145087526,0.5275211145087526
1762250435.2210684,-1.3436778008461032,4.601682543928946,-1.306789039973178,0.0,13.66893995446163,-0.3387235928856062,0.3387235928856062
1762250435.6007237,-1.1103472986190317,4.349020582328316,-0.7908409387353558,0.0,13.434850244822183,-0.08855243705824128,0.08855243705824128
1762250435.8425136,-0.9449837156314751,4.230859150282549,-0.5504632011629742,0.0,13.267635537924251,0.026748043717394865,0.026748043717394865
1762250436.1501958,-0.7367562111091187,4.164035541847717,3.774213167506164e-05,0.0,13.05765908176667,0.0889110279564832,0.0889110279564832
1762250436.4493692,-0.6671916112261799,4.142329569304717,1.5661566888669814e-06,0.0,12.987388037721487,0.10881322662487794,0.10881322662487794
1762250436.8623233,-0.6831076291735545,4.150585611568625,1.5646647467796627e-10,0.0,13.003557946371481,0.10098157190261492,0.10098157190261492
1762250437.4598775,-0.7666770812658777,4.161074501233137,1.1539365258756033e-06,0.0,13.08756552194076,0.0926070840173856,0.0926070840173856
1762250437.6879892,-0.8051490885994651,4.172941155692578,0.19893389036915313,0.0,13.126393441267135,0.0816569397102538,0.0816569397102538
1762250438.0002208,-1.0006310301885772,4.275451405024084,1.2054788617868524,0.0,13.324118299760697,-0.01679087844564087,0.01679087844564087
1762250438.2101965,-1.4032290843561677,4.473157321887821,1.624508864824696,0.0,13.727173655358536,-0.20991544180062188,0.20991544180062188
1762250438.581478,-2.2035926997042274,4.4403727851811805,2.3640155664962603,0.0,14.518682996708796,-0.19164883980894437,0.19164883980894437
1762250438.917329,-3.1190608868960927,4.262385975195502,2.565967596132616,0.0,15.434536442617352,-0.08949987216408031,0.08949987216408031
1762250439.4106386,-4.431005572618408,4.026469502222577,2.5357607586722444,0.0,16.748099618714107,-0.13350483172736036,0.13350483172736036
1762250439.5848424,-4.92343918613154,3.8755250334311655,2.230966441556918,0.0,17.248859874406364,-0.1621422176881865,0.1621422176881865
1762250439.7408013,-5.175539757014041,3.6821947908883437,1.9643901620702822,0.0,17.550733084249995,-0.09197418512856169,0.09197418512856169
1762250440.0287137,-5.451652493226459,3.3545686441120877,1.5114718052577918,0.0,17.950192030193822,0.05888051902934116,0.05888051902934116
1762250440.390982,-5.917155907763889,2.923860426733884,1.5359744147871317,0.0,18.592774858469625,0.1362967377317666,0.1362967377317666
1762250440.5970778,-6.25281526201605,2.549864673618585,2.1657996585082095,0.0,19.125860010574595,0.14174061919424477,0.14174061919424477
1762250440.8212163,-6.6214372958990975,2.189862662792733,2.2134081689949126,0.0,19.643503732362365,0.04458741054150254,0.04458741054150254
1762250440.9745078,-6.753545160102319,1.8806421812477645,2.182599096490188,0.0,19.98367078002837,0.07784943310962336,0.07784943310962336
1762250441.0093968,-6.796914652785995,1.8290920070404508,2.255184130001922,0.0,20.050171849347358,0.06115687102485926,0.06115687102485926
1762250441.0451953,-6.853807039437957,1.7317932482957374,2.313119557061009,0.0,20.16399979383045,0.049391348398638485,0.049391348398638485
1762250441.1132696,-6.925131833597768,1.5186390383521111,2.188613264003808,0.0,20.392089277075332,0.061414111704465583,0.061414111704465583
1762250441.1333404,-6.9357492007808865,1.4579177136794008,2.133449464392778,0.0,20.454126657988134,0.0713303873279565,0.0713303873279565
1762250441.1592448,-6.996311625942864,1.4451577583032373,1.9876465244912802,0.0,20.48575393170528,0.01788685808891635,0.01788685808891635
1762250441.178852,-7.042542187909785,1.3710728097722171,1.9048734391906879,0.0,20.570449330379343,-0.004059443301962814,0.004059443301962814
1762250441.1989634,-7.0228579006900045,1.2680528392531731,1.8647742734644566,0.0,20.664698435126887,0.04307666805701945,0.04307666805701945
1762250441.2275317,-7.031040930759834,1.2105744653484065,2.022973401713758,0.0,20.723206079912995,0.04961622412010216,0.04961622412010216
1762250441.2436297,-7.07855956963964,1.2358724171162119,2.023793591392611,0.0,20.710222229665895,-0.002650745253725362,0.002650745253725362
1762250441.2618093,-7.128996695112291,1.1810127401550572,2.1226699467971955,0.0,20.775070875066202,-0.038635858007917884,0.038635858007917884
1762250441.4617257,-7.077243126065765,0.7589823980570088,2.440967976425195,0.0,21.185908583340453,0.08230592107923211,0.08230592107923211
1762250441.8154128,-6.872830406304104,-0.5341358164036748,3.527169297188625,0.0,22.553717054128672,0.12393581950362387,0.12393581950362387
1762250442.0023243,-6.660279703962364,-1.4194819074895941,3.7451712922230613,0.0,23.429509526029648,-0.1309818912644694,0.1309818912644694
1762250442.2675054,-6.118661422502795,-2.1918865810657695,3.841776050100088,0.0,24.267904129502664,-0.3497899463514822,0.3497899463514822
1762250442.4475532,-5.2679193092755225,-2.7001095908093578,3.8813072323602023,0.0,25.076734576198835,-0.548243565126743,0.548243565126743
1762250442.814625,-3.8888154799330947,-3.0553772785152926,3.869138008699135,0.0,26.194641570455197,-0.9484190944558358,0.9484190944558358
1762250443.0625293,-2.8205470129001733,-3.0779013605816385,3.990247068599772,0.0,27.038310884453708,-1.263578388338646,1.263578388338646
1762250443.2655332,-1.9456295892858315,-2.767242535479204,4.013726075112323,0.0,27.853240771815408,-1.3206162911320405,1.3206162911320405
1762250443.4063644,-1.376548692850186,-2.5105155783636883,3.7239710143929483,0.0,28.465205149658267,-1.3354719078778459,1.3354719078778459
1762250443.7350216,-0.2514496298088204,-1.8120455152028134,3.6953413813405884,0.0,29.94970345712963,-1.1258032160993465,1.1258032160993465
1762250444.007518,0.9316002035593453,-1.15180945810043,3.5645432770562464,0.0,31.577103247073477,-0.5768989786857638,0.5768989786857638
1762250444.3542798,2.2299029847037994,-1.5016212296249654,3.271099792320025,0.0,33.07518070865961,-0.5084871183623147,0.5084871183623147
1762250444.6579554,2.883677884994955,-2.119746405351318,3.073129623744863,0.0,33.96921091885763,-0.7726090327544733,0.7726090327544733
1762250445.0553334,4.243020869722776,-2.4746955238228288,3.4114911834290194,0.0,35.29517264670732,-0.49295886401616007,0.49295886401616007
1762250445.4514394,5.646119086778041,-2.2930982497693404,3.162524331673364,0.0,36.552415424049265,0.057993743215046765,0.057993743215046765
1762250445.7063715,6.498972172367906,-2.5944391948193046,3.355234507131296,0.0,37.359854849760566,-0.27922623799755264,0.27922623799755264
1762250446.0596414,7.849248601974223,-2.6660740388227806,3.340307412459981,0.0,38.243658378335525,-0.9204830553429171,0.9204830553429171
1762250446.2896838,8.529012161001846,-2.251758488059322,3.0753057566922966,0.0,0.43982973816424065,-1.1223856278246358,1.1223856278246358
1762250446.5627685,8.937914416322261,-1.4183829345967014,2.424809935663175,0.0,1.0966570947221828,-1.0689658199900829,1.0689658199900829
1762250446.782799,9.068228549373766,-0.921946125151805,1.7814971082472593,0.0,1.4671836207129367,-1.0348888633830344,1.0348888633830344
1762250447.2071896,9.154020506604388,-0.08890631409580133,1.8775838605755415,0.0,2.0946077604878584,-0.9941789092597355,0.9941789092597355
1762250447.3715832,9.134236053980633,0.19119047362134925,1.591926369809133,0.0,2.2987845714835924,-0.9712550807660293,0.9712550807660293
1762250447.6083527,9.072656544081841,0.6064441445669544,1.524853763084294,0.0,2.596672328227933,-0.9485673053499579,0.9485673053499579
1762250447.9814477,8.728978181681216,1.273765946091634,2.2704613099317457,0.0,3.155694391292937,-0.7871658631069952,0.7871658631069952
1762250448.1482348,8.52427370650448,1.5709505399477262,1.9601214634090087,0.0,3.449049464155395,-0.7136633766348468,0.7136633766348468
1762250448.417991,8.240487225163223,2.0039451310055054,1.479257849536802,0.0,3.899947715039176,-0.6650528716535256,0.6650528716535256
1762250448.977698,7.52501445305512,2.8333988007590225,1.7955686813636598,0.0,4.837511885037621,-0.5921447111445697,0.5921447111445697
1762250449.4860766,6.420860104851258,3.3592415719116886,2.098396159155105,0.0,5.913937983228813,-0.343806284994184,0.343806284994184
1762250449.6895142,6.005715777366518,3.515341839603296,1.8870539013820133,0.0,6.328459044599655,-0.289907379960858,0.289907379960858
1762250449.9313834,5.507133268377648,3.6834888074643217,2.2514827489411875,0.0,6.829964549022712,-0.25211237362654515,0.25211237362654515
1762250450.1565447,4.978274841470912,3.8950564427575816,2.0788091119132206,0.0,7.376825375234911,-0.29015012012122404,0.29015012012122404
1762250450.3744283,4.418534103033011,3.9961557906542815,2.1667367802359228,0.0,7.926578793489691,-0.2548156265274983,0.2548156265274983
1762250450.6924593,3.9011362566796524,4.039047090257836,2.414241889389652,0.0,8.431924783596143,-0.20255791660126662,0.20255791660126662
1762250451.1392682,2.553976200587175,3.9338763043066907,3.4584169356716217,0.0,9.749680241351829,0.05854202693618846,0.05854202693618846
1762250451.3878481,1.6155522155366944,3.887342387342613,3.770557742091751,0.0,10.672780923849668,0.22627373636310164,0.22627373636310164
1762250451.6509323,0.4997146489619727,3.944625624811665,3.6943823299728424,0.0,11.8099702215814,0.2614864481715298,0.2614864481715298
1762250451.8839195,-0.7123343544218472,4.059525316006196,3.9744599086433983,0.0,13.030507056698648,0.1927699305820448,0.1927699305820448
1762250452.1597538,-2.024121403726433,4.2683576659848,4.034047091888237,0.0,14.347007696807498,-0.013052918403785568,0.013052918403785568
1762250452.3732913,-2.9308097184173367,4.239080467033279,3.982620511917722,0.0,15.251579677747493,-0.044395734295415275,0.044395734295415275
1762250452.6170845,-4.098564374932132,4.047277509447736,3.981909698976499,0.0,16.42801592310534,-0.06102517057530162,0.06102517057530162
1762250452.8276567,-4.809446065019834,3.820688135622585,3.957471232945048,0.0,17.1663524221841,-0.06789995390434497,0.06789995390434497
1762250452.9805324,-5.436320640328533,3.3643009100052694,3.635289920653391,0.0,17.93190189747332,0.05866670502956811,0.05866670502956811
1762250453.137707,-5.883611729337566,2.848641685808059,3.8337745218742736,0.0,18.619763787503025,0.21552725266504846,0.21552725266504846
1762250453.439814,-6.59500724825105,1.8043660195125337,3.9162501795733453,0.0,19.981919243585086,0.2537738620019732,0.2537738620019732
1762250453.6003327,-6.8986794411678956,1.1304089981472814,3.9554236952993644,0.0,20.771752455735612,0.19715244526230521,0.19715244526230521
1762250453.8283298,-7.173085681405656,0.26488962736356214,3.933755788262496,0.0,21.68866423930964,-0.004257337743577365,0.004257337743577365
1762250454.060601,-7.160503747595331,-0.6951804213571432,3.876462972797743,0.0,22.599903655317746,-0.2024097963542532,0.2024097963542532
1762250454.2268326,-6.8352318571665185,-1.4303690417123716,3.8582937149266967,0.0,23.339243626991095,-0.2755311645544124,0.2755311645544124
1762250454.4273443,-6.276751140381671,-2.1316177107767182,3.782638259833071,0.0,24.123344807345223,-0.3860110071755197,0.3860110071755197
1762250454.7390885,-4.970911147246189,-2.7349824667838383,3.6800623269774384,0.0,25.32102371710655,-0.5497007093421541,0.5497007093421541
1762250454.9265723,-4.259835788079584,-2.891690651057577,3.8468078093258975,0.0,25.90932914026353,-0.7291777875834091,0.7291777875834091
1762250455.1032257,-3.7243650585993877,-2.8583807400424677,3.763793203205413,0.0,26.36246050150599,-0.7899652097808034,0.7899652097808034
1762250455.2912385,-2.786160531527132,-2.727361825579625,3.901170355368657,0.0,27.171066056203326,-0.948238446113969,0.948238446113969
1762250455.421882,-2.2607853703978447,-2.495058032202494,3.9572310134613438,0.0,27.69328812707487,-0.9410779604287602,0.9410779604287602
1762250455.5760834,-1.7219928913487383,-2.138440203607275,3.8899321427772606,0.0,28.313502476726377,-0.8502338611508828,0.8502338611508828
1762250455.9451737,-0.38974138677544157,-1.2593349806546792,3.5058151887463724,0.0,29.984328600034463,-0.5569507721431357,0.5569507721431357
1762250455.966306,-0.2841550942093678,-1.2295148960792683,3.560659609836077,0.0,30.107792585614696,-0.5581935216738834,0.5581935216738834
1762250455.9864604,-0.14822249326570017,-1.1838205076446888,3.6278585954386164,0.0,30.269856414600483,-0.5486027365922455,0.5486027365922455
1762250456.0222616,-0.07321508790793155,-1.168375227790989,3.65777322543188,0.0,30.357899992499835,-0.5505968451983267,0.5505968451983267
1762250456.0963893,0.0820354683312981,-1.0830898813019287,3.7674468578920624,0.0,30.552837202388485,-0.49688996601964763,0.49688996601964763
1762250456.1163485,0.327392454516263,-0.9525371642654652,3.787508166681007,0.0,30.85122566483558,-0.39832241618515707,0.39832241618515707
1762250456.1473541,0.41602545385989503,-0.9439463571105517,3.8038577922832757,0.0,30.953063327686696,-0.39563136384847597,0.39563136384847597
1762250456.174314,0.4920966177201466,-0.809315978402725,3.8184904637453134,0.0,31.043390061982745,-0.26376278412937776,0.26376278412937776
1762250456.2258663,0.6575663773940185,-0.7880318234054174,3.80338862693929,0.0,31.223944725570114,-0.24086188490887828,0.24086188490887828
1762250456.296563,1.0874378592748954,-0.8196113924189052,3.883615061335576,0.0,31.687770274801938,-0.22345474375662938,0.22345474375662938
1762250456.5418983,2.107886313723112,-0.9760071462603259,3.916018157513801,0.0,32.74359053953457,-0.07438213255755181,0.07438213255755181
1762250457.0621645,3.8998610941839504,-1.632858526500806,2.4648998892212823,0.0,34.64639598180266,0.1280645834435467,0.1280645834435467
1762250457.4025872,4.817827786305258,-2.036701513948433,3.002096935776353,0.0,35.666824319297206,0.1204567173464598,0.1204567173464598
1762250457.722177,5.866948117173653,-2.2255324210946514,2.839293031049188,0.0,36.775425917560725,0.14127011258796185,0.14127011258796185
1762250458.0697527,6.661376238701122,-2.096361250873041,2.029231387184373,0.0,37.63945433693497,0.16011554397552197,0.16011554397552197
1762250458.355914,7.379289338380458,-1.867011456276009,2.403580547593093,0.0,0.06267011158817436,-0.008810665160442769,0.008810665160442769
1762250458.712797,8.179824712674897,-1.1770108656124127,3.200087163618165,0.0,1.0375013386521414,-0.2767517062846631,0.2767517062846631
1762250459.0796041,8.560721048162439,-0.07791225384235778,3.5244905130167736,0.0,2.079222593425819,-0.4010740268582873,0.4010740268582873
1762250459.4128072,8.521485671157414,0.6333865689175315,2.7693545571358906,0.0,2.693203106602236,-0.4104277535668943,0.4104277535668943
1762250459.5885673,8.505121381812819,1.0027817551928997,2.465433814479644,0.0,3.0042679265525156,-0.4869784480184313,0.4869784480184313
1762250459.9621203,8.174976391440648,1.7932549383064158,2.2512269309892736,0.0,3.764308437406432,-0.5037039728752514,0.5037039728752514
1762250460.1465557,7.939837207798817,2.162513345088739,2.7217163960562507,0.0,4.165601226275296,-0.4929268774813349,0.4929268774813349
1762250460.3072128,7.656849975295377,2.6756888251445643,3.2523780161459874,0.0,4.664824228600882,-0.5797086958599369,0.5797086958599369
1762250460.7160304,6.228027215685675,3.6094876515811185,3.984858528207962,0.0,6.180775510761615,-0.47223106394064285,0.47223106394064285
1762250460.9270246,5.3525471130195035,3.921049949860073,3.846030170631348,0.0,7.043499358874737,-0.42494031948173644,0.42494031948173644
1762250461.0597777,4.915900304711538,3.9897281683244024,3.9229097998228952,0.0,7.458645830873135,-0.36478989978264764,0.36478989978264764
1762250461.4506931,3.3422707954494295,4.314353015034969,3.8633563153676302,0.0,9.010273225329389,-0.3988913859444262,0.3988913859444262
1762250461.615854,2.770683827679061,4.378950600410291,3.8747483908463964,0.0,9.576863577029924,-0.40629035440872097,0.40629035440872097
1762250461.9720984,1.2297053519312728,4.540940545387769,3.854868164002464,0.0,11.12676401693806,-0.3789425708996975,0.3789425708996975
1762250462.1215076,0.45764022901349266,4.5599146069298,3.835996795616002,0.0,11.881153290003876,-0.35111241488959166,0.35111241488959166
1762250462.3298752,-0.33751453695150746,4.557133816522767,3.841321774862931,0.0,12.671130632967659,-0.3157937191911633,0.3157937191911633
1762250462.4446063,-1.0441192374632573,4.565625263604623,3.8275136198670783,0.0,13.372396728126922,-0.30616855180504415,0.30616855180504415
1762250462.6813796,-2.019512320745644,4.6486114934056735,3.835113922605475,0.0,14.330894802055415,-0.3929840084772967,0.3929840084772967
1762250462.8187356,-2.6846550244508616,4.627989776946993,3.8151624970739877,0.0,14.97593049775672,-0.4085405394648684,0.4085405394648684
1762250462.84417,-2.8185750137126244,4.61752665367734,3.8210058842407784,0.0,15.105324622276713,-0.4097394786194213,0.4097394786194213
1762250463.0053542,-3.369355772444383,4.602523991262991,3.7956220531138434,0.0,15.629695942466924,-0.46076322815986187,0.46076322815986187
1762250463.032373,-3.495262476738674,4.63084164490616,3.8084383207595414,0.0,15.743119438737748,-0.508230651838144,0.508230651838144
1762250463.0659769,-3.6517517730759197,4.608778631866106,3.817024033935115,0.0,15.891591933200175,-0.5131925100662499,0.5131925100662499
1762250463.1042178,-3.89203714531214,4.598166548607692,3.8818812402702347,0.0,16.113610346460042,-0.549458764485072,0.549458764485072
1762250463.1408875,-4.0639706064570715,4.623771524665308,3.9090006500381627,0.0,16.263329908748293,-0.612137383100383,0.612137383100383
1762250463.1823237,-4.302360568864651,4.60915940956568,3.917858672350276,0.0,16.477510393531393,-0.6564281806805289,0.6564281806805289
1762250463.3378289,-4.8909819699453765,4.49402118211864,3.7436166607116195,0.0,17.01074319237503,-0.7253469513038899,0.7253469513038899
1762250463.372971,-5.030389979834815,4.4128555640055085,3.73342830025848,0.0,17.151875309282353,-0.699738132956856,0.699738132956856
1762250463.516628,-5.428017022403856,4.139275266566874,3.3893227464478817,0.0,17.569814307748203,-0.6137565360728107,0.6137565360728107
1762250463.7327075,-6.08666186158628,3.669321722899386,3.4087098892905154,0.0,18.26473317759303,-0.5601526632186108,0.5601526632186108
1762250463.7570624,-6.14206288223236,3.609327029972274,3.444256171754731,0.0,18.348502659896063,-0.5470082534416831,0.5470082534416831
1762250463.7885878,-6.297758573405191,3.46376652083974,3.5884264343766548,0.0,18.538445806976483,-0.5229869311088327,0.5229869311088327
1762250463.807522,-6.317428289006675,3.4666753695639474,3.5882798129537656,0.0,18.550653317821947,-0.5374292174076969,0.5374292174076969
1762250463.8522618,-6.34239814938427,3.3623824936074906,3.6807646555159086,0.0,18.613364341329724,-0.47298940904543135,0.47298940904543135
1762250463.880163,-6.420993616959205,3.292071486477483,3.7271558988763553,0.0,18.712299269178196,-0.47442162613714123,0.47442162613714123
1762250463.9039357,-6.493571124643467,3.228190029840428,3.732580851690725,0.0,18.78647558523197,-0.4812293608531868,0.4812293608531868
1762250463.9307683,-6.59190550415183,3.136450278081501,3.774371103264453,0.0,18.896322470938944,-0.49304714907785707,0.49304714907785707
1762250463.9678602,-6.68950651500997,3.0008326246740826,3.797981135749137,0.0,19.049376950948155,-0.4810804635723459,0.4810804635723459
1762250464.1120205,-7.00990318531952,2.5031125392443814,3.913146476347793,0.0,19.584176017855256,-0.4505810613014582,0.4505810613014582
1762250464.1382234,-7.071660891508428,2.4084610486758438,3.9348214420572827,0.0,19.68586058561872,-0.4539046162636421,0.4539046162636421
1762250464.305837,-7.395006743106304,1.683554105085271,3.75190205006778,0.0,20.39458586022799,-0.43655302222124165,0.43655302222124165
1762250464.4808884,-7.5758737669222045,0.8128614825492301,3.825228495653805,0.0,21.182840772353263,-0.41921765736782285,0.41921765736782285
1762250464.8832972,-7.237962681918117,-0.7214309539620827,3.794338207326082,0.0,22.596192236636156,-0.28410029539651716,0.28410029539651716
1762250465.078799,-6.7015124020117,-1.3828685842846735,3.6271764917365807,0.0,23.378384451389923,-0.14040728243927725,0.14040728243927725
1762250465.2074661,-6.272055240524846,-1.7548174286724179,3.3512948745611015,0.0,23.920674607010728,-0.08299090685786224,0.08299090685786224
1762250465.4757051,-5.464471938479726,-2.2213474785965417,3.366430681599385,0.0,24.817032722772584,-0.12149329092356805,0.12149329092356805
1762250465.7133346,-4.55340915266731,-2.492400543873073,3.549402340749674,0.0,25.686334995263078,-0.3053791666293749,0.3053791666293749
1762250465.911668,-3.6977046757726937,-2.530641219904488,3.783221457437637,0.0,26.452112907517837,-0.4778199488842433,0.4778199488842433
1762250465.9324496,-3.619793116767102,-2.528971626741097,3.797322818186699,0.0,26.521161679973016,-0.4959151032972717,0.4959151032972717
1762250465.9522994,-3.528932945459387,-2.528127149130251,3.7982042403933356,0.0,26.60068949635349,-0.5194142903583335,0.5194142903583335
1762250466.0608127,-3.098976169270263,-2.4501087681882256,3.487817515037153,0.0,26.995859146103196,-0.5783210979861618,0.5783210979861618
1762250466.0971253,-2.9498702432734136,-2.418930762510797,3.4513545711770233,0.0,27.134319204433005,-0.6014335769429703,0.6014335769429703
1762250466.1405556,-2.852400509864307,-2.400097688481742,3.5907118613182174,0.0,27.22443542144696,-0.619584575387146,0.619584575387146
1762250466.1637592,-2.7242833732302953,-2.3793204422767626,3.752925745937064,0.0,27.341664938459918,-0.6488519004824489,0.6488519004824489
1762250466.192742,-2.6131143402883104,-2.3699370218005424,3.758366934303377,0.0,27.440367949208206,-0.6836040724281847,0.6836040724281847
1762250466.221572,-2.46054626744206,-2.328556136150828,3.7308392543101987,0.0,27.58693600365844,-0.7070370489843656,0.7070370489843656
1762250466.2908654,-2.305219022867758,-2.276425799270713,3.7215170405342315,0.0,27.741387253627362,-0.7238625957774678,0.7238625957774678
1762250466.518705,-1.4535627480048297,-1.9351630749341158,3.088799544195607,0.0,28.649838122390797,-0.783139080156403,0.783139080156403
1762250466.8891568,-0.26837194090956973,-1.3798651241684816,2.920108943602104,0.0,30.077572135297743,-0.7071143359378149,0.7071143359378149
1762250467.04371,0.22887993609480192,-1.2051109496445995,3.0878965815436006,0.0,30.704337127123612,-0.639272169076199,0.639272169076199
1762250467.255899,1.130263200933887,-1.0073580872715258,3.3942296272693526,0.0,31.772830222175703,-0.3995291970080799,0.3995291970080799
1762250467.4647677,1.7642644079850862,-1.0777992846407085,3.035908285912788,0.0,32.45090119084033,-0.29251719365477846,0.29251719365477846
1762250467.8519735,2.979599989057214,-1.5664838274920376,2.919753033046489,0.0,33.7964547629506,-0.23735786205902235,0.23735786205902235
1762250468.1342447,3.686623631419892,-1.909176972555771,2.128957547548941,0.0,34.580619565490345,-0.2146768366446261,0.2146768366446261
1762250468.428238,4.2267597825686725,-2.0786116930743104,1.3016588819458137,0.0,35.13185191684897,-0.13509886136082633,0.13509886136082633
1762250468.739254,4.671021170986351,-2.199343828017959,1.352142116063244,0.0,35.581700937036366,-0.08157446344683514,0.08157446344683514
1762250469.037656,5.162098956036332,-2.251830238381523,2.0809426535913813,0.0,36.063562894901985,0.011875718553795949,0.011875718553795949
1762250469.1598046,5.654808240448643,-2.290713877569562,2.5312082158345244,0.0,36.560962202739944,0.061294189491856436,0.061294189491856436
1762250469.3220086,6.093591030975159,-2.320825697348377,3.0342322417598506,0.0,37.009203940518404,0.04377469168452589,0.04377469168452589
1762250469.5635188,6.8600352720043505,-2.466908236276665,3.509536248661262,0.0,37.70076696814111,-0.25582063688073087,0.25582063688073087
1762250469.8894677,8.004831194282103,-1.997059273518496,3.586006567699955,0.0,0.362719493457465,-0.5527586241948235,0.5527586241948235
1762250470.1195462,8.580953164031786,-1.14632228113355,3.7752083250291446,0.0,1.190654587496429,-0.6373120155394366,0.6373120155394366
1762250470.4011238,9.166950615832851,-0.07082563141610061,3.8649127815186257,0.0,2.1092965482313866,-1.0062701085907741,1.0062701085907741
1762250470.54047,9.29595330783663,0.5505969094208313,3.871073555270242,0.0,2.5356479361668245,-1.1616094550361078,1.1616094550361078
1762250470.8167453,9.11677386555662,1.77289275139558,3.9180413906872555,0.0,3.3983196603629335,-1.3363682911049881,1.3363682911049881
1762250470.8581655,9.0853361273419,1.8660052362597739,3.9296510103210425,0.0,3.4708157479146986,-1.3469599130741847,1.3469599130741847
1762250471.2808118,8.082082158199823,3.1766624228353018,3.5405611687650658,0.0,4.734211604428628,-1.2315140566573342,1.2315140566573342
1762250471.6427262,6.615467149000712,3.974587626089217,3.407964250352603,0.0,6.029035516361299,-0.9757666266750346,0.9757666266750346
1762250471.9304638,5.7075999902862335,4.447033884349795,3.7753214141237947,0.0,6.896400839299792,-1.03814345180039,1.03814345180039
1762250472.2845335,4.732421683325534,4.784121519536826,3.1921900230644953,0.0,7.798206055909834,-1.0917542351165912,1.0917542351165912
1762250472.6582825,4.602448329641843,5.667784426323572,2.4233108010909037,0.0,8.067038514566631,-1.9294678623163342,1.9294678623163342
1762250472.9874985,4.618472510635842,6.016685757419899,0.6599481330335278,0.0,8.108191211380586,-2.275005342065902,2.275005342065902
1762250473.1484244,4.68246280164232,6.0442453427298055,-0.009718070124111083,0.0,8.06197678852463,-2.3142958364008805,2.3142958364008805
1762250473.4114377,4.702096453625456,6.041907630930069,-0.00037363055350232607,0.0,8.042243084800836,-2.315819139728324,2.315819139728324
1762250473.6261375,4.671068526983384,6.017182533863924,-0.0003694431434844498,0.0,8.068312436387963,-2.2855401884866753,2.2855401884866753
1762250473.901453,4.650331058586701,6.005161625815517,-0.11536430548332788,0.0,8.082372882552832,-2.2697544828400753,2.2697544828400753
1762250474.137367,5.274133692854669,4.566196670236809,-2.2407032588068025,0.0,7.286541425619887,-1.0170315340262661,1.0170315340262661
1762250474.32084,5.068348877621648,4.182763743298985,-3.4093556894271586,0.0,7.368827121376852,-0.5915106100670204,0.5915106100670204
1762250474.50387,5.05928070137753,3.7685483126105077,-3.701357221921015,0.0,7.267350264657353,-0.19121886167329896,0.19121886167329896
1762250474.8043585,5.238902441870059,2.919893024185887,-2.9240204096899625,0.0,6.814850297395542,0.557089698919306,0.557089698919306
1762250475.001699,5.324727226931498,2.4917166671797735,-2.029791554670195,0.0,6.542743865130004,0.9230459631318966,0.9230459631318966
1762250475.1756487,5.246223116575918,2.2117388529280566,-0.3922323132928363,0.0,6.495998374176398,1.211230401284853,1.211230401284853
1762250475.3310807,5.224817081859062,2.0599306395998105,-0.5588182787809726,0.0,6.441493426693171,1.3587411810705572,1.3587411810705572
1762250475.654391,5.182647989787445,2.058569121227847,0.9253705239148473,0.0,6.493225004440904,1.3770428962265706,1.3770428962265706
1762250475.9145162,5.2287097637002535,2.3796210161039344,1.6217192060990702,0.0,6.59750173289783,1.063602511685683,1.063602511685683
1762250476.141656,5.14917102564055,2.6551004253101103,0.3057221927795617,0.0,6.805139408673126,0.8365354537431688,0.8365354537431688
1762250476.4649549,4.887214839641852,2.8347188772615897,0.5718347124252307,0.0,7.153461768606111,0.7520246692650547,0.7520246692650547
1762250476.6893892,4.778355870275458,2.9049683636831194,0.76216537832999,0.0,7.292315017415206,0.7165900878563082,0.7165900878563082
1762250476.9991431,4.800661708915541,3.1662027295834734,1.5730385379263694,0.0,7.348135115421375,0.459496071263336,0.459496071263336
1762250477.2799587,4.0647775521852525,3.2002397333069226,2.010890092962745,0.0,8.119531459523547,0.5953210041183871,0.5953210041183871
1762250477.46362,3.653036663652947,3.2390956549963184,2.36575159408092,0.0,8.55597743903337,0.6260783578133136,0.6260783578133136
1762250477.7522843,3.048653628462999,3.6483931559626663,3.0809796242046903,0.0,9.22887787948285,0.29508695719200434,0.29508695719200434
1762250478.0047593,2.321530279661033,4.214950245963475,3.201080740149604,0.0,10.014795773593903,-0.1931235057824691,0.1931235057824691
1762250478.393261,1.353965790035986,5.009509650559149,3.2225205760650386,0.0,11.053631173819625,-0.8574336456308129,0.8574336456308129
1762250478.5537639,1.1759845275561538,5.272561673749957,3.5041444424346033,0.0,11.236180778692997,-1.103023230698248,1.103023230698248
1762250479.0859363,0.2345065210457654,5.002648248059739,0.9692254315787975,0.0,12.122219616181463,-0.7832644895940903,0.7832644895940903
1762250479.334672,0.22964638438916585,5.002841031199604,-0.2321230506731075,0.0,12.12702604219916,-0.7832451062894897,0.7832451062894897
1762250479.5782015,0.2302091979815147,5.000834112670324,-0.005001316425165104,0.0,12.126383950978102,-0.7812646251124781,0.7812646251124781
1762250479.9149988,0.2296187101709496,5.001957641208539,-0.004235429800489163,0.0,12.127015320860824,-0.7823613495310007,0.7823613495310007
1762250480.184469,0.2315720313083553,5.002090707798129,-0.003394188996166468,0.0,12.125092581809369,-0.7825794444531309,0.7825794444531309
1762250480.4407904,0.23277004268162232,5.002589648906846,-0.000180307630160177,0.0,12.123931311088443,-0.7831301660003642,0.7831301660003642
1762250480.6001885,0.2318777999815676,5.002040027529344,-0.0027030901976570804,0.0,12.124788516867845,-0.7825421475404357,0.7825421475404357
1762250480.8502648,0.2305187680440109,5.002731845097015,-0.0001160977560977558,0.0,12.126160066871028,-0.78317404827026,0.78317404827026
1762250481.0867703,0.22980340449538428,5.000732743069965,-0.00011624251464018485,0.0,12.12678022193226,-0.781145664585768,0.781145664585768
1762250481.2513556,0.22970255902500508,5.001230573075404,-0.00010376602986856245,0.0,12.126901226406178,-0.7816386264195118,0.7816386264195118
1762250481.5105324,0.23186292843752188,5.000797861921336,-0.0028093334029844165,0.0,12.124749661930496,-0.781300515317056,0.781300515317056
1762250481.855032,0.2293512269420862,5.001690101264052,-9.673354652516347e-05,0.0,12.127267878978069,-0.7820824072716405,0.7820824072716405
1762250482.0149345,0.23112119014481672,5.001793152682117,0.20916429096471575,0.0,12.125524868097628,-0.7822625128829087,0.7822625128829087
1762250482.1702542,0.23138501594402652,5.002022467964561,-4.7971760936113455e-05,0.0,12.125274278286058,-0.7825031141410219,0.7825031141410219
1762250482.4173963,0.2312126811112819,5.001658292489778,-5.230320482699384e-05,0.0,12.125428729301813,-0.7821317702986215,0.7821317702986215
1762250482.573598,0.23156418132740866,5.0031457154168395,0.4426704091664715,0.0,12.1251457964184,-0.7836331060800221,0.7836331060800221
1762250482.8642852,0.23120245249824842,5.001489399445581,0.05613340475493102,0.0,12.125431550309845,-0.781962591880154,0.781962591880154
1762250483.022953,0.23216524089448026,5.0024545950137815,0.35774238155671034,0.0,12.12452259949784,-0.7829688575815459,0.7829688575815459
1762250483.2180002,0.23084441094431213,5.001633787427649,-0.0007452433223891237,0.0,12.125791261710834,-0.7820912313504033,0.7820912313504033
1762250483.417855,0.22984887979731894,5.001816716163888,-3.298999104205753e-05,0.0,12.126782010914846,-0.7822305896474718,0.7822305896474718
1762250483.536172,0.2302881885426987,5.003026024835935,-3.526362751546878e-05,0.0,12.126400381837442,-0.7834578970775312,0.7834578970775312
1762250483.757023,0.2300717256888106,5.002123787496726,-0.0005240353647224062,0.0,12.126575226432951,-0.7825470819971077,0.7825470819971077
1762250483.9336755,0.2312863910515801,5.002595725093217,-2.620511534728331e-05,0.0,12.125396350705046,-0.7830715253736602,0.7830715253736602
1762250484.1257005,0.23221214241476024,5.0025909775799144,-2.0590245341369305e-05,0.0,12.124482173097363,-0.7831071561213997,0.7831071561213997
1762250484.2756784,0.2312668483085489,5.001491263377999,-9.506991307876957e-05,0.0,12.125368053260594,-0.7819672620099123,0.7819672620099123
1762250484.497734,0.2318032915472191,5.001934649386154,-4.3896566252787276e-05,0.0,12.124857536366758,-0.7824336200838213,0.7824336200838213
1762250484.8601918,0.22847564344821852,5.002196867524324,-0.0002649558031219712,0.0,12.128154133974974,-0.7825505434271154,0.7825505434271154
1762250485.0110168,0.22992504243698014,5.00223828231202,-0.00023069226455367457,0.0,12.12672497410593,-0.7826550746960105,0.7826550746960105
1762250485.2194083,0.22989416826691023,5.001541859984292,-0.00022139968181237855,0.0,12.126725460631919,-0.781957968512293,0.781957968512293
1762250485.368488,0.23128781722598943,5.002385342718581,-0.00019495344531255684,0.0,12.125385877316425,-0.7828614052925329,0.7828614052925329
1762250485.574495,0.2304434688041336,5.00267434165868,-7.378409725483954e-06,0.0,12.126231930246497,-0.7831133169954474,0.7831133169954474
1762250485.8576756,0.23143846298479345,5.002516832597481,-6.164143768080223e-06,0.0,12.125242814318616,-0.7829993391810564,0.7829993391810564
1762250486.0662124,0.18913003734790765,4.9921330209714565,-6.956383956289234e-06,0.0,12.166566471681616,-0.7707937311748646,0.7707937311748646
1762250486.300592,0.18212770317360988,4.993403025179313,-7.360976444267114e-10,0.0,12.173532599536978,-0.7717620581471186,0.7717620581471186
1762250486.483414,0.18484479347082017,4.992360408455055,-9.330770279845458e-05,0.0,12.170806320927321,-0.7708369149312059,0.7708369149312059
1762250486.7653196,0.13881400562689192,4.947774653783141,-0.000347956355633494,0.0,12.214379514121186,-0.7243325482822134,0.7243325482822134
1762250486.966734,0.14034169228398705,4.937405385861354,-3.4266361848774595e-06,0.0,12.212437873298402,-0.7140370371527139,0.7140370371527139
1762250487.1968853,-0.18034981419270565,4.604447077408292,-5.9883647877079604e-05,0.0,12.516793743886945,-0.3686303939109433,0.3686303939109433
1762250487.4932778,-0.1778394043184359,4.265349609383566,-2.3461962463611785e-06,0.0,12.50179518445116,-0.029858030713773916,0.029858030713773916
1762250487.9337995,0.07434701740889661,4.104406126791497,-0.00013378738601571238,0.0,12.243247156408215,0.12099874342997527,0.12099874342997527
1762250488.231794,0.14691268690943599,4.133356371109133,-1.354034396550013e-06,0.0,12.171850961751183,0.08900358100669792,0.08900358100669792
1762250488.4018607,0.13651927206782852,4.152781548091956,-1.5177624092815078e-06,0.0,12.183080297443052,0.07004102837908589,0.07004102837908589
1762250488.6476197,0.14290739468081073,4.1541475403022305,-1.5029427794237694e-06,0.0,12.176749510356638,0.0684031280823341,0.0684031280823341
1762250489.026963,0.3467563708250012,4.085665248174583,-1.1716024842911441e-06,0.0,11.969767429640484,0.12777422435699945,0.12777422435699945
1762250489.164845,0.4195399903188251,4.036284087025055,-1.6998618897304765e-06,0.0,11.894623090687542,0.17372917943889513,0.17372917943889513
1762250489.4102397,0.39212719087966585,3.949379092486148,-1.0327664074693987e-06,0.0,11.918015480315646,0.26181924512177807,0.26181924512177807
1762250489.715006,0.2633522752464943,4.062587413250904,-1.6355513215292494e-05,0.0,12.052204162067284,0.15460442473081687,0.15460442473081687
1762250490.030543,0.3614850005445823,3.930137600036766,-5.828702134048177e-07,0.0,11.94784106142898,0.28245992110534723,0.28245992110534723
1762250490.178606,0.12955067849384938,3.7744056070228984,-5.69988795032856e-07,0.0,12.173816541312513,0.44836865949370835,0.44836865949370835
1762250490.333662,0.09900109766045086,3.84429721278116,-4.3828041949742154e-07,0.0,12.207536957604002,0.3798415550556098,0.3798415550556098
1762250490.3563125,0.10452700232228657,3.8597529124744434,-1.346304242360714e-06,0.0,12.202641483944065,0.3641656515692213,0.3641656515692213
1762250490.5722823,0.01099697016049737,4.174490954275877,-7.172081783238358e-06,0.0,12.30952700841011,0.053582646279173085,0.053582646279173085
1762250490.8243208,0.08677211301324081,4.202396931577714,-3.1812170227593705e-07,0.0,12.234919977763985,0.02257414131859587,0.02257414131859587
1762250491.099965,0.10810368715647507,4.402772930100474,-3.2938344626862237e-07,0.0,12.222035713090651,-0.17852074095655876,0.17852074095655876
1762250491.2308362,0.05194893293088165,4.438362951403219,-1.7022328183952393e-05,0.0,12.279437692945008,-0.21174302357569488,0.21174302357569488
1762250491.3828528,0.05129378695647234,4.446275815903048,-3.732707661711262e-07,0.0,12.280414199078486,-0.21962224556519497,0.21962224556519497
1762250491.5070214,0.06730803804767388,4.442326328138504,-2.231901902037043e-07,0.0,12.264309453159765,-0.21633682579719699,0.21633682579719699
1762250491.7841208,0.0587971623035006,4.438915919307192,-2.613199928841199e-07,0.0,12.272642266306512,-0.2125776402363979,0.2125776402363979
1762250492.0434818,0.0678312248011576,4.441122385558207,-2.846753343136124e-06,0.0,12.263738927313716,-0.2151555734244063,0.2151555734244063
1762250492.259599,0.05293368344155481,4.460007449084553,-1.379048155675881e-07,0.0,12.27934456724422,-0.2334097094396866,0.2334097094396866
1762250492.4117787,0.048512226990868774,4.499498448918216,-3.855552419151342e-06,0.0,12.285359300315463,-0.27268568143596417,0.27268568143596417
1762250492.6042585,0.004088610790162381,4.537163694893834,-1.011842770001735e-07,0.0,12.331049852134269,-0.3085139809186532,0.3085139809186532
1762250492.8152566,0.01583855150446022,4.541645306259862,-9.509942853519353e-08,0.0,12.319552217130912,-0.3134661310126436,0.3134661310126436
1762250493.0020359,0.008816136819539784,4.5276699655319605,-1.063576585048925e-11,0.0,12.325970311811139,-0.2992184899628421,0.2992184899628421
1762250493.3157294,0.018926004394569384,4.502785432900215,-1.1043979274983008e-07,0.0,12.31491710544692,-0.2747631634490813,0.2747631634490813
1762250493.5005574,-0.034934040599334644,4.51353925043199,0.44373936035364225,0.0,12.368901560168087,-0.2833503318498542,0.2833503318498542
1762250493.7271774,-0.10700586619427166,4.501265270239319,0.8716113824719068,0.0,12.44008497745214,-0.26827821375197797,0.26827821375197797
1762250493.97502,-0.4879714876672406,4.388711004592514,1.6825715160865078,0.0,12.815371654087444,-0.14260925944785652,0.14260925944785652
1762250494.1386364,-0.9289882028700348,4.208430461641443,2.3822086762377914,0.0,13.251182727601297,0.04885590287588509,0.04885590287588509
1762250494.3644993,-1.433927350268586,3.8761380175666313,3.2380426158060995,0.0,13.756310248195712,0.38718810600425413,0.38718810600425413
1762250494.5681553,-2.072467324172997,3.596880774593943,3.4077716996142846,0.0,14.419671890692403,0.6564053311784652,0.6564053311784652
1762250494.892451,-3.142314430764269,3.4791995089692254,2.5795277836309736,0.0,15.5666649928549,0.683587490494659,0.683587490494659
1762250495.1473112,-3.786366841133652,3.4825644864470093,2.0367261933873335,0.0,16.254712956081065,0.5623156674893669,0.5623156674893669
1762250495.4730163,-4.651671376722376,3.4608882076784138,2.6734297446423376,0.0,17.15415664413943,0.32479170629079684,0.32479170629079684
1762250495.6527576,-5.302529196912704,3.3345830768270193,3.0088858821618523,0.0,17.830540361158455,0.15330351659811686,0.15330351659811686
1762250495.9024448,-5.992606495935968,2.936874188399612,3.660266530330093,0.0,18.645731937188216,0.0774318255723182,0.0774318255723182
1762250496.048389,-6.430200822769193,2.4832818924088196,3.7315326626467455,0.0,19.2896352411869,0.04072724478265308,0.04072724478265308
1762250496.195975,-6.764931568860495,1.9465409002384315,3.588209582471472,0.0,19.92904432606448,0.03811434765171822,0.03811434765171822
1762250496.341534,-7.0220559557129825,1.6105222830193224,3.208062396760636,0.0,20.339171467932772,-0.06121417029723473,0.06121417029723473
1762250496.5512786,-7.228992404559168,0.8501818302890103,3.0800619223916224,0.0,21.112312235761344,-0.07875040271555933,0.07875040271555933
1762250496.875462,-7.12099598362027,-0.3604512910305289,2.106321959207477,0.0,22.308438041307234,-0.0578977795930425,0.0578977795930425
1762250497.1358302,-6.814865981262523,-0.9033464366708271,2.2485531139005985,0.0,22.923944372511464,0.024125825945606243,0.024125825945606243
1762250497.3260174,-6.544722132268437,-1.3607630390507026,2.3491549105055562,0.0,23.457076578620594,-0.004508137012252351,0.004508137012252351
1762250497.6241024,-5.803928601836645,-1.8530481839199218,2.43479962346841,0.0,24.368310175584703,0.0992682240570528,0.0992682240570528
1762250497.8867588,-5.076727786352216,-2.0349623683349534,2.8093485914757013,0.0,25.162044222463084,0.13742950107085283,0.13742950107085283
1762250498.1359649,-4.254503003301017,-2.0497586362102447,2.8260343386890696,0.0,26.019637392350166,0.10463774754613064,0.10463774754613064
1762250498.557151,-2.9961519318488645,-1.882114697886117,2.5252648942854,0.0,27.282947921932205,-0.08550167705224865,0.08550167705224865
1762250498.893807,-2.269604396609168,-1.6639627630691451,1.3838326176834599,0.0,28.027788520052063,-0.18498826648820027,0.18498826648820027
1762250499.2351332,-2.068992927603952,-1.5401054103888838,0.9993913333257731,0.0,28.261589730779576,-0.16050683025607007,0.16050683025607007
1762250499.4002085,-1.8943385534450456,-1.4620878000012312,1.5012095742110978,0.0,28.45308991281735,-0.1662135144346764,0.1662135144346764
1762250499.6903424,-1.4508593369266007,-1.2916473283435452,1.3886514391924882,0.0,28.93095616057529,-0.2008222127929992,0.2008222127929992
1762250500.0474896,-0.8919186734343678,-1.0801359967696138,1.8060089118911204,0.0,29.541578554323223,-0.22342304050420564,0.22342304050420564
1762250500.1998467,-0.5633832903806091,-0.9724132243687249,1.5842625968358495,0.0,29.899116096812822,-0.23108196196630015,0.23108196196630015
1762250500.3852856,-0.26972165225662526,-0.8199410375144855,1.3770158232971992,0.0,30.23657988449975,-0.1661732521245851,0.1661732521245851
1762250500.8373544,0.5958451238672717,-0.5912666077630633,2.34270749587126,0.0,31.153193413197375,-0.04590390192287484,0.04590390192287484
1762250501.2216208,1.7996895374916124,-0.6480493277518541,3.0159424755618933,0.0,32.34197542344699,0.1251293855438642,0.1251293855438642
1762250501.4669185,2.7186112389316857,-0.9954917332551856,3.5060645579753356,0.0,33.30740043934566,0.1570356265585009,0.1570356265585009
1762250501.8602087,3.835698461151596,-2.257053961095668,3.8615788918673957,0.0,34.86016159340178,-0.4606745082851842,0.4606745082851842
1762250502.2398813,5.442486860025431,-2.5163743564627814,3.916030456461872,0.0,36.38388519104774,-0.19068131664012752,0.19068131664012752
1762250502.3738027,5.979196377613749,-2.4594910710712936,3.556559056025547,0.0,36.89160068979711,-0.0913112679092851,0.0913112679092851
1762250502.6657765,6.90587877282048,-2.0948040443486526,3.1633896570042035,0.0,37.88016455844904,0.06802683569239912,0.06802683569239912
1762250503.2307682,8.068189569816278,-0.4646653401953546,3.721873904733975,0.0,1.660033301487611,0.04223664999134954,0.04223664999134954
1762250503.4063087,8.23098592452742,0.423196551279343,3.847477968093074,0.0,2.5482327248800822,-0.08915550130031509,0.08915550130031509
1762250503.6611784,8.205083561715407,1.3463416879894896,3.9232035412861386,0.0,3.386168626831555,-0.32993477713929886,0.32993477713929886
1762250504.2607777,6.812972550491064,3.4574644724570054,3.970859974319904,0.0,5.657774598669075,-0.6326154773510269,0.6326154773510269
1762250504.556565,5.594733578892745,4.132085999897757,3.475636923893076,0.0,6.896201315374598,-0.7035825636169443,0.7035825636169443
1762250504.8203697,4.807803469618907,4.505413039465379,3.3454864688459973,0.0,7.675101321689962,-0.8375885380716527,0.8375885380716527
1762250505.2696695,3.4234360891820312,5.0542170049410835,3.043274101447849,0.0,9.015059018283871,-1.1431768322870042,1.1431768322870042
1762250505.4519427,3.393946226670315,5.4520101492539235,2.1692455802056285,0.0,9.083340409419437,-1.535060559453397,1.535060559453397
1762250505.9123178,3.3723023868872968,5.807470673491575,-7.010802237361613e-08,0.0,9.138071083379234,-1.8860200646161083,1.8860200646161083
1762250506.082881,3.3720802497887883,5.774014788030132,-0.1463713296907527,0.0,9.135054129380425,-1.8527349806073514,1.8527349806073514
1762250506.252232,3.34343101159035,5.771509562043928,-0.20143040197786033,0.0,9.159858036722516,-1.8471781424434124,1.8471781424434124
1762250506.4572933,3.3699258586220435,5.758850299619776,-0.0003847779486273845,0.0,9.135478809817025,-1.8374266083662847,1.8374266083662847
1762250506.7850504,3.428870852785011,5.770441580633837,-0.00033835043545946743,0.0,9.083867872545804,-1.8554007487208546,1.8554007487208546
1762250506.9521422,3.397968933186001,5.771860587255904,-0.005256365081849131,0.0,9.111451773861793,-1.8534046976553165,1.8534046976553165
1762250507.1776433,3.362702621368012,5.764083333267889,-0.004387733386106006,0.0,9.14229905930099,-1.8418521845520364,1.8418521845520364
1762250507.3802233,3.380481726049358,5.745898110173938,-0.0002574429598404042,0.0,9.124475204163359,-1.825692015599491,1.825692015599491
1762250507.7302067,3.370629741326315,5.7307897060192445,-0.003139775369884025,0.0,9.132156537510888,-1.8096058408185798,1.8096058408185798
1762250507.9856539,3.3391933423608173,5.721551634708652,-0.00012012770482877486,0.0,9.158846096794642,-1.797052733840869,1.797052733840869
1762250508.2374625,3.377571164127131,5.695592419813765,-0.00011454096540391131,0.0,9.12218367079851,-1.7753676923019368,1.7753676923019368
1762250508.4092498,3.2803290599889947,5.673506353788054,-0.0001072684838689546,0.0,9.206889095578482,-1.7431074455782494,1.7431074455782494
1762250508.576338,3.382244918083691,5.653956936990297,-0.00010218694450411816,0.0,9.1139431539037,-1.7344889087158035,1.7344889087158035
1762250508.8550253,3.356764721810908,5.664866065785781,-0.0003938732120463886,0.0,9.137972135045102,-1.7425715273124371,1.7425715273124371
1762250509.039935,3.3620780012241362,5.663465222174757,-6.655882080851013e-05,0.0,9.133155649325904,-1.7417515755457837,1.7417515755457837
1762250509.3116236,3.365281575137106,5.688120252575691,-0.0011190808084427229,0.0,9.132724609758638,-1.7666083635606735,1.7666083635606735
1762250509.485151,3.406638638746884,5.683755904291475,-0.0010791133481328843,0.0,9.095084914265227,-1.7667859352405646,1.7667859352405646
1762250509.7799819,3.4183484370475816,5.685558094938566,-8.44909600599856e-05,0.0,9.084814721807446,-1.7698737198641794,1.7698737198641794
1762250509.8949466,3.657039962875999,5.233841938320118,-4.514317289933812e-05,0.0,8.82185748120357,-1.3500162059541738,1.3500162059541738
1762250510.2119243,3.863110000853155,4.414355047209454,-7.876757761639711e-05,0.0,8.524790086824442,-0.5674043964518571,0.5674043964518571
1762250510.4333177,3.8707874051746196,4.395470220278844,-2.869438767800947e-05,0.0,8.51479273379034,-0.5499052161657166,0.5499052161657166
1762250510.6536868,4.480895556506343,4.370390145788037,-1.8586243955372208e-05,0.0,7.942069905092282,-0.6338609842699133,0.6338609842699133
1762250510.9561985,4.848788636793265,4.360702612994183,-1.8567857491524052e-05,0.0,7.607101083181622,-0.7068772855717539,0.7068772855717539
1762250511.1168444,4.9887197296375145,4.288260633102746,-3.0626257789335635e-05,0.0,7.465647671333177,-0.6719826592667562,0.6719826592667562
1762250511.314697,5.149335452960259,4.190635730193543,-0.00032012587233501655,0.0,7.298917833856703,-0.6215136688902497,0.6215136688902497
1762250511.6644816,5.098609359906567,4.230595783823293,-1.2774774525555116e-05,0.0,7.353997155288431,-0.6457952040754436,0.6457952040754436
1762250512.0366328,5.241627604234478,4.244214400358104,-1.0989770256713147e-05,0.0,7.231922149225021,-0.6992538209103637,0.6992538209103637
1762250512.2232099,5.199168384935024,4.173007571160523,-9.368297876495286e-06,0.0,7.250251950740618,-0.6188091408357482,0.6188091408357482
1762250512.454106,5.500320798938583,4.18521104456591,-0.0005839451281475878,0.0,6.99232063598865,-0.7225035325979076,0.7225035325979076
1762250512.7782989,5.7991991234740565,4.302876157251278,-8.79013761485756e-06,0.0,6.779198525994261,-0.9346315825599947,0.9346315825599947
1762250513.0410056,5.965734677675759,4.325322834447226,-7.928988838574946e-06,0.0,6.652300457035785,-1.016298733552528,1.016298733552528
1762250513.3024783,6.02064968771652,4.447545467393347,-8.22234859400537e-06,0.0,6.647868122573935,-1.1501951313374936,1.1501951313374936
1762250513.5198298,5.536428216025126,4.363467394706763,-5.58802752876654e-10,0.0,7.012956100683805,-0.9028877074155246,0.9028877074155246
1762250513.926004,4.536799129624248,4.288059236287667,-2.3894315947307226e-06,0.0,7.874586427858349,-0.5650537527215016,0.5650537527215016
1762250514.1026208,4.326780695267549,4.313038168289673,-3.8880495801000767e-10,0.0,8.07361924311331,-0.5469914809287308,0.5469914809287308
1762250514.2682836,4.241734112451659,4.3272516483516625,-3.085877082772638e-06,0.0,8.155374077443488,-0.5449390172979615,0.5449390172979615
1762250514.452614,4.229377408057829,4.320748208155821,-2.657467941686598e-06,0.0,8.165778574100974,-0.5362752939920554,0.5362752939920554
1762250514.6148806,4.15217994593549,4.305899262911537,0.1987843000886491,0.0,8.235549522225314,-0.5077741761860224,0.5077741761860224
1762250514.867112,3.9594974103323746,4.286669630945966,0.8128755747465536,0.0,8.414425534337239,-0.4563279655697321,0.4563279655697321
1762250515.0795546,3.7476802209542623,4.238030058651595,0.9723369358413477,0.0,8.609608661295777,-0.3759254871829798,0.3759254871829798
1762250515.1124523,3.7017001318253033,4.222035090721623,1.051547064106788,0.0,8.65162919886372,-0.35351353792371826,0.35351353792371826
1762250515.139713,3.665084596382642,4.20198227464677,1.1058011029133792,0.0,8.684219489730626,-0.32852235742577046,0.32852235742577046
1762250515.1645308,3.6087155905247443,4.1819622189362375,1.2245239607051024,0.0,8.736082992677046,-0.3009622702973362,0.3009622702973362
1762250515.328325,3.35994048354688,4.047405416362876,1.8246917465398629,0.0,8.962206750080977,-0.13587341156950286,0.13587341156950286
1762250515.7451007,2.4271839524033645,3.5443080245655474,2.524637750332864,0.0,9.830599835505785,0.45982881144131915,0.45982881144131915
1762250516.005654,1.7836510264391805,3.5892428383954162,3.265742655491433,0.0,10.46405159853044,0.49913742832602853,0.49913742832602853
1762250516.3487175,0.7536393625883556,4.2025942803137974,4.023922592164054,0.0,11.568706353618364,-0.008664423766186534,0.008664423766186534
1762250516.598251,-0.5398411465259353,4.209820911471138,3.9295622266518886,0.0,12.8617723021052,0.03776274066202222,0.03776274066202222
1762250516.9593477,-2.305391728420392,4.1179556241872595,4.1553145766774024,0.0,14.635502390050258,0.1255355822683761,0.1255355822683761
1762250517.1665084,-3.2346955181512165,4.077452622402975,4.057812719115463,0.0,15.5738251894977,0.07828313582567352,0.07828313582567352
1762250517.1851344,-3.3354728153529507,4.106323085898668,4.07884822169254,0.0,15.669886199450687,0.034887742919396246,0.034887742919396246
1762250517.3806093,-4.324609636449618,4.223397060693372,4.137298248424741,0.0,16.594392054678224,-0.29096727004016887,0.29096727004016887
1762250517.406977,-4.444541364891371,4.217995292444583,4.118824166938709,0.0,16.70522558470044,-0.3202811197822107,0.3202811197822107
1762250517.5958827,-5.178000231415626,3.950473388824327,4.132690038042835,0.0,17.440764576962458,-0.334407232665541,0.334407232665541
1762250517.7666304,-5.728192762674601,3.5505022085734574,3.8814195812239447,0.0,18.07614237274295,-0.2545536660210696,0.2545536660210696
1762250518.0666828,-6.4617010845669,2.498890979394628,3.921797635014465,0.0,19.295595105093973,0.00607497135306613,0.00607497135306613
1762250518.2535708,-6.865928663251146,1.7713455416382131,4.0129280825636435,0.0,20.132326148311783,0.022407852402826625,0.022407852402826625
1762250518.4355395,-7.253289646688083,1.1364969922593986,4.040430552115454,0.0,20.843534285061775,-0.15028708784654124,0.15028708784654124
1762250518.6150048,-7.480167579270813,0.27938971433899173,4.0191790956867655,0.0,21.65774716189369,-0.30997629603339244,0.30997629603339244
1762250518.928304,-7.223081326086293,-1.0102599829818186,3.9503684573691316,0.0,22.838054517291827,-0.38766588956026427,0.38766588956026427
1762250519.2253542,-6.604326949494832,-2.2056201893200327,3.941980583062005,0.0,23.94495626298141,-0.642395128417433,0.642395128417433
1762250519.4166677,-5.961679387590398,-2.896933761605529,3.959037762849057,0.0,24.600385553591142,-0.9196837198755946,0.9196837198755946
1762250519.5831707,-4.972454242549357,-2.987144064371084,3.9007773700243806,0.0,25.32031643697481,-0.8014185626523646,0.8014185626523646
1762250519.899482,-3.836148242269335,-3.1670948109514803,3.9525820490660846,0.0,26.206689080593097,-1.0681528962847886,1.0681528962847886
1762250520.1339748,-2.8960321640684,-3.002961340284222,3.485650040700967,0.0,26.998027694477027,-1.1672418657278094,1.1672418657278094
1762250520.383715,-1.9229917882963594,-2.632989807786405,3.8008396272027167,0.0,27.926517600041773,-1.2088715587100325,1.2088715587100325
1762250520.5377035,-1.4032573784539057,-2.3332692636286767,3.790281524456015,0.0,28.5195592431097,-1.1641353972375756,1.1641353972375756
1762250520.9601805,0.08598814961730594,-1.2633456453235317,3.6210255020513964,0.0,30.523150997674406,-0.6751295811876711,0.6751295811876711
1762250521.1091306,0.8039688150295659,-1.1268679684801963,3.7902305413325594,0.0,31.422401214070515,-0.5683879553436949,0.5683879553436949
1762250521.5811663,2.5782282644403165,-1.3408515497852864,3.196692270130735,0.0,33.33057159747864,-0.2150481650518279,0.2150481650518279
1762250521.7796063,3.156643708756994,-1.5693538671814231,2.5975732278461097,0.0,33.9560775155248,-0.15838214086044974,0.15838214086044974
1762250522.1248512,3.919635606834253,-1.8654522249265484,1.9188287695816086,0.0,34.76760644796408,-0.07158769934763089,0.07158769934763089
1762250522.3303244,4.321315390578549,-2.0363047735073656,2.1598252059026763,0.0,35.20079036060453,-0.058580904305856205,0.058580904305856205
1762250522.704025,5.354137157813929,-2.4012754891387775,2.128784106905387,0.0,36.281028617593655,-0.092677667302964,0.092677667302964
1762250523.0509574,6.014814753974444,-2.4900431494052224,1.5442439447340819,0.0,36.92538386108494,-0.12239678718314084,0.12239678718314084
1762250523.3286192,6.508888936183307,-2.3643100511094883,2.1237536197049525,0.0,37.41384512631249,-0.05634310649610822,0.05634310649610822
1762250523.5444186,7.024243477644105,-2.100148380472898,2.3211341385698088,0.0,37.98470970695479,0.008894475235412569,0.008894475235412569
1762250523.9459057,7.814130661017312,-1.3428710061232634,2.747061056486942,0.0,0.7415237417893182,-0.02516471212687101,0.02516471212687101
1762250524.279278,8.184932568825626,-0.5048347408222751,2.4298660199936326,0.0,1.6431915801074228,-0.08005508752379392,0.08005508752379392
1762250524.4623835,8.282243611707752,-0.052850507400500124,1.8663767274289287,0.0,2.0892699125092222,-0.12168002168251367,0.12168002168251367
1762250524.5770783,8.277173397928426,0.18635071626954583,1.568096370691956,0.0,2.318169845393166,-0.1145069072612824,0.1145069072612824
1762250524.9896595,8.150096774910006,0.7818718951334737,1.2927818501373212,0.0,2.9042634773158724,-0.08344773337176442,0.08344773337176442
1762250525.28828,7.941464867261033,1.2838212702837373,1.8486717643581312,0.0,3.4361364356031188,-0.0641234700265164,0.0641234700265164
1762250525.630795,7.485432025263652,1.8805545852862917,1.804238509090534,0.0,4.178303589106992,0.041683462096687024,0.041683462096687024
1762250525.9318836,7.176884933369681,2.492988656974726,2.0223235184286885,0.0,4.842649668319931,-0.10527152277937639,0.10527152277937639
1762250526.1663055,6.546055336706235,2.8830023985518753,1.9447151992432563,0.0,5.567869247895025,-0.006524853469184072,0.006524853469184072
1762250526.5892313,5.524306887857713,3.3867549350385255,3.032693450157098,0.0,6.710377778427713,0.019010484310245705,0.019010484310245705
1762250527.167792,3.7214821581038593,4.037344997222418,3.9178940328930554,0.0,8.606522089778904,-0.17356226109719256,0.17356226109719256
1762250527.40401,2.5656101516558176,4.20949612495779,3.9647580111762535,0.0,9.768331887108491,-0.2166998540582288,0.2166998540582288
1762250527.7097147,1.5121287748248213,4.314733177227832,3.86653591871288,0.0,10.829291180778949,-0.1846873991050099,0.1846873991050099
1762250528.1763206,-0.5294431859077249,4.370512235051866,3.8422193491424377,0.0,12.856152968840451,-0.1231663773128846,0.1231663773128846
1762250528.4844677,-1.9104606796466186,4.371143525414741,3.976921101812572,0.0,14.231030631098244,-0.11266979037266144,0.11266979037266144
1762250528.688503,-2.923112851768541,4.434196529515645,3.915602361274407,0.0,15.223681097019655,-0.23760318551856804,0.23760318551856804
1762250529.2272966,-5.154842685797459,3.619473413090578,3.8724138243424533,0.0,17.56022607827595,-0.026629402903988464,0.026629402903988464
1762250529.4582982,-5.994900738162255,3.1206887790586046,3.4284247312432408,0.0,18.530645423174672,-0.06658933834020078,0.06658933834020078
1762250529.6890635,-6.735346471936781,2.6506005849345127,3.4991174256699336,0.0,19.33121607984056,-0.3046256335047089,0.3046256335047089
1762250529.9223166,-7.3319504777498405,2.0357122415885893,3.6525958374371648,0.0,20.086119694419057,-0.5111210386899107,0.5111210386899107
1762250530.1406586,-7.707060464925121,1.1936045997539702,3.211895088823225,0.0,20.876912004218422,-0.6062363651380174,0.6062363651380174
1762250530.3450289,-7.85564310245303,0.5385290407232259,3.3463071132300493,0.0,21.425453273079764,-0.6816404777824921,0.6816404777824921
1762250530.505171,-7.782226624949267,-0.13363330373552146,3.1117668669096314,0.0,21.985402994247078,-0.6552266817796557,0.6552266817796557
1762250530.682688,-7.659162430757173,-0.7622624403508923,2.645280508924577,0.0,22.504411169943204,-0.6929349378267842,0.6929349378267842
1762250531.0497859,-6.916293655773653,-1.5505055555368608,2.7064447054703757,0.0,23.379845017526677,-0.41286423170393116,0.41286423170393116
1762250531.2499697,-6.390983520119456,-1.9974818705110997,2.6524594360721436,0.0,23.974297840789664,-0.34675434577906106,0.34675434577906106
1762250531.4719071,-5.769918580799068,-2.365123942742521,2.1868454344355843,0.0,24.59634778906329,-0.35451127185695686,0.35451127185695686
1762250531.739846,-5.2919241405843325,-2.521281232854551,1.7310131041856491,0.0,25.030489433095816,-0.3759998062365617,0.3759998062365617
1762250532.0795696,-4.625545141641135,-2.6365395563392937,2.019809851872413,0.0,25.617088553981127,-0.4461264575315983,0.4461264575315983
1762250532.300416,-4.098972835655443,-2.634995326616168,2.535608145661253,0.0,26.079692143766824,-0.4976184656525121,0.4976184656525121
1762250532.6013172,-3.098547168370784,-2.4831521928965046,3.282290693892766,0.0,26.985911947953444,-0.609538046232864,0.609538046232864
1762250532.9085836,-2.0746352306277895,-2.1112255703847516,3.0629064915032704,0.0,28.010847235202704,-0.6725966763673519,0.6725966763673519
1762250533.2395225,-1.3580696299062476,-1.5799260016217451,2.643889578337612,0.0,28.894754286149038,-0.5015964234990624,0.5015964234990624
1762250533.5339854,-1.0313801057455814,-1.3054777008431087,2.941960808538566,0.0,29.32032389342718,-0.3811616926294378,0.3811616926294378
1762250533.9253414,-0.2998865165384489,-0.6349577966955066,2.7936714216700516,0.0,30.25244547976753,0.020602039005541892,0.020602039005541892
1762250534.1804292,0.6585082612665372,-0.3893269004283928,2.9662257598724397,0.0,31.209531251587258,0.1575959955560927,0.1575959955560927
1762250534.4932168,1.416937344654176,-0.42051475117526904,2.6031596828877754,0.0,31.925842862713708,0.23626843266940073,0.23626843266940073
1762250534.9669397,3.1225991485440354,-1.079056582868085,3.362064793342408,0.0,33.70151935310747,0.2616495010359945,0.2616495010359945
1762250535.1859264,3.846093930634037,-1.4580940076462048,2.92847636831229,0.0,34.51776737034474,0.2596284126232351,0.2596284126232351
1762250535.457365,4.583536469008446,-1.8227702925381897,2.2776317019572887,0.0,35.36318261995409,0.2392823602256024,0.2392823602256024
1762250535.5506065,4.825510813551011,-1.9222686853706323,2.138369825461062,0.0,35.63578915327747,0.23115170680017783,0.23115170680017783
1762250535.845657,5.570225975346002,-2.099044296199709,2.6501767048736515,0.0,36.44818516703631,0.24110449755913851,0.24110449755913851
1762250536.2943249,6.925854306971488,-2.0067331941881115,2.065270327329888,0.0,37.94056977827927,0.13767302010202892,0.13767302010202892
1762250536.5593846,7.3479788982142225,-1.7113113546553382,2.2415883680982014,0.0,0.15114515855865823,0.12438522711231853,0.12438522711231853
1762250536.8782384,7.985967349072157,-1.2115338546408614,3.1818800605488544,0.0,0.9326524576154579,-0.11494533512168356,0.11494533512168356
1762250537.2427733,8.441285710267291,-0.028536832629042688,3.639502833594655,0.0,2.118876700771523,-0.2794696519735424,0.2794696519735424
1762250537.5643184,8.52051102994369,1.4610268276932512,3.846771494693943,0.0,3.365219970194034,-0.6647449363619075,0.6647449363619075
1762250537.8387768,8.043948679566384,2.6291270750299884,3.8806969975202237,0.0,4.433700293522506,-0.8480379412627134,0.8480379412627134
1762250538.2079458,6.867983462248664,3.665502258286034,3.8533745786046634,0.0,5.714692334711827,-0.8373547851855361,0.8373547851855361
1762250538.498337,5.6684996891745,4.258842478203314,3.8602814899001343,0.0,6.872822361835941,-0.8478508362736085,0.8478508362736085
1762250538.9326353,3.775187434686149,4.627599411773903,3.4360586843061056,0.0,8.637108066520934,-0.7654046172497736,0.7654046172497736
1762250539.2711444,2.7459601966205853,4.849044865598999,3.276062391566427,0.0,9.651609587053011,-0.8717086137084478,0.8717086137084478
1762250539.488218,2.493255161056012,5.450666498822623,2.9170114592902316,0.0,9.999792890349367,-1.4406323107594776,1.4406323107594776
1762250540.069444,1.4287630791544406,4.948188282124769,-0.0006036409487192404,0.0,10.978824293455093,-0.8043330092179234,0.8043330092179234
1762250540.2851913,1.4531347567174093,4.9437517881185,-0.00041783155168466244,0.0,10.95578152012683,-0.802602321621584,0.802602321621584
1762250540.710985,1.4317199774296478,4.948695144757566,-0.006537143039033643,0.0,10.976137646707818,-0.8051591580792034,0.8051591580792034
1762250540.9960563,1.4384370702059608,4.946500537372636,-0.0002659045913211092,0.0,10.969692171566852,-0.8037126861585384,0.8037126861585384
1762250541.179737,1.4379051618639125,4.947300585222135,-0.020501707868298684,0.0,10.970266658567114,-0.8044495663807957,0.8044495663807957
1762250541.4624467,1.4333419873479414,4.9472748571508305,-0.018190728518688554,0.0,10.974491225517923,-0.8039244852724023,0.8039244852724023
1762250541.874412,1.4341083602187505,4.946935612961776,-0.00019559346097169046,0.0,10.97374686637248,-0.8036710439904333,0.8036710439904333
1762250542.154198,1.454939308901817,4.943058988657126,-0.16441958411146873,0.0,10.954035308513998,-0.8021141578725363,0.8021141578725363
1762250542.4482589,1.493535315380489,4.942791561445235,-1.193023445488269,0.0,10.91817249193641,-0.8061964097681013,0.8061964097681013
1762250542.774328,2.509005930418554,4.274356417008875,-3.0183071506525128,0.0,9.833081381810322,-0.2747862507463638,0.2747862507463638
1762250543.0884006,3.410733437558179,3.298846750239477,-2.425262891820321,0.0,8.816401457888375,0.6005839953179807,0.6005839953179807
1762250543.547767,3.6412114963133515,2.796142116368052,0.00012501349832768979,0.0,8.496506606257382,1.0657166740915647,1.0657166740915647
1762250543.8571584,3.6960264137119183,2.913371351371631,0.05407452159332605,0.0,8.457268858422147,0.941390645542118,0.941390645542118
1762250544.2641656,3.694731687739112,3.11064793798968,0.6536626545358536,0.0,8.491664023424924,0.746720339576809,0.746720339576809
1762250544.490986,3.6372153097111317,3.292211860157432,1.1192812168060822,0.0,8.580674709623828,0.5758891962351825,0.5758891962351825
1762250544.886557,3.2035727179917126,3.736392259388637,1.885682960464157,0.0,9.08191195852904,0.19108665856357027,0.19108665856357027
1762250545.29848,2.2885478714871783,3.8926162728370675,2.4733196916202993,0.0,10.006746268695254,0.1307938655381215,0.1307938655381215
1762250545.588659,1.4824383594862034,3.8068435194612986,2.6416209233902146,0.0,10.796566905406872,0.323025650927128,0.323025650927128
1762250546.024123,0.6257313987764607,4.0326221097123645,2.706826967612479,0.0,11.688070162397036,0.16747367667712929,0.16747367667712929
1762250546.3937764,-0.6040430350275349,4.449520093893424,2.986845507322884,0.0,12.932716112090205,-0.19998832343196707,0.19998832343196707
1762250546.5772617,-1.3969056655752772,4.415399455338017,3.5471457107129205,0.0,13.72069383883075,-0.1521808793639089,0.1521808793639089
1762250547.1519868,-3.843528021527384,4.4702530525347655,3.909840082830134,0.0,16.094034917264633,-0.41426149995248185,0.41426149995248185
1762250547.4991455,-5.342424819265032,4.093253056274777,3.949284854776906,0.0,17.52024928216659,-0.5343800753107458,0.5343800753107458
1762250547.831627,-6.22416681313968,3.47205866131591,3.5183544092460326,0.0,18.508155855664292,-0.48531082149737104,0.48531082149737104
1762250548.1559932,-6.738103111732669,2.2063901668869876,3.396173905555049,0.0,19.68930967488237,-0.06392860119869909,0.06392860119869909
1762250548.4707046,-7.36226653218285,1.120357765058534,3.6936079181329773,0.0,20.879057838449764,-0.25377044326607584,0.25377044326607584
1762250548.734592,-7.507550704120527,0.050086880904300204,3.755931078337154,0.0,21.86124989649122,-0.3572523751796456,0.3572523751796456
1762250549.099324,-7.065078433889708,-1.490003010546913,3.8267197989964146,0.0,23.267185239132118,-0.4967081428230114,0.4967081428230114
1762250549.2682242,-6.620733923946241,-1.9973810156325642,3.8247631067702894,0.0,23.82247296168198,-0.49506026017286786,0.49506026017286786
1762250549.516417,-5.520396496109412,-2.4641275719539077,3.6144211778961717,0.0,24.82832155503174,-0.3704131166690959,0.3704131166690959
1762250549.9313006,-3.9010652349598507,-2.46199181016312,3.954141260059582,0.0,26.285317655310845,-0.36451468865213166,0.36451468865213166
1762250550.0959187,-3.149299083286708,-2.312969377446507,3.5793307916694537,0.0,26.99540115519186,-0.43224126644203303,0.43224126644203303
1762250550.3316224,-2.2322720015108803,-2.0400985976826043,3.774424886654193,0.0,27.901696667706798,-0.5406595616001557,0.5406595616001557
1762250550.6572084,-0.9240548673940295,-1.5705452818853258,3.675793530086931,0.0,29.31800467769127,-0.6671240676021251,0.6671240676021251
1762250550.9514344,0.2915966933115498,-1.179049313550467,3.8408242703181257,0.0,30.78497420440245,-0.6205628553103213,0.6205628553103213
1762250551.2495716,1.6242759940816445,-1.00011656871787,3.887516298294423,0.0,32.28517138014888,-0.2642017224972628,0.2642017224972628
1762250551.5354784,2.7021088067510535,-1.343521132244945,3.8514294988219744,0.0,33.44464755649882,-0.1632128880024359,0.1632128880024359
1762250551.827208,3.7358659079326473,-1.6682158578319564,3.8164504735432336,0.0,34.51544413860261,0.022360412812709715,0.022360412812709715
1762250552.028223,4.538340730436316,-2.2587773128303104,3.904421347462163,0.0,35.480194097894284,-0.18330316325382529,0.18330316325382529
1762250552.302726,5.538883236587033,-2.7910025689409625,3.915272859649809,0.0,36.50790817269965,-0.44898232178798414,0.44898232178798414
1762250552.7008815,7.085530292586456,-2.68001620681498,3.6835717701301136,0.0,37.789252298082836,-0.5384384606861627,0.5384384606861627
1762250553.1466942,8.317825536421688,-1.3767632999393378,3.9295904835340734,0.0,0.929080230452519,-0.48563776043680484,0.48563776043680484
1762250553.6447284,8.844295960134291,0.6417041474087497,3.8311757442229717,0.0,2.6504257556602533,-0.729216956542569,0.729216956542569
1762250553.8399513,8.759204789390651,1.6482663773953645,3.8777864057115843,0.0,3.4258756997824293,-0.9593201845417851,0.9593201845417851
1762250554.2797794,7.822859055488757,3.1187610876067966,3.7546481428913827,0.0,4.832868296161468,-1.0045517622791218,1.0045517622791218
1762250554.5188465,6.841220425439811,3.7593536731378547,3.8300889131622298,0.0,5.7772492588661875,-0.9027568241827247,0.9027568241827247
1762250554.8688495,5.621171095934655,4.452909015756671,3.8338631330649915,0.0,6.9689759504636335,-1.0149578193555115,1.0149578193555115
1762250555.2791507,4.324538719945025,4.938434160570222,3.1853776981640256,0.0,8.183313549625646,-1.160955893681393,1.160955893681393
1762250555.6986563,4.612188967541876,5.871677443344995,3.6148389493398048,0.0,8.09117222519548,-2.131440720295156,2.131440720295156
1762250556.0599122,5.116780265915485,6.4335100905143285,2.835500776056953,0.0,7.790285339691598,-2.785309515243336,2.785309515243336
1762250556.3131852,5.316539158591917,6.614343779225774,1.5390802439940772,0.0,7.6664213656841556,-3.007004266012818,3.007004266012818
1762250556.6107097,6.832811240834813,4.546852522313099,-0.000809445715244328,0.0,6.0929294692518,-1.5827694200152336,1.5827694200152336
1762250557.0045772,7.102970494498611,4.542731301515353,-0.0006023442119660931,0.0,5.917084685677138,-1.7097926590058041,1.7097926590058041
1762250557.3931642,7.12765062921746,4.543161721431231,-0.00030806693909208417,0.0,5.895695652273358,-1.7225242006091444,1.7225242006091444
1762250557.6347783,7.1129862465076545,4.542149812017274,-3.818269538394259e-08,0.0,5.908038583316773,-1.7142976652431767,1.7142976652431767
1762250557.9181454,7.143229404263309,4.542162410832227,-0.00024063296069967718,0.0,5.881579195211983,-1.7294928836101562,1.7294928836101562
1762250558.2751749,7.141424736415079,4.541723192570054,-0.00020471259556533914,0.0,5.88294587787746,-1.7282048004242043,1.7282048004242043
1762250558.5704918,7.142435486125798,4.544752646990223,0.4758608978270687,0.0,5.883527516223247,-1.7313311061745422,1.7313311061745422
1762250558.79721,7.140744366613463,4.545106131412724,-0.0004371926742324533,0.0,5.885178470412924,-1.7307855257355165,1.7307855257355165
1762250559.0071485,7.139759649731901,4.543463000768868,-0.0005374860051481961,0.0,5.8852449765120145,-1.7288701427147748,1.7288701427147748
1762250559.2979052,7.131399733549698,4.5428783617328135,-1.513251625222256e-08,0.0,5.892277713687548,-1.724161834805171,1.724161834805171
1762250559.518109,7.138603732263102,4.54174656084662,-1.3162820280791798e-08,0.0,5.885425819763805,-1.726805270450121,1.726805270450121
1762250560.052641,7.109561337616477,4.605278733575402,-0.0014675325182986992,0.0,5.935465488207064,-1.7673246587540774,1.7673246587540774
1762250560.411762,6.822904085334562,4.385423635155483,-5.9869018850434355e-05,0.0,6.040930040323071,-1.4357881442308087,1.4357881442308087
1762250560.7366765,6.985302868391601,4.397180365174018,-6.029964261960669e-05,0.0,5.937228110175798,-1.5249987155346976,1.5249987155346976
1762250561.1976106,6.556593096988447,4.003135505888601,-3.7967941874481434e-05,0.0,6.085306630528081,-0.9730048587426392,0.9730048587426392
1762250561.5300174,5.996148649672065,3.9233247099275075,-2.6207063902262024e-05,0.0,6.491784355567767,-0.6574342510053622,0.6574342510053622
1762250561.7871962,5.4382705386365995,3.9506511404738296,0.21284681020958907,0.0,6.976369254625422,-0.48050739412538485,0.48050739412538485
1762250562.2181885,4.329561734957631,4.023142707836028,1.2900258686384933,0.0,8.016703192319715,-0.26321095120060206,0.26321095120060206
1762250562.4376218,3.6621938421309372,3.9115091353295903,1.9808372281648898,0.0,8.646808825907685,-0.040522897013442936,0.040522897013442936
1762250563.057649,2.250096827327174,3.859182668127462,1.5227568045802369,0.0,10.04036300147059,0.16884424702698222,0.16884424702698222
1762250563.2037878,1.9449939681260286,3.909491796794502,1.8990028959992902,0.0,10.347932383419181,0.15979216678757305,0.15979216678757305
1762250563.7874339,0.30290086166360736,4.2919049027228064,3.088040978553687,0.0,12.02297545982719,-0.07625755685999144,0.07625755685999144
1762250564.082932,-1.030727049352697,4.340385368002444,3.594769337165855,0.0,13.355305831988582,-0.0811864506283837,0.0811864506283837
1762250564.3397617,-2.2433909988178398,4.425861429749943,3.9970023717979877,0.0,14.558544721661718,-0.1789396087920007,0.1789396087920007
1762250564.4439385,-2.6187223369792623,4.285675434598643,4.044885050282568,0.0,14.938102628681401,-0.06208155196240324,0.06208155196240324
1762250564.6189022,-3.347963380987504,4.1317690068716715,4.027091523430061,0.0,15.678349158652328,0.007827622674964702,0.007827622674964702
1762250564.9861639,-4.998152027482696,3.729138292000448,4.044489122904107,0.0,17.373249184651964,-0.05803252093587737,0.05803252093587737
1762250565.1908953,-5.75121568310109,3.3048603017777705,4.005427692557739,0.0,18.224911707334442,-0.0666865825311095,0.0666865825311095
1762250565.4591305,-6.465531179838822,2.3547445592116927,3.675500402543875,0.0,19.416892772015043,0.0860609673899738,0.0860609673899738
1762250565.6448677,-6.793816087132126,1.7328714760680701,3.285065721603808,0.0,20.138426501430477,0.10392232070108552,0.10392232070108552
1762250565.997556,-7.045836576632555,0.3736189923507935,3.3103851461327447,0.0,21.583757124950708,0.12787571137727113,0.12787571137727113
1762250566.205696,-6.9625752769840235,-0.38739961559998903,2.807872573977978,0.0,22.379435898382354,0.0864491063978784,0.0864491063978784
1762250566.458482,-6.645593488172655,-1.061966234919298,2.1575060226337732,0.0,23.15074343715248,0.09001952726425445,0.09001952726425445
1762250566.9968412,-5.2428658348984065,-1.9943385162424239,3.200098922562385,0.0,24.981028421429368,0.15084267864985199,0.15084267864985199
1762250567.4563196,-3.4564913681168274,-2.0459360369202186,3.828348506672669,0.0,26.800234916051867,-0.07958604904007166,0.07958604904007166
1762250567.9038713,-1.6423910687278365,-1.656206479051549,3.863359897067266,0.0,28.597751241637386,-0.4501392164701023,0.4501392164701023
1762250568.2495797,-0.19602964217556115,-1.190798386887735,3.9133179299094416,0.0,30.21561237800207,-0.5437490641362047,0.5437490641362047
1762250568.6799521,1.7504433561150323,-0.7933880314308194,4.011811802753291,0.0,32.341604935832386,-0.028325442416834212,0.028325442416834212
1762250569.0221748,3.025767813519868,-1.2812195812618596,3.880199552342842,0.0,33.70704671746432,0.037561997838727296,0.037561997838727296
1762250569.4767962,4.566685004264696,-2.291796692218709,4.022609907004156,0.0,35.51710176140624,-0.204239354724065,0.204239354724065
1762250569.734014,5.890572455283812,-2.5050181056217147,3.9746958519077786,0.0,36.8068171607806,-0.13745180193504766,0.13745180193504766
1762250570.0632875,7.2402628138619844,-2.0826575941186847,3.901845803091489,0.0,38.173625178193085,-0.08937051308928089,0.08937051308928089
1762250570.3605175,8.063092987517503,-1.1201286608260372,3.7728626793641844,0.0,1.0426349190841633,-0.14701708090079948,0.14701708090079948
1762250570.7828562,8.56048590151431,0.197927888265742,3.061902841455311,0.0,2.3189610402363834,-0.3980548212852884,0.3980548212852884
1762250571.113688,8.443046253106797,1.1218890473979048,3.570640003622319,0.0,3.119257748089376,-0.4664359867946008,0.4664359867946008
1762250571.4721985,8.054326020304908,2.262033967256775,3.6501870870653828,0.0,4.18354470332059,-0.6432506034862553,0.6432506034862553
1762250571.873929,7.427129349200482,3.5184518159957068,1.5634263576331706,0.0,5.269711528191319,-1.040595628583203,1.040595628583203
1762250572.3191817,7.061995856155763,3.8920826560518305,0.25104823104324253,0.0,5.684037194506756,-1.1327655570006254,1.1327655570006254
1762250572.527343,7.01789915606805,3.978100387514917,-0.008522770234851325,0.0,5.746570667848249,-1.1817740050049559,1.1817740050049559
1762250573.0503848,7.007912710231171,4.00451119023503,-0.0011359612139381936,0.0,5.764658349273293,-1.198930670884014,1.198930670884014
1762250573.2451313,7.00837284693189,4.0012502881552106,-0.0002608353130953582,0.0,5.762957279557626,-1.196400615562724,1.196400615562724
1762250573.4641793,7.006593915856804,4.004389883308727,-0.005849958035566399,0.0,5.765514757952959,-1.1981334702820061,1.1981334702820061
1762250573.74959,7.004218440793708,4.003481664812774,-2.801571794865121e-08,0.0,5.766765211110794,-1.1961113846938123,1.1961113846938123
1762250574.065268,7.012461322834436,4.01221995380716,-0.003268963844385737,0.0,5.764798376092187,-1.2078793479389327,1.2078793479389327
1762250574.3497293,6.951082238058369,4.051452863435648,0.4417363565705909,0.0,5.824007378881412,-1.209384483536335,1.209384483536335
1762250574.6259496,6.790033798644526,4.219778895854548,0.6967227685551831,0.0,6.00326303830408,-1.2747079360127598,1.2747079360127598
1762250574.9211385,6.759397372644103,4.338949233234398,0.2951885874176366,0.0,6.065180279234043,-1.36474815703001,1.36474815703001
1762250575.4083602,6.600995187076857,4.386821678995164,-0.00012923624295354554,0.0,6.198415367551105,-1.3342292182376254,1.3342292182376254
1762250575.7123601,6.588034586226559,4.383891021379445,-0.005999035981109255,0.0,6.205993694167824,-1.3257916929499929,1.3257916929499929
1762250576.1190867,6.578548661827791,4.392249851068876,0.11525619578664584,0.0,6.215117273145489,-1.329022793912766,1.329022793912766
1762250576.5750265,6.2486394096307185,4.937226833687169,1.8587242130343185,0.0,6.628011838804524,-1.6896970416074997,1.6896970416074997
1762250576.7531912,5.762337101782476,4.6445126462727,0.9996037881254317,0.0,6.909242647344871,-1.242521936730264,1.242521936730264
1762250577.227401,6.353261755070025,4.5731516784719055,-0.0007443143336258881,0.0,6.437824682180411,-1.3961928835608446,1.3961928835608446
1762250577.4723287,6.451864039497356,4.561119816370086,-0.00010239110635434717,0.0,6.3608840925147,-1.426187644503581,1.426187644503581
1762250577.9625804,6.465696946034477,4.559803193497133,-7.185640462509544e-05,0.0,6.3515407910255455,-1.4308362532566685,1.4308362532566685
1762250578.4351254,6.497566980140389,4.557368334947974,-0.06272209786135935,0.0,6.329381450434174,-1.442181907846668,1.442181907846668
1762250578.7268128,6.611000430022313,4.418285863128857,-1.867085271522037,0.0,6.202484239692683,-1.3668338870345487,1.3668338870345487
1762250579.0851896,7.113636834815335,3.711557802595636,-3.609422105623869,0.0,5.5652783828836965,-1.0108390103557094,1.0108390103557094
1762250579.3991365,7.315441653808622,3.019382261602945,-2.4443867913702304,0.0,5.077220895376339,-0.5850379776121564,0.5850379776121564
1762250579.7833998,7.470778871277698,2.414012483840331,-0.6390519418108838,0.0,4.599408144189814,-0.26735844259729924,0.26735844259729924
1762250580.0977385,7.398370676513459,2.1473440810943685,0.07183604794926031,0.0,4.445953541905937,-0.04262546355199818,0.04262546355199818
1762250580.3700228,7.473173642898648,2.229177225531742,0.8332271013089514,0.0,4.463844511177229,-0.1519534703868788,0.1519534703868788
1762250580.7031853,7.699819410817172,2.7650430410058195,1.9766886738425649,0.0,4.696299260277556,-0.6714706888772684,0.6714706888772684
1762250581.0927207,7.36544025140181,3.6334377360676298,2.033870569990241,0.0,5.364151942759284,-1.0940086466362386,1.0940086466362386
1762250581.4724407,7.042028035445066,4.153136576804612,0.724692896403578,0.0,5.806536319823932,-1.3434590072862265,1.3434590072862265
1762250581.7678418,6.689786031549201,4.370523040049874,0.8007184888703068,0.0,6.128075578536799,-1.3601764145266229,1.3601764145266229
1762250582.2636461,6.407899337812504,4.470722605447028,1.2912490230569718,0.0,6.365139256750025,-1.325682423886234,1.325682423886234
1762250582.6211567,5.788902747815546,4.465552949893267,1.624147009948793,0.0,6.83608199401143,-1.0833571061742424,1.0833571061742424
1762250583.126026,4.800291852296726,4.432160464358219,2.3839064541507766,0.0,7.666026694438026,-0.7646292708067866,0.7646292708067866
1762250583.4812787,3.299253847488602,4.5466245600737185,3.4225824997972185,0.0,9.077162501174021,-0.624761463184491,0.624761463184491
1762250583.7309577,2.328971148512999,4.431986982903981,3.7392717701785783,0.0,10.03535839623062,-0.40934361440254696,0.40934361440254696
1762250584.0696344,1.3189634838194741,3.955511576293337,3.859939614069926,0.0,10.979961905594202,0.19439706066482026,0.19439706066482026
1762250584.6814988,-0.5217214658177327,5.149634041578258,2.897435827491005,0.0,12.871292972581507,-0.9021758691675953,0.9021758691675953
1762250584.9533377,-0.5652293934811525,5.6825665202284235,2.0861572879453925,0.0,12.9285431568711,-1.4336381779069631,1.4336381779069631
1762250585.3643126,-0.6921505921017559,5.924681476287734,-0.0005064387628496955,0.0,13.057038587072991,-1.6722997433240463,1.6722997433240463
1762250585.668337,-0.7191068921898014,5.901294666717747,-0.0011150028109119378,0.0,13.08236790377277,-1.648255109200047,1.648255109200047
1762250586.1044383,-0.7542414365782649,5.900643322586643,-0.013015239974153402,0.0,13.116085468224382,-1.6467631628412533,1.6467631628412533
1762250586.379791,-0.7574359990625184,5.903581136167216,-0.004707448010700226,0.0,13.119217923808348,-1.6496251992410504,1.6496251992410504
1762250586.666559,-1.4686253674297438,5.042720837201871,-0.0001932960022039729,0.0,13.792201070438482,-0.7793485189569277,0.7793485189569277
1762250587.0388536,-1.4703737544483684,5.04272936993684,-0.00015651249145223785,0.0,13.793887173918579,-0.7793562984498557,0.7793562984498557
1762250587.6234503,-1.4720384284635644,5.042793013939984,-0.0010054255491655651,0.0,13.79549248903084,-0.7794193553537124,0.7794193553537124
1762250587.9480906,-1.479133371872854,5.044568919016473,-0.0017295996906668567,0.0,13.802333501894415,-0.7811941846454875,0.7811941846454875
1762250588.203836,-1.4702054330358238,5.044893453157797,-9.518238937474e-09,0.0,13.79372563729496,-0.7815204479288972,0.7815204479288972
1762250588.4546115,-1.4656527822306926,5.041540117625892,-6.649588566192666e-05,0.0,13.789333541751784,-0.7781694010537646,0.7781694010537646
1762250588.941786,-1.4717107049317955,5.043921130581255,-0.0010589492445680709,0.0,13.795176795892889,-0.7805475774760042,0.7805475774760042
1762250589.3125572,-1.4852740528762094,5.045059714010924,-0.0009445929443755597,0.0,13.808252791349057,-0.7816859205053883,0.7816859205053883
1762250589.8235857,-1.4735407707145962,5.043849003299129,-2.188449582261297e-05,0.0,13.79694140800742,-0.7804749238968295,0.7804749238968295
1762250590.5029712,-1.4745917541487,5.042940231076794,-0.00033317018760519276,0.0,13.797954622141583,-0.7795659189101645,0.7795659189101645
1762250590.689253,-1.4698655713851803,5.045957605982968,-2.8771165263433983e-05,0.0,13.793398322078277,-0.7825847387330096,0.7825847387330096
1762250591.0829165,-1.4026084757478143,5.071511210039984,0.0528806761084226,0.0,13.728574807233196,-0.8082679138080795,0.8082679138080795
1762250591.3958557,-1.378562022980021,5.145380279354671,0.1900737571074662,0.0,13.705688208718337,-0.882230919827098,0.882230919827098
1762250591.5881941,-1.3894456675031444,5.168397932475958,-1.103948739636718e-05,0.0,13.716248047852979,-0.9052025950288215,0.9052025950288215
1762250591.7904017,-1.4024197866628145,5.188690569553201,-1.2550531343900363e-09,0.0,13.728773449407138,-0.9254472352069174,0.9254472352069174
1762250592.1159759,-1.424988546462126,5.216857842537246,-1.0380357086045566e-09,0.0,13.75049438730901,-0.9535486471818864,0.9535486471818864
1762250592.3353899,-1.4310352123933132,5.230881774644524,-5.545875503291905e-06,0.0,13.756315412756772,-0.9675587380227505,0.9675587380227505
1762250592.6495051,-1.4184737108022871,5.265174960381207,-4.794507597885359e-06,0.0,13.74437468601306,-1.0018822675487973,1.0018822675487973
1762250593.0601387,-1.3797876575944363,5.287500513219163,-4.220062237186642e-06,0.0,13.707460990176806,-1.024344382634346,1.024344382634346
1762250593.3951926,-1.6123735362740188,4.838613678249694,-4.561428229490211e-10,0.0,13.931838851854005,-0.5756665950748331,0.5756665950748331
1762250593.7036166,-1.0826574642426576,4.546997212709478,-5.316027928255202e-05,0.0,13.410294405592305,-0.2869245313735824,0.2869245313735824
1762250594.0258095,-0.6959055232203606,4.505013093378143,-8.853179528537557e-06,0.0,13.025533425837684,-0.25299289236494027,0.25299289236494027
1762250594.2247798,-0.6437832424601285,4.500208077965795,-3.845596892722869e-05,0.0,12.973617198114223,-0.24956465951899953,0.24956465951899953
1762250594.553065,-0.6452026344573806,4.500533220245837,-1.702200219881214e-06,0.0,12.975036391129809,-0.24985137526991225,0.24985137526991225
1762250595.080322,-0.6215226227660655,4.522913962752321,-5.912239022572012e-06,0.0,12.952117221160144,-0.2728689664186764,0.2728689664186764
1762250595.286709,-0.6349060788618166,4.517439218701381,-1.5666236411369793e-06,0.0,12.965261746313061,-0.2670300894100999,0.2670300894100999
1762250595.55465,-0.6483090125859774,4.518809971552004,-1.1789435822983502e-10,0.0,12.978611702401265,-0.26803784514227635,0.26803784514227635
1762250595.908079,-0.6395185749387203,4.515863229055473,-1.4111532976378854e-05,0.0,12.969801000626562,-0.2653294470987246,0.2653294470987246
1762250596.2827263,-0.6495477765649166,4.5136082545763,-1.1188905557636047e-05,0.0,12.979703302946708,-0.26280471663311233,0.26280471663311233
1762250596.684685,-0.6351634184296008,4.509769290456522,-2.0248592755868567e-06,0.0,12.96531003604261,-0.2593559991022742,0.2593559991022742
1762250597.1585672,-0.6391095172830263,4.514631127433364,-6.308137950143384e-06,0.0,12.969361472179553,-0.26410888441975555,0.26410888441975555
1762250597.532988,-0.671279643185482,4.506052440116883,0.4061532935061762,0.0,13.001093492288438,-0.25467341765421503,0.25467341765421503
1762250597.7318861,-0.665921924038203,4.482082855832308,0.21933270155274998,0.0,12.995139247670227,-0.23085374347887322,0.23085374347887322
1762250598.1502397,-0.7193572339831584,4.447844550752521,-1.92992276741194e-05,0.0,13.047400477643022,-0.19524520557276095,0.19524520557276095
1762250598.4327533,-0.7382386348369935,4.448675285727472,-1.56249304781534e-09,0.0,13.066205973412524,-0.19560389129276037,0.19560389129276037
1762250598.726421,-0.7391386221323886,4.44997518374554,0.11704932226740986,0.0,13.067133335411489,-0.1968811228853344,0.1968811228853344
1762250599.2115448,-1.3637336230627093,4.327936026303198,1.6537569329560058,0.0,13.687288288736461,-0.06486808214061457,0.06486808214061457
1762250599.536458,-1.764605997026584,4.285090411974506,0.835284013163381,0.0,14.087470949949827,-0.02380393625298817,0.02380393625298817
1762250599.8647797,-2.2453976552805908,4.253513275932476,0.8823628024608622,0.0,14.568540627546945,-0.0068739023502522745,0.0068739023502522745
1762250600.2037823,-2.5798800107740916,4.258858286239962,0.6597292113851991,0.0,14.901558660605339,-0.032396113859929576,0.032396113859929576
1762250600.3982067,-2.65064638269693,4.235524786939806,0.5235989151166621,0.0,14.97376796291647,-0.014611013996868167,0.014611013996868167
1762250600.718308,-2.8630045055227633,4.23457486249265,0.3384876822293149,0.0,15.184867344821686,-0.03287327242078901,0.03287327242078901
1762250600.9286144,-2.82555044380375,4.2306071439024615,-0.00018405589363231599,0.0,15.148092990360524,-0.02522681798245568,0.02522681798245568
1762250601.2396183,-2.6694765059479715,4.20979630963605,-8.0979176584585e-05,0.0,14.994629473031457,0.009495459643904969,0.009495459643904969
1762250601.6002924,-2.9214432391656198,4.620680619366209,-5.9309688611288546e-05,0.0,15.203407211628395,-0.4229157404303744,0.4229157404303744
1762250601.94769,-3.1284678056781354,4.647632437890797,-4.51625570933984e-05,0.0,15.397114468633706,-0.4729294530483727,0.4729294530483727
1762250602.2187033,-3.219840373336534,4.553171928496868,-0.0007245504725080632,0.0,15.495164868652697,-0.39089570269877605,0.39089570269877605
1762250602.4653802,-3.284864046463759,4.586735151015629,-3.138266992751935e-05,0.0,15.55235165713591,-0.43299645273075127,0.43299645273075127
1762250602.7801993,-3.5744456877574065,4.632110535797951,-0.0005260320014714591,0.0,15.81634507233569,-0.5226248087760732,0.5226248087760732
1762250603.0052433,-3.976152975641583,4.518209641611725,-2.303523191711189e-05,0.0,16.206206873351782,-0.48948120774462617,0.48948120774462617
1762250603.2749934,-4.044146960843044,4.561234468193372,-0.0010757968124787587,0.0,16.25878876436513,-0.5467207561417797,0.5467207561417797
1762250603.6803849,-4.209572437907947,4.737296582108112,-1.4354583073809443e-05,0.0,16.36727357524237,-0.756954136821816,0.756954136821816
1762250604.0029025,-4.551226678371712,4.777185667421161,-1.28080991583002e-05,0.0,16.65046863052877,-0.8862654298872882,0.8862654298872882
1762250604.257711,-4.683419359110401,4.795201774046061,-9.758420066823333e-06,0.0,16.755655982758967,-0.9425865688633605,0.9425865688633605
1762250604.489828,-5.085081204307742,4.839275479019341,-7.447112270790467e-06,0.0,17.065064805302118,-1.116815409792565,1.116815409792565
1762250604.8322299,-5.50236086826403,4.8642127006337805,-9.096101341761476e-10,0.0,17.36175116171517,-1.3000234726063336,1.3000234726063336
1762250605.027672,-5.271524753041799,4.82323213136735,-6.72556179370229e-06,0.0,17.210353228534924,-1.1707660657732426,1.1707660657732426
1762250605.24509,-4.692771492216045,4.762763093399125,-9.97047141660111e-05,0.0,16.771362322330937,-0.9145576851749183,0.9145576851749183
1762250605.47135,-4.4078970011343666,4.821271353068634,-0.0003115750487104529,0.0,16.519809343899254,-0.8888805337387322,0.8888805337387322
1762250605.7806075,-4.480169330157136,4.759904577748567,-8.213548874133435e-05,0.0,16.593960140346816,-0.8495718588052793,0.8495718588052793
1762250606.1093066,-3.9548912851602034,4.664600310621054,-3.7509235182662567e-06,0.0,16.157304061097864,-0.6277029479919538,0.6277029479919538
1762250606.3060806,-3.929408612502392,4.69272482995998,-2.6974571732018488e-06,0.0,16.12898065357098,-0.6497559916102249,0.6497559916102249
1762250606.538715,-4.175971962360657,4.762595210830268,-2.376364751762095e-06,0.0,16.33302740274043,-0.7733654560045644,0.7733654560045644
1762250606.795981,-3.9321497810925328,4.832023898779366,-2.0660093214695625e-06,0.0,16.104840381100914,-0.7865416427604465,0.7865416427604465
1762250607.0060062,-4.213097593063502,4.763270080403471,-1.8721165529114637e-06,0.0,16.364741508049676,-0.7830014128468773,0.7830014128468773
1762250607.477129,-4.486048472016588,4.839180016914599,-2.5057793186401845e-05,0.0,16.580146997214694,-0.9273618959056669,0.9273618959056669
1762250607.7707398,-4.812239260724937,4.840570401712214,-8.797146162917148e-06,0.0,16.84906988900257,-1.0258672652791416,1.0258672652791416
1762250608.319359,-4.668050521935652,4.852472643825524,-7.735094935487435e-07,0.0,16.729242784623,-0.9925400115363303,0.9925400115363303
1762250608.7812538,-3.9924391027227473,4.744170281597496,-5.487293241383065e-07,0.0,16.175056885664894,-0.7135071237820146,0.7135071237820146
1762250609.2634363,-3.849114592559654,4.6040815457144415,-7.721521983370554e-06,0.0,16.073405899842413,-0.5463955984970088,0.5463955984970088
1762250609.4996312,-3.8983726518754,4.568818010698608,-6.572692144248672e-06,0.0,16.125074442861454,-0.5220913069009805,0.5220913069009805
1762250609.7352097,-4.043533376221399,4.584468942945311,-4.102495061464881e-11,0.0,16.253309976127465,-0.569199482689208,0.569199482689208
