timestamp,x_m,y_m,vx_mps,vy_mps,s_m,d_m (lateral_error),abs_lateral_error
1762247469.5027187,-0.46443953136495664,4.5396451141664675,-1.0108945157280708e-06,0.0,12.830276958557816,-0.3932169416855329,0.3932169416855329
1762247469.519419,-0.4600844789646146,4.539173625115337,-1.3098239502317615e-06,0.0,12.825956963731576,-0.39288627123784314,0.39288627123784314
1762247469.543982,-0.4640185072083845,4.5411382432302645,-9.164762967932676e-07,0.0,12.829908375337096,-0.39472286176153515,0.39472286176153515
1762247469.565338,-0.4640840082230653,4.541792052154561,-5.543470072782316e-05,0.0,12.82999395452091,-0.39537422024330726,0.39537422024330726
1762247469.5858262,-0.47124719849556046,4.547353014924083,-1.539531291909645e-05,0.0,12.837250086910919,-0.4007022158354063,0.4007022158354063
1762247469.6121929,-0.47235430964236125,4.544693241046627,-5.3192665083842425e-05,0.0,12.838260023710513,-0.39800837164875247,0.39800837164875247
1762247469.6421506,-0.461448827519301,4.5438318231878245,-9.654023588730523e-07,0.0,12.827454425393354,-0.3974979430226902,0.3974979430226902
1762247469.6689272,-0.46280629609626195,4.538212513310561,-9.979197777501428e-11,0.0,12.828616827468409,-0.3918377419627745,0.3918377419627745
1762247469.696017,-0.4625374654256691,4.5426880602338064,-1.3823694500232681e-05,0.0,12.828493910096192,-0.3963196326043628,0.3963196326043628
1762247469.7152092,-0.45731509448144164,4.54785570180147,-1.3729990242353445e-05,0.0,12.823497649638663,-0.40165345257785934,0.40165345257785934
1762247469.734893,-0.4546499072870194,4.544075842885438,-8.387624161621675e-07,0.0,12.820742232526923,-0.39796206191184214,0.39796206191184214
1762247469.752566,-0.4502922364115544,4.54568188482945,-7.708104855960398e-07,0.0,12.816486933591971,-0.39970907664101685,0.39970907664101685
1762247469.7736025,-0.4480773020958766,4.546199278177495,-7.872743505222393e-07,0.0,12.81431440501789,-0.40029848060193085,0.40029848060193085
1762247469.795648,-0.45055202660731175,4.547335547683498,-8.095824324563147e-07,0.0,12.816796869348558,-0.40135339104292445,0.40135339104292445
1762247469.816608,-0.45328917524285817,4.5446517396613775,-8.340150071312333e-07,0.0,12.819415786444317,-0.39858188446043713,0.39858188446043713
1762247469.8369968,-0.4502795175493498,4.541954251203234,-8.050128455025423e-07,0.0,12.816354153600654,-0.3959838399429461,0.3959838399429461
1762247469.8597705,-0.44568678261989575,4.545907257703727,-7.510784254718766e-07,0.0,12.81194216055016,-0.400084784835451,0.400084784835451
1762247469.8816583,-0.45869655438882617,4.543434036162224,-7.881038514257362e-07,0.0,12.824721386494604,-0.39718935995502536,0.39718935995502536
1762247469.9064987,-0.46786141447531737,4.545681001215959,-7.854707251382583e-07,0.0,12.833851069591567,-0.39913963559432913,0.39913963559432913
1762247469.9273562,-0.4633959190054145,4.543960781797363,-1.192688126947551e-05,0.0,12.829382983775739,-0.39756400258945335,0.39756400258945335
1762247469.9487803,-0.46424002528617203,4.547944028932832,-6.72550596746332e-07,0.0,12.830344152132145,-0.4015179760149469,0.4015179760149469
1762247469.9668174,-0.46451583257349854,4.547274242910635,-6.817428408246731e-07,0.0,12.830595387431407,-0.40083965337167476,0.40083965337167476
1762247470.014055,-0.45928652767673345,4.544649311337521,-1.1500747451144793e-05,0.0,12.825343402621511,-0.3983849038478862,0.3983849038478862
1762247470.0338492,-0.4622148861714095,4.547847083323177,-8.262831268617788e-07,0.0,12.828339714067958,-0.4014863783926455,0.4014863783926455
1762247470.0600183,-0.45627062102611027,4.544562392447875,-6.058658051248623e-07,0.0,12.822359764662865,-0.39839574139616324,0.39839574139616324
1762247470.0785222,-0.44456674696053866,4.547983472504466,-1.0358700598541455e-06,0.0,12.810902363997291,-0.40219656397002346,0.40219656397002346
1762247470.1034446,-0.44336413098142374,4.552962345997545,-7.555559183267417e-11,0.0,12.809875181935613,-0.4072121792551233,0.4072121792551233
1762247470.1324441,-0.4366915429811643,4.547586308393728,-7.254660044573435e-07,0.0,12.803105630831869,-0.40205847345172735,0.40205847345172735
1762247470.1628678,-0.4485850231325865,4.550309557315955,-1.1191715978119908e-05,0.0,12.814948940121711,-0.4043899865152341,0.4043899865152341
1762247470.1854804,-0.4358673881565701,4.5426151660796155,-1.0175483724930903e-05,0.0,12.802128746365103,-0.39711722789946585,0.39711722789946585
1762247470.222844,-0.4482775628086171,4.544743662053888,-6.75674462697633e-07,0.0,12.814465324479011,-0.39883709987593724,0.39883709987593724
1762247470.2515483,-0.4516742725488806,4.546511565633008,-2.4458221936807505e-06,0.0,12.817879498732912,-0.40049328195088285,0.40049328195088285
1762247470.286385,-0.45204679462358865,4.541796421285484,-9.54488103963943e-07,0.0,12.818095869218233,-0.39576850760607024,0.39576850760607024
1762247470.3089638,-0.45487835692796813,4.544704883048917,-5.892120925904037e-07,0.0,12.820988238512959,-0.39858334951009705,0.39858334951009705
1762247470.3289447,-0.45388654858799793,4.546543693415584,-5.003218294505865e-07,0.0,12.82006704632743,-0.4004534148321828,0.4004534148321828
1762247470.354366,-0.44271657457157276,4.5469000551045236,-5.583288149807192e-07,0.0,12.809038548724866,-0.40117439170468455,0.40117439170468455
1762247470.3752902,-0.44974810150283656,4.548247391854239,-9.095121045123308e-06,0.0,12.816031868646254,-0.4022909642692114,0.4022909642692114
1762247470.3977416,-0.4472469298151854,4.549704550480958,-8.962991080454668e-06,0.0,12.813606973539004,-0.40382901441597346,0.40382901441597346
1762247470.4213395,-0.4535779788222025,4.549415124217057,-5.512523545697205e-07,0.0,12.819854383364143,-0.40333335898669664,0.40333335898669664
1762247470.4461842,-0.44709906102844055,4.550641320331556,-5.915942746013455e-07,0.0,12.813491114881439,-0.40477011715365513,0.40477011715365513
1762247470.46857,-0.45221213410851546,4.5508596496375695,-6.016280422593422e-11,0.0,12.818551042010126,-0.4048215498264187,0.4048215498264187
1762247470.4951525,-0.4572729381309446,4.551832908776844,-8.481009636336338e-06,0.0,12.823583426726458,-0.4056299366847997,0.4056299366847997
1762247470.5228872,-0.449852489297131,4.552589146004,-8.065828776585712e-06,0.0,12.816275050520156,-0.40662700401221946,0.40662700401221946
1762247470.5522292,-0.45145402206248086,4.551545623259522,-8.001037097816659e-06,0.0,12.8178239336974,-0.40553184219044786,0.40553184219044786
1762247470.570058,-0.4497108602873655,4.552701424853224,-4.955286697128833e-07,0.0,12.816138712563971,-0.4067438421176792,0.4067438421176792
1762247470.5939772,-0.4495709647897721,4.551167900632946,-7.978337900812894e-06,0.0,12.815951006472249,-0.40521569697134896,0.40521569697134896
1762247470.6138773,-0.4514058525427977,4.5509656366864215,-5.727146770570242e-07,0.0,12.817757654407576,-0.4049537321298468,0.4049537321298468
1762247470.6310644,-0.4552911559333004,4.5506434490637195,-5.801684695547885e-07,0.0,12.821586881526237,-0.404505380199245,0.404505380199245
1762247470.648308,-0.4468205443779528,4.550106222919765,-1.6440015263973288e-06,0.0,12.813198562418728,-0.40424441143094386,0.40424441143094386
1762247470.6754756,-0.4493318960481496,4.552968345269039,-1.6078704870265304e-06,0.0,12.815772828497655,-0.40702298240682827,0.40702298240682827
1762247470.7005444,-0.45790388186325975,4.553675203609612,-7.511029403288646e-06,0.0,12.82426590121352,-0.40745082416601824,0.40745082416601824
1762247470.7173734,-0.454418699745752,4.554966383924771,-4.498847662218694e-07,0.0,12.820863532629199,-0.40885436604011577,0.40885436604011577
1762247470.7414372,-0.44403950352091925,4.55635054058453,-7.586202799432379e-06,0.0,12.810652387627687,-0.4105764147752915,0.4105764147752915
1762247470.7671323,-0.4469529809104763,4.555655289073695,-7.940173200628635e-07,0.0,12.813508813646347,-0.4097861815024362,0.4097861815024362
1762247470.7851653,-0.4513486844956816,4.556884894949393,-7.154846287174148e-06,0.0,12.817891754065192,-0.41087171221823043,0.41087171221823043
1762247470.809631,-0.4642528439259544,4.5572214045565875,-6.70216934312078e-07,0.0,12.830652244169555,-0.41079012469130083,0.41079012469130083
1762247470.8340108,-0.46343315003933255,4.557882919022255,-2.32532718644897e-06,0.0,12.82986347055451,-0.4114777043121278,0.4114777043121278
1762247470.864938,-0.4615983423085991,4.55823567088907,-6.905044947222979e-06,0.0,12.82806197605149,-0.4118894529491433,0.4118894529491433
1762247470.8827507,-0.4535936466548274,4.553578444516811,-3.31502041112794e-07,0.0,12.820003682809082,-0.4074939694120815,0.4074939694120815
1762247470.908512,-0.4532752154499548,4.554215830812504,-3.9158530868062126e-07,0.0,12.819709512597207,-0.408141371250645,0.408141371250645
1762247470.9257483,-0.4531621134996237,4.553186329755986,-3.8201866463331123e-07,0.0,12.819564654161926,-0.4071160923542132,0.4071160923542132
1762247470.949797,-0.46615101179736135,4.55864897943027,-6.7590768215247216e-06,0.0,12.832572964440635,-0.41215587867992165,0.41215587867992165
1762247470.9800298,-0.46449584298278696,4.561011980776679,-6.1784349242333746e-06,0.0,12.831012958597784,-0.4145709102401644,0.4145709102401644
1762247471.0157194,-0.4574687701910597,4.563816302514104,-6.288970742264306e-06,0.0,12.824160685278677,-0.41760069518602516,0.41760069518602516
1762247471.0384226,-0.46299821377498496,4.562005610505823,-3.9176890954537437e-07,0.0,12.829565135579434,-0.4156122728626725,0.4156122728626725
1762247471.0575974,-0.4618693610181556,4.5585635957272075,-3.1870492132387636e-07,0.0,12.828340195944508,-0.4122084596034407,0.4122084596034407
1762247471.0849361,-0.4577787796394255,4.557671301169059,-5.9346238752062045e-06,0.0,12.824270231725718,-0.4114488770735139,0.4114488770735139
1762247471.1142502,-0.45586286207990667,4.56237265368405,-2.918710692355403e-07,0.0,12.822528006570659,-0.4162098568379496,0.4162098568379496
1762247471.1473796,-0.4450036668671369,4.5597766011045415,-5.933854268324876e-06,0.0,12.811716006726659,-0.4139690571409016,0.4139690571409016
1762247471.172721,-0.450427302892403,4.559291209542224,-5.500581311976692e-06,0.0,12.817058879380864,-0.41330676604938926,0.41330676604938926
1762247471.188672,-0.4559267563712015,4.556077008755754,-5.34506379119245e-06,0.0,12.822389270194435,-0.40991545235220095,0.40991545235220095
1762247471.2089705,-0.4602323365227833,4.554251235136323,-5.2127334061823776e-06,0.0,12.826585093331952,-0.4079512190147936,0.4079512190147936
1762247471.22944,-0.46010598429239563,4.553255279077703,-3.5098161739254744e-07,0.0,12.826428417817054,-0.40695986754904157,0.40695986754904157
1762247471.2524562,-0.460399755266819,4.54789453325868,-5.302603300394852e-06,0.0,12.826547399908607,-0.401592427154244,0.401592427154244
1762247471.2819576,-0.45349174495812117,4.5420212437547285,-4.3103331561557455e-07,0.0,12.819531412843462,-0.3959461921047801,0.3959461921047801
1762247471.329038,-0.46056459948569417,4.540916083100922,-3.4894723055010446e-11,0.0,12.82648727297682,-0.3946122951687218,0.3946122951687218
1762247471.3703516,-0.46169438249034234,4.5426340424606755,-2.252598428727872e-07,0.0,12.827658878855047,-0.3962928570962302,0.3962928570962302
1762247471.3932524,-0.465589731026138,4.547041724159455,-3.36194218436694e-11,0.0,12.831649278082711,-0.4005726830082985,0.4005726830082985
1762247471.4158165,-0.45852217586989896,4.544351688958263,-2.755259150397761e-07,0.0,12.824578411884135,-0.39811217735912785,0.39811217735912785
1762247471.4408054,-0.4578123524438364,4.541299339791372,-4.741138554147953e-06,0.0,12.823779037509016,-0.39508442033536756,0.39508442033536756
1762247471.4632628,-0.44942763327311797,4.540497932968721,-3.196105297365297e-11,0.0,12.815465061989144,-0.39455608661223535,0.39455608661223535
1762247471.48557,-0.45118096489771664,4.538526974249947,-2.445952179650126e-07,0.0,12.817134632906686,-0.39252899890204407,0.39252899890204407
1762247471.5133803,-0.447421382278527,4.534442172459778,-5.799830520448277e-06,0.0,12.813285953004337,-0.38856909085224955,0.38856909085224955
1762247471.5359776,-0.4502320881914431,4.528716732619233,-2.4700003064960405e-07,0.0,12.81588016742953,-0.38275491113726634,0.38275491113726634
1762247471.5623498,-0.449297485303626,4.5280102726330504,-3.000322746190198e-11,0.0,12.81493315022073,-0.38207932886060614,0.38207932886060614
1762247471.5868628,-0.44144742997221126,4.5278798897247805,-4.861794459907731e-06,0.0,12.807165905967702,-0.3822061633567787,0.3822061633567787
1762247471.6075168,-0.44340656100773973,4.529675071368489,-2.925119495682585e-11,0.0,12.809161631994451,-0.38393604309750407,0.38393604309750407
1762247471.6317856,-0.44721479266275194,4.533365941387323,-4.054732136753614e-06,0.0,12.813046876857081,-0.3875001904132206,0.3875001904132206
1762247471.6531973,-0.4635808235674688,4.535115612884279,-2.8593053998795013e-07,0.0,12.829283702111525,-0.3887174708371622,0.3887174708371622
1762247471.6786876,-0.46510471091769506,4.535529915488839,-4.3408900115884945e-06,0.0,12.830803414801757,-0.38908245306885153,0.38908245306885153
1762247471.7029936,-0.4710614709225886,4.538752391987333,-2.7456691410618567e-11,0.0,12.836794163228435,-0.3921119526594778,0.3921119526594778
1762247471.7229466,-0.4641299191635094,4.534829301020608,-3.837612181366969e-06,0.0,12.829817413076208,-0.38841360626172267,0.38841360626172267
1762247471.7527587,-0.46657270195471684,4.531052969974642,-2.796339317384003e-07,0.0,12.832112215550852,-0.38456058147978933,0.38456058147978933
1762247471.775378,-0.45782268891482186,4.529071780691442,-4.046176421664625e-06,0.0,12.823397317202756,-0.38286294830313367,0.38286294830313367
1762247471.8022346,-0.45810379057411765,4.5270551590126145,-9.182368814307454e-06,0.0,12.823610622447271,-0.38083827590550534,0.38083827590550534
1762247471.8257155,-0.45765405391025327,4.528697546667545,-2.2267365524100982e-07,0.0,12.823218567912791,-0.38249437702864364,0.38249437702864364
1762247471.8529239,-0.4620165706008536,4.529837511936109,-2.091522079213494e-07,0.0,12.827568672693994,-0.3834925961860964,0.3834925961860964
1762247471.874017,-0.4585652905396266,4.533609029088032,-2.4812211635213402e-11,0.0,12.824276979141562,-0.38737375525002665,0.38737375525002665
1762247471.9218404,-0.4508356316652421,4.537488594512308,-2.1126068995219832e-07,0.0,12.816759761501123,-0.3915024261081984,0.3915024261081984
1762247471.9510999,-0.44904058397763635,4.538675336107886,-1.3405231280833414e-06,0.0,12.81502359563774,-0.3927470942635246,0.3927470942635246
1762247471.9820993,-0.4409100385955359,4.537206995220425,-2.2551417410545464e-07,0.0,12.806937832996967,-0.3915458926059314,0.3915458926059314
1762247472.0150855,-0.4507870982124615,4.539179629834469,-7.100899968142345e-06,0.0,12.816766304187775,-0.39319414481512094,0.39319414481512094
1762247472.0500531,-0.4558604383228808,4.542221155333516,-1.9674485264540318e-07,0.0,12.821879206577487,-0.3960690463666439,0.3960690463666439
1762247472.0800114,-0.45995107801515067,4.543056061048193,-3.0292706747435663e-06,0.0,12.825949270202203,-0.39677099054788295,0.39677099054788295
1762247472.1141882,-0.46063981913394625,4.544174034812752,-1.7682973456285508e-07,0.0,12.82666575581688,-0.3978661134395053,0.3978661134395053
1762247472.136971,-0.4572798962558196,4.547131275074566,-1.6565987895248783e-07,0.0,12.823439648197466,-0.4009305471550015,0.4009305471550015
1762247472.1618295,-0.454912329612855,4.550806456033052,-2.9644721506309143e-06,0.0,12.821217748894181,-0.4046806007479976,0.4046806007479976
1762247472.185744,-0.46297029101484083,4.555386141528899,-1.6489673333762512e-07,0.0,12.829326600783967,-0.4089971453429941,0.4089971453429941
1762247472.2116442,-0.45728575142554667,4.556912049396532,-1.0379932640162312e-05,0.0,12.82375879397043,-0.41070599487956594,0.41070599487956594
1762247472.2391047,-0.4516986905958452,4.559542707765148,-1.7221927756157463e-07,0.0,12.8183231201809,-0.4135167196279694,0.4135167196279694
1762247472.2621987,-0.4604911320463693,4.56265166054137,-1.9834500909589432e-07,0.0,12.82710909760016,-0.41633889471108254,0.41633889471108254
1762247472.282853,-0.4525296206669028,4.562352970888561,-1.8943714975920065e-07,0.0,12.819234439581539,-0.4162984550191046,0.4162984550191046
1762247472.3110898,-0.4491176675906819,4.559434434998521,-1.5912520932137437e-07,0.0,12.815769710210002,-0.41349261920235175,0.41349261920235175
1762247472.331897,-0.45466847556563333,4.558887346888275,-1.8552931606180567e-11,0.0,12.821236209420938,-0.41276514853137847,0.41276514853137847
1762247472.3545902,-0.4643822882449272,4.558138088072626,-1.454896704168189e-07,0.0,12.83080931193388,-0.41170216408192434,0.41170216408192434
1762247472.3731437,-0.46571377314003554,4.555363909814998,-3.021326725710501e-06,0.0,12.832036552985409,-0.40888656970445025,0.40888656970445025
1762247472.411483,-0.46636740039516106,4.553313041114291,-1.20095310495155e-07,0.0,12.832617174169538,-0.4068157417947217,0.4068157417947217
1762247472.4339452,-0.4631096368496846,4.55290114147845,-1.5321099446844274e-07,0.0,12.829385077346307,-0.406508944410729,0.406508944410729
1762247472.4579163,-0.4588174515684108,4.545828928679611,-1.967189440736906e-07,0.0,12.824917539882263,-0.3995790837559861,0.3995790837559861
1762247472.4881399,-0.45409395926224055,4.54395852819031,-1.2243177744588466e-07,0.0,12.820188955693336,-0.3978628740101855,0.3978628740101855
1762247472.5197015,-0.4533512455822148,4.546898587512267,-5.884301254250005e-07,0.0,12.819549392250098,-0.40082552520583603,0.40082552520583603
1762247472.5453227,-0.4530810513555483,4.553634779664598,-2.0241602571639984e-07,0.0,12.819498969768935,-0.4075669412115797,0.4075669412115797
1762247472.5716808,-0.44786200868632864,4.553792066317854,-1.2600747779636156e-07,0.0,12.814346884712835,-0.40789424943381014,0.40789424943381014
1762247472.600807,-0.44228978498926,4.551145010313784,-1.286376542816731e-07,0.0,12.808754491492866,-0.4054310665793133,0.4054310665793133
1762247472.6244662,-0.42757005599104136,4.548000907609327,-1.1714101926326855e-07,0.0,12.79410307660565,-0.40277479476200573,0.40277479476200573
1762247472.6501455,-0.43189943397353003,4.552597653610215,-4.198326692212929e-07,0.0,12.798532987699689,-0.407225422439962,0.407225422439962
1762247472.6813102,-0.42496913614746196,4.550640988905593,-2.061416819417317e-06,0.0,12.791619057898808,-0.4054999259961426,0.4054999259961426
1762247472.7002113,-0.42948459386780835,4.5496865767792425,-1.1819393697526231e-07,0.0,12.796050837609009,-0.4043959709374048,0.4043959709374048
1762247472.722791,-0.4306749038190417,4.555060292677849,-2.063909241368267e-06,0.0,12.797403450041603,-0.40972726773839013,0.40972726773839013
1762247472.7442935,-0.4360252730076538,4.552576766720139,-1.9916185071669096e-06,0.0,12.802609900820913,-0.40706819330212424,0.40706819330212424
1762247472.76541,-0.44962805883317114,4.549989283483071,-1.4044856979354182e-11,0.0,12.815969414532445,-0.40403584463983583,0.40403584463983583
1762247472.7872381,-0.4575745946312563,4.550859844484577,-2.003860800289708e-06,0.0,12.823850348618693,-0.4046476089800778,0.4046476089800778
1762247472.813599,-0.4529290052677229,4.549011523613172,-1.738036769518477e-07,0.0,12.81920003949165,-0.4029510765560544,0.4029510765560544
1762247472.8489735,-0.4526278540422168,4.5487672788287306,-7.836652431820548e-07,0.0,12.818894557808909,-0.40271675859798745,0.40271675859798745
1762247472.8718474,-0.4621788482309426,4.550996459920464,-1.1897237769249087e-07,0.0,12.828404586227986,-0.4046352776399849,0.4046352776399849
1762247472.896059,-0.4669862306813167,4.555263986400508,-1.2856464202902463e-11,0.0,12.833290597509807,-0.40874578915133736,0.40874578915133736
1762247472.9177027,-0.4587618977919311,4.5573340727733305,-1.835239614689838e-06,0.0,12.825230776580492,-0.41107999879451246,0.41107999879451246
1762247472.9391875,-0.4499292863127433,4.560893755444764,-1.8012467262450387e-06,0.0,12.816618636662186,-0.41492469352174854,0.41492469352174854
1762247472.9629998,-0.44615349025360534,4.5618138450202546,-1.0650175108411373e-07,0.0,12.812917939694826,-0.4159675854914685,0.4159675854914685
1762247472.9925044,-0.43424724002466514,4.559720977210455,-1.1887878620062904e-07,0.0,12.801086043632576,-0.41426720840206177,0.41426720840206177
1762247473.0227246,-0.4492879246907342,4.563598617654595,-9.238262707169085e-08,0.0,12.816072196222887,-0.41764903161512024,0.41764903161512024
1762247473.0448132,-0.45796176897335783,4.566178372047054,-9.582190324037251e-08,0.0,12.824723268644542,-0.4199455617634912,0.4199455617634912
1762247473.0761158,-0.46235172580871836,4.565301829931733,-1.096830573504309e-07,0.0,12.829031566720651,-0.4189276241008815,0.4189276241008815
1762247473.0972052,-0.46637661654942153,4.56453208753408,-1.1677519303000831e-07,0.0,12.832982741875838,-0.4180286939264774,0.4180286939264774
1762247473.1321678,-0.47217282310086095,4.563804586961386,-9.004724280731043e-08,0.0,12.838684947033082,-0.41711574433954857,0.41711574433954857
1762247473.15856,-0.4713276475095295,4.56235204696091,-1.01342615709162e-07,0.0,12.837804183047442,-0.41569098570400403,0.41569098570400403
1762247473.1941998,-0.47194808490736007,4.563666084898118,-1.320759432572147e-07,0.0,12.838458583884966,-0.4169845006013985,0.4169845006013985
1762247473.2299943,-0.4840028163727225,4.567391595115433,-1.1729883889483453e-07,0.0,12.850481715574194,-0.42032462687374444,0.42032462687374444
1762247473.2601883,-0.4794865378894013,4.570240764785054,-3.5778656744209044e-07,0.0,12.846110930059098,-0.42331554670283517,0.42331554670283517
1762247473.281441,-0.4789711186920387,4.568647089049184,-8.141441958431954e-08,0.0,12.845551899086715,-0.4217390527285031,0.4217390527285031
1762247473.302805,-0.4870422752727881,4.57310468612295,-5.300386777671052e-06,0.0,12.853661453284197,-0.42593883325608817,0.42593883325608817
1762247473.3245306,-0.48260052903498984,4.567672620234946,-8.951148066916437e-08,0.0,12.849105647166724,-0.420649908468832,0.420649908468832
1762247473.3646426,-0.48157828244678264,4.569657701290911,-9.095122213161725e-08,0.0,12.848158291368293,-0.42266639135309403,0.42266639135309403
1762247473.396244,-0.4743132198014126,4.56351856911976,-7.510261251091949e-08,0.0,12.840790087236268,-0.41676149039440846,0.41676149039440846
1762247473.429319,-0.4796915003582734,4.563673477228616,-1.6134066140198008e-07,0.0,12.846107219726038,-0.41674506260129385,0.41674506260129385
1762247473.4636104,-0.47730697082165197,4.558315882374709,-7.92565878277019e-08,0.0,12.843583425359508,-0.41146601171773844,0.41146601171773844
1762247473.525284,-0.4621218263868064,4.557292410612282,-1.5631858563733312e-07,0.0,12.8285490800292,-0.41092978971662136,0.41092978971662136
1762247473.7425165,-0.46306406466110245,4.561080658493684,-6.39608472073805e-08,0.0,12.82960071755931,-0.4146856787678846,0.4146856787678846
1762247473.8748534,-0.4549419153127536,4.560817047654076,-8.71499305890737e-08,0.0,12.82156829038773,-0.4146849540604612,0.4146849540604612
1762247473.8936553,-0.4571919811927909,4.563274889133038,-4.841444544995606e-08,0.0,12.823869923958059,-0.4170685322189113,0.4170685322189113
1762247473.9196854,-0.45462968311113794,4.562835413080236,-5.176023853123445e-08,0.0,12.82132459956583,-0.41671239246370856,0.41671239246370856
1762247473.9434447,-0.4565323142812124,4.566839449081496,-9.493197300073002e-07,0.0,12.823332455407128,-0.4206525969355869,0.4206525969355869
1762247473.964002,-0.4532183040457711,4.566722885948325,-6.5741272187614264e-12,0.0,12.820055199984356,-0.42064366542251275,0.42064366542251275
1762247473.9837494,-0.45964345393300504,4.568504159284551,-4.6231022651485676e-08,0.0,12.826458687463633,-0.4222157301348352,0.4222157301348352
1762247474.0165517,-0.4702756520251552,4.567525827751272,-3.2764877263515153e-06,0.0,12.836928788489708,-0.420895794750188,0.420895794750188
1762247474.0423093,-0.46860232868991136,4.5700638948989285,-4.846276908331535e-08,0.0,12.835356546555026,-0.4234861890730466,0.4234861890730466
1762247474.072731,-0.4692918650711382,4.5711951220926546,-8.717244540171912e-07,0.0,12.836073356460012,-0.4245947261728255,0.4245947261728255
1762247474.099674,-0.47817962760559546,4.570973867144755,-5.8510676209776805e-08,0.0,12.844843358166571,-0.4240898180302014,0.4240898180302014
1762247474.141784,-0.4808861804619882,4.571899885061242,-5.936916241825255e-12,0.0,12.847545103270235,-0.42492939807644636,0.42492939807644636
1762247474.1866896,-0.4860948664715067,4.573271065665967,-4.0945148119265046e-08,0.0,12.852731178838747,-0.4261350328385254,0.4261350328385254
1762247474.2243428,-0.47977382958570597,4.572373291026048,-8.273156696361856e-07,0.0,12.846461544312756,-0.425437872309021,0.425437872309021
1762247474.5211103,-0.48084321265777263,4.565801140344539,-4.669163001446828e-08,0.0,12.847311483021743,-0.4188350872391161,0.4188350872391161
1762247475.055585,-0.49049947949646383,4.5878695180433136,-3.279917250638244e-12,0.0,12.857533547019177,-0.4405874610209182,0.4405874610209182
1762247475.2107806,-0.5018284763558967,4.594581571903705,-2.513287625757908e-08,0.0,12.86892037007672,-0.44694194003765453,0.44694194003765453
1762247475.3907962,-0.5605646271351943,4.606914267262486,-3.7801501928978313e-07,0.0,12.927218929317611,-0.45749237027851025,0.45749237027851025
1762247475.689977,-0.5808689325440084,4.609891659445037,-3.076655981277838e-07,0.0,12.947319780942317,-0.45987826077915844,0.45987826077915844
1762247475.971416,-0.550501412148487,4.602818332530607,-8.067806150245256e-08,0.0,12.917177385460358,-0.4536953649744474,0.4536953649744474
1762247476.1231732,-0.47211256063592,4.57976438678593,0.06287770191895449,0.0,12.839129583323864,-0.43306931166919727,0.43306931166919727
1762247476.3219573,-0.4977378704058532,4.584165035013398,0.5657764213795958,0.0,12.86456302765815,-0.43665797359628167,0.43665797359628167
1762247476.5360112,-0.7043697130169171,4.570979026444157,1.3304110039965609,0.0,13.068037488551564,-0.4176626963547758,0.4176626963547758
1762247476.8010461,-1.3029279983388156,4.265858319262988,2.2797071249477736,0.0,13.656160355225477,-0.10455999180991299,0.10455999180991299
1762247476.973428,-1.8645178869610284,4.195323331759369,2.13021046086722,0.0,14.218315040500052,-0.03569233004585928,0.03569233004585928
1762247477.147603,-2.31742584473434,4.218719662631089,2.462388625111961,0.0,14.671903976459248,-0.05011152976744569,0.05011152976744569
1762247477.3390377,-2.7776421308501607,4.343100441767033,2.2345541052219002,0.0,15.127726557911123,-0.17180055375260242,0.17180055375260242
1762247477.4960592,-3.1593619413611473,4.354459804741142,1.9944421835193922,0.0,15.525770431642494,-0.1657778458964644,0.1657778458964644
1762247477.7631154,-3.924219378374431,4.348944448869854,2.1425037678914984,0.0,16.221797842570588,-0.27664242859903587,0.27664242859903587
1762247477.9518793,-4.441573550509782,4.183264827886475,2.764366551492241,0.0,16.727112149072028,-0.266258193834115,0.266258193834115
1762247478.0787392,-4.897869452912405,4.080934285423377,2.5411256909946047,0.0,17.188371650320175,-0.3762455676271567,0.3762455676271567
1762247478.1079676,-4.983655934100479,4.034382635257984,2.499763507325356,0.0,17.278163534384948,-0.36717480860659807,0.36717480860659807
1762247478.1273835,-5.052016097566355,4.035018786483548,2.5194749419907145,0.0,17.336880642016972,-0.395432778005697,0.395432778005697
1762247478.1519535,-5.122957430692305,4.009065058291013,2.5592586011733394,0.0,17.406734461531535,-0.40129731044849104,0.40129731044849104
1762247478.2526302,-5.36024738847401,3.890559867957916,2.374694927003024,0.0,17.652670102025652,-0.40024093468844946,0.40024093468844946
1762247478.2797766,-5.403769093257082,3.842389680409046,2.291504135682462,0.0,17.709225038428382,-0.37817948430442894,0.37817948430442894
1762247478.3047893,-5.458016987701502,3.8106435978424185,2.245531692542109,0.0,17.767299446464307,-0.3764156446743337,0.3764156446743337
1762247478.3326533,-5.540680423408341,3.7314232225396724,2.112828188711516,0.0,17.869060708473754,-0.34874951782173536,0.34874951782173536
1762247478.3567684,-5.582456700105162,3.6891448766788884,2.0961528453957734,0.0,17.921698444389364,-0.3340104957945784,0.3340104957945784
1762247478.5106263,-5.80378573748339,3.4580126741381574,1.6095596096266647,0.0,18.216259692691633,-0.2603645883713798,0.2603645883713798
1762247478.6967406,-5.892706619351366,3.1020199699187616,1.2504662282332342,0.0,18.489154281382323,-0.03687982324849662,0.03687982324849662
1762247478.720636,-5.914663020080721,3.0688847623058915,1.2322582208927986,0.0,18.527414713912204,-0.02567362466590721,0.02567362466590721
1762247478.737224,-5.9358627008366796,3.0361932448167686,1.327872769933234,0.0,18.564690539718757,-0.014215719534032778,0.014215719534032778
1762247478.8510418,-6.041660189100047,2.8987367152160126,1.370997667486906,0.0,18.735564130044768,0.01871996580875957,0.01871996580875957
1762247478.8750224,-6.064529478596643,2.880385952942157,1.3525451339638748,0.0,18.765062546855297,0.015576075884702223,0.015576075884702223
1762247478.894671,-6.0760347558225964,2.842783249411604,1.3334960491595436,0.0,18.800715050546557,0.0333174976985832,0.0333174976985832
1762247478.9143775,-6.091041413353027,2.821176935836129,1.3051005771941906,0.0,18.827280045660018,0.0369655753484654,0.0369655753484654
1762247478.9391675,-6.10816933658979,2.79606069748058,1.2296645248483606,0.0,18.857959620428215,0.041001969714128395,0.041001969714128395
1762247478.9602654,-6.1125988074780615,2.781136161774322,1.160164918111688,0.0,18.87233720162201,0.0475402038664023,0.0475402038664023
1762247478.989855,-6.151367940862983,2.7404046886013953,1.2288037555445719,0.0,18.92934217558587,0.04465671428381375,0.04465671428381375
1762247479.0194297,-6.165534037797778,2.7123430651456824,1.2613170691791122,0.0,18.960303323777325,0.05180700977363905,0.05180700977363905
1762247479.043951,-6.185559831959646,2.6931641153323915,1.2574858899413783,0.0,18.988093113995394,0.048594457342473314,0.048594457342473314
1762247479.0633252,-6.218397306409614,2.6522627288136,1.2624620669903635,0.0,19.04078980444578,0.049069912284757405,0.049069912284757405
1762247479.079792,-6.225356489927596,2.6394807357935233,1.2614223077630713,0.0,19.05511608999694,0.05174229414069431,0.05174229414069431
1762247479.1019087,-6.236843860144265,2.6233557622997083,1.260230239788863,0.0,19.07487257510732,0.05300977951684088,0.05300977951684088
1762247479.1212811,-6.258171596505739,2.5766266043637165,1.2583441563620188,0.0,19.124624129654293,0.06595279187863383,0.06595279187863383
1762247479.1378164,-6.253831395648975,2.554652308120831,1.2573373861565822,0.0,19.13898177834379,0.08317609995604572,0.08317609995604572
1762247479.1612394,-6.255012686015728,2.511835132106733,1.2381881483364001,0.0,19.173162543409248,0.10921834466522995,0.10921834466522995
1762247479.1765618,-6.260292705963901,2.5021114696680207,1.2371659651756495,0.0,19.184151233260625,0.11122332445055112,0.11122332445055112
1762247479.1989458,-6.279680139950215,2.4851666351945463,1.227305479329999,0.0,19.20988348739515,0.10674120353674005,0.10674120353674005
1762247479.232024,-6.305633870579065,2.4525287225812624,1.2199071689096312,0.0,19.25258988490355,0.10672287606157771,0.10672287606157771
1762247479.256351,-6.30044230234703,2.4282420969785194,1.23075854752789,0.0,19.269084908128434,0.1257769093894234,0.1257769093894234
1762247479.2767258,-6.325220539614393,2.4115668982952245,1.3641988452373344,0.0,19.298529212579865,0.11633629873471954,0.11633629873471954
1762247479.2983694,-6.361421220913075,2.3804966613994427,1.3977026269179404,0.0,19.3468360295507,0.10606586866565057,0.10606586866565057
1762247479.3162038,-6.363008235753496,2.3672264127261475,1.3972420449143494,0.0,19.35889239499739,0.11265744570650528,0.11265744570650528
1762247479.3351576,-6.36175615005938,2.336424468367399,1.397533788367145,0.0,19.384058716619908,0.13178518225025138,0.13178518225025138
1762247479.3546576,-6.367194409539978,2.3205117867364713,1.416544632948077,0.0,19.400842715955083,0.13663912111464344,0.13663912111464344
1762247479.3787782,-6.3932673984443245,2.302569527260483,1.4514414869402668,0.0,19.431684393564524,0.12570030828557333,0.12570030828557333
1762247479.402997,-6.434257993803524,2.268166746850684,1.513439584291874,0.0,19.484828116686774,0.11151192971236831,0.11151192971236831
1762247479.43211,-6.468349522396474,2.237475178709329,1.5917598257873347,0.0,19.53044291220133,0.1003743715635081,0.1003743715635081
1762247479.4579132,-6.476019965395389,2.208361404831762,1.667783990241309,0.0,19.55965660680634,0.11002814378197573,0.11002814378197573
1762247479.4887269,-6.484139784921299,2.1958397491559243,1.7592109666460303,0.0,19.574959605448253,0.11008336443731803,0.11008336443731803
1762247479.508486,-6.486808544880857,2.2154957834480715,1.819735451330809,0.0,19.55960940033645,0.09709405327781184,0.09709405327781184
1762247479.5303717,-6.517851865389756,2.1839268719923375,1.869380107898674,0.0,19.603930196685322,0.08824081084757625,0.08824081084757625
1762247479.5518482,-6.555682560417258,2.1348378700713826,1.972118424189121,0.0,19.666945722318417,0.08244685926486398,0.08244685926486398
1762247479.5715237,-6.58177146934066,2.105343961194201,2.0317319595331202,0.0,19.7065260152964,0.07562676074959025,0.07562676074959025
1762247479.5893128,-6.62193971827347,2.0664902144868957,2.102184053613589,0.0,19.761457487760236,0.061035137198824696,0.061035137198824696
1762247479.6164808,-6.648421712208686,2.0222667837489436,2.1871458580223764,0.0,19.813850695653564,0.06021185505323102,0.06021185505323102
1762247479.6464262,-6.658437044995369,1.9909259287634533,2.25591894111723,0.0,19.846645772084482,0.06683720178597552,0.06683720178597552
1762247479.6714957,-6.689410475380761,1.9639982081940401,2.32485578337589,0.0,19.885798972501405,0.05265023931521619,0.05265023931521619
1762247479.6959105,-6.735889841797068,1.8625156799495861,2.4286476328197004,0.0,19.999004020150256,0.05842363427490964,0.05842363427490964
1762247479.723705,-6.748192111913984,1.8267856967290608,2.491944346987798,0.0,20.0371162376876,0.06327668262498765,0.06327668262498765
1762247479.7447884,-6.7735519596704155,1.7659512764898926,2.5848384289901323,0.0,20.104131028628778,0.06663698095359194,0.06663698095359194
1762247479.7616022,-6.811417079534745,1.6794755206399359,2.6961421544679407,0.0,20.200319906475986,0.06765229590119208,0.06765229590119208
1762247479.781323,-6.847556203813154,1.598752359597526,2.7681195060909816,0.0,20.29045238536224,0.06556030224994647,0.06556030224994647
1762247479.8137639,-6.868000418166315,1.535205696898582,2.865300364905035,0.0,20.358413634481625,0.0697766256860725,0.0697766256860725
1762247479.8422887,-6.891631467737809,1.5193908139755623,2.922635126904871,0.0,20.381982646000317,0.053255977108734684,0.053255977108734684
1762247479.8735528,-6.891408170982732,1.4322607474684659,3.007585585675838,0.0,20.465580477849816,0.08295488175397962,0.08295488175397962
1762247479.8924263,-6.985146020496248,1.3540626359023595,3.015187016429242,0.0,20.570702368355708,0.01827221013575232,0.01827221013575232
1762247479.9063768,-6.997214685556582,1.2676697132803447,3.003385394605932,0.0,20.657618114981418,0.03125683002813987,0.03125683002813987
1762247479.9244058,-7.009472664653572,1.2311504035863614,2.9477699051676796,0.0,20.69644249923931,0.029142189728065225,0.029142189728065225
1762247479.9467287,-7.011829179616565,1.151469096351997,2.8836238613508067,0.0,20.77515099548443,0.046623231977438284,0.046623231977438284
1762247479.9698458,-7.031032572835316,1.1134192897022408,2.8005866741831733,0.0,20.81714530557741,0.03666817015138441,0.03666817015138441
1762247479.9926393,-7.040977517484369,1.076981560693513,2.752448194774773,0.0,20.855306689481626,0.03487403357367268,0.03487403357367268
1762247480.0123038,-7.058334632298873,1.0241333612222296,2.7474595254428733,0.0,20.91114187343371,0.02857648253688736,0.02857648253688736
1762247480.029766,-7.074908840724207,0.9585354628280776,2.7076731964485288,0.0,20.97924736258099,0.024274213295256128,0.024274213295256128
1762247480.0627856,-7.088014982111459,0.9363484965241038,2.669792476215945,0.0,21.00347599318449,0.015081802729994294,0.015081802729994294
1762247480.0847185,-7.093055462827551,0.8743075425175934,2.6427090591343645,0.0,21.065909793651695,0.019651689122627977,0.019651689122627977
1762247480.1096852,-7.090358995431118,0.874420213786131,2.6500871223885567,0.0,21.065407061596527,0.0223039283666888,0.0223039283666888
1762247480.1629257,-7.077400641811964,0.8315760155600372,2.558000954878891,0.0,21.106502180295408,0.041014770131920654,0.041014770131920654
1762247480.1849103,-7.0696791664268686,0.7045683886334704,2.572371554057595,0.0,21.23415915217776,0.06252961164658478,0.06252961164658478
1762247480.205316,-7.129738816318499,0.6631996207195479,2.6441264214216673,0.0,21.280708014821442,0.005939445044366758,0.005939445044366758
1762247480.241181,-7.083129268973481,0.6450440928159871,2.6467939728856824,0.0,21.29577190522999,0.05368678938191013,0.05368678938191013
1762247480.2706077,-7.047748799435952,0.5374436965374307,2.7025426734501177,0.0,21.40439524999126,0.09411459799312831,0.09411459799312831
1762247480.2957876,-7.034212234836271,0.39006795841333913,2.7440398291413493,0.0,21.557286800305363,0.10779739193833403,0.10779739193833403
1762247480.3559444,-6.950331436653135,0.3844006997970793,2.7568869977373973,0.0,21.56576788511442,0.19148672747557494,0.19148672747557494
1762247480.389781,-6.914008972665852,0.22478879479986433,2.926923253805037,0.0,21.740388897808067,0.2179742781124505,0.2179742781124505
1762247480.4295175,-6.886895077917115,0.16824809707183222,2.9385800497925145,0.0,21.804852583608195,0.23900759147513012,0.23900759147513012
1762247480.4782395,-6.872597783212252,0.05384956394694789,3.1098938446966526,0.0,21.931341605276728,0.23715583817676936,0.23715583817676936
1762247480.5405328,-6.83943484021649,-0.11565290180551781,3.264492659823769,0.0,22.12085865246719,0.23609668299462053,0.23609668299462053
1762247480.5782201,-6.817508733839923,-0.2843927602850225,3.262895595686692,0.0,22.304509034785557,0.21242557654024877,0.21242557654024877
1762247480.6190784,-6.8112993488928275,-0.37669738040198375,3.127004950580305,0.0,22.401242427581334,0.18925924880593906,0.18925924880593906
1762247480.6458857,-6.788896181727888,-0.5017780072381014,3.243455594331978,0.0,22.535139042399035,0.16574125604977294,0.16574125604977294
1762247480.675399,-6.737829139233127,-0.5297663536626646,3.327513543062825,0.0,22.58421336380497,0.2019571989872146,0.2019571989872146
1762247480.6986804,-6.6883995678412305,-0.5484137011176805,3.402278841026573,0.0,22.624658816710546,0.23965635645232586,0.23965635645232586
1762247480.7180128,-6.657326061589786,-0.5823047822694163,3.4326012577581175,0.0,22.67283518814343,0.2536800901416985,0.2536800901416985
1762247480.7419794,-6.623400572228002,-0.5948299326471649,3.4471379092810945,0.0,22.70145470275146,0.27887988196592006,0.27887988196592006
1762247480.770654,-6.559844234915325,-0.6931995003144215,3.4623174048895344,0.0,22.829516843522338,0.29077350185663375,0.29077350185663375
1762247480.7951868,-6.528402422820235,-0.7218731679257842,3.426819013859544,0.0,22.873671315939198,0.30469075929431777,0.30469075929431777
1762247480.8297794,-6.4847408642224,-0.760505568045393,3.387075094965821,0.0,22.93609821426113,0.32362345893997074,0.32362345893997074
1762247480.8552427,-6.4078804488816035,-0.8320220704712401,3.500576534533255,0.0,23.05734918562451,0.35122484048941965,0.35122484048941965
1762247480.8833609,-6.349305966850686,-0.8557633793318875,3.525121793335954,0.0,23.122073790813936,0.38599978349801173,0.38599978349801173
1762247480.9105978,-6.288836093900397,-0.9310790220225662,3.556188856942629,0.0,23.233991325454976,0.3894705273806206,0.3894705273806206
1762247480.9317095,-6.250072268715963,-0.9496448790496637,3.553341593025469,0.0,23.276892041919297,0.4085277076262051,0.4085277076262051
1762247480.9568336,-6.2035383122188215,-0.974440333210654,3.5595487085280704,0.0,23.330679496123942,0.4292884106849596,0.4292884106849596
1762247480.9882588,-6.118648752694156,-1.0673174524147384,3.5856018623353183,0.0,23.468362385374874,0.43472395311615153,0.43472395311615153
1762247481.0139215,-6.078553185698438,-1.062329678969955,3.5713415185627393,0.0,23.49308686589916,0.4683145074669024,0.4683145074669024
1762247481.0442145,-6.000353423104084,-1.0951176598137138,3.515439832539534,0.0,23.58171802039596,0.5049553371083377,0.5049553371083377
1762247481.0734723,-5.907947851304614,-1.1417462753905643,3.3443745187346168,0.0,23.704644026612538,0.5394289619642724,0.5394289619642724
1762247481.1068196,-5.821392799106013,-1.149094380122735,3.33708087318908,0.0,23.78540366934529,0.5943282722304213,0.5943282722304213
1762247481.1349456,-5.751945849310062,-1.125901978660751,3.258922011720951,0.0,23.825104990244316,0.6587722809273235,0.6587722809273235
1762247481.154201,-5.534480040314009,-1.1724737803509429,3.156607220505866,0.0,24.07660467080926,0.7678799356796808,0.7678799356796808
1762247481.17208,-5.466182059639523,-1.1908336988831836,3.110227502734031,0.0,24.19262465952443,0.7941166996590161,0.7941166996590161
1762247481.1921961,-5.40858571517943,-1.2036591228176727,2.9991537350144117,0.0,24.30674327468397,0.8144549400596104,0.8144549400596104
1762247481.2203717,-5.3442982751596615,-1.2175860218402104,2.8105461703260595,0.0,24.426296634334026,0.8330214419342878,0.8330214419342878
1762247481.2437608,-5.305295560969395,-1.2220733419524656,2.609246990316625,0.0,24.481382770213266,0.8462228147034351,0.8462228147034351
1762247481.2604566,-5.2476181551758945,-1.2129661239122913,2.6842217987471026,0.0,24.5602716109508,0.8784654001905631,0.8784654001905631
1762247481.2778227,-5.241613899956218,-1.192477332172887,2.684731086492147,0.0,24.55629141015807,0.8996431378278429,0.8996431378278429
1762247481.3080084,-5.226116634835411,-1.1763615394118034,2.940488871869849,0.0,24.568517578484613,0.9206051870708367,0.9206051870708367
1762247481.3359969,-5.197017942539119,-1.0893547553056833,3.0420819567492616,0.0,24.556498442567566,1.0119948293892078,1.0119948293892078
1762247481.3545566,-5.199763348878191,-1.0316063792705474,2.9766893182091874,0.0,24.50442846785742,1.0634965898223268,1.0634965898223268
1762247481.4723155,-5.283737948366784,-0.653436630321993,2.904917944941529,0.0,23.850692270949715,1.3235822465481664,1.3235822465481664
1762247481.4905913,-5.164601417595926,-0.5006755377793647,2.685821369294552,0.0,23.830411512305908,1.516599740150573,1.516599740150573
1762247481.5187387,-5.074303057194703,-0.43422581173320346,2.672968983981038,0.0,23.856991231593682,1.6267178013650154,1.6267178013650154
1762247481.5426207,-5.06488161005787,-0.42121734546020223,2.700910202192733,0.0,23.854648416925084,1.6426661266133533,1.6426661266133533
1762247481.5622778,-5.073317948909138,-0.4231348929739694,2.66082465005017,0.0,23.848547617322957,1.6355304039911103,1.6355304039911103
1762247481.586349,-5.082663540412883,-0.39385915205778566,2.451348122221644,0.0,23.81120855008983,1.6505956194131564,1.6505956194131564
1762247481.612985,-5.072528555231939,-0.37090360509172315,2.3521286586776537,0.0,23.799226291672717,1.6742689290292652,1.6742689290292652
1762247481.6333368,-5.063092141664148,-0.33345760281396686,2.2603353670753523,0.0,23.77046784485124,1.7079428891492467,1.7079428891492467
1762247481.6523318,-5.040437662009058,-0.2930579282058523,2.1728601242185213,0.0,23.75174561112926,1.752777659093236,1.752777659093236
1762247481.6754103,-5.0541691651352565,-0.2555028941796043,2.063613405087408,0.0,23.663076927956073,1.7696877545316814,1.7696877545316814
1762247481.7010934,-5.054393865863918,-0.22797473879332358,1.9775623669428901,0.0,23.581864409175456,1.788221696592713,1.788221696592713
1762247481.7222445,-5.058326752346063,-0.1799472742993097,1.8856617909189968,0.0,23.498957781675372,1.817181781115183,1.817181781115183
1762247481.7412848,-5.056128240970827,-0.13661159794599492,1.7887405365395959,0.0,23.4517410584446,1.8471509768428789,1.8471509768428789
1762247481.76037,-5.039060997397951,-0.05944670005724897,1.6276551769033596,0.0,23.37502748317399,1.9099147938114431,1.9099147938114431
1762247481.7761254,-5.0229104135574705,-0.03565908212690842,1.6243531735235643,0.0,23.362465828156328,1.9375182616962463,1.9375182616962463
1762247481.81183,-5.0308243203811625,-0.05468849428172168,1.576762438857833,0.0,23.377542393903486,1.9192922291120569,1.9192922291120569
1762247481.8302882,-5.046215820885131,-0.07323484739360966,1.5714898472903547,0.0,23.38436881851871,1.895600602422825,1.895600602422825
1762247481.852559,-5.05680013074108,-0.053141646004136345,1.564513250005657,0.0,23.34959377587145,1.900234352630185,1.900234352630185
1762247481.875017,-5.049721066112485,-0.06448522255299173,1.4792008816218047,0.0,23.370438933124387,1.898490781205418,1.898490781205418
1762247481.8958066,-5.050679521941638,-0.07199422124276465,1.4163582866476312,0.0,23.378469525839222,1.892961342062865,1.892961342062865
1762247481.9224777,-5.060232772283954,-0.06160323725503751,1.3006069362302923,0.0,23.356442849769792,1.892213654942888,1.892213654942888
1762247481.9444501,-5.063925953506061,-0.06161860331113463,1.2956947831512218,0.0,23.352755184398152,1.8893495117962527,1.8893495117962527
1762247481.9649897,-5.095448069744222,-0.006599675486643973,1.1263060399241884,0.0,23.241954847784125,1.8990567056961303,1.8990567056961303
1762247481.9951036,-4.943001413174866,0.08096086893332227,1.0144115837241048,0.0,23.286918511420794,2.073025407986051,2.073025407986051
1762247482.0152423,-4.902296943679662,0.08122714230289728,0.9969723581492348,0.0,23.34079718666429,2.1048970598624903,2.1048970598624903
1762247482.0405889,-4.851935401033303,0.08033691017645662,0.7696733116399085,0.0,23.395043757932363,2.1431610770318033,2.1431610770318033
1762247482.0782318,-4.771617985238784,0.06836970275280121,0.32726464184073395,0.0,23.501126619795947,2.1964726373080605,2.1964726373080605
1762247482.0960462,-4.691971500385846,0.03436277266915005,0.2996000668285501,0.0,23.798265091789087,2.230204242108215,2.230204242108215
1762247482.1221225,-4.582811107269078,0.008980742030998306,0.3756495186845021,0.0,25.48289651376881,2.234268196126132,2.234268196126132
1762247482.157343,-4.4912141941682675,-0.017591579058983776,-0.0005677145416188237,0.0,25.789505185692132,2.208244605733012,2.208244605733012
1762247482.1962695,-4.437935811171667,-0.04771136163128809,-0.009183019217489664,0.0,25.949346546013814,2.1747800973522997,2.1747800973522997
1762247482.2355144,-4.382652866781917,-0.07451671536574635,-0.007349611365622774,0.0,26.071939325264243,2.1423288592659597,2.1423288592659597
1762247482.2767107,-4.327092037418206,-0.09550335121259088,-0.026821267346883317,0.0,26.186738466155806,2.1138597052062584,2.1138597052062584
1762247482.3006032,-4.282826301132461,-0.11838886422491808,-0.00039601485912729066,0.0,26.27352727071913,2.084016014801606,2.084016014801606
1762247482.3275309,-4.2662538825671525,-0.1431599138778235,-4.9766210912655096e-08,0.0,26.29452536670736,2.0566938303915525,2.0566938303915525
1762247482.3512113,-4.240695829813203,-0.1655985703572058,-0.0003736068838456532,0.0,26.342905073697835,2.0299037208611215,2.0299037208611215
1762247482.4868941,-4.170495747420199,-0.21348926709216606,-0.000334730342643361,0.0,26.45191681937243,1.968709297715561,1.968709297715561
1762247482.506677,-4.1758632630241905,-0.20483220245694167,-0.006237839050767035,0.0,26.44640548275366,1.9783207492162433,1.9783207492162433
1762247482.5287592,-4.173309604034596,-0.1929592356351689,-0.00046282665601862744,0.0,26.454885811259544,1.9893610933897974,1.9893610933897974
1762247482.5598695,-4.175609000505772,-0.18230131536476518,-0.0039117296318162504,0.0,26.45507784645676,2.000264045409097,2.000264045409097
1762247482.5871603,-4.179344013080678,-0.17901476364770597,-0.0002895533445798514,0.0,26.45021512335522,2.0042816559892653,2.0042816559892653
1762247482.6142728,-4.180456325013073,-0.17296932056981232,-0.0003779963927186413,0.0,26.450630101008823,2.0104246591805928,2.0104246591805928
1762247482.642855,-4.18015521254425,-0.16855205246328375,-0.0003673111684171028,0.0,26.452751582274377,2.014672157512786,2.014672157512786
1762247482.6635747,-4.179614328075093,-0.1688565067081705,-0.00034731268429046637,0.0,26.453521229771162,2.0142577155680734,2.0142577155680734
1762247482.691049,-4.178882109636871,-0.17309950824333473,-0.0002978817325353135,0.0,26.453147445263877,2.009956862180235,2.009956862180235
1762247482.7159665,-4.179626466834251,-0.17636437358143753,-0.0003624633307783424,0.0,26.450731088117386,2.006930477383021,2.006930477383021
1762247482.7377806,-4.181380348059722,-0.17732637532995713,-0.0002806674080522811,0.0,26.44751969992958,2.006369514289986,2.006369514289986
1762247482.767344,-4.177591699981518,-0.18042208637400559,-3.7672815209402466e-08,0.0,26.45254791806899,2.0025286077390674,2.0025286077390674
1762247482.7944067,-4.179069748049911,-0.1803645949426441,-0.0003526558799578772,0.0,26.4501648186469,2.002904442543112,2.002904442543112
1762247482.8236563,-4.177604024275037,-0.17648549068217828,-0.0051826179203188485,0.0,26.453978856073004,2.006374289185461,2.006374289185461
1762247482.854817,-4.176908391559382,-0.17276478010640448,-0.005959045035958257,0.0,26.456485079047976,2.0098550213720228,2.0098550213720228
1762247482.8851917,-4.178892995084177,-0.17229148920109022,-0.015492327771785943,0.0,26.453428017037396,2.010748032109092,2.010748032109092
1762247482.914995,-4.176162879890494,-0.16589369677964383,-3.4477571905083826e-08,0.0,26.46024397087949,2.0163983123252214,2.0163983123252214
1762247482.9372,-4.1774408677524075,-0.16639236860403203,-0.004725912543512468,0.0,26.457976614254836,2.0161905047122755,2.0161905047122755
1762247482.9565663,-4.1778043360587205,-0.1642373057058106,-0.00024581274734954714,0.0,26.458183030168584,2.018372985960598,2.018372985960598
1762247482.9826896,-4.178618609274725,-0.164358381300146,-0.0002513560064284294,0.0,26.4568100832883,2.0184321605638664,2.0184321605638664
1762247483.0009832,-4.177286127689404,-0.16855217056082827,-3.236875337903067e-08,0.0,26.45742864982121,2.014048858896262,2.014048858896262
1762247483.0350957,-4.180564258044844,-0.17403621055918378,-3.196003213468135e-08,0.0,26.450060905821363,2.009406277329208,2.009406277329208
1762247483.0626938,-4.180022959785567,-0.178817284811911,-3.116230420756316e-08,0.0,26.44918245996263,2.004621055865809,2.004621055865809
1762247483.0831225,-4.180868415709273,-0.18311517550750286,-0.004453480883846547,0.0,26.446227118152294,2.0006061404000213,2.0006061404000213
1762247483.1074734,-4.183883552322797,-0.18491899663647304,-3.037884258733081e-08,0.0,26.440656327998486,1.999490512137024,1.999490512137024
1762247483.128181,-4.180802664375461,-0.17993798398087923,-0.004212270882562716,0.0,26.447500776559128,2.0036947644423004,2.0036947644423004
1762247483.1449664,-4.182173212062182,-0.1808499393161762,-0.004170737003509956,0.0,26.444933515741823,2.0030988429603616,2.0030988429603616
1762247483.1696289,-4.179683200952808,-0.18080478641733141,-2.9247733611750815e-08,0.0,26.449004656897888,2.0026070492098302,2.0026070492098302
1762247483.1891677,-4.174062655489585,-0.17994486451180952,-0.0042910314898434105,0.0,26.45845838958739,2.0022274748376807,2.0022274748376807
1762247483.2124062,-4.172406707052381,-0.17842676813933586,-0.0002512762847870955,0.0,26.461707797821195,2.0033471659663538,2.0033471659663538
1762247483.2494836,-4.1722602668359245,-0.17680948280487746,-0.004021671871746124,0.0,26.462544153810352,2.004893150082381,2.004893150082381
1762247483.278229,-4.171610477335786,-0.1792317191041882,-0.00022171751935382044,0.0,26.462701890488344,2.002387396133707,2.002387396133707
1762247483.2977924,-4.177345925059708,-0.17882418011976828,-0.00022392449769694143,0.0,26.45353633032712,2.0040352816961975,2.0040352816961975
1762247483.3294914,-4.177920954213062,-0.18023432536804634,-0.0037478495679389044,0.0,26.452081604723986,2.0027832109270505,2.0027832109270505
1762247483.3546216,-4.180174663535072,-0.18987648644696686,-0.003730798399055111,0.0,26.444877805039482,1.9938536554953055,1.9938536554953055
1762247483.5583174,-4.186756368576117,-0.18564288592132971,-0.001224042306672374,0.0,26.436109111057274,1.99939560568322,1.99939560568322
1762247483.713536,-4.19086428437569,-0.18974089771677755,-0.002906025314966429,0.0,26.428941982044766,1.9962597433528113,1.9962597433528113
1762247483.7347336,-4.185841869664345,-0.19294720493355547,-0.003269773565152506,0.0,26.43506949382912,1.9920636992518927,1.9920636992518927
1762247483.7548704,-4.1815346083856255,-0.1919516327069255,-0.00016800735973249346,0.0,26.441908544437403,1.9921182263934467,1.9921182263934467
1762247483.871334,-4.178013232319516,-0.18247060194560533,-0.000155931733837918,0.0,26.451108575842927,2.000619860540187,2.000619860540187
1762247483.8956468,-4.184761389007554,-0.17938375188328737,-0.003320791680979429,0.0,26.441251650252852,2.0050855115443085,2.0050855115443085
1762247483.9162042,-4.187635090502461,-0.17547856072473894,-0.002565609832776295,0.0,26.43812188956016,2.009514092958539,2.009514092958539
1762247483.9395797,-4.187398141605443,-0.17729722201911,-0.00011867173451672135,0.0,26.437874999520616,2.007686699713853,2.007686699713853
1762247483.9612176,-4.184682270471728,-0.1769614759535706,-0.00014693544477800336,0.0,26.442268879648488,2.007434807980294,2.007434807980294
1762247483.984976,-4.180941091418871,-0.17746584482341202,-0.00012850921026334833,0.0,26.448184152212608,2.0061386904689766,2.0061386904689766
1762247484.0107846,-4.181977773895697,-0.17646329235014266,-1.7196483381373695e-08,0.0,26.446863294047077,2.007340971743823,2.007340971743823
1762247484.0858543,-4.1797878502241295,-0.1814371576590288,-0.002309604688399396,0.0,26.448601916429073,2.0020121268389164,2.0020121268389164
1762247484.1157358,-4.188292647857546,-0.18093547656946532,-0.00013919619102736126,0.0,26.43543021276411,2.0043220147626735,2.0043220147626735
1762247484.1383915,-4.191785358922087,-0.18288769641650435,-0.0022377328585685818,0.0,26.429822089502714,2.0031532211658334,2.0031532211658334
1762247484.1703675,-4.19412222339636,-0.18396230424987808,-0.0022126749768357607,0.0,26.42614337225156,2.002594240662996,2.002594240662996
1762247484.1891453,-4.197072898753804,-0.18320305399445921,-0.00215297564912493,0.0,26.42217319475152,2.0039542734919067,2.0039542734919067
1762247484.211769,-4.194504835324141,-0.17922584074715364,-0.00011346894018926746,0.0,26.427112957448703,2.007305516922922,2.007305516922922
1762247484.2351577,-4.195210477146299,-0.17884341539732992,-0.00012047049779028156,0.0,26.426227544949825,2.007827598698382,2.007827598698382
1762247484.2566812,-4.18913677596112,-0.18032086133125008,-0.0020679146757500285,0.0,26.43442360277767,2.005101819521015,2.005101819521015
1762247484.296381,-4.186315899480214,-0.17574299262173368,-0.002411587920333079,0.0,26.440048409166923,2.0089743425356095,2.0089743425356095
1762247484.3148882,-4.1842489660704505,-0.17483918616677838,-0.001987989795370708,0.0,26.44375519790366,2.009415017802844,2.009415017802844
1762247484.4847288,-4.183877493936737,-0.17947701690986462,-0.00015051222185835853,0.0,26.44265916592585,2.0048052820220144,2.0048052820220144
1762247484.5015574,-4.182215163602736,-0.17886950970822377,-0.00012549583693310248,0.0,26.44559213138623,2.005042071657635,2.005042071657635
1762247484.521496,-4.182520043777676,-0.18055573360526017,-0.00011704283382705332,0.0,26.444476348810507,2.0034606409781053,2.0034606409781053
1762247484.5425482,-4.179087215487649,-0.17984366505459135,-9.864983373973271e-05,0.0,26.450328048877722,2.003416847777858,2.003416847777858
1762247484.5618837,-4.17685704176115,-0.17450459277386296,-1.2062244471484906e-08,0.0,26.455925656238033,2.0081456808685267,2.0081456808685267
1762247484.5913749,-4.178130418194092,-0.17401444538752467,-0.0016955281324453591,0.0,26.45403394497924,2.008900691723944,2.008900691723944
1762247484.6121757,-4.18109404265595,-0.17740816607268886,-9.913210475721169e-05,0.0,26.447956157894893,2.006227972853241,2.006227972853241
1762247484.6370022,-4.183096785706591,-0.17501032998421504,-1.1618380529355987e-08,0.0,26.445572536062706,2.009000566586224,2.009000566586224
1762247484.66261,-4.185829029184659,-0.17292310002960015,-0.001595464273387908,0.0,26.44187846914559,2.0116250582681645,2.0116250582681645
1762247484.6829882,-4.184369802750322,-0.16872840601484718,-8.987967924279161e-05,0.0,26.445805547830968,2.0154093285713346,2.0154093285713346
1762247484.7074943,-4.182580576829283,-0.16714900175351896,-0.00013874089714901235,0.0,26.449310926946954,2.0165663968247123,2.0165663968247123
1762247484.7293406,-4.183343214988982,-0.16646772147680217,-0.00010271606769154654,0.0,26.448316448536133,2.0173961128256668,2.0173961128256668
1762247484.763809,-4.178125809455967,-0.16782775872997113,-0.0015208469139560744,0.0,26.456328556242337,2.0149386618073106,2.0149386618073106
1762247484.784974,-4.173494879340374,-0.16896333654536314,-0.0015400273219657906,0.0,26.463447384111255,2.012819145866703,2.012819145866703
1762247484.8061128,-4.173545409982991,-0.16994167891810913,-8.400703673223804e-05,0.0,26.46300207066297,2.0118756737200827,2.0118756737200827
1762247484.8220232,-4.176137154684369,-0.17289253901212007,-0.006709815468858282,0.0,26.457692975614194,2.009562423616656,2.009562423616656
1762247484.850879,-4.175234538512028,-0.17353844884768907,-0.00014058613985698835,0.0,26.458922329825945,2.0087352712452486,2.0087352712452486
1762247484.881749,-4.176213857651814,-0.1729187413655408,-0.0014883240926139149,0.0,26.457558474622385,2.0095535592704965,2.0095535592704965
1762247484.9070659,-4.178095815801967,-0.171448427066869,-7.868729924473147e-05,0.0,26.455038154816044,2.0113980212448737,2.0113980212448737
1762247484.92581,-4.181907648798351,-0.17212442200095848,-8.196128553365241e-05,0.0,26.448574668665046,2.0115629184534876,2.0115629184534876
1762247484.9593816,-4.180681280927941,-0.1753623718148546,-9.648283800342727e-05,0.0,26.449381659617863,2.008136646810355,2.008136646810355
1762247484.9825578,-4.180564430792274,-0.17541524447439857,-9.014466894512566e-05,0.0,26.44955261161231,2.0080598007477946,2.0080598007477946
1762247485.007816,-4.1831302001008375,-0.17447379922760717,-8.501945272444773e-05,0.0,26.445715284937002,2.0095317476817462,2.0095317476817462
1762247485.0330253,-4.18421865139401,-0.17382721019905947,-8.062941458601648e-05,0.0,26.44417650957113,2.010396953300498,2.010396953300498
1762247485.0608127,-4.17982452061298,-0.17092549041858188,-6.222390910623645e-05,0.0,26.452414192938704,2.0122834237556053,2.0122834237556053
1762247485.081143,-4.1833967615974474,-0.17235186174340428,-5.789493217908369e-05,0.0,26.44606080014707,2.0116613973690565,2.0116613973690565
1762247485.1016688,-4.183314445652085,-0.1651815793039543,-6.093288602565465e-05,0.0,26.448838160688393,2.0186458145668342,2.0186458145668342
1762247485.1198292,-4.1797238303443836,-0.16022358009101878,-7.917873642028464e-05,0.0,26.456539378163505,2.0227083924662845,2.0227083924662845
1762247485.145092,-4.172851482502659,-0.1553569265649678,-0.0013564731772456897,0.0,26.469562735042164,2.025950651859906,2.025950651859906
1762247485.1718328,-4.1661535904402385,-0.1536815913705922,-8.369054829925326e-05,0.0,26.48109052868128,2.02609614725686,2.02609614725686
1762247485.2037833,-4.171275796032181,-0.15831172329305576,-8.050337200679603e-09,0.0,26.471024869484523,2.0227207482071217,2.0227207482071217
1762247485.2215164,-4.17288292477659,-0.1592100710875274,-0.0011087009096799503,0.0,26.46807295104057,2.0221993331483454,2.0221993331483454
1762247485.2479317,-4.172359458033939,-0.16183865176811219,-6.570187597986783e-05,0.0,26.467945000738336,2.019520011542497,2.019520011542497
1762247485.2711623,-4.177449487604538,-0.16697594908206795,-7.751111296208646e-09,0.0,26.45774631183747,2.0156228216656347,2.0156228216656347
1762247485.2964125,-4.175860644448911,-0.16834133504763188,-5.579838329009753e-05,0.0,26.459828412987086,2.0139437521685855,2.0139437521685855
1762247485.3319008,-4.173682820065516,-0.16830568102385282,-6.312266259603091e-05,0.0,26.463385882477755,2.0135020076842016,2.0135020076842016
1762247485.3564274,-4.177140552531892,-0.1725870745900003,-0.001040641613116948,0.0,26.456172855046795,2.010078971817305,2.010078971817305
1762247485.509633,-4.196405034807238,-0.17355658433916005,-0.00021818759856805298,0.0,26.426213819813213,2.0132474711850845,2.0132474711850845
1762247485.527839,-4.203053123877616,-0.16572000494374067,-0.003395291202696804,0.0,26.405949899735255,2.0222902249556842,2.0222902249556842
1762247485.5437095,-4.2099088733876995,-0.1470550297735578,0.05586445924199561,0.0,26.401076903373227,2.041968842953335,2.041968842953335
1762247485.5685604,-4.228885157297066,-0.09937632557957497,0.059121313708998036,0.0,26.385880608905094,2.0925161488982056,2.0925161488982056
1762247485.5883605,-4.2371262279741035,-0.06120081497157183,0.06367369816251944,0.0,26.385357291174987,2.1315693920093324,2.1315693920093324
1762247485.6509793,-4.255681774390902,0.013413934462119234,0.2867433495417461,0.0,26.38000555668608,2.2083915456596057,2.2083915456596057
1762247485.6665561,-4.260969964822628,0.029443764773758194,0.3753790436860892,0.0,26.376526828819866,2.22515502991148,2.22515502991148
1762247485.6864667,-4.270370997587233,0.04194355031889094,0.4276455385492091,0.0,26.364412811103154,2.2392675542997234,2.2392675542997234
1762247485.7109003,-4.279012347840169,0.047106719609992416,0.4864022721634022,0.0,26.350874765544702,2.2460115820058038,2.2460115820058038
1762247485.7303019,-4.274926260799218,0.04591985043452917,0.4893261201906495,0.0,26.3577427890299,2.244056816005912,2.244056816005912
1762247485.7538683,-4.267379763321158,0.04382702867730121,0.7137904745412943,0.0,26.370419193863253,2.2405249085068117,2.2405249085068117
1762247485.779855,-4.261392279009253,0.03096066803957528,0.7851348176243058,0.0,26.37633403089921,2.2267256868204846,2.2267256868204846
1762247485.8019345,-4.244095047093947,0.00030023933370463407,0.8185410643394544,0.0,26.39551519342262,2.193203550275623,2.193203550275623
1762247485.820321,-4.21655632303894,-0.07728248407068802,0.7526206904112347,0.0,26.428307464977152,2.111608133818512,2.111608133818512
1762247485.8484616,-4.18997235413856,-0.15004880709116458,0.708591213504825,0.0,26.4435190171722,2.0348561545265307,2.0348561545265307
1762247485.8766692,-4.173061723820479,-0.20843155980898243,0.5878398781453843,0.0,26.44962156325345,1.9742021779171033,1.9742021779171033
1762247485.9004107,-4.170903036988754,-0.25182500411384207,-0.0001212868449329383,0.0,26.437455162044067,1.9313551170273813,1.9313551170273813
1762247485.922552,-4.171316183790361,-0.2753089107286798,0.09269485343366451,0.0,26.429446647312577,1.908492728745075,1.908492728745075
1762247485.945297,-4.169082865047754,-0.30536391907964233,-6.0425045551772225e-05,0.0,26.423144872978863,1.8786392971835113,1.8786392971835113
1762247485.9811125,-4.172268424003879,-0.32671266528490683,-6.223985688368009e-05,0.0,26.40083510223757,1.858410559652697,1.858410559652697
1762247486.0042331,-4.1716456810335965,-0.33541025945545944,-0.0010106917835850957,0.0,26.398918125728294,1.8497708052200745,1.8497708052200745
1762247486.0221114,-4.169616689880167,-0.34233249905462804,-0.0009841380711946438,0.0,26.399830718026234,1.8425793335020244,1.8425793335020244
1762247486.0461872,-4.172834921848005,-0.3510529335417937,-5.8752334096317454e-05,0.0,26.39183243368598,1.8347020453327982,1.8347020453327982
1762247486.0683796,-4.175623566307311,-0.3579912755716055,-6.827015051804469e-09,0.0,26.38512339781846,1.8284734567256984,1.8284734567256984
1762247486.0879233,-4.17274348198897,-0.3577686823506438,-5.4080098148789976e-05,0.0,26.3897584865985,1.8281080706132695,1.8281080706132695
1762247486.1136346,-4.185130314677951,-0.3653139991241804,-6.476292408923683e-05,0.0,26.367646153162795,1.8231975472524853,1.8231975472524853
1762247486.1358016,-4.192541726836554,-0.3716009904743276,-0.004247467495470502,0.0,26.353831996047223,1.8184835348466675,1.8184835348466675
1762247486.1599488,-4.186150270500589,-0.3732948538251572,-4.659633392661818e-05,0.0,26.363440767783334,1.8155741115499353,1.8155741115499353
1762247486.1872036,-4.192640184224704,-0.38057786152578743,-0.0009250071680147267,0.0,26.3507958359932,1.8096956755138958,1.8096956755138958
1762247486.2086735,-4.19249109620121,-0.38211982474613193,-5.45694204791546e-05,0.0,26.35053921386639,1.8081539641490845,1.8081539641490845
1762247486.2403991,-4.202116174945144,-0.38471876225064217,-4.80087704491521e-05,0.0,26.334730314457282,1.8074431704146854,1.8074431704146854
1762247486.2620656,-4.209440487086288,-0.3841365455873596,-6.015708906275535e-09,0.0,26.324577611845815,1.8093905613140306,1.8093905613140306
1762247486.2831194,-4.2221996613162815,-0.38097953384848965,-5.843567292209594e-05,0.0,26.294895253511612,1.8148285189527453,1.8148285189527453
1762247486.302068,-4.2256025965688995,-0.38073188121653706,-7.088606736184956e-05,0.0,26.28945975796308,1.8156848586185688,1.8156848586185688
1762247486.32111,-4.230914443538372,-0.38028437066977794,-3.7056621739464145e-05,0.0,26.280977378422634,1.8170718766594085,1.8170718766594085
1762247486.3456397,-4.2365511519927574,-0.382243095930611,-5.1080506436794674e-05,0.0,26.271241564677624,1.8161345607436248,1.8161345607436248
1762247486.3639174,-4.23659035544163,-0.3849720263283854,-4.806084497423331e-05,0.0,26.27037897509613,1.813454274229916,1.813454274229916
1762247486.4484353,-4.23271004250401,-0.3879984825482875,-0.0028919466116006072,0.0,26.275792949461724,1.8097954848168614,1.8097954848168614
1762247486.4802046,-4.240781435551493,-0.38263437909770653,-4.567962060010959e-05,0.0,26.26424151593194,1.8164834108780403,1.8164834108780403
1762247486.5061817,-4.249301316703964,-0.3809200504585125,-0.0007317746910512606,0.0,26.250834243051166,1.8196278129987238,1.8196278129987238
1762247486.5366979,-4.2494222351989315,-0.3784997907115666,-3.94015860631266e-05,0.0,26.251335309267873,1.8220336907350354,1.8220336907350354
1762247486.5675747,-4.249808101203082,-0.37829882907886564,-0.0007121712718933164,0.0,26.25076203944366,1.8222969894295216,1.8222969894295216
1762247486.673098,-4.2469845805197455,-0.3593032929225872,-0.000821869721806615,0.0,26.260912062366202,1.8405341261342656,1.8405341261342656
1762247486.697908,-4.23965996829267,-0.3544906891305201,-3.495570658132723e-05,0.0,26.27433968730694,1.8440029801236426,1.8440029801236426
1762247486.725994,-4.2439049389654695,-0.3562617798740412,-4.4960251726049866e-09,0.0,26.266857933741676,1.8429988639889934,1.8429988639889934
1762247486.7581184,-4.250091811556841,-0.3589449165282309,-2.5585632743648448e-05,0.0,26.255913547447157,1.8414185863945667,1.8414185863945667
1762247486.871134,-4.279206156567981,-0.3643538778854397,-0.0002213308159795877,0.0,26.196170897397568,1.8408360537405295,1.8408360537405295
1762247486.8924625,-4.288312978913069,-0.36881915160760465,-3.375603744507612e-05,0.0,26.179744340439306,1.8378270255178975,1.8378270255178975
1762247486.9153502,-4.290540307228634,-0.3746370760924771,-0.0005856564967263658,0.0,26.174495967419446,1.8324121371984174,1.8324121371984174
1762247487.0501626,-4.30649851876008,-0.4146859082960929,-2.9501212757650027e-05,0.0,26.137890000999555,1.79510137915608,1.79510137915608
1762247487.0807178,-4.307311228392351,-0.4115789614177738,-2.2971093225575223e-05,0.0,26.13738472292134,1.79829152206015,1.79829152206015
1762247487.1092796,-4.294480214606574,-0.40442778583209466,-3.083088273426103e-05,0.0,26.160267309921355,1.8035347230058687,1.8035347230058687
1762247487.1372678,-4.297625216628236,-0.393255012259666,-2.46777007839462e-05,0.0,26.15785317073251,1.8150468621913398,1.8150468621913398
1762247487.2330399,-4.452392024805442,-0.29513474212263063,-3.278216374356588e-09,0.0,25.860054961658697,1.9290644645027346,1.9290644645027346
1762247487.2665467,-4.502295428820815,-0.2698064181846634,-2.1320974503681058e-05,0.0,25.7459757794238,1.9565382557856548,1.9565382557856548
1762247487.4650543,-4.262589627155322,-0.30746504513372236,-0.0004426076148638233,0.0,26.250306351411524,1.8942722724025527,1.8942722724025527
1762247487.4937367,-4.249927702724959,-0.3045248430033465,-3.279677820740403e-05,0.0,26.272283128742874,1.8949947024335565,1.8949947024335565
1762247487.5165024,-4.246840491794446,-0.3006417369886063,-0.00039945250596347826,0.0,26.278583921794077,1.8982755882523576,1.8982755882523576
1762247487.5820007,-4.193250888008179,-0.27552851620486485,-1.8269967445986627e-05,0.0,26.38429992290274,1.912796945160327,1.912796945160327
1762247487.6196034,-4.18063253996195,-0.2731158446014224,-2.150938054441092e-05,0.0,26.405532171798523,1.9125794500536373,1.9125794500536373
1762247487.6501172,-4.174490815210971,-0.27526143721121044,-1.9385172716359232e-05,0.0,26.42499735727886,1.9092070586390275,1.9092070586390275
1762247487.6838567,-4.163450399074167,-0.276349684512696,-2.1391119482789072e-05,0.0,26.440527088624002,1.9058048174014863,1.9058048174014863
1762247487.7186537,-4.153612803248713,-0.2804801778158831,-2.100643243787984e-05,0.0,26.454653287818914,1.899651091594728,1.899651091594728
1762247487.747109,-4.149109156001254,-0.2774655620515244,-2.219903520268556e-05,0.0,26.46285788467311,1.901610111538359,1.901610111538359
1762247487.7717626,-4.142307245602539,-0.2804431637821725,-1.99927554387215e-05,0.0,26.47251304187432,1.8972065094050505,1.8972065094050505
1762247487.7936084,-4.139597807124594,-0.27931849782375345,-7.704485273909558e-05,0.0,26.477185199283717,1.8977012138626177,1.8977012138626177
1762247487.820199,-4.130989846257202,-0.28070161019924345,-1.7284491302465656e-05,0.0,26.49019996827612,1.8944229932111296,1.8944229932111296
1762247487.8422024,-4.129886912931889,-0.2854711438377911,-0.00031568142551779396,0.0,26.490189683354448,1.8895275961212052,1.8895275961212052
1762247487.8612404,-4.141402042139052,-0.28504058776046914,-2.1870461091016286e-09,0.0,26.472276379875833,1.892522783206061,1.892522783206061
1762247487.8855903,-4.145038161061872,-0.2837804216244813,-0.0003696264518183028,0.0,26.467006370416815,1.8945550002578717,1.8945550002578717
1762247487.9080627,-4.15009047433424,-0.2763564143880303,-2.1324949933069354e-09,0.0,26.46170634084121,1.9029073220053991,1.9029073220053991
1762247487.9429672,-4.168638114904726,-0.26975006087803216,-3.9413766804316404e-05,0.0,26.434966056443006,1.9133585208988522,1.9133585208988522
1762247487.974975,-4.1601278399507855,-0.26540953679125917,-2.2275205486464778e-05,0.0,26.449725499021024,1.9157753154475063,1.9157753154475063
1762247487.992346,-4.1650496579395115,-0.2603959022715436,-4.493486633057788e-05,0.0,26.443684330302695,1.9217310146052469,1.9217310146052469
1762247488.0168355,-4.132288419270712,-0.2559510984594724,-0.00027532688191906095,0.0,26.497228638961115,1.9188238338448154,1.9188238338448154
1762247488.0391562,-4.112170319103379,-0.24745042977866338,-0.0002801709963300264,0.0,26.539520038202447,1.9224364982284783,1.9224364982284783
1762247488.066927,-4.071593654165879,-0.24856768091378123,-1.926534337766926e-09,0.0,26.60153195895669,1.9115008491876757,1.9115008491876757
1762247488.1007018,-4.02870657893138,-0.24474191045174132,-0.000264434447364956,0.0,26.674081377806203,1.9041760557110126,1.9041760557110126
1762247488.1353521,-4.005930207388237,-0.24347852908496537,-1.2284774398211114e-05,0.0,26.71556418869819,1.8992984270463211,1.8992984270463211
1762247488.15932,-4.0401900380634155,-0.25346711560872404,-1.5030247442794372e-05,0.0,26.65338243321041,1.898763362417688,1.898763362417688
1762247488.1824126,-4.044059967700667,-0.25818514340044585,-1.4515217381873662e-05,0.0,26.645679003292813,1.895208126388371,1.895208126388371
1762247488.203524,-4.054570701715574,-0.25892851820864327,0.055266467659171516,0.0,26.630061258904604,1.89718418043374,1.89718418043374
1762247488.223092,-4.0602997076585225,-0.26302968471519517,0.06046607600446589,0.0,26.6208323426599,1.8946699705570536,1.8946699705570536
1762247488.249693,-4.080374613164569,-0.2697733192894186,0.3003410093460296,0.0,26.579846929670108,1.8931258558215482,1.8931258558215482
1762247488.2700183,-4.106303497910326,-0.28827159554765547,0.347478922389796,0.0,26.533276538943316,1.8813797140285144,1.8813797140285144
1762247488.2940557,-4.129042224066768,-0.3020743717317094,0.4584544754726112,0.0,26.485484068449125,1.8731607559710095,1.8731607559710095
1762247488.3139632,-4.137085268365825,-0.31790489231805763,0.6678774103087912,0.0,26.467240738494283,1.8595168235149682,1.8595168235149682
1762247488.405139,-4.265741924818989,-0.34146967795788874,0.13849127237371398,0.0,26.23568034631661,1.8612687541276347,1.8612687541276347
1762247488.4314027,-4.156934649438589,-0.3957153568385597,0.1391599328843263,0.0,26.40211743524949,1.787729041892984,1.787729041892984
1762247488.4540431,-4.080852997798811,-0.4264962254783173,-2.4044930096427575e-05,0.0,26.521476138843965,1.7410286863714148,1.7410286863714148
1762247488.479822,-4.07168569883697,-0.4550730244028706,-0.00033819681714171223,0.0,26.524338923364734,1.7111043976956544,1.7111043976956544
1762247488.5112305,-4.059971876582057,-0.4803491703120459,-1.7563479742273794e-05,0.0,26.531675862679997,1.6837923293471966,1.6837923293471966
1762247488.533238,-4.046600776167545,-0.5094528933440642,-0.0008626677190221538,0.0,26.540720235404937,1.6523595646830658,1.6523595646830658
1762247488.5568523,-4.037914578448065,-0.5366939696435813,-0.00032651629377106233,0.0,26.543541490464108,1.623836625973195,1.623836625973195
1762247488.5740125,-4.018181339856765,-0.5562151019098339,-1.8220271123763866e-05,0.0,26.564823150873398,1.6001594408600845,1.6001594408600845
1762247488.5969634,-3.9904228928678793,-0.5755692020659349,-0.0003107662779988268,0.0,26.597133395341086,1.5745879463666799,1.5745879463666799
1762247488.6278548,-3.950659676234435,-0.5899189346244507,-0.00030121233236096604,0.0,26.650705845125746,1.5506038781339053,1.5506038781339053
1762247488.6632693,-3.9193652267763186,-0.6023353572604171,-0.0002999886954537508,0.0,26.688847388582627,1.530383377986042,1.530383377986042
1762247488.6825912,-3.905771857966034,-0.6122691110962856,-0.0002885995030743786,0.0,26.70350487885849,1.5171616181445964,1.5171616181445964
1762247488.7147312,-3.9052480828068514,-0.6228311756759999,-3.24173671357225e-05,0.0,26.70021770812972,1.5068502085890654,1.5068502085890654
1762247488.7365425,-3.8929137567520176,-0.6462309940529791,-0.000289095817756581,0.0,26.71122955256042,1.4809877186089697,1.4809877186089697
1762247488.7535033,-3.905481691050808,-0.6624857441471339,-1.601763080153556e-05,0.0,26.68505367213232,1.468709489519437,1.468709489519437
1762247488.7765996,-3.888433348657556,-0.672301635535317,-0.00027703594632793395,0.0,26.70416636577361,1.4546771289177227,1.4546771289177227
1762247488.8019276,-3.8741475797643448,-0.6936650964766546,-1.6974146245972798e-05,0.0,26.71755797117322,1.4302380263376449,1.4302380263376449
1762247488.8230002,-3.8792642345345727,-0.7087176779535748,-1.548170346228072e-05,0.0,26.702778940097527,1.4171381572061894,1.4171381572061894
1762247488.848321,-3.845322064321796,-0.7116118209470973,-1.531695296807064e-05,0.0,26.748380525219225,1.4050409697082238,1.4050409697082238
1762247488.8752978,-3.8422872663092527,-0.7136811524399008,-1.5859188090801718e-05,0.0,26.751538102499644,1.402207145062625,1.402207145062625
1762247488.8998027,-3.837345570857811,-0.7185697346094341,-1.5150557808633799e-05,0.0,26.75609009701213,1.396131373554489,1.396131373554489
1762247488.9284353,-3.8600873433797447,-0.7215925235310211,-1.583887497996545e-05,0.0,26.72537758801623,1.3995306658317956,1.3995306658317956
1762247488.951376,-3.8541110637878706,-0.7292165050023682,-1.531463643797561e-05,0.0,26.730299899084475,1.3905584621508669,1.3905584621508669
1762247488.9771762,-3.8362978288720546,-0.7333595992563602,-1.4704668238013232e-05,0.0,26.75183692251215,1.3816389621293272,1.3816389621293272
1762247489.0122876,-3.852893057554373,-0.7359508603176208,-1.506314414234172e-05,0.0,26.729356198920062,1.3837488350959453,1.3837488350959453
1762247489.038628,-3.86852679406668,-0.7392890739714091,-1.3432364088920057e-05,0.0,26.705613187814915,1.3848022350047868,1.3848022350047868
1762247489.0567117,-3.946600055928706,-0.7436671912582381,-2.363718733615408e-05,0.0,26.59796872111918,1.4008726475453652,1.4008726475453652
1762247489.0790389,-3.9845778142030492,-0.7477698722475807,-1.167269889405635e-05,0.0,26.54514449212087,1.4061328093301897,1.4061328093301897
1762247489.1006336,-4.061630335046264,-0.7482820886259519,-1.1518566444154452e-05,0.0,26.435388959229797,1.4230135878501449,1.4230135878501449
1762247489.1222312,-4.217424591608379,-0.7653458069106873,-1.2324168230126213e-05,0.0,26.193423516302285,1.43511551159977,1.43511551159977
1762247489.1436489,-4.356921278309942,-0.785604915610822,-0.0002519307382344888,0.0,25.965613208602186,1.4325717871836066,1.4325717871836066
1762247489.1664324,-4.465382238597729,-0.8037488048031762,-1.6132085466332583e-05,0.0,25.775256901502267,1.4216787370785664,1.4216787370785664
1762247489.1893466,-4.50622905537507,-0.804489639324496,-1.7251419290906846e-05,0.0,25.700012331691983,1.4220189010606694,1.4220189010606694
1762247489.2158937,-4.529862807386398,-0.8032309278987638,-1.0865822847567678e-05,0.0,25.661109672658238,1.4234769899964748,1.4234769899964748
1762247489.2376738,-4.564308886975615,-0.8058611760825883,-2.5565252781330464e-05,0.0,25.59482840288661,1.4205572543744995,1.4205572543744995
1762247489.2560427,-4.578483814993345,-0.8040057183331051,-8.871951811434582e-06,0.0,25.571167971383748,1.422092197057961,1.422092197057961
1762247489.278831,-4.598994095610822,-0.8061142501627122,-9.726060088749399e-06,0.0,25.537310023616246,1.4193122823971265,1.4193122823971265
1762247489.3035321,-4.619390198705629,-0.8097394270879554,-0.00024810518771317767,0.0,25.49334591063831,1.4147637949157374,1.4147637949157374
1762247489.3224733,-4.695761404695959,-0.8679004457331455,-0.00020074367441181594,0.0,25.362827060360065,1.3511337932271097,1.3511337932271097
1762247489.3424013,-4.755461069501026,-0.9176313104758427,-5.459138596821002e-05,0.0,25.2636552584576,1.2949740817330218,1.2949740817330218
1762247489.3730822,-4.788153457364731,-0.9568943484560783,-1.357009521895866e-09,0.0,25.220965564626336,1.2515686779157145,1.2515686779157145
1762247489.3999243,-4.788188861485785,-0.9524520560563329,-1.0547651726140361e-05,0.0,25.220067420340932,1.255957955839069,1.255957955839069
1762247489.4314604,-4.791851135405004,-0.9488011094822143,-1.3064019113457476e-09,0.0,25.201996715273495,1.2590125838946737,1.2590125838946737
1762247489.4494529,-4.799433059254188,-0.9418248328284167,-0.00017898161113242292,0.0,25.187824925494255,1.2647471631708835,1.2647471631708835
1762247489.473302,-4.804196140658802,-0.9369530578512434,-2.2267706711369982e-05,0.0,25.178744939528215,1.2688081508837794,1.2688081508837794
1762247489.491489,-4.8131668098282345,-0.9292990946163792,-0.0001790688946270984,0.0,25.16193536553355,1.2749023184673518,1.2749023184673518
1762247489.5150325,-4.8219061557846405,-0.9156139252469059,-1.0442893890060046e-05,0.0,25.143709596544422,1.2869085870648675,1.2869085870648675
1762247489.536258,-4.821988013754516,-0.8964074171846828,-0.0001870961627646276,0.0,25.138430402872643,1.3058075969942904,1.3058075969942904
1762247489.554665,-4.823052245978851,-0.873210956502241,-9.428058307344157e-06,0.0,25.131230180216612,1.3284513098828685,1.3284513098828685
1762247489.5830934,-4.83700977702796,-0.8662167205524396,-0.00017451561741621354,0.0,25.092143168322252,1.3327360083107378,1.3327360083107378
1762247489.6042514,-4.855473441262425,-0.8254055932136035,-1.1660338625641559e-09,0.0,25.046169202818348,1.3690371561444903,1.3690371561444903
1762247489.6318371,-4.860670582727096,-0.8221210684657979,-1.1512557532723094e-09,0.0,25.036834905057596,1.3711485203674871,1.3711485203674871
1762247489.6538246,-4.85286410779825,-0.8098551188186752,-8.58525643738138e-06,0.0,25.045186282822833,1.3847893757470913,1.3847893757470913
1762247489.6824763,-4.847450538255148,-0.8116220219034854,-0.00016206311544203717,0.0,25.05535511624573,1.3841865408071592,1.3841865408071592
1762247489.701513,-4.836116958053636,-0.8081600312451385,-8.691036877303285e-06,0.0,25.074090383648972,1.389863908046695,1.389863908046695
1762247489.7203124,-4.8250233037332455,-0.7999861410276347,-1.0806410227922301e-09,0.0,25.090830056619254,1.4000372284147056,1.4000372284147056
1762247489.751501,-4.797267104886331,-0.7986983638703058,-0.00015460265472510933,0.0,25.152738082903358,1.4063199933573256,1.4063199933573256
1762247489.7727242,-4.776544415940585,-0.8004921260440186,-8.218640577198158e-06,0.0,25.189355286917326,1.407919951200084,1.407919951200084
1762247489.7985554,-4.761962059544812,-0.801158373302743,-0.0001455480618681492,0.0,25.229166257115093,1.4094633012177622,1.4094633012177622
1762247489.823015,-4.7473649954277075,-0.7984585569746578,-7.395429512968608e-06,0.0,25.25180121055286,1.4141715121721468,1.4141715121721468
1762247489.8436465,-4.741424070073032,-0.7954609342390594,-4.713347830031935e-05,0.0,25.261399499794926,1.4179324603927885,1.4179324603927885
1762247489.8654082,-4.738769506955259,-0.79309679567568,-0.00013973397965666095,0.0,25.26547274658186,1.4206223505957087,1.4206223505957087
1762247489.8879287,-4.740709401625903,-0.7921799793326536,-8.880067803896368e-06,0.0,25.261921105931076,1.4212787901845703,1.4212787901845703
1762247489.9141138,-4.7457902814678885,-0.7914043532180126,-0.00013525946581329865,0.0,25.252962387757822,1.4213735890058927,1.4213735890058927
1762247489.940135,-4.786385091828521,-0.7903298861821122,-9.646480968067967e-06,0.0,25.16939138539415,1.4163853196029317,1.4163853196029317
1762247489.9622166,-4.815760982165476,-0.784066842795389,-8.117029200187338e-06,0.0,25.101826767781343,1.4174168147462243,1.4174168147462243
1762247489.9861739,-4.841638403301084,-0.7748832061085109,-8.645678971139047e-06,0.0,25.05252804145248,1.4213346086191199,1.4213346086191199
1762247490.0120368,-4.868777159561728,-0.7594341878252644,-0.00012710356701459296,0.0,24.98107252220589,1.4304251949494236,1.4304251949494236
1762247490.041221,-4.873386620268353,-0.7441120431199963,-0.0001299826696797887,0.0,24.965970119731274,1.4442261381099528,1.4442261381099528
1762247490.0717638,-4.88144020919915,-0.7452090303657777,-7.340627892654477e-06,0.0,24.95161099156796,1.4412060190880225,1.4412060190880225
1762247490.0961428,-4.8924775165026295,-0.7442054587719406,-0.00012020403850488323,0.0,24.933107788987375,1.4394138464890083,1.4394138464890083
1762247490.128023,-4.905729450010877,-0.7317450304296159,-8.390614685254566e-10,0.0,24.88035411510177,1.4478918679501718,1.4478918679501718
1762247490.1502876,-4.914309138054001,-0.729071635609749,-0.0001226476965589091,0.0,24.862813740324107,1.4480889371586882,1.4480889371586882
1762247490.1743665,-4.914597261171954,-0.7221521598152117,-6.80402427029021e-06,0.0,24.858583409334504,1.454646990737758,1.454646990737758
1762247490.1962197,-4.916147229452028,-0.6986303126141309,-4.67913021788589e-06,0.0,24.843413097668705,1.476738737781084,1.476738737781084
1762247490.2246525,-4.906188852907122,-0.6831548350262896,-0.00011151882492320506,0.0,24.85353626958853,1.4944274022117403,1.4944274022117403
1762247490.2410963,-4.901229642167426,-0.6644575745482973,-7.92240020620434e-06,0.0,24.852858670672273,1.5137630455413833,1.5137630455413833
1762247490.2663703,-4.885352078881437,-0.6639407162027481,-7.680304386177214e-10,0.0,24.883406967499305,1.5186824338037412,1.5186824338037412
1762247490.2848506,-4.798657080922238,-0.729904705420916,-2.6921795435888975e-05,0.0,25.132011765110256,1.4738165723826333,1.4738165723826333
1762247490.3044999,-4.701891581483204,-0.7947752696085996,-7.488658568038584e-10,0.0,25.34093444057919,1.4232788523760855,1.4232788523760855
1762247490.3248198,-4.673530124077526,-0.8007847836530382,-7.39415031048192e-10,0.0,25.39031534107826,1.41999197018899,1.41999197018899
1762247490.3504498,-4.691755768641513,-0.8035428117427642,-0.0001015165337326,0.0,25.359668222572967,1.4155778848472897,1.4155778848472897
1762247490.5343215,-4.974080520789758,-0.6949885965498056,-5.437407410575495e-06,0.0,24.68249580565169,1.4614947165097236,1.4614947165097236
1762247490.657233,-4.837834093917913,-0.5784018851290716,-5.963754520332386e-10,0.0,24.958232828121822,1.6136198599972786,1.6136198599972786
1762247490.689998,-4.765672303542767,-0.5592119649593492,-8.26618403965989e-05,0.0,25.139486613663838,1.64766422833718,1.64766422833718
1762247490.718955,-4.703801076455672,-0.5544302996699157,-0.00011360604208888881,0.0,25.27545251748169,1.6618031301879315,1.6618031301879315
1762247490.7369735,-4.693280887867572,-0.5066128082211481,-3.701754045720873e-06,0.0,25.284520761861568,1.7105582472071807,1.7105582472071807
1762247490.7542615,-4.680959265309984,-0.48470988297602197,-4.276042038237386e-06,0.0,25.303406402562924,1.7337684375435605,1.7337684375435605
1762247490.7771463,-4.647686992982411,-0.454277338763919,-5.8377604068728e-06,0.0,25.383651417330665,1.7674335315942862,1.7674335315942862
1762247490.8061974,-4.657859046768452,-0.4671082391827241,-7.886747397585852e-05,0.0,25.366054969430845,1.7537174477428468,1.7537174477428468
1762247490.8349247,-4.614727995700344,-0.45960963623489093,-4.585602340126312e-06,0.0,25.468452449349293,1.764604400919616,1.764604400919616
1762247490.8610303,-4.542688836190531,-0.49043551341971897,-4.54396719341803e-06,0.0,25.641829013337812,1.7362482728313005,1.7362482728313005
1762247490.8839622,-4.4693245998619195,-0.5346262812980325,-7.257233932293552e-05,0.0,25.78784565874948,1.6907461166246176,1.6907461166246176
1762247490.9125342,-4.429572608489966,-0.5655712534701197,-3.371142679284834e-05,0.0,25.86742788541321,1.6577224865845446,1.6577224865845446
1762247490.9417965,-4.395271364764398,-0.5919770153975139,-3.4693857815465164e-06,0.0,25.933994100019454,1.6288467757139655,1.6288467757139655
1762247490.9666128,-4.386702383878347,-0.6217941293374188,-4.93295909464531e-10,0.0,25.9428879197091,1.5984068814551693,1.5984068814551693
1762247490.9909256,-4.389357443823799,-0.6497364787708328,-2.9612262656086186e-06,0.0,25.934704419815898,1.57079369433633,1.57079369433633
1762247491.0153823,-4.389904084102322,-0.6766768782547438,-6.747495258669747e-05,0.0,25.93028190164935,1.5439929079029424,1.5439929079029424
1762247491.0338738,-4.397367701822964,-0.7024298343491202,-3.3923499957624464e-06,0.0,25.90478278940648,1.5189138477509498,1.5189138477509498
1762247491.053652,-4.407367117485308,-0.721740944171284,-6.670800988006282e-05,0.0,25.88603088882724,1.5004002851367253,1.5004002851367253
1762247491.0790803,-4.4147031353192325,-0.7378820236799012,-3.0129339655183417e-06,0.0,25.872154423253818,1.4848053594334527,1.4848053594334527
1762247491.1106794,-4.4255445282092145,-0.7521892964181252,-2.2822544171688822e-05,0.0,25.852878399029958,1.4712192321304953,1.4712192321304953
1762247491.142183,-4.435299160045756,-0.7646658664023392,-6.276520982331068e-05,0.0,25.835897365361916,1.4593286426133236,1.4593286426133236
1762247491.1691282,-4.44713463528924,-0.7807907720591598,-4.347024481370955e-10,0.0,25.806583562879744,1.4438320796383861,1.4438320796383861
1762247491.1958494,-4.453822609595018,-0.7937381090703705,-5.602764020581813e-06,0.0,25.794727368995414,1.4312072408201353,1.4312072408201353
1762247491.2196925,-4.453763997743419,-0.8027182339011838,-3.892098183904968e-06,0.0,25.794169869396082,1.4222332716409036,1.4222332716409036
1762247491.2393136,-4.456273546999203,-0.8162854812405211,-2.7225129152028984e-06,0.0,25.789143731053414,1.4087870892973537,1.4087870892973537
1762247491.2566957,-4.46459087867247,-0.8279358550566704,-2.5630799859231225e-06,0.0,25.77495006451364,1.3974790136688544,1.3974790136688544
1762247491.2759066,-4.467553863354402,-0.8361005036793716,-2.7223883496661533e-06,0.0,25.769661633580192,1.3894289998740021,1.3894289998740021
1762247491.2939432,-4.4687308521504825,-0.8498453416478329,-2.659920544187552e-06,0.0,25.766916142287663,1.3757345968342414,1.3757345968342414
1762247491.3136227,-4.474980926830366,-0.863824656836871,-6.171837051577634e-05,0.0,25.756104159761122,1.361971054066994,1.361971054066994
1762247491.3397775,-4.48005875832235,-0.8742157846065567,-0.00024035167172227029,0.0,25.74744122001985,1.351737369373447,1.351737369373447
1762247491.3615067,-4.485124667172638,-0.8848266878418147,-3.8234256364254315e-10,0.0,25.738841091494276,1.3412683818386162,1.3412683818386162
1762247491.380815,-4.4913391063471,-0.8969618952535015,-2.700753990031753e-06,0.0,25.729172922297074,1.329287272670076,1.329287272670076
1762247491.4110005,-4.494579725611458,-0.905483407645286,-2.9443156650296782e-06,0.0,25.724219305984466,1.3208380317496093,1.3208380317496093
1762247491.4344656,-4.496651460625935,-0.9112507942906787,-3.5952308881836403e-06,0.0,25.721047638439888,1.315113725140925,1.315113725140925
1762247491.4537108,-4.492863328247715,-0.9172882623978791,-2.4286458312688845e-06,0.0,25.726106777774987,1.3089992336388012,1.3089992336388012
1762247491.4759877,-4.492337103026991,-0.9215455375463073,-2.879063295044326e-06,0.0,25.726655112147498,1.3047314839104753,1.3047314839104753
1762247491.4953582,-4.494206993193662,-0.930504243676303,-4.9328424817298905e-05,0.0,25.72363536227988,1.2958144205310616,1.2958144205310616
1762247491.515074,-4.499235267116122,-0.9371447705182866,-9.266642235140676e-06,0.0,25.707826526070768,1.2892668359754926,1.2892668359754926
1762247491.5482433,-4.485978228880794,-0.9395520122783837,-2.397234990859261e-06,0.0,25.734776850649364,1.2865816217812143,1.2865816217812143
1762247491.568286,-4.4766624710303775,-0.9437188757482105,-2.1647656835371427e-06,0.0,25.749028905936296,1.2821646458721934,1.2821646458721934
1762247491.5865307,-4.470189104879125,-0.9492387589221846,-4.638756783149337e-05,0.0,25.75874518694234,1.2764469827461402,1.2764469827461402
1762247491.6114867,-4.4656959511468735,-0.9514914143825536,-2.4988416867600985e-06,0.0,25.7655531269351,1.2740443202231657,1.2740443202231657
1762247491.6328082,-4.459815818113431,-0.953393669518671,-4.488880659758339e-05,0.0,25.77450241647022,1.2719302116906122,1.2719302116906122
1762247491.6533003,-4.458772198163237,-0.9560248902002628,-2.5472488222396724e-06,0.0,25.775945559365752,1.269261294567318,1.269261294567318
1762247491.6732526,-4.460758934161566,-0.9550033637502126,-4.3709903234139945e-05,0.0,25.772951135839765,1.270356960601419,1.270356960601419
1762247491.6937582,-4.456539822119205,-0.9663887184225911,-4.3186807442051435e-05,0.0,25.778724097878143,1.25881896693139,1.25881896693139
1762247491.7123551,-4.4720317741938835,-0.9902326156515439,-2.849028424257852e-06,0.0,25.753659924205195,1.2355322064667498,1.2355322064667498
1762247491.7341137,-4.565433128414901,-1.095689556766286,-3.1452426323400846e-06,0.0,25.60086164785903,1.130752892745597,1.130752892745597
1762247491.7639954,-4.7431973458925665,-1.3147662857301665,-2.3550455235659903e-06,0.0,25.353999177674645,0.9017721229632172,0.9017721229632172
1762247491.784489,-4.795662760388594,-1.402857330548782,-4.2085403323755254e-05,0.0,25.292434496025372,0.808506445156102,0.808506445156102
1762247491.8093076,-4.796314513608965,-1.4353093633069114,-2.000507974068889e-06,0.0,25.29671845723502,0.7762043271527116,0.7762043271527116
1762247491.8317204,-4.775944152053171,-1.4618129513918083,-2.863904316333706e-10,0.0,25.32939676998269,0.7521456475532365,0.7521456475532365
1762247491.8533661,-4.757222131422541,-1.4928398745891194,-2.0187607534413625e-06,0.0,25.357935463846854,0.7231787821402028,0.7231787821402028
1762247491.8726213,-4.741446346031557,-1.5216956066594138,-3.094126058704489e-06,0.0,25.381753791320975,0.6959048081421443,0.6959048081421443
1762247491.8966436,-4.734786477845616,-1.5497981921785853,-2.154208362368835e-06,0.0,25.39336786335803,0.6684824269681067,0.6684824269681067
1762247491.9189808,-4.728134113177002,-1.5680996163376295,-4.6613090693582035e-05,0.0,25.403720181451906,0.6507932685587943,0.6507932685587943
1762247491.9378378,-4.741963299801267,-1.5914702722001757,-3.695311521597716e-05,0.0,25.388788779641875,0.6263505134672713,0.6263505134672713
1762247491.9537864,-4.751477048345167,-1.606399664828199,-3.84644830879941e-05,0.0,25.378543018453062,0.6106444066114196,0.6106444066114196
1762247491.9752848,-4.7609679871405906,-1.6204211310329615,-2.3212278426460866e-06,0.0,25.36833871293297,0.5958161009547658,0.5958161009547658
1762247491.9904091,-4.770319563919597,-1.6311373097951938,-3.666003735944809e-05,0.0,25.35802743322511,0.5842628386500899,0.5842628386500899
1762247492.008856,-4.77145039755699,-1.638539270458636,-1.609408383209463e-06,0.0,25.357506165081514,0.5767862956677258,0.5767862956677258
1762247492.030682,-4.772586066841536,-1.645321853342275,-4.1330704444935557e-05,0.0,25.35690938224714,0.5699256838337857,0.5699256838337857
1762247492.0475914,-4.76580612392737,-1.6515410251813547,-2.1488643895109605e-06,0.0,25.36593280420949,0.5643805441941996,0.5643805441941996
1762247492.064531,-4.758701089917057,-1.6544599876482482,-2.0688977775678624e-06,0.0,25.37494667038108,0.5621288652373404,0.5621288652373404
1762247492.0858922,-4.756682274204023,-1.6577180236241107,-2.682999833613487e-06,0.0,25.37776929953725,0.5590660984841618,0.5590660984841618
1762247492.113093,-4.755357561680184,-1.658301154658593,-3.3684371039510285e-05,0.0,25.379449216479745,0.558603714174368,0.558603714174368
1762247492.134349,-4.760187568575464,-1.6583117419445057,-3.345190448189134e-05,0.0,25.37355710692312,0.558157970592283,0.558157970592283
1762247492.151036,-4.7372325394598525,-1.6602691989959706,-1.9047617700159814e-06,0.0,25.401760194819374,0.5581892334797107,0.5581892334797107
1762247492.1715667,-4.725104631753996,-1.659426249465209,-1.708694409383577e-06,0.0,25.41712027489776,0.5599884409906534,0.5599884409906534
1762247492.1994648,-4.710418553593582,-1.6641851054087442,-1.8169475061222875e-06,0.0,25.435423761050462,0.5563219413135697,0.5563219413135697
1762247492.2236362,-4.700585138657487,-1.6696601783247151,-1.7441078142781198e-06,0.0,25.447821434465194,0.551531850672298,0.551531850672298
1762247492.2499678,-4.694894929946879,-1.6700422560018822,-3.610899080288839e-05,0.0,25.454759072862995,0.5515211701866944,0.5515211701866944
1762247492.271953,-4.695802520676419,-1.6746154450132573,-2.167684736407733e-10,0.0,25.454007652572447,0.5468992122905101,0.5468992122905101
1762247492.29106,-4.6895925588341,-1.6818960862445698,-1.736866519882859e-06,0.0,25.46206753971088,0.5400234224134438,0.5400234224134438
1762247492.3189883,-4.676764535345159,-1.6822105091249417,-1.684573232606319e-06,0.0,25.47758882539495,0.5404658360025633,0.5404658360025633
1762247492.3424554,-4.654004941856718,-1.6850477275569156,-0.00010890625657674998,0.0,25.505239679631543,0.5388116586372353,0.5388116586372353
1762247492.361735,-4.641670195549406,-1.6841227896541342,-2.0348787315804893e-10,0.0,25.52061088301316,0.5402885309309627,0.5402885309309627
1762247492.3896704,-4.628215772264771,-1.689330107690257,-3.351937714890653e-05,0.0,25.537057576852217,0.5356193254034228,0.5356193254034228
1762247492.4246967,-4.617739816132158,-1.6863265239271052,-2.756981467550342e-05,0.0,25.549546888361906,0.5389873808212022,0.5389873808212022
1762247492.4481223,-4.6103906032530775,-1.6885925734659495,-1.4209500926213536e-06,0.0,25.55847525581463,0.5369538050707608,0.5369538050707608
1762247492.4720318,-4.607974816903031,-1.6910240206180487,-1.9101456939611683e-10,0.0,25.56146358114697,0.5345947890222886,0.5345947890222886
1762247492.494056,-4.603880381237663,-1.6953740954520755,-2.6319387352261082e-05,0.0,25.566523356376333,0.5303620595891996,0.5303620595891996
1762247492.5178132,-4.608876141346519,-1.6949467431869467,-1.7531388859658811e-06,0.0,25.560514386897157,0.5306474114269875,0.5306474114269875
1762247492.541402,-4.611297011263935,-1.6891580772614696,-1.3790746449442808e-06,0.0,25.557404836637822,0.5363611834259194,0.5363611834259194
1762247492.5622559,-4.616119138877613,-1.6896175052928986,-2.93232567661731e-05,0.0,25.551621746299865,0.5357509719804802,0.5357509719804802
1762247492.6515157,-4.6344977954928375,-1.6858330292840162,-2.5848200296999884e-06,0.0,25.529338431386392,0.5388734729657981,0.5388734729657981
1762247492.6727974,-4.640110030458264,-1.6886098393503437,-2.4642073902894413e-05,0.0,25.522707965616263,0.5358710364336695,0.5358710364336695
1762247492.6970007,-4.642489882312495,-1.6856104674307661,-1.6412800313986026e-10,0.0,25.519695325123845,0.5387673336800483,0.5387673336800483
1762247492.720393,-4.638556455088801,-1.6868242280233605,-2.2938214107737327e-05,0.0,25.524494055109532,0.5377194399335348,0.5377194399335348
1762247492.7371645,-4.64010250860425,-1.6875492668100385,-2.3168374909269796e-05,0.0,25.522666153435683,0.5369310003048003,0.5369310003048003
1762247492.7555451,-4.637797682162587,-1.6895055337194487,-1.2371181067285282e-06,0.0,25.525534077822755,0.5350714457337701,0.5350714457337701
1762247492.7726073,-4.643840829217998,-1.6880706904828604,-1.3485297346202119e-06,0.0,25.518188947957867,0.5362513811163873,0.5362513811163873
1762247492.7926886,-4.640069785019783,-1.686709018904325,-2.1818837869837202e-05,0.0,25.522665257736584,0.5377718821017432,0.5377718821017432
1762247492.8171988,-4.63691085388395,-1.6861776398393749,-2.2969350232207507e-05,0.0,25.526446467012843,0.5384326172115433,0.5384326172115433
1762247492.842757,-4.643273835268144,-1.6877435582508595,-2.1703509371606132e-05,0.0,25.518855682144896,0.5366026288857491,0.5366026288857491
1762247492.865536,-4.6382397191615246,-1.6882346031009516,-1.1105998248810794e-06,0.0,25.524942161917966,0.5363232506107894,0.5363232506107894
1762247492.8917427,-4.631300848886623,-1.6870863092836093,-2.0536641465691753e-05,0.0,25.533246141897575,0.5377454604755497,0.5377454604755497
1762247492.9107182,-4.626994578125237,-1.6877928487133005,-9.340014774029826e-07,0.0,25.53846218349118,0.5372004519015348,0.5372004519015348
1762247492.93031,-4.6240207145336605,-1.6853014491264287,-9.850045097609018e-07,0.0,25.541940421550915,0.5397972315868462,0.5397972315868462
1762247492.9525545,-4.6180261705450905,-1.6830979025495854,-1.2997442866485703e-06,0.0,25.54907822142728,0.5422047906698876,0.5422047906698876
1762247492.9678931,-4.612174762383112,-1.6812193633431631,-1.588918465532776e-06,0.0,25.556065044398355,0.5442693263964734,0.5442693263964734
1762247492.9850366,-4.606862339297848,-1.6805601891580593,-1.9184485090899767e-06,0.0,25.562450554514893,0.5450864008248318,0.5450864008248318
1762247493.0131888,-4.609070048292188,-1.6801723655872511,-9.725797489694663e-07,0.0,25.55977379197528,0.5454096476266572,0.5454096476266572
1762247493.0314522,-4.6105130671738275,-1.6837331318735196,-2.252346097794382e-05,0.0,25.558157686760048,0.5418073640147636,0.5418073640147636
1762247493.0496542,-4.608051938779832,-1.6856649083679125,-1.8796215052799615e-05,0.0,25.56118913850107,0.5399493870086327,0.5399493870086327
1762247493.0770454,-4.604049066841114,-1.6855164103785567,-1.828907407495873e-05,0.0,25.56600423464525,0.540211377618666,0.540211377618666
1762247493.0993788,-4.600098766416406,-1.6878680305969442,-1.7918374603425818e-05,0.0,25.570832250802315,0.5379664855317129,0.5379664855317129
1762247493.1224484,-4.60017990614017,-1.6893787038893902,-1.3042763067123416e-06,0.0,25.570780696556508,0.5364542120097063,0.5364542120097063
1762247493.1465764,-4.6049769707660655,-1.688823509654297,-9.99599004322827e-07,0.0,25.564994739180126,0.5368798024015946,0.5368798024015946
1762247493.1673386,-4.604579945974979,-1.686817518122596,-1.3513188953577602e-06,0.0,25.56540721387408,0.5388960719092617,0.5388960719092617
1762247493.2025065,-4.604766241532384,-1.6870445295989187,-1.0635545296359983e-06,0.0,25.565190377042573,0.5386639664178211,0.5386639664178211
1762247493.2184494,-4.61043246261611,-1.6871375775152924,-9.342082262190647e-07,0.0,25.558374029952887,0.5384068865501762,0.5384068865501762
1762247493.2509856,-4.61582858262632,-1.6838630592027652,-1.608462270176061e-05,0.0,25.55175631436684,0.5415117942280655,0.5415117942280655
1762247493.2687275,-4.62542580030564,-1.681844029164174,-1.1518500176832102e-10,0.0,25.540103430121913,0.5432022690549357,0.5432022690549357
1762247493.2916224,-4.628165932642376,-1.6850995428546125,-1.7860331740502027e-05,0.0,25.536936746360716,0.5398488357416452,0.5398488357416452
1762247493.322873,-4.635597836404398,-1.6853278261730769,-9.278750488322338e-07,0.0,25.527989509402712,0.5393345533698614,0.5393345533698614
1762247493.341411,-4.6411699266260955,-1.6841378809993386,-1.5661635377513845e-05,0.0,25.52121497342889,0.5402946077373898,0.5402946077373898
1762247493.3603911,-4.647286686426402,-1.6832158457713071,-9.254369320429809e-07,0.0,25.513789975538426,0.5409502739642545,0.5409502739642545
1762247493.3839025,-4.6452251148259736,-1.6898304154210304,-1.1366399282016765e-06,0.0,25.51661001443048,0.5344331900825654,0.5344331900825654
1762247493.407296,-4.642491131888293,-1.6890750508517869,-1.6587123114930847e-05,0.0,25.519863713121364,0.535305849376908,0.535305849376908
1762247493.4285805,-4.64966613308342,-1.6910960772396573,-1.119437215456433e-06,0.0,25.511330157948613,0.5329708968754673,0.5329708968754673
1762247493.4501436,-4.658602589870344,-1.691860344152386,-1.3749322160786287e-06,0.0,25.50009642074404,0.5317857697418683,0.5317857697418683
1762247493.4751148,-4.667884950547923,-1.691746035330433,-8.524330917565837e-07,0.0,25.488918590610897,0.531428474159208,0.531428474159208
1762247493.5003376,-4.672042154272377,-1.6915647049158904,-1.7513535287856897e-05,0.0,25.48390308261881,0.5313872895380374,0.5313872895380374
1762247493.516745,-4.672395350409401,-1.6880073251185834,-7.76710586438634e-07,0.0,25.4832459721063,0.5349201875971102,0.5349201875971102
1762247493.5513842,-4.673266729288049,-1.6902531491127306,-7.947427776031022e-07,0.0,25.482343023559327,0.5326300925649511,0.5326300925649511
1762247493.5714667,-4.675046245442732,-1.6891107769872393,-7.969643660481071e-07,0.0,25.48012396462364,0.5336725402993797,0.5336725402993797
1762247493.5895386,-4.677268177837227,-1.6898894463295404,-3.618349310701293e-06,0.0,25.477499161291444,0.5327707163432029,0.5327707163432029
1762247493.6133578,-4.680266352878646,-1.6914887318083196,-1.309699697699298e-05,0.0,25.473997281707664,0.5310031627955881,0.5310031627955881
1762247493.631946,-4.686272632645429,-1.6891148481451876,-1.2808359996928923e-05,0.0,25.466596272486658,0.5330197863497687,0.5330197863497687
1762247493.6639612,-4.685355681763794,-1.688309690237014,-1.1724015462300847e-06,0.0,25.467644092327422,0.53387838220855,0.53387838220855
1762247493.6828945,-4.688703977632352,-1.6887684651984536,-5.89490029014287e-06,0.0,25.46364105148678,0.5332183979696823,0.5332183979696823
1762247493.71376,-4.690892874520599,-1.6877327796529018,-7.845614382429888e-06,0.0,25.460926541579244,0.5341175993054242,0.5341175993054242
1762247493.7371135,-4.693506528210952,-1.6886021907620858,-8.610219456091795e-11,0.0,25.45783990227473,0.5330867315237547,0.5330867315237547
1762247493.771478,-4.700048147190022,-1.6914307915923212,-8.394856485579184e-11,0.0,25.45017331398279,0.5298439174620532,0.5298439174620532
1762247493.8320827,-4.69879975262229,-1.6904871306511697,-1.1620105331081528e-05,0.0,25.451604114261887,0.5308670250431634,0.5308670250431634
1762247493.8752818,-4.700766744026858,-1.6903076456630457,-1.1303298894121965e-05,0.0,25.449220462121684,0.5309174669756699,0.5309174669756699
1762247493.9069269,-4.709874593214683,-1.6936372456205406,-3.975490001598501e-05,0.0,25.438519177729013,0.5269798673311911,0.5269798673311911
1762247493.9284272,-4.71235284436917,-1.6933949283994283,-1.0754802828581588e-05,0.0,25.435516569704035,0.5270484132484301,0.5270484132484301
1762247494.072372,-4.758904917543887,-1.6872117797471353,0.05657766634281192,0.0,25.378268793194568,0.529491814641112,0.529491814641112
1762247494.1072578,-4.767615908469972,-1.6893177714802856,0.13089704651137427,0.0,25.367992252590145,0.5265998016409391,0.5265998016409391
1762247494.1311512,-4.7818643662722256,-1.6947954131462124,0.24344195805979035,0.0,25.35145942151864,0.5197822622743871,0.5197822622743871
1762247494.2346115,-4.734614262013751,-1.6950994321586825,0.5564554098119584,0.0,25.408340890184334,0.5236824264404669,0.5236824264404669
1762247494.2547193,-4.745101371497595,-1.697740998128184,0.5981688205062106,0.0,25.395989417587387,0.5201958951984391,0.5201958951984391
1762247494.2760825,-4.746902713906297,-1.69824428954052,0.5497633073385554,0.0,25.393875335848275,0.5195433350813488,0.5195433350813488
1762247494.2954597,-4.731595812613828,-1.6975535538827602,0.7882531837859578,0.0,25.41273433960132,0.521473415187946,0.521473415187946
1762247494.320625,-4.733790923926159,-1.697745319172501,0.7907805003482848,0.0,25.410113741487685,0.5211100031420847,0.5211100031420847
1762247494.3422697,-4.711265286056688,-1.6989936246862247,0.6184689205473504,0.0,25.437286258038124,0.5215397028668894,0.5215397028668894
1762247494.372169,-4.711426020100767,-1.6995785469213966,0.8023403465966068,0.0,25.43714127998071,0.5209449866836854,0.5209449866836854
1762247494.4332268,-4.678450933393064,-1.701199363130496,0.8956715872519433,0.0,25.47683926842393,0.5214120299231638,0.5214120299231638
1762247494.6189413,-4.554669591144467,-1.7477154663805694,1.196785186416436,0.0,25.62642679807141,0.47890289528374597,0.47890289528374597
1762247494.6535294,-4.548486227435346,-1.753764639901104,1.2134501625946066,0.0,25.633728928916184,0.47289761024831667,0.47289761024831667
1762247494.6826458,-4.523019062867483,-1.7672718133180974,1.2377423494531918,0.0,25.663518839902306,0.45941979883404954,0.45941979883404954
1762247494.7093372,-7.354581101208177,-1.1852465852538538,1.2529514128018777,0.0,22.878330639864366,-0.6425473914950143,0.6425473914950143
1762247494.7283092,-7.6251849619125665,-1.1568591126751329,1.2717815078601775,0.0,22.75417691905367,-0.8683381610678474,0.8683381610678474
1762247494.7505805,-7.655482948264774,-1.1277592518090378,1.2940895242093815,0.0,22.725463906951468,-0.8824123492529852,0.8824123492529852
1762247494.7763734,-7.622162897937835,-1.0923313655961306,1.344632912848283,0.0,22.71118631400031,-0.8368841596766956,0.8368841596766956
1762247494.803206,-7.582084354015551,-1.0475243517754027,1.3472041827070718,0.0,22.692943682451887,-0.7812740106704417,0.7812740106704417
1762247494.827893,-7.559185028928738,-1.0164691064370845,1.3604247959734797,0.0,22.678409257886532,-0.7472228296339535,0.7472228296339535
1762247494.8605256,-7.539066740167832,-0.9842231436535885,1.3725693441421185,0.0,22.661884351460504,-0.7152802844148158,0.7152802844148158
1762247494.8836627,-7.517700276406905,-0.9251283929746018,1.381174332679993,0.0,22.627294398825875,-0.6711933295704187,0.6711933295704187
1762247494.9131436,-7.511965846670717,-0.9089080417230586,1.395535312514721,0.0,22.617876533278658,-0.6593164412109417,0.6593164412109417
1762247494.9514194,-7.509361663742612,-0.841954984194745,1.4915352961566941,0.0,22.568171278398427,-0.6301759899253346,0.6301759899253346
1762247494.9735956,-7.493506577203672,-0.7982992275759722,1.524230659289137,0.0,22.540318616374968,-0.59869334206263,0.59869334206263
1762247494.9974,-7.4824889286378,-0.7680795376259679,1.533563069048147,0.0,22.521766598469334,-0.5770765802880153,0.5770765802880153
1762247495.026907,-7.45091057940529,-0.7008142071939939,1.6374626423361633,0.0,22.479300372935867,-0.523024261455644,0.523024261455644
1762247495.059901,-7.4365773174271625,-0.663991454621156,1.6747082620921652,0.0,22.45457498020096,-0.49655320340685294,0.49655320340685294
1762247495.0780718,-7.407668512213027,-0.6093916223832357,1.6542257968238336,0.0,22.419427082520162,-0.45060650331264096,0.45060650331264096
1762247495.1035924,-7.386361030919263,-0.5539783688919846,1.6237659412663317,0.0,22.380784580105797,-0.41213814928893094,0.41213814928893094
1762247495.1237867,-7.363120405292266,-0.5134698552051409,1.5914083050797403,0.0,22.353717940367815,-0.37716178150725727,0.37716178150725727
1762247495.157257,-7.334265289240835,-0.43007343756233757,1.5879224985619615,0.0,22.29123078804438,-0.3243039779848894,0.3243039779848894
1762247495.1795583,-7.31184639596297,-0.3637444814272082,1.7801316197387027,0.0,22.23969247526571,-0.28395905557559087,0.28395905557559087
1762247495.2118273,-7.271890002775136,-0.28648142414670374,1.784381793001951,0.0,22.18129923342427,-0.22496875718679107,0.22496875718679107
1762247495.2341857,-7.214970449046248,-0.1975653671060258,1.7988668137897224,0.0,22.113504162087246,-0.14820207735904165,0.14820207735904165
1762247495.2561817,-7.196082778927572,-0.16210212320097514,1.804054768176699,0.0,22.084660620857353,-0.12182728985587372,0.12182728985587372
1762247495.2807527,-7.169381632530922,-0.12055084110752719,1.8530919808745394,0.0,22.05107625474263,-0.08687523731513802,0.08687523731513802
1762247495.3069983,-7.12965274466757,-0.058504237973382764,1.8735186156110122,0.0,21.99930106106148,-0.035661264671142535,0.035661264671142535
1762247495.3365703,-7.075154270433326,0.016386228181684916,2.0124181287329206,0.0,21.93525493979941,0.031198327229171915,0.031198327229171915
1762247495.3577268,-7.038237972699495,0.07229028725881274,2.0759235087778953,0.0,21.88475512781004,0.07635156243764658,0.07635156243764658
1762247495.3807979,-6.9987686311381605,0.09841024001670037,2.114672215688046,0.0,21.86375506331035,0.11913401149904575,0.11913401149904575
1762247495.3979976,-6.951296601532619,0.140661839326086,2.1822636664575352,0.0,21.826099619442893,0.17174826569677187,0.17174826569677187
1762247495.419929,-6.925586008165027,0.18651330179772987,2.2235024396553813,0.0,21.780379370783375,0.20261103400125285,0.20261103400125285
1762247495.4427025,-6.885252205175719,0.22890965904797012,2.2347879549985508,0.0,21.738836649082142,0.24698941360223364,0.24698941360223364
1762247495.4896045,-6.760369298152966,0.2943462508904983,2.1579561387586725,0.0,21.67666469850923,0.37678074823934365,0.37678074823934365
1762247495.5072832,-6.69850891201458,0.33167445683038677,2.107421067720307,0.0,21.637632122344478,0.4408607297233139,0.4408607297233139
1762247495.5287838,-6.684502019269268,0.35069637005771453,2.0645861870267006,0.0,21.61591962096249,0.45582985544986004,0.45582985544986004
1762247495.5493765,-6.623072567074657,0.42791610070860575,2.0010569394627824,0.0,21.52461222302967,0.5196332943552454,0.5196332943552454
1762247495.579606,-6.576159898799451,0.4745739549158418,1.9474464587590956,0.0,21.46671447202222,0.5667419698183802,0.5667419698183802
1762247495.628508,-6.4578254760482645,0.560712268319421,1.7758698825586738,0.0,21.35259194073377,0.6827807887442628,0.6827807887442628
1762247495.6508558,-6.422241293772131,0.5884602672357696,1.7173692309969348,0.0,21.31255787967263,0.7168323735549704,0.7168323735549704
1762247495.6934524,-6.363115852316438,0.6363198013642497,1.5256956663705978,0.0,21.24380243279544,0.7723443725542654,0.7723443725542654
1762247495.7138183,-6.333162708232955,0.6824110180824524,1.5309915842776507,0.0,21.17661174774758,0.7977490944377895,0.7977490944377895
1762247495.7326343,-6.296006398064491,0.7179893499949228,1.3360089576617848,0.0,21.12317776916492,0.8305211396557579,0.8305211396557579
1762247495.7510066,-6.282391446546397,0.7552620417507337,1.2014569728728886,0.0,21.068415630787317,0.8390085970270396,0.8390085970270396
1762247495.7717793,-6.264536363906271,0.7663179950123943,0.712341199768403,0.0,21.050042119120675,0.85505536061035,0.85505536061035
1762247495.7974377,-6.2450048514127054,0.7637829231350918,-0.0001690859851569384,0.0,21.04956204092224,0.8747464334477784,0.8747464334477784
1762247495.820115,-6.21501103777642,0.777199996983455,-0.00016554424216247445,0.0,21.0250584572546,0.9023235185349568,0.9023235185349568
1762247495.8418002,-6.199089846430858,0.7805915261659705,0.05421507327441155,0.0,21.017432274299555,0.9175026986790579,0.9175026986790579
1762247495.8620977,-6.179011587933349,0.7943181237451011,0.4003030965091706,0.0,20.990697710619816,0.9350503984676614,0.9350503984676614
1762247495.8833227,-6.151839588393027,0.7913220072515862,0.48561270291677455,0.0,20.988431085288227,0.9623384222633138,0.9623384222633138
1762247495.9103823,-6.129600561489043,0.8003858707672554,0.5313465871484782,0.0,20.970372114853177,0.9826861063060827,0.9826861063060827
1762247495.9338703,-6.110338710017506,0.8060920436970879,0.5471673958420517,0.0,20.957545260041552,1.0006318620786603,1.0006318620786603
1762247495.9544518,-6.085870205203513,0.8171577310214116,0.5566892591985887,0.0,20.93560051076805,1.0226622074865852,1.0226622074865852
1762247495.97684,-6.075565159648957,0.8197086137292096,0.5473819261223629,0.0,20.929259428100966,1.0323053024010072,1.0323053024010072
1762247496.0029979,-6.063626809608497,0.8336143463806043,0.504334660638359,0.0,20.902418617756783,1.0413410940792271,1.0413410940792271
1762247496.0281248,-6.061068905810637,0.8366919310363566,0.5029211775538939,0.0,20.897317316034144,1.0432417456659466,1.0432417456659466
1762247496.0522513,-6.047493943129169,0.8378965011806454,0.4433570692122919,0.0,20.891688654227003,1.0563055218814679,1.0563055218814679
1762247496.0756743,-6.038331868069782,0.8371437700323493,0.42710282641472697,0.0,20.89009977254389,1.065432832635003,1.065432832635003
1762247496.0990348,-6.024116718587754,0.8179877198995867,0.38936670211250474,0.0,20.918909484885837,1.083138937353804,1.083138937353804
1762247496.1271539,-6.018078885665441,0.8055136782833726,0.3495882700479751,0.0,20.934331485353677,1.0914354834453515,1.0914354834453515
1762247496.155402,-6.009531649047852,0.7847532773687128,0.3603366791572263,0.0,20.962402908958648,1.1036294924787189,1.1036294924787189
1762247496.1732347,-6.003081623379306,0.7835262572426932,0.31607857422463487,0.0,20.962525422658565,1.110194927979231,1.110194927979231
1762247496.1935513,-5.9993173894475555,0.7861923148616035,0.30975313728165743,0.0,20.957619009494465,1.113422202969994,1.113422202969994
1762247496.2256994,-5.997909971006709,0.7805888173029233,0.30477871062711165,0.0,20.96550316613448,1.1158055910268607,1.1158055910268607
1762247496.2458994,-5.9930263947170666,0.7764246681199147,-0.00016104817193997084,0.0,20.970381653053405,1.121346002142701,1.121346002142701
1762247496.2712648,-5.9941204675720465,0.7669407508798971,-0.00014972375565216217,0.0,20.984690191506512,1.1219074104459503,1.1219074104459503
1762247496.295618,-5.995038402995067,0.7602277233351967,-0.0007239092203394159,0.0,20.994865706894853,1.1221349906859135,1.1221349906859135
1762247496.3201475,-5.9907576720839675,0.7749675098179257,-0.0001446716586887749,0.0,20.97194926455859,1.1238346895669156,1.1238346895669156
1762247496.3477979,-5.986881893617213,0.7978718862916976,-0.0004251219198325219,0.0,20.937103511604278,1.1235110236639259,1.1235110236639259
1762247496.3655367,-5.983147616465157,0.8106063566445741,-0.00014390409796877514,0.0,20.91248735184205,1.1247601046929248,1.1247601046929248
1762247496.390018,-5.9803191712253,0.8274289010738555,-0.00013486820587429036,0.0,20.88702263403621,1.1242143567737999,1.1242143567737999
1762247496.4880278,-5.9689448407274766,0.9099332912402622,-0.00012567504358890425,0.0,20.75933838746044,1.1170197359821152,1.1170197359821152
1762247496.5087612,-5.971591789401013,0.9150499716014825,-0.0001626617174950979,0.0,20.752947318888168,1.113211301642544,1.113211301642544
1762247496.526591,-5.967940600394858,0.9237259954792556,-1.749197305229988e-08,0.0,20.739254758739936,1.1146197117493664,1.1146197117493664
1762247496.5504553,-5.969052185905421,0.9343178054435233,-0.002430840102514332,0.0,20.72500538941653,1.1108948224495911,1.1108948224495911
1762247496.5730782,-5.972124743146465,0.9455193510896454,-0.0024212078296142136,0.0,20.705662591020015,1.1050685754914358,1.1050685754914358
1762247496.6856704,-5.97063119584846,0.9822849299605362,-0.00016750050910042456,0.0,20.653441501122515,1.096759020532173,1.096759020532173
1762247496.7092054,-5.968928818933254,0.9892843689772711,-1.5616438453144865e-08,0.0,20.642998307942136,1.0964722343542685,1.0964722343542685
1762247496.7357125,-5.9714877835334095,0.9919793213575039,-0.0001108690670353618,0.0,20.64025213865302,1.0932672110167811,1.0932672110167811
1762247496.8520563,-5.976594271801575,1.0090334723234906,-9.299395339817492e-05,0.0,20.61932192294656,1.0835818818674683,1.0835818818674683
1762247496.8733158,-5.9765178276950905,1.0223368998261486,-0.00047427011034690354,0.0,20.596619255909996,1.07984065427414,1.07984065427414
1762247496.8984363,-5.9783226599928465,1.0243384503001765,-1.3762436960884639e-08,0.0,20.594620180486686,1.077533393313239,1.077533393313239
1762247496.9162345,-5.97735842316051,1.0429020267512699,-0.0019322046470510923,0.0,20.568809239781277,1.0730001379642473,1.0730001379642473
1762247496.9406574,-5.977649816561225,1.0427602904249056,-0.008839935513560942,0.0,20.569125780751573,1.072764139999236,1.072764139999236
1762247496.9611084,-5.977260702212874,1.064428487382958,-1.3247961796157559e-08,0.0,20.539476062890945,1.0665911951035525,1.0665911951035525
1762247496.9816024,-5.974495248619321,1.0806447665986836,-0.0018640962531084686,0.0,20.51306702591644,1.0641961786819154,1.0641961786819154
1762247497.0052648,-5.972328289430828,1.093401183976863,-0.00010176915085527336,0.0,20.494930829061918,1.0622228192125003,1.0622228192125003
1762247497.0331666,-5.972165569761922,1.1077396988657218,-0.00010749722656385012,0.0,20.475631430763222,1.0577695149187363,1.0577695149187363
1762247497.0545387,-5.972457600541582,1.1290427280897157,-0.0001054598718985424,0.0,20.44734577648923,1.0505014963502037,1.0505014963502037
1762247497.095999,-5.970863390016555,1.1496071069383245,-1.2264252293413269e-08,0.0,20.41967272999128,1.0450867185225643,1.0450867185225643
1762247497.1327634,-5.962870616610808,1.1628462129469401,-0.0017070202853167978,0.0,20.395030213754595,1.0480462447681336,1.0480462447681336
1762247497.1567268,-5.967805391195489,1.1717015618305249,-0.002082039040944336,0.0,20.38578378971642,1.0403399058336749,1.0403399058336749
1762247497.185892,-5.970762289800787,1.1836654701554654,-0.001653102729180691,0.0,20.37155217974334,1.0333707274395136,1.0333707274395136
1762247497.226016,-5.969925886065714,1.2062948558037514,-9.50263835984135e-05,0.0,20.341639278869067,1.0260655564830166,1.0260655564830166
1762247497.2525725,-5.965651424337046,1.2178671200821298,-0.0015190526647844516,0.0,20.32448903740152,1.0258353665018212,1.0258353665018212
1762247497.2722478,-5.960669012513048,1.232145033293495,-9.301031361969643e-05,0.0,20.30084201871147,1.025193073061387,1.025193073061387
1762247497.2887068,-5.961534233842007,1.2442597058297689,-7.752137662718885e-05,0.0,20.285742201936415,1.019856958220963,1.019856958220963
1762247497.313495,-5.963050497498355,1.2505873871042044,-0.005495871292194842,0.0,20.27843695401081,1.0160652419308234,1.0160652419308234
1762247497.338101,-5.958856627952091,1.2551607995570175,-8.691819439068628e-05,0.0,20.270409303388796,1.0182103165525755,1.0182103165525755
1762247497.3617315,-5.95758836547632,1.2678986416765174,-9.181843885442386e-05,0.0,20.25351683447457,1.0145058040004016,1.0145058040004016
1762247497.3867574,-5.957313411093352,1.2779512508203885,-8.98426527807093e-05,0.0,20.24061878643658,1.0108706022048792,1.0108706022048792
1762247497.4134994,-5.957423868159729,1.2818899632889829,-9.44449995794411e-05,0.0,20.235694113087973,1.0092357731586454,1.0092357731586454
1762247497.4335332,-5.954536989453516,1.2972419478865687,-0.0017009588917952637,0.0,20.212469898841558,1.005861881467903,1.005861881467903
1762247497.453833,-5.9546797851672695,1.297982233257505,-0.001468102944569874,0.0,20.211619733813286,1.0054378892233546,1.0054378892233546
1762247497.473307,-5.9544857963439455,1.2932170724073198,-0.005654821627243171,0.0,20.219915390866795,1.0074983446615091,1.0074983446615091
1762247497.4964116,-5.953058851671029,1.2960918597359585,-0.003570962257024848,0.0,20.21311243492817,1.0076743014747518,1.0076743014747518
1762247497.5283039,-5.9541310171339346,1.2964945070189131,-8.478458180869755e-05,0.0,20.2131871460186,1.0065302945148993,1.0065302945148993
1762247497.5562577,-5.953104869274672,1.3060053826733857,-7.388982910066109e-05,0.0,20.20073191010291,1.0036969875664625,1.0036969875664625
1762247497.5776331,-5.955147022330111,1.308636786973982,-0.0012652283642056027,0.0,20.19855625011587,1.0007747432331189,1.0007747432331189
1762247497.6039963,-5.955558061824717,1.3226655017631221,-0.005700957423234503,0.0,20.18133123807608,0.9947669868954861,0.9947669868954861
1762247497.6307745,-5.9545763614344915,1.3156906917264002,-8.728067949805018e-09,0.0,20.189459753669865,0.9984736815529955,0.9984736815529955
1762247497.6520283,-5.9504200458308425,1.3177941766373535,-6.19575936276537e-05,0.0,20.184576120522895,1.00143306996283,1.00143306996283
1762247497.6743274,-5.9488424044416615,1.3295306265994746,-0.00010681126833347617,0.0,20.169144333703123,0.9981243930339448,0.9981243930339448
1762247497.694826,-5.945310743974861,1.3304786306101302,-6.611243644926762e-05,0.0,20.16602764054534,1.0009638744805271,1.0009638744805271
1762247497.724144,-5.947446778518981,1.329780246176033,-6.427365545979095e-05,0.0,20.168068098572544,0.9992976256455884,0.9992976256455884
1762247497.7422626,-5.951964851653358,1.3169636330820205,-0.0011352484406368562,0.0,20.186452661720985,1.00035332548314,1.00035332548314
1762247497.7638443,-5.949464131416684,1.3116098810354588,0.06827045462229384,0.0,20.191756811700607,1.0047937263436977,1.0047937263436977
1762247497.7924674,-5.95400238950046,1.3099320972757595,-9.008397128513888e-05,0.0,20.19631923304856,1.0013066916005244,1.0013066916005244
1762247497.813869,-5.950517523223303,1.318450210893996,-5.429898397724487e-05,0.0,20.18381346758731,1.0010795279443698,1.0010795279443698
1762247497.8421106,-5.9482217749323905,1.3333474835922159,-6.441445647905144e-05,0.0,20.164078857192155,0.9971358296293602,0.9971358296293602
1762247497.8639169,-5.944701764429213,1.3394346400750219,-0.00010343189288765579,0.0,20.154613142557086,0.9978554929293721,0.9978554929293721
1762247497.8877635,-5.946690465739582,1.3389920853626907,-0.0010735326486743424,0.0,20.156258712910564,0.9962235782441452,0.9962235782441452
1762247497.90822,-5.945805836478087,1.3427649016461474,-0.0010221241214687683,0.0,20.15111298332268,0.9954801274972893,0.9954801274972893
1762247497.9251313,-5.951105330654686,1.3334329684391266,-0.0010231868828925181,0.0,20.16555908479472,0.9944682590357264,0.9944682590357264
1762247497.947272,-5.955071147028304,1.3224440690076098,-0.0010037941406926944,0.0,20.181340087938416,0.9953018532653989,0.9953018532653989
1762247497.972395,-5.953785059828757,1.327557744070877,-0.001010737603677653,0.0,20.17429850668201,0.9944091050470291,0.9944091050470291
1762247497.9894152,-5.9545775137711034,1.3324286833878183,-5.564589087930395e-05,0.0,20.168706582592463,0.9917063101700874,0.9917063101700874
1762247498.0100355,-5.952655044333049,1.3403706151271362,-5.515931692727684e-05,0.0,20.157847428030532,0.9902181165795103,0.9902181165795103
1762247498.0335975,-5.949271258419252,1.3441734931129343,-6.0690725111022783e-05,0.0,20.15129317981492,0.9917420651312747,0.9917420651312747
1762247498.055561,-5.948787141302173,1.3483869845381349,-4.770782398758941e-05,0.0,20.145836646473576,0.9904465884720242,0.9904465884720242
1762247498.0758753,-5.951220404625007,1.3523875822769507,-0.000954889341810577,0.0,20.14226600804429,0.9865774133048545,0.9865774133048545
1762247498.0995033,-5.945658178837231,1.3628450658577598,-5.1952867201036946e-05,0.0,20.12633753252055,0.9872877500524682,0.9872877500524682
1762247498.1227064,-5.944554879568518,1.3707057691556486,-5.349686048603513e-05,0.0,20.11407893255239,0.9849943445284977,0.9849943445284977
1762247498.1462414,-5.9420841639096516,1.3865752720200326,-0.000897542973250957,0.0,20.093359047475744,0.9805185775048884,0.9805185775048884
1762247498.1661294,-5.942337589844122,1.4067353768383926,-5.025396794416034e-05,0.0,20.06910217440332,0.9716449856073703,0.9716449856073703
1762247498.1874847,-5.939407903336409,1.4278219546958926,-0.0008715734130342514,0.0,20.042031942919078,0.9651046128938551,0.9651046128938551
1762247498.2213032,-5.9440454172523465,1.4421940973979026,-4.386498732983705e-05,0.0,20.027522356401036,0.9546107741990976,0.9546107741990976
1762247498.2365875,-5.944911382266441,1.4390540297080245,-0.0009945537663642425,0.0,20.03178190250783,0.955220984670105,0.955220984670105
1762247498.254364,-5.9411834451754375,1.4428406743460174,-4.321588109924721e-05,0.0,20.025074429627598,0.9568910182631454,0.9568910182631454
1762247498.2814796,-5.940286582931782,1.42853084397325,-0.0008288147294714871,0.0,20.041692590936837,0.9640040146041575,0.9640040146041575
1762247498.3013353,-5.942845635753884,1.4203478647776626,-4.872616326950399e-05,0.0,20.053005834130616,0.9652811449530947,0.9652811449530947
1762247498.3245504,-5.948780646536566,1.378703556684327,-0.0008686024405155724,0.0,20.106733340302263,0.9777918235863642,0.9777918235863642
1762247498.3456378,-5.944042091782778,1.3675954126781154,-5.315542538562141e-05,0.0,20.119613535936523,0.9867663780823561,0.9867663780823561
1762247498.5198843,-5.839469034237834,1.2199714505143857,-3.751508693404785e-05,0.0,20.252215640261984,1.1419717330051247,1.1419717330051247
1762247498.6639686,-5.712758974876068,1.2169366603663963,-4.543700675690293e-09,0.0,20.179869381623718,1.2595842791524796,1.2595842791524796
1762247498.6813638,-5.701092059404736,1.1935331715889401,-0.0008190646776469339,0.0,20.204745012344315,1.2796539507292137,1.2796539507292137
1762247498.7030268,-5.689242229563352,1.178286753527876,-2.937535593237423e-05,0.0,20.224484524038523,1.296570633703328,1.296570633703328
1762247498.725382,-5.68124342313035,1.1693206979006294,-4.782211216773887e-05,0.0,20.231606696121855,1.3074467104957828,1.3074467104957828
1762247498.7591827,-5.664627661449526,1.1457585281461802,-0.000713767802348594,0.0,20.2548557732817,1.3319085209881476,1.3319085209881476
1762247498.7873106,-5.648616942524002,1.1229356772974373,-0.0005815695772271822,0.0,20.277982664448693,1.3554216737613547,1.3554216737613547
1762247498.8167615,-5.637050053819345,1.0951314468714526,-4.193998527395758e-05,0.0,20.311312517582948,1.3765460488947407,1.3765460488947407
1762247498.8729465,-5.60536910230496,1.0327339221551657,-4.002016361553275e-05,0.0,20.392380381219958,1.4284837374244879,1.4284837374244879
1762247498.8960528,-5.56966333035887,1.0128594215929503,-3.31491867843262e-05,0.0,20.402546247316423,1.4688593077793783,1.4688593077793783
1762247498.9279761,-5.534942830014526,1.005197209695086,-3.058568952481326e-05,0.0,20.394719402956312,1.5040892753445774,1.5040892753445774
1762247498.9515824,-5.568972035281148,0.9762477990539311,-0.0005682051953463694,0.0,20.466707996168452,1.4818062835731156,1.4818062835731156
1762247498.9767005,-5.56773066725277,0.9578899038707513,-6.17469943221646e-05,0.0,20.494534666482128,1.4889104612140256,1.4889104612140256
1762247498.9951003,-5.5784695677085665,0.9335506822546178,-3.616279197431064e-05,0.0,20.546954274005,1.4863028549550377,1.4863028549550377
1762247499.0141702,-5.577045424030754,0.9124084779180438,-2.8084668622305865e-05,0.0,20.57962120739593,1.4940029387755658,1.4940029387755658
1762247499.0311933,-5.572464962547658,0.8975900554560341,-2.7730120084879226e-05,0.0,20.600961350946587,1.5027033645661827,1.5027033645661827
1762247499.052675,-5.5696888486336205,0.8828546132663264,-2.7104550514337363e-05,0.0,20.63396049848243,1.5095621797563061,1.5095621797563061
1762247499.0733054,-5.57353858262783,0.8692124971769858,-2.727498423896366e-05,0.0,20.65689464422936,1.5096380844072335,1.5096380844072335
1762247499.0913475,-5.576167391134384,0.8561070721386803,-2.6657383384330233e-05,0.0,20.679341275751785,1.5106357482153638,1.5106357482153638
1762247499.117223,-5.582557723526856,0.8467149563955497,-3.4399973863376287e-09,0.0,20.697439663257075,1.5069367019170108,1.5069367019170108
1762247499.1457288,-5.601568484920814,0.8438041175545374,-0.0004775286206667997,0.0,20.71042005145488,1.48931679169298,1.48931679169298
1762247499.162823,-5.6094036502686775,0.837653380224072,-2.9403118911693388e-05,0.0,20.734566868677156,1.4832992541067014,1.4832992541067014
1762247499.185857,-5.6282177091280525,0.8387253907440602,-2.7846194961670642e-05,0.0,20.739642798427866,1.4648120348873215,1.4648120348873215
1762247499.222343,-5.649906313754129,0.8545975685055557,-2.2568745967950664e-05,0.0,20.7248187217202,1.4398324320607412,1.4398324320607412
1762247499.253242,-5.692583290528281,0.868623550610933,-0.0004530398263083341,0.0,20.709399309155682,1.3949813953093508,1.3949813953093508
1762247499.2811868,-5.707103869064094,0.8768965478404139,-2.6568970680376617e-05,0.0,20.702521693216127,1.3788228305549284,1.3788228305549284
1762247499.308276,-5.747728004984564,0.8920430205693873,-2.2378956369628366e-05,0.0,20.695953993847283,1.3356616332340072,1.3356616332340072
1762247499.3359919,-5.806273769365986,0.9169389971198152,-2.3760172708386407e-05,0.0,20.682260715241195,1.272635423887283,1.272635423887283
1762247499.3557372,-5.855331659861092,0.9611756326262436,-0.0005450872161536566,0.0,20.637171533385327,1.2134089114352715,1.2134089114352715
1762247499.3788066,-5.9122060614795275,0.9734664390265146,-3.168210583172726e-05,0.0,20.642674951802704,1.1553574155106026,1.1553574155106026
1762247499.5271916,-6.0480119541832575,0.8909539748502932,-2.028016208978747e-05,0.0,20.812980157583752,1.044542905388064,1.044542905388064
1762247499.5555828,-6.052047960903635,0.8692921103403658,-1.7576848553974068e-05,0.0,20.848464358017953,1.0453520922392328,1.0453520922392328
1762247499.5738149,-6.054347710181652,0.8607762660263168,-0.0003634541290663145,0.0,20.861202315850914,1.0449091576004175,1.0449091576004175
1762247499.5926452,-6.054640705052985,0.8480737011849788,-0.00035393080949155584,0.0,20.879293009375026,1.047250775758277,1.047250775758277
1762247499.6749368,-6.042079200874057,0.8244957376142713,-1.965594829480238e-05,0.0,20.9092922258458,1.0642544895747525,1.0642544895747525
1762247499.6964324,-6.077548669945194,0.8179272338519292,-2.3533724888540747e-09,0.0,20.932318125179858,1.0306926104515228,1.0306926104515228
1762247499.721016,-6.086810283015942,0.7622526760498842,-2.3236371067287404e-09,0.0,21.01898718782521,1.0312710811213432,1.0312710811213432
1762247499.74344,-6.090785058874536,0.7793364454792802,-0.0003259088620589312,0.0,20.990666719156458,1.024539868653011,1.024539868653011
1762247499.7624848,-6.0478255283088,0.7671100276831121,-2.0111101176508548e-05,0.0,20.997816691353567,1.0689386912511447,1.0689386912511447
1762247499.7871945,-6.031552905450084,0.7632468065062282,-2.02617309356443e-05,0.0,20.999466173163903,1.0856264697686417,1.0856264697686417
1762247499.8156216,-6.0164338817787675,0.7556979190972621,-0.00034700121562694533,0.0,21.00684637833849,1.1017795380514448,1.1017795380514448
1762247499.837209,-6.016278221960604,0.7421934347162382,-0.00030492950532022496,0.0,21.0316104629447,1.1040884294023614,1.1040884294023614
1762247499.862407,-6.016254589152337,0.7230299675139917,-0.00030544038497629084,0.0,21.060020758899917,1.1070090233307721,1.1070090233307721
1762247499.8813481,-6.013351297382991,0.6903210942910982,-1.7262802923368863e-05,0.0,21.108267584909353,1.1143977235848006,1.1143977235848006
1762247499.901144,-6.009816880065567,0.6626391000378026,-2.294980499293255e-05,0.0,21.154674764347092,1.1212937695084824,1.1212937695084824
1762247499.9180858,-6.0034894240577605,0.629809017107428,-2.0523522532316352e-05,0.0,21.20358555755731,1.1310782587516415,1.1310782587516415
1762247499.9467416,-6.002767227566461,0.6105885028993568,-2.674006191332731e-05,0.0,21.23878211834865,1.1335740993147723,1.1335740993147723
1762247499.972272,-6.004980426937137,0.5820861857188682,-1.7652770814205975e-05,0.0,21.282917314125378,1.1336186372166077,1.1336186372166077
1762247499.995576,-6.0017424366640535,0.5777305860989321,-2.118643399531678e-05,0.0,21.289300307516726,1.1371525864835708,1.1371525864835708
1762247500.0191967,-5.997891454559072,0.5644594355897193,-1.9795697240769084e-05,0.0,21.30946074135087,1.141856658276894,1.141856658276894
1762247500.0427952,-6.006609205273713,0.5787091438952517,-1.1536498579879452e-05,0.0,21.288298255059566,1.132230040507163,1.132230040507163
1762247500.0645323,-6.006996949890303,0.5622521152337533,-1.874424504174667e-09,0.0,21.321445969516596,1.1329058802709684,1.1329058802709684
1762247500.0848436,-6.011142694375968,0.5510750930203904,-0.0002848230837329925,0.0,21.337564081358543,1.1293930833297616,1.1293930833297616
1762247500.1084414,-6.015383007589014,0.5329100717624239,-0.0007104132266086777,0.0,21.366006885512576,1.1260237423089723,1.1260237423089723
1762247500.134111,-6.016309556343308,0.5130869554532775,-1.3663904445593573e-05,0.0,21.396832115297695,1.1258243149737261,1.1258243149737261
1762247500.1570408,-6.006614875431266,0.5050154993596832,-1.3907617124367287e-05,0.0,21.408967698834065,1.1357459719136103,1.1357459719136103
1762247500.1780653,-5.99901185033567,0.4912377980652837,-1.3624704687637445e-05,0.0,21.43692822488805,1.1436563576190428,1.1436563576190428
1762247500.2435844,-5.993048667199049,0.4576157200523717,-0.0002378267268181496,0.0,21.489878252596785,1.1498923983286022,1.1498923983286022
1762247500.2705898,-5.996504297672628,0.44642880546406827,-1.5154902602715694e-05,0.0,21.5075274835385,1.1463769843372338,1.1463769843372338
1762247500.4777794,-6.047891786368484,0.3009197504061794,-0.00022875765440007838,0.0,21.75173634687602,1.0874114339410357,1.0874114339410357
1762247500.498901,-6.056075712261866,0.2656371194934284,-1.4190263510679285e-09,0.0,21.804957598870125,1.0755154263012892,1.0755154263012892
1762247500.532747,-6.064435041245278,0.2424626827412666,-1.4003429722221628e-09,0.0,21.845177147170155,1.0643582136506151,1.0643582136506151
1762247500.55567,-6.067575006423702,0.2169030243129858,-0.00019716866090660967,0.0,21.883651250960458,1.0577265856963454,1.0577265856963454
1762247500.5702102,-6.065881195102487,0.18917646849383665,-1.0521897057650423e-05,0.0,21.932760770818174,1.0551433140765425,1.0551433140765425
1762247500.5918524,-6.073843797749458,0.16926656208685517,-0.0001887431321749444,0.0,21.960740243769244,1.0439558584314796,1.0439558584314796
1762247500.61649,-6.083131673135238,0.15667609247359157,-0.00018373858317781156,0.0,21.9772370839725,1.0325930473739753,1.0325930473739753
1762247500.6422513,-6.069005013317793,0.14956637821575036,-1.3149940457281989e-09,0.0,21.992007804385867,1.0451853942360667,1.0451853942360667
1762247500.6846728,-6.064998845747474,0.08591290490634447,-1.3141445891764214e-05,0.0,22.095214135179422,1.0360996805346947,1.0360996805346947
1762247500.7057965,-6.065861730554548,0.06041174171252832,-1.2501842755474613e-09,0.0,22.138522761743545,1.029383783715537,1.029383783715537
1762247500.7254326,-6.072639173082815,0.045151795748609246,-0.0001788767334679037,0.0,22.15849589089537,1.0191202575049099,1.0191202575049099
1762247500.7440822,-6.074674614282741,0.033739599819456303,-8.677980648113083e-06,0.0,22.174473506594936,1.014313551251573,1.014313551251573
1762247500.760706,-6.076897017058128,0.020825141084365797,-1.2037796069739974e-09,0.0,22.19249342288409,1.008873473613605,1.008873473613605
1762247500.7765002,-6.080990188481984,0.010526756568114453,-0.00016811437932792071,0.0,22.205874749099987,1.00223685434438,1.00223685434438
1762247500.793817,-6.087290962321721,0.0013793058579048612,-0.00016792372910789512,0.0,22.222378189971266,0.9937383232775827,0.9937383232775827
1762247500.814269,-6.091867729303081,-0.03439267447926465,-0.0001633798271199538,0.0,22.270784264520522,0.9794491495812538,0.9794491495812538
1762247500.833442,-6.098911510736953,-0.05359408495333974,-9.744720513073663e-06,0.0,22.294991604223803,0.9671396987261742,0.9671396987261742
1762247500.8548615,-6.108030543024904,-0.07450945941828613,-0.0001785501779744876,0.0,22.325202561683533,0.9521841291695217,0.9521841291695217
1762247500.8834805,-6.126978657573165,-0.069570810647026,-0.0001590297667992447,0.0,22.305203863654654,0.9355989726609601,0.9355989726609601
1762247500.902412,-6.137387160555254,-0.06342883342726312,-1.13729710357367e-05,0.0,22.292155070333767,0.9274728776365191,0.9274728776365191
1762247500.9312391,-6.144656521693124,-0.057316360005014666,-3.491501528035654e-05,0.0,22.28056518578246,0.9222993028271261,0.9222993028271261
1762247500.9559598,-6.156033532120712,-0.08090001619260587,-0.0001502371396829654,0.0,22.30832676737404,0.9044864415078664,0.9044864415078664
1762247500.9808328,-6.167968213488545,-0.12894217357311008,-1.569253985185917e-05,0.0,22.372090813917197,0.8782350850919812,0.8782350850919812
1762247501.0035937,-6.173632860717522,-0.1782150106444463,-0.00014770530998712544,0.0,22.43908987495851,0.8564992260316558,0.8564992260316558
1762247501.0281734,-6.184788041388185,-0.21769020960395039,-7.096035856070573e-06,0.0,22.485900798531976,0.8321310306671188,0.8321310306671188
1762247501.048198,-6.183415990013774,-0.23903859953406106,-8.041060930062746e-06,0.0,22.518476543060025,0.825579727069476,0.825579727069476
1762247501.0770779,-6.185785482392282,-0.231966895329337,-9.342923827804821e-06,0.0,22.504204348394826,0.8259942154363318,0.8259942154363318
1762247501.112142,-6.190085180266186,-0.21035367343215058,-8.08612453164204e-06,0.0,22.47351025782802,0.8298225164663199,0.8298225164663199
1762247501.138684,-6.18874526317181,-0.192828342295891,-0.0002599858723407753,0.0,22.45100513538697,0.8372593760153952,0.8372593760153952
1762247501.1597662,-6.193558963919211,-0.1789832926596683,-1.196646789517765e-05,0.0,22.430268464374205,0.8375165712401778,0.8375165712401778
1762247501.179151,-6.196489953414691,-0.1644031502947697,-9.490210439689163e-06,0.0,22.4063755356208,0.8396754740326609,0.8396754740326609
1762247501.197949,-6.199348231070151,-0.15156779997095912,-6.243834233131486e-06,0.0,22.38795909492798,0.8412164648282285,0.8412164648282285
1762247501.2178247,-6.206223537286869,-0.10072445757792835,-0.00012636254725975182,0.0,22.3175059739283,0.8506609999353804,0.8506609999353804
1762247501.2566695,-6.215311635944622,-0.07660667135095177,-7.0393302868333166e-06,0.0,22.277626216293868,0.8490835276693098,0.8490835276693098
1762247501.279131,-6.212627701385425,-0.0860987646019932,-0.00012349689290336584,0.0,22.291511902885144,0.8488922863568251,0.8488922863568251
1762247501.2961593,-6.2173776916201735,-0.07645351346605476,-6.785017432025953e-06,0.0,22.276577676755714,0.8471491145555855,0.8471491145555855
1762247501.3228762,-6.2212140851012565,-0.08110512882177377,-2.865639116883409e-05,0.0,22.281268401401032,0.8421333075873316,0.8421333075873316
1762247501.4975188,-6.181570790122254,-0.13711420056828363,-0.00010670925387955926,0.0,22.376829240591302,0.8627255036572499,0.8627255036572499
1762247501.5143733,-6.182181807682023,-0.16147485127032407,-0.0001054642374504181,0.0,22.409222294353643,0.8541397813704037,0.8541397813704037
1762247501.6603596,-6.129704232547367,-0.12182040043678066,-5.255003480816522e-06,0.0,22.3802906604089,0.9167507111065485,0.9167507111065485
1762247501.68239,-6.120306097847255,-0.0939174732875377,-6.509280992101989e-06,0.0,22.346149100017872,0.9345312821464838,0.9345312821464838
1762247501.7071595,-6.10892209697172,-0.05634161349688414,-7.23623084853549e-06,0.0,22.29451004377031,0.9567638670420546,0.9567638670420546
1762247501.7390673,-6.100459163256548,-0.029063312725090697,-7.058352022565778e-06,0.0,22.25954356310349,0.9727209671164605,0.9727209671164605
1762247501.7715633,-6.1026391572749485,0.003368746914717697,-9.155375730677246e-05,0.0,22.207694830828512,0.9794667667959603,0.9794667667959603
1762247501.7925396,-6.092784133564938,0.038907751447895746,-5.826929232427138e-06,0.0,22.160025370818783,0.9980585823250672,0.9980585823250672
1762247501.8088152,-6.087816975212584,0.06657420301494466,-8.882825683884331e-05,0.0,22.122369613555247,1.009487271294814,1.009487271294814
1762247501.8275404,-6.075276411482508,0.0874015102957924,-4.144926250637161e-06,0.0,22.08947632263437,1.0264095231874508,1.0264095231874508
1762247501.8449903,-6.046854325161909,0.11419541838446168,-8.537783569529073e-05,0.0,22.0587025619508,1.0599292590519982,1.0599292590519982
1762247501.8715725,-6.024050544558062,0.12978801133055815,-6.004395393974064e-10,0.0,22.04242796482445,1.0854544964418056,1.0854544964418056
1762247501.8968205,-6.005701991990829,0.14197568385119483,-8.16055882295284e-05,0.0,22.030335108260484,1.1058715349726924,1.1058715349726924
1762247501.9172378,-5.984792082484476,0.1493330674145097,-4.7087507831055145e-06,0.0,22.026329714874457,1.1278210279013965,1.1278210279013965
1762247501.940526,-5.957138366861418,0.15288194520194665,-4.648305574132234e-06,0.0,22.029633091972762,1.1556336725367908,1.1556336725367908
1762247502.0503025,-6.051255157834879,0.1612518566963077,-8.281024817291947e-05,0.0,21.979275262084737,1.0647726357064564,1.0647726357064564
1762247502.0740535,-6.08921371518447,0.1636147624959541,-0.00011364103093514424,0.0,21.965081346437756,1.0278369484670908,1.0278369484670908
1762247502.0956683,-6.118300983970646,0.16662775758120954,-8.600292647937209e-06,0.0,21.952721881214607,0.9997052086543596,0.9997052086543596
1762247502.1149912,-6.135164029917189,0.1681488895963178,-7.205395794630298e-05,0.0,21.94603213974885,0.9833410583179163,0.9833410583179163
1762247502.1443107,-6.138061309004111,0.1770972176676379,-7.194420519134554e-05,0.0,21.932045152805333,0.9819588684788741,0.9819588684788741
1762247502.1627629,-6.144316026550418,0.19267169430757602,-3.6711057154549935e-06,0.0,21.902615952577374,0.9782317663796957,0.9782317663796957
1762247502.1917982,-6.142545380218183,0.20858669266981894,-3.7551250504328028e-06,0.0,21.879456916851336,0.9823412470778673,0.9823412470778673
1762247502.21352,-6.147146126626748,0.22576728609786384,-3.7271745528246832e-06,0.0,21.853037902608445,0.9801669444140834,0.9801669444140834
1762247502.2455895,-6.149485865058285,0.22816357830374104,-4.642458555579339e-06,0.0,21.84901070238897,0.9781661515389379,0.9781661515389379
1762247502.2647662,-6.153423927265616,0.2400747610661766,-2.892262056935049e-06,0.0,21.83066784759436,0.975791368874252,0.975791368874252
1762247502.2870095,-6.15737751041763,0.2503167510037036,-2.814527409386463e-06,0.0,21.81006356548017,0.9731140034915257,0.9731140034915257
1762247502.316203,-6.164490879272532,0.25222688419201084,-1.230609482581441e-05,0.0,21.80600604319796,0.9662758146574748,0.9662758146574748
1762247502.4914415,-6.192103430036838,0.2618350365363951,-3.0330761865930264e-06,0.0,21.787284908861647,0.9399343171313991,0.9399343171313991
1762247502.511206,-6.1910947236361,0.2630240742892314,-5.62501800527975e-05,0.0,21.785716040331316,0.9410674833374131,0.9410674833374131
1762247502.5319822,-6.192354849771532,0.2574479241323807,-0.00026123215511289727,0.0,21.79363552379911,0.9391961159385266,0.9391961159385266
1762247502.5506358,-6.187346221081265,0.25411394884333705,-5.800228778291479e-05,0.0,21.79933431158168,0.9437935380534176,0.9437935380534176
1762247502.5770252,-6.186738930498737,0.24622827297558408,-5.40501648335086e-05,0.0,21.810945537987415,0.9434746998059949,0.9434746998059949
1762247502.606227,-6.182220562462117,0.2514969875123517,-3.0681859099141787e-06,0.0,21.80402769884133,0.9485823282938614,0.9485823282938614
1762247502.6342137,-6.171511339403,0.2601592448952424,-2.676909013957731e-06,0.0,21.793138506989,0.9602123050065556,0.9602123050065556
1762247502.654825,-6.152968496868208,0.2575741823500216,-5.2417926258371554e-05,0.0,21.800091604589703,0.9783411908945371,0.9783411908945371
1762247502.6727977,-6.143329997015183,0.24505640387031372,-2.612139812352244e-06,0.0,21.825786811880004,0.9864254182700541,0.9864254182700541
1762247502.6949236,-6.1381203764646886,0.23952954580002567,-2.5733461786664443e-06,0.0,21.83445160369019,0.9909051110828794,0.9909051110828794
1762247502.726918,-6.120926849343474,0.22074163143572226,-3.4809117591930346e-10,0.0,21.86604306560052,1.0054588718545139,1.0054588718545139
1762247502.7519562,-6.118938632540716,0.18223026419328073,-2.5594139129591438e-06,0.0,21.929599244300466,1.0016602092002804,1.0016602092002804
1762247502.7807236,-6.112606482871249,0.16694179565694509,-3.1470576450021674e-06,0.0,21.953766675163198,1.0053700174888227,1.0053700174888227
1762247502.8176756,-6.1170645892866435,0.16729344802909027,-2.5642341976761934e-06,0.0,21.952057203905177,1.0010367772893694,1.0010367772893694
1762247502.8414724,-6.1206693368019405,0.1738469018595188,-2.5661941543381155e-06,0.0,21.94134155378075,0.9985827370637635,0.9985827370637635
1762247502.8637612,-6.1160399528125815,0.18528307274990455,-4.810874955932761e-05,0.0,21.926147425819366,1.005011217702163,1.005011217702163
1762247502.885282,-6.114644704098866,0.19609586940033147,-1.9445020804792857e-06,0.0,21.904338901062655,1.0080776685767459,1.0080776685767459
1762247502.9063818,-6.121256590995135,0.20508777550913654,-3.1105560332610627e-10,0.0,21.889378210034494,1.0028935868751214,1.0028935868751214
1762247502.9454262,-6.11748316126388,0.20311951743187567,-4.3169697096206666e-05,0.0,21.893173206617387,1.0063334892956408,1.0063334892956408
1762247502.9683855,-6.109212389968375,0.19135558855254942,-2.1674371658149713e-06,0.0,21.919511689166047,1.0127141642815454,1.0127141642815454
1762247503.00647,-6.118995376577079,0.2246304237902477,-2.3024581688126776e-06,0.0,21.86063442141845,1.0079066288088256,1.0079066288088256
1762247503.0450902,-6.120582351980288,0.22853616843791053,-2.424538467205841e-06,0.0,21.854450180211984,1.0068624368206018,1.0068624368206018
1762247503.0677695,-6.114651141118351,0.2314996424604263,-2.3046583352608987e-06,0.0,21.851250208613685,1.0131360379399024,1.0131360379399024
1762247503.0893872,-6.114663801602256,0.23140546059673622,-2.186837080601177e-06,0.0,21.85138895335099,1.0131109800340405,1.0131109800340405
1762247503.109389,-6.1022251833270085,0.23066918010368595,-2.485548441427411e-06,0.0,21.855117441384035,1.025339892252594,1.025339892252594
1762247503.13871,-6.0923914319278465,0.226766301583642,-2.365808992384595e-06,0.0,21.86312536143172,1.0345526033574741,1.0345526033574741
1762247503.1703837,-6.1001625053079485,0.22622906409208499,-2.0574887076034784e-06,0.0,21.862260477540588,1.026781273099666,1.026781273099666
1762247503.2067661,-6.116005722073228,0.22677681795547922,-3.652646002833825e-05,0.0,21.858052064735997,1.0111603016786248,1.0111603016786248
1762247503.2288077,-6.127639847506657,0.22034447966764248,-2.539083288240207e-10,0.0,21.865197837798195,0.9987554776668991,0.9987554776668991
1762247503.260161,-6.131301579035113,0.20782302198967495,-3.492597911056521e-05,0.0,21.88306071899856,0.9933569090479767,0.9933569090479767
1762247503.2803276,-6.150275395633813,0.21026208750140585,-3.539903708657213e-05,0.0,21.87530081648468,0.9749300542258404,0.9749300542258404
1762247503.3078132,-6.172906116633049,0.2184216767537877,-4.227670632861957e-05,0.0,21.858526490190687,0.9536523426250492,0.9536523426250492
1762247503.3240416,-6.173847025358213,0.22315396239759172,-3.444421560763943e-05,0.0,21.851408053820037,0.9533558726588316,0.9533558726588316
1762247503.3472424,-6.177521748364904,0.22695052655376197,-1.6510165490249501e-06,0.0,21.845113339656375,0.9502136379358371,0.9502136379358371
1762247503.3825498,-5.8579647284926235,0.31177246111241425,-3.2713526758158844e-05,0.0,21.76637937988861,1.2774836850515625,1.2774836850515625
1762247503.506242,-6.126058252430294,0.31918289276228,-2.1277079315822674e-10,0.0,21.707202162609452,1.0111671747752127,1.0111671747752127
1762247503.5310154,-6.137600857632869,0.32138936739768503,-1.6995314637951669e-06,0.0,21.7025099701991,0.9998387965961811,0.9998387965961811
1762247503.6626964,-6.129715917654794,0.3227916912126495,-1.635662367788803e-06,0.0,21.70134408775553,1.007809958490951,1.007809958490951
1762247503.6869066,-6.121692135637581,0.31693366992386257,-1.4955173680714333e-06,0.0,21.711118689594226,1.0153344570847247,1.0153344570847247
1762247503.7102149,-6.117621289225296,0.3019462725425564,-3.2271907996576876e-05,0.0,21.739451515696732,1.0180856721810212,1.0180856721810212
1762247503.7299142,-6.119436664891262,0.29130132961308797,-1.657397928026728e-06,0.0,21.755207316283165,1.015270794783588,1.015270794783588
1762247503.7483568,-6.119689470336053,0.28153583518900366,-1.6236059580861742e-06,0.0,21.76986095775291,1.0140376716639936,1.0140376716639936
1762247503.768998,-6.118681153691095,0.2804053299066075,-1.3543155446459138e-06,0.0,21.77172466287399,1.014923323443192,1.014923323443192
1762247503.795389,-6.116967573621258,0.2928852347743174,-1.7600782284540525e-10,0.0,21.753203954004974,1.01788230155965,1.01788230155965
1762247503.8218083,-6.116572397972012,0.30051957373245203,-2.4445445648352294e-05,0.0,21.74175810084294,1.0189987663684288,1.0189987663684288
1762247503.8569636,-6.118273654322686,0.31261440198051965,-2.0450554050914855e-06,0.0,21.724148920147783,1.0183810625469811,1.0183810625469811
1762247503.877776,-6.126307251369537,0.3204970464850713,-2.378409905508923e-05,0.0,21.705197157450385,1.0110251010975744,1.0110251010975744
1762247503.901215,-6.120536317927456,0.33066165125773805,-1.6525441063307278e-10,0.0,21.690578848188444,1.0175669891844552,1.0175669891844552
1762247503.9223344,-6.122856022182605,0.34587575803332593,-2.670544883578884e-05,0.0,21.66740667320547,1.0163226346853387,1.0163226346853387
1762247503.9389553,-6.122671066568399,0.34903083490534825,-2.3363693164438574e-05,0.0,21.662674310579867,1.0167121402577473,1.0167121402577473
1762247503.957116,-6.126002107963503,0.35711049891247315,-8.78487100747577e-05,0.0,21.650180970644048,1.013885609786848,1.013885609786848
1762247503.9881694,-6.126071622555675,0.3652176872026754,-2.292190564564688e-05,0.0,21.637980707620038,1.0142778257117935,1.0142778257117935
1762247504.0130658,-6.119519837031914,0.3672496966428187,-1.1941076464363909e-06,0.0,21.63552058565413,1.0209300377600834,1.0209300377600834
1762247504.0372758,-6.114800818413358,0.3736794529909753,-2.138734903143967e-05,0.0,21.62683235082696,1.0259767883701771,1.0259767883701771
1762247504.0614252,-6.11060013788396,0.3650649914728436,-6.474156039715823e-06,0.0,21.639645609374003,1.0297177007560223,1.0297177007560223
1762247504.0926304,-6.103386236683343,0.3706736006527984,-1.4747101734484836e-10,0.0,21.631927152110602,1.0372224245953694,1.0372224245953694
1762247504.116795,-6.082073744411757,0.3533535073150898,-1.2157530690078408e-06,0.0,21.660293296045282,1.0575022233464375,1.0575022233464375
1762247504.1415203,-6.084712241513486,0.3588679360386929,-9.203990275920973e-05,0.0,21.65158020146162,1.055207096006756,1.055207096006756
1762247504.1593282,-6.088726826362106,0.36758433108957844,-1.195574376137532e-06,0.0,21.63786208701233,1.0516963818063478,1.0516963818063478
1762247504.187225,-6.0911987266542615,0.37610109116509927,-9.653336012680994e-07,0.0,21.625485758604462,1.0496706912032312,1.0496706912032312
1762247504.2197902,-6.1023794797351405,0.3753162228491754,-6.845342925119958e-05,0.0,21.62562644552116,1.0384645761165034,1.0384645761165034
1762247504.2366514,-6.106888608223151,0.36924044020065605,-1.1922725276983515e-06,0.0,21.6336620605603,1.033649473074028,1.033649473074028
1762247504.2613173,-6.115563235416336,0.3871909754661587,-1.3159164782958113e-10,0.0,21.600547676316697,1.025835239298038,1.025835239298038
1762247504.287355,-6.122653638668972,0.4020822323646981,-1.8929044617017232e-05,0.0,21.577678697872344,1.019312688294382,1.019312688294382
1762247504.311913,-6.126116620982228,0.4365312714353166,-1.8207017535150517e-05,0.0,21.526307803952808,1.0166635418090884,1.0166635418090884
1762247504.3477168,-6.1333064019401515,0.47585802818996487,-1.21039551485759e-06,0.0,21.46203818333448,1.009575121647521,1.009575121647521
1762247504.3726861,-6.145700056632527,0.5126061219114566,-1.235223467157794e-10,0.0,21.40337244369401,0.996504962763011,0.996504962763011
1762247504.5298817,-6.057322985657082,0.4691504715139451,-1.569224273511447e-05,0.0,21.47182127028307,1.0856012906228696,1.0856012906228696
1762247504.6658068,-5.974750269358833,0.15650993726229465,-1.0217273348314985e-10,0.0,22.00927720737819,1.1390573110060493,1.1390573110060493
1762247504.689251,-5.9810995059092305,0.12453164708802412,-1.4444570652862842e-05,0.0,22.065066317760905,1.1263879769018967,1.1263879769018967
1762247504.7075613,-5.987217241475601,0.10192535761487705,-1.4024428766827124e-05,0.0,22.098074827938934,1.1154920114098619,1.1154920114098619
1762247504.7279916,-5.986462018519804,0.0858155245915779,-7.129781062583466e-07,0.0,22.130892463168642,1.1125379246890945,1.1125379246890945
1762247504.753803,-6.001605883750547,0.07689852307330941,-8.51221507783208e-07,0.0,22.138103948946295,1.0957173877012916,1.0957173877012916
1762247504.7787006,-6.014800211642547,0.053517709013200965,-8.570674350476764e-07,0.0,22.168388485624092,1.0772323912968067,1.0772323912968067
1762247504.8057668,-6.029671703609705,0.04640386156054211,-9.350738763749377e-11,0.0,22.17322072574721,1.0610547527655918,1.0610547527655918
1762247504.8765,-6.0579341620122,0.040061373869395324,-1.131232171074391e-06,0.0,22.171633450780483,1.032104670335194,1.032104670335194
1762247504.902832,-6.062069985683971,0.04844025147247327,-8.04335475555257e-07,0.0,22.15766524454371,1.0301731794046038,1.0301731794046038
1762247504.9186559,-6.056851089005643,0.06636327119182901,-1.2053820428272858e-05,0.0,22.133093984801665,1.0395473027997628,1.0395473027997628
1762247504.9421659,-6.050416904354257,0.0648971474510298,-7.429680055830605e-07,0.0,22.13764040083352,1.0454521716190412,1.0454521716190412
1762247504.9682717,-6.043568394085014,0.05694420217386406,-7.612103173969722e-07,0.0,22.152097459245777,1.0501905213599774,1.0501905213599774
1762247504.988691,-6.046822103418662,0.0477757326282632,-6.523187142172406e-07,0.0,22.164499070808056,1.0447875514745948,1.0447875514745948
1762247505.0087762,-6.031873096351175,0.0506865604544165,-6.554103329473773e-07,0.0,22.165956306361807,1.0599915921648853,1.0599915921648853
1762247505.0355554,-6.020393078835468,0.05267781026280887,-2.8744588737363782e-06,0.0,22.16745605848639,1.071606444903977,1.071606444903977
1762247505.0602577,-6.008557230443924,0.047882844241590394,-7.933167862997923e-11,0.0,22.179349918521794,1.08186036919057,1.08186036919057
1762247505.084636,-6.0083596048272545,0.054108245600118815,-1.111996825937113e-05,0.0,22.17003677329132,1.0836168420477388,1.0836168420477388
1762247505.1061099,-5.992355306656945,0.04881348961547153,-1.1041326426158588e-05,0.0,22.184436985558733,1.0977668356681305,1.0977668356681305
1762247505.1273465,-5.993456001985593,0.052359393254104096,-4.694339777385781e-05,0.0,22.178615357442172,1.097602906512367,1.097602906512367
1762247505.1513958,-5.997857859356548,0.12610488462952943,-7.425755273393572e-07,0.0,22.05687881014797,1.1103324565177126,1.1103324565177126
1762247505.1723485,-6.00495496425251,0.17859096626112084,-1.2333350816129754e-05,0.0,21.965627982064227,1.1134165625616528,1.1134165625616528
1762247505.1942642,-6.013834607914757,0.2354886589293805,-4.375396586590694e-07,0.0,21.86706613167875,1.1135617315723463,1.1135617315723463
1762247505.222352,-6.02313699321354,0.27091857341140263,-1.020315182875936e-05,0.0,21.80272696918863,1.1088450812448671,1.1088450812448671
1762247505.244614,-6.022745019457356,0.3179087922973496,-4.336340012611613e-06,0.0,21.729844790990413,1.1140113372033298,1.1140113372033298
1762247505.27401,-6.019939794180107,0.3642233106376321,-1.1735708486029069e-05,0.0,21.649819693189848,1.120183447493601,1.120183447493601
1762247505.298746,-6.021393880409361,0.38668455511274125,-9.941669150465884e-06,0.0,21.607576968400902,1.1198934251975121,1.1198934251975121
1762247505.3294096,-6.017015600038868,0.41669753839691215,-6.726363501016915e-11,0.0,21.5606517126053,1.1253433454697275,1.1253433454697275
1762247505.3517997,-6.021561040282761,0.4404451252542995,0.05134572101978421,0.0,21.524473329477804,1.1212637296146364,1.1212637296146364
1762247505.512695,-6.040174185447391,0.4888821380901511,0.7506288282269419,0.0,21.441255090611325,1.1025404141157331,1.1025404141157331
1762247505.721842,-6.056959991395602,0.48917183367933653,1.1638017449409113,0.0,21.441064367243442,1.0857519936641162,1.0857519936641162
1762247505.8720398,-6.052112838242365,0.4162544265974914,1.27828356331818,0.0,21.55962861744966,1.0902465832306107,1.0902465832306107
1762247505.8961222,-6.056678784226566,0.37991319932337764,1.4044140697225274,0.0,21.62312240528202,1.0843365776583151,1.0843365776583151
1762247505.9182153,-6.056562704947317,0.37219306594674306,1.5911450174284618,0.0,21.633881790017703,1.084061640881972,1.084061640881972
1762247505.947839,-6.071336787757666,0.39109012005392507,1.6061592591512865,0.0,21.597415887760775,1.0701855217032414,1.0701855217032414
1762247505.9682887,-6.063041437484118,0.3724313581825843,1.8352417184526308,0.0,21.632983467352215,1.077604395744091,1.077604395744091
1762247505.9923403,-6.047612267696109,0.3555280161785277,2.042703839555275,0.0,21.66054051780052,1.0920323618659895,1.0920323618659895
1762247506.079544,-6.03441960528444,0.3058486307238978,2.4256607953376492,0.0,21.746197300066036,1.1012911950158817,1.1012911950158817
1762247506.1028929,-6.025348717263263,0.29797929074100793,2.535290220950774,0.0,21.759962785370043,1.1095594153526076,1.1095594153526076
1762247506.117511,-6.0019622762049565,0.27142832168777353,2.465756527816947,0.0,21.805817668088274,1.1299347465606637,1.1299347465606637
1762247506.150691,-6.018511812324653,0.2933110294400269,2.4726329998451844,0.0,21.76842180582121,1.115890230563533,1.115890230563533
1762247506.1738873,-5.972503316149717,0.2791419035466096,2.5591066319579747,0.0,21.799004129480064,1.1600892087554424,1.1600892087554424
1762247506.1953747,-5.95726899088947,0.26178036215552275,2.602199581895205,0.0,21.837952086508903,1.173120160067369,1.173120160067369
1762247506.2171125,-5.954652689318281,0.2600358990488721,2.6325242408426246,0.0,21.841334978942488,1.1754923778734385,1.1754923778734385
1762247506.235648,-5.936900806923513,0.24899002253948743,2.6735580841688193,0.0,21.86319958058772,1.1916225093300954,1.1916225093300954
1762247506.2856982,-5.8907997551716305,0.2109899230018143,2.7418509922071803,0.0,21.94658786187747,1.2314307362367503,1.2314307362367503
1762247506.3083036,-5.903009498593941,0.20927946547058768,2.789580848207766,0.0,21.945836592650227,1.219106540891211,1.219106540891211
1762247506.5099797,-5.911302755014568,0.2308786770522779,2.8734797290450986,0.0,21.89886932193822,1.2143448573479492,1.2143448573479492
1762247506.5270455,-5.917760818243197,0.25190198109209305,2.9098054696685884,0.0,21.862933884428056,1.2109810443196434,1.2109810443196434
1762247506.615981,-5.950947885236299,0.3183833375597475,3.021593013309988,0.0,21.73959313529075,1.185565345736084,1.185565345736084
1762247506.6418014,-5.946207773459664,0.3092660153163682,3.005807115487125,0.0,21.755136667242713,1.1894267840097013,1.1894267840097013
1762247506.6662927,-5.924415731629696,0.2994651970068356,3.047464409804113,0.0,21.774866992999815,1.2101173038846802,1.2101173038846802
1762247506.6877325,-5.962774851645575,0.25595580457715206,3.065174617601241,0.0,21.8460842377289,1.1669107649330535,1.1669107649330535
1762247506.7212582,-5.98085819601672,0.20445734302598254,3.1088547728283897,0.0,21.932264289922983,1.1415201252712008,1.1415201252712008
1762247506.753684,-5.9950147670778735,0.1769193626115793,3.1164531912094016,0.0,21.97110062816235,1.1229076092993318,1.1229076092993318
1762247506.7804432,-5.991038447717947,0.1580242270876037,3.116233856306399,0.0,22.00193524617814,1.1233566513573565,1.1233566513573565
1762247506.8000054,-6.020692691361043,0.14169511335567817,3.153239748896492,0.0,22.02630325925283,1.0911187781634892,1.0911187781634892
1762247506.828344,-6.0235306145315315,0.10683347866475455,3.1353772878379003,0.0,22.077805858111045,1.0811529217763711,1.0811529217763711
1762247506.8468359,-5.993463644878409,0.06901421874636299,3.1182314612115887,0.0,22.153279695996034,1.1017267323077986,1.1017267323077986
1762247506.872444,-6.0054743718569155,0.029257148497156837,3.1820016232804114,0.0,22.208609181423682,1.0800188998666795,1.0800188998666795
1762247506.894368,-6.007962153943541,0.003929265910091453,3.2071589380730434,0.0,22.251480299624124,1.0707554402213024,1.0707554402213024
1762247506.9218435,-6.014363723089133,-0.003303340238657013,3.153862235685475,0.0,22.259367520956484,1.0625864145571626,1.0625864145571626
1762247506.9405632,-6.0177328039124545,-0.03164646196763379,3.2219085012846036,0.0,22.299547964707408,1.0511794859512205,1.0511794859512205
1762247506.9677434,-5.977304070708557,-0.07504340375917079,3.2225835144951755,0.0,22.388794696838836,1.0760771266828733,1.0760771266828733
1762247506.988663,-5.978153302729832,-0.11521330264505097,3.1963090855467677,0.0,22.453747233991855,1.0616984661687452,1.0616984661687452
1762247507.0112872,-5.985234395918125,-0.1446963434991975,3.276221930517415,0.0,22.49268315465957,1.0445716032826506,1.0445716032826506
1762247507.029298,-5.9843217891304805,-0.17416891319703467,3.252620471663236,0.0,22.542135207468963,1.0344560494281592,1.0344560494281592
1762247507.0492501,-5.9841370225849655,-0.19321498103775137,3.219079647330267,0.0,22.56954871842941,1.0272842107226814,1.0272842107226814
1762247507.0780368,-5.995238005906071,-0.21480947486922836,3.319167622722612,0.0,22.593320657881204,1.00855279763277,1.00855279763277
1762247507.1093986,-5.995757235249579,-0.2337205909901868,3.2438779763222514,0.0,22.62522488901187,1.0004320705687557,1.0004320705687557
1762247507.1318026,-5.955300131910013,-0.2554777781052815,3.2764846170314623,0.0,22.680409034569212,1.028039002560965,1.028039002560965
1762247507.158967,-5.958147096560723,-0.2562839178135429,3.3664976662862047,0.0,22.679660277415092,1.0251214528639991,1.0251214528639991
1762247507.1900156,-5.927394691066016,-0.27101694224137934,3.312461623332209,0.0,22.72354771646382,1.0463920453440791,1.0463920453440791
1762247507.2324357,-5.938729692002454,-0.27814828047565815,3.3122431206653857,0.0,22.725253128620253,1.0330718826909635,1.0330718826909635
1762247507.2609715,-5.906266637934755,-0.29530562093949575,3.308663261989834,0.0,22.768315388692304,1.0543756719929411,1.0543756719929411
1762247507.2831843,-5.888141694825136,-0.3106797980738559,3.442349134295134,0.0,22.799746695440483,1.0634051481975568,1.0634051481975568
1762247507.3031545,-5.919663087230312,-0.3353549471366592,3.457737327355705,0.0,22.809925996173575,1.0240209446044468,1.0240209446044468
1762247507.3231685,-5.934542331525262,-0.3513950972032535,3.4354387983149013,0.0,22.823138587202404,1.0033631549485178,1.0033631549485178
1762247507.345551,-5.928066963913096,-0.3457741464308365,3.4617230150670095,0.0,22.82071599308842,1.011719295726737,1.011719295726737
1762247507.3723752,-5.929621345394156,-0.34788679708297265,3.368710883770051,0.0,22.822173869707317,1.0093553201864351,1.0093553201864351
1762247507.456555,-5.90387158164322,-0.3577625718027493,3.3410459974637305,0.0,22.851181166049624,1.0273616795831888,1.0273616795831888
1762247507.4812562,-5.908351552883138,-0.3722050277190323,3.5158464331488544,0.0,22.86592933573019,1.0165067649843167,1.0165067649843167
1762247507.511166,-5.915324857389834,-0.37823871141001575,3.501470460398955,0.0,22.868628984007888,1.0074893340409643,1.0074893340409643
1762247507.5363662,-5.928677009639406,-0.3713740247558776,3.4530452402710403,0.0,22.851220285474927,0.999067350962638,0.999067350962638
1762247507.5653126,-5.895988974464988,-0.3631907739601941,3.268530748492947,0.0,22.86321347203812,1.0316811061582918,1.0316811061582918
1762247507.5841434,-5.90849698848562,-0.36395119719581803,3.1043943925930315,0.0,22.85567068457933,1.0203407803841393,1.0203407803841393
1762247507.6644833,-5.919404627856861,-0.3715652255367087,2.624404219982234,0.0,22.85765879353024,1.0071189724280505,1.0071189724280505
1762247507.6892502,-5.923995305540232,-0.37315510155511905,2.5310284931453406,0.0,22.8565210335764,1.0023276467823767,1.0023276467823767
1762247507.716613,-5.936053622318746,-0.3553032403757846,2.446968300503067,0.0,22.826705629707757,1.0001915354237145,1.0001915354237145
1762247507.7494214,-5.937905610389661,-0.3365675829046029,2.321009113467497,0.0,22.79951683768474,1.0073105964144737,1.0073105964144737
1762247507.773144,-5.909907531012362,-0.3184576891549209,2.1343650384880366,0.0,22.795193432324385,1.0405132496325151,1.0405132496325151
1762247507.8003585,-5.910213224712941,-0.2981757871453567,1.9856636501834053,0.0,22.769382985057664,1.0495550069118535,1.0495550069118535
1762247507.8236756,-5.917111007682402,-0.2855239370251512,1.8876096694907214,0.0,22.748784671839037,1.0491304446423022,1.0491304446423022
1762247507.8825624,-5.9111148527618,-0.23864070024422185,1.4519820811977797,0.0,22.686282931621307,1.0751705656343393,1.0751705656343393
1762247507.9032547,-5.925885643296511,-0.22491850761148707,1.355440205717734,0.0,22.65748883467132,1.0676535625684855,1.0676535625684855
1762247507.922061,-5.930861152540038,-0.20492953368460842,1.2447180016204076,0.0,22.62678870253669,1.0714285931639718,1.0714285931639718
1762247507.9482703,-5.938253275243846,-0.17060287366758686,1.1218223295304335,0.0,22.565271409261797,1.078353026633196,1.078353026633196
1762247507.9748695,-5.94431265338635,-0.10735102523786252,1.0003780688568866,0.0,22.461124992562674,1.0961483227219877,1.0961483227219877
1762247508.0642915,-5.941640133178195,-0.03192194727611321,0.18985653145403464,0.0,22.34272112069461,1.1236180907355038,1.1236180907355038
1762247508.0974994,-5.957181744007107,-0.06714621481380048,0.18254735584312134,0.0,22.387454885778265,1.0976754496055192,1.0976754496055192
1762247508.121231,-5.956861980447738,-0.08446447383547127,-0.006838469504488132,0.0,22.421949309535226,1.0922437688026574,1.0922437688026574
1762247508.1465454,-5.9542408735220045,-0.0668312742240486,-0.0005845500649346709,0.0,22.388506077003772,1.1005577911662958,1.1005577911662958
1762247508.1750774,-5.9534442552696465,-0.07448639879723629,-0.00035897342411209143,0.0,22.400308429908947,1.0987901072280173,1.0987901072280173
1762247508.2223709,-5.9470215668394575,-0.05030104270281792,-0.00035003530268065886,0.0,22.367553963461067,1.1127300368467616,1.1127300368467616
1762247508.2458045,-5.940992403940573,-0.04302658463489286,-0.000322365654723031,0.0,22.359727861451432,1.1207576664453662,1.1207576664453662
1762247508.4593759,-5.928784835314131,0.002959107986863807,-0.00559350932949552,0.0,22.288828375276356,1.146371248371899,1.146371248371899
1762247508.4843001,-5.924271680596622,0.02010839461577278,-0.005621756024840573,0.0,22.26467583649418,1.1556243609589005,1.1556243609589005
1762247508.5130343,-5.924241084292385,0.02608613871088068,-3.863386672034452e-08,0.0,22.255511015394053,1.1573346887977407,1.1573346887977407
1762247508.5375695,-5.921326694790475,0.038475997234106156,-0.000323806649064315,0.0,22.237752837166298,1.1635565651196471,1.1635565651196471
1762247508.6904337,-5.9593550984436465,0.16719203845462471,-3.44714174566052e-08,0.0,21.99704869026517,1.1561993722829211,1.1561993722829211
1762247508.713964,-5.977402207511639,0.18132536848608807,-0.0009529293690739633,0.0,21.969251294380832,1.1410215441238423,1.1410215441238423
1762247508.739227,-5.983775725414768,0.20234219680730128,-0.004725819223379604,0.0,21.93451287599056,1.138298289476862,1.138298289476862
1762247508.7616432,-5.998800134329931,0.22407813222438513,-3.276844711894156e-08,0.0,21.888476892767475,1.1268116012163576,1.1268116012163576
1762247508.7822344,-6.014164903474993,0.24220665214295983,-0.004546171351838786,0.0,21.856463918822513,1.114152284720372,1.114152284720372
1762247508.8087237,-6.020039078640593,0.26068198022051553,-0.004807871922706321,0.0,21.82730714287185,1.1107043683927171,1.1107043683927171
1762247508.8326392,-6.026770691974281,0.28371083959591664,-0.005001395666428967,0.0,21.782060005803178,1.1066666678415564,1.1066666678415564
1762247508.8496666,-6.034819705504196,0.2994447428286318,-0.00044922646091059273,0.0,21.756128021362738,1.1002789170223657,1.1002789170223657
1762247508.871533,-6.039545346835487,0.3158815536093842,-3.07578521749341e-08,0.0,21.730344084336362,1.0970976891377022,1.0970976891377022
1762247508.8937082,-6.05173941545195,0.33380123718293575,-0.00021990781074471727,0.0,21.69381918083391,1.0864048841831841,1.0864048841831841
1762247508.9148571,-6.061644188926255,0.34920258940353927,-0.00021176756998821079,0.0,21.66884512387226,1.0776206435671898,1.0776206435671898
1762247508.93836,-6.072058653782611,0.36344105209335104,-0.00018579771164091926,0.0,21.64581381513915,1.0681068629527402,1.0681068629527402
1762247508.9667077,-6.072380865760869,0.3770045694394851,-2.8852715891827807e-08,0.0,21.625829630480737,1.068510546457302,1.068510546457302
1762247508.9871345,-6.079954059063902,0.3910522982178088,-0.004083341280149381,0.0,21.59692862091425,1.0615739016161998,1.0615739016161998
1762247509.0201054,-6.080206861749299,0.40419499775883483,-0.004012804495547679,0.0,21.57677102805536,1.0618062811567703,1.0618062811567703
1762247509.0445836,-6.08077328826234,0.4298931277829261,-0.00026152387066201996,0.0,21.537389438381044,1.0618956502991974,1.0618956502991974
1762247509.0694346,-6.078998751066658,0.45723117421982834,-0.014582388711357521,0.0,21.490051677572918,1.0639416914055015,1.0639416914055015
1762247509.0971203,-6.077910818015597,0.4783724767585554,-0.0002210574202107582,0.0,21.457824073534702,1.0649454248801584,1.0649454248801584
1762247509.1189554,-6.07784885059006,0.4907577697335452,-2.6098966668386403e-08,0.0,21.438970255829275,1.064839375299137,1.064839375299137
1762247509.1445622,-6.075057502705604,0.49672853478172285,-0.003701264346709803,0.0,21.43015979312247,1.0675183048603567,1.0675183048603567
1762247509.1632524,-6.0774088136272635,0.49975389430699074,-0.00019757069735779078,0.0,21.426025672222924,1.0651033642328238,1.0651033642328238
1762247509.183701,-6.0738230694463855,0.4940944617862867,-0.00021270801345981384,0.0,21.43382111074167,1.068804276572424,1.068804276572424
1762247509.2243876,-6.077905870570791,0.4924874897894951,-0.003505304821911391,0.0,21.436339976524415,1.0647519536329844,1.0647519536329844
1762247509.2511103,-6.079768408867303,0.4863784742649359,-0.003418599140442757,0.0,21.44565992195471,1.0629894012373966,1.0629894012373966
1762247509.2737873,-6.080397027476275,0.49247469216480316,-0.0001717858174113103,0.0,21.436402522788317,1.062261415455852,1.062261415455852
1762247509.2996395,-6.078940412219837,0.5008595558928433,-0.000202553497331233,0.0,21.424526815796504,1.0635474392948738,1.0635474392948738
1762247509.3157718,-6.086114146180901,0.5085913891849543,-0.004882481566213097,0.0,21.40684704261659,1.0561794865916398,1.0561794865916398
1762247509.3392935,-6.088802327782403,0.5106646272608929,-0.00023381820846085982,0.0,21.40383033954705,1.053434870678458,1.053434870678458
1762247509.363554,-6.094104451637813,0.522097105363125,-0.0001735163388370299,0.0,21.386849747881516,1.0477760809438628,1.0477760809438628
1762247509.3839874,-6.0948728555719995,0.5549420482454823,-0.00021573548621327832,0.0,21.337582696979858,1.0455749471000533,1.0455749471000533
1762247509.4118543,-6.087484194095182,0.5713535109852529,-0.0010686572973785144,0.0,21.30749788650329,1.0520094235182749,1.0520094235182749
1762247509.4788558,-6.093642697516095,0.6044629455756112,-0.000135385901013314,0.0,21.25878610402127,1.0435231564843914,1.0435231564843914
1762247509.501798,-6.09463910939761,0.6146574902214266,-2.05264685804174e-08,0.0,21.243778776984314,1.0416918602021172,1.0416918602021172
1762247509.5233474,-6.086779646507079,0.6420736364699937,-2.0266356044740252e-08,0.0,21.197585919176074,1.0469840726468587,1.0469840726468587
1762247509.541373,-6.07464985148016,0.6598988072474257,-0.002872416332266098,0.0,21.169388396025408,1.0571794399869407,1.0571794399869407
1762247509.565088,-6.069266437054109,0.6829856560185967,-0.00011617738420323263,0.0,21.134400416653207,1.0598506991100543,1.0598506991100543
1762247509.6110206,-6.036329264707004,0.698876094222616,-0.0002585589428370322,0.0,21.1000497788928,1.0904969342304287,1.0904969342304287
1762247509.6308308,-6.012825699287531,0.724598178630562,-0.000613345627984946,0.0,21.0569502500654,1.110170481806474,1.110170481806474
1762247509.6561167,-5.984420997284407,0.7612383506646153,-0.00033431602465729474,0.0,20.990695000548325,1.1324326505284399,1.1324326505284399
1762247509.6882863,-5.966782693603035,0.8111682843874525,-0.002549748166758598,0.0,20.906881396688096,1.1407051916459203,1.1407051916459203
1762247509.7249653,-5.95567296090282,0.8594668078466502,-0.0025387963631210123,0.0,20.832560519995255,1.1415674157359255,1.1415674157359255
1762247509.7443378,-5.932983304476215,0.8989979950734397,-0.0025661144351288895,0.0,20.762417235111197,1.1545566917580787,1.1545566917580787
1762247509.7809904,-5.904775623202998,0.9283376099722866,-0.00016273382081089118,0.0,20.70455350560855,1.1745710745669629,1.1745710745669629
1762247509.9175248,-5.731243536887007,1.0099286745196248,-0.0010473347604143459,0.0,20.498694581410525,1.317337271344966,1.317337271344966
1762247510.04433,-5.8360331355262565,1.1156587375331362,-0.00012904172698155038,0.0,20.395570871814712,1.1833765614541636,1.1833765614541636
1762247510.065521,-5.853209699266427,1.1236208979033377,-0.00014531211592128882,0.0,20.393338382436397,1.1645049845884676,1.1645049845884676
1762247510.0884566,-5.8661724172844405,1.135265496348359,-0.0019816741826763104,0.0,20.383990491092263,1.1482981710173203,1.1482981710173203
1762247510.1081164,-5.870512924046042,1.147572997257838,-8.743637297364658e-05,0.0,20.36947003556624,1.1399062864881466,1.1399062864881466
1762247510.1323063,-5.887059499920656,1.159321858157788,-0.00013358385199827136,0.0,20.362021810971253,1.1202674599814677,1.1202674599814677
1762247510.1570652,-5.911721776023891,1.1635390733448396,-0.00010349821721255872,0.0,20.36883071219835,1.0957139299569079,1.0957139299569079
1762247510.1822457,-5.945017806073982,1.1595396082895066,-0.00206555731437006,0.0,20.390680221033307,1.065936936780551,1.065936936780551
1762247510.2061408,-5.976788213550983,1.1805348252605703,-0.0001347523172508206,0.0,20.378595653480627,1.0288330657503508,1.0288330657503508
1762247510.4740171,-6.470143950972206,1.326581146925512,-0.00018636276777459296,0.0,20.421287609372527,0.5153777274311498,0.5153777274311498
1762247510.4932752,-6.525481641041564,1.3213910317748716,-0.00015712416967543868,0.0,20.448571294350245,0.46498519799277677,0.46498519799277677
1762247510.5244782,-6.55707547323626,1.2534886609865394,-9.567134027555311e-05,0.0,20.534897641524754,0.45673446077434554,0.45673446077434554
1762247510.546061,-6.624625999976309,1.264625539257941,-7.570806585435515e-05,0.0,20.546307948491723,0.3890112086838807,0.3890112086838807
1762247510.5654893,-6.733914037772663,1.3733235137190702,-0.00425126260129583,0.0,20.470176522292803,0.2510591066329757,0.2510591066329757
1762247510.5895822,-6.805779108508211,1.4049219215996693,-0.006390547963430066,0.0,20.46332889747628,0.17281609615847432,0.17281609615847432
1762247510.6157222,-6.858538305341678,1.416470598196758,-0.0014232496465940137,0.0,20.469918205037548,0.11917724889329932,0.11917724889329932
1762247510.6350572,-6.917192581431568,1.4231837220337684,-7.806668724939262e-05,0.0,20.482899965440293,0.06150776498841337,0.06150776498841337
1762247510.7274678,-7.076036062115459,1.4513904451663922,-0.0013377351472291866,0.0,20.50662677446926,-0.09804794052882741,0.09804794052882741
1762247510.8527584,-7.228130579490484,1.490314640753073,-8.503875665727024e-05,0.0,20.516805111046388,-0.25467561644886066,0.25467561644886066
1762247510.8802624,-7.237991257801834,1.496547596651594,-5.873266416328436e-05,0.0,20.514216736576753,-0.26599065467268623,0.26599065467268623
1762247510.898005,-7.252791800553424,1.5011554879017657,-0.002674052376151531,0.0,20.514454652093235,-0.2814897928624565,0.2814897928624565
1762247510.934835,-7.2635205199848984,1.5043047645231555,-0.004362183842140498,0.0,20.514725343672612,-0.29266519144597347,0.29266519144597347
1762247511.0148582,-7.272735212265196,1.517312006115884,-7.455392123197299e-05,0.0,20.506108945713272,-0.30549890200776136,0.30549890200776136
1762247511.0358958,-7.273798106044843,1.5136761766049152,-6.78256703257764e-05,0.0,20.50958040799729,-0.30536312508654606,0.30536312508654606
1762247511.0571437,-7.272963554523908,1.5138787708780859,-0.0013988720727340248,0.0,20.509163351763892,-0.3046345816809819,0.3046345816809819
1762247511.2035866,-7.283268470024856,1.5136223057166351,-7.0039063333748874e-09,0.0,20.512351082993863,-0.3143378043686341,0.3143378043686341
1762247511.2403743,-7.282979269000916,1.5175384474624873,-0.004498575051037508,0.0,20.508867165452358,-0.3152930371192475,0.3152930371192475
1762247511.4272857,-7.289797375419759,1.5366454264604632,-0.00014875341837550156,0.0,20.494287803990584,-0.32780958774240126,0.32780958774240126
1762247511.4701786,-7.294361689439596,1.5383749309063135,-7.450412151117718e-05,0.0,20.494119183319743,-0.33268708721792617,0.33268708721792617
1762247511.597328,-7.292436604511434,1.5329383244686032,-0.0008377328618948581,0.0,20.498256839271306,-0.3291325303952326,0.3291325303952326
1762247511.620507,-7.295917572530966,1.5309926650828936,-5.722794791546256e-05,0.0,20.500943737717396,-0.33181672173623267,0.33181672173623267
1762247511.6533089,-7.2972515632473804,1.5301617556118121,0.06370465073213452,0.0,20.502046051639006,-0.3328190038700876,0.3328190038700876
1762247511.7031598,-7.2992594435434475,1.532033509506206,0.0847188321590925,0.0,20.501008705547374,-0.3353162031474274,0.3353162031474274
1762247511.7231538,-7.293142998696877,1.5330708697353352,0.10072921784336313,0.0,20.498346691068555,-0.32984445561354286,0.32984445561354286
1762247511.7451103,-7.285373906495874,1.53490398516096,0.39124308086649845,0.0,20.494508138750998,-0.3230618000937193,0.3230618000937193
1762247511.7672603,-7.282645352224003,1.5411846761865218,0.4378393651039614,0.0,20.488278534946623,-0.32248273153691476,0.32248273153691476
1762247511.7891803,-7.279461546736928,1.5401948661266363,0.6520167981364127,0.0,20.48820365275028,-0.3191496302359508,0.3191496302359508
1762247511.8154905,-7.300908489537369,1.5334682764091174,0.6890874788936396,0.0,20.500246143509553,-0.3373348995470223,0.3373348995470223
1762247511.8479283,-7.349580363816367,1.530583620305864,0.563161737163448,0.0,20.5164188767758,-0.38262691272017946,0.38262691272017946
1762247511.8803346,-7.428442893882967,1.5113525324397756,0.39101041237078876,0.0,20.55420871261662,-0.4517800569444416,0.4517800569444416
1762247511.9069073,-7.568557414647676,1.4824770615045764,0.47728860587959854,0.0,20.613803133255256,-0.5772907331558945,0.5772907331558945
1762247511.938811,-7.681174710788717,1.4904848123935945,0.4866038687806415,0.0,20.63329272760506,-0.6876105852214278,0.6876105852214278
1762247511.977785,-7.7658612988332925,1.518955430861588,-4.297698255591309e-05,0.0,20.630785314872924,-0.7768774033798465,0.7768774033798465
1762247512.0031936,-7.912078511131035,1.5689188776265468,-5.894219810148593e-09,0.0,20.626616503939733,-0.9312366700016642,0.9312366700016642
1762247512.0340562,-7.949443782837688,1.5912843835732244,-0.0008293650405129697,0.0,20.61925202238804,-0.9733943187186274,0.9733943187186274
1762247512.0526266,-7.958569319973964,1.5964474076386719,0.20068772023353854,0.0,20.61769877742818,-0.9836094652990682,0.9836094652990682
1762247512.075015,-7.95786861780384,1.6014923974688962,0.4501948129121388,0.0,20.611415093564982,-0.9843747756817834,0.9843747756817834
1762247512.0960667,-7.956342484741375,1.5998231241152432,0.45329504104380397,0.0,20.612334063348822,-0.9824361944504364,0.9824361944504364
1762247512.121298,-7.9575702255662115,1.6044184142698399,0.36413763644468333,0.0,20.609132318871662,-0.9849240395571637,0.9849240395571637
1762247512.149158,-7.956332479627026,1.6102058841994968,-4.36839010017471e-05,0.0,20.60447086607854,-0.9853959097442674,0.9853959097442674
1762247512.1868677,-7.955099577502907,1.6177402524078923,-0.0008508683572576153,0.0,20.59848909249365,-0.9863847178185121,0.9863847178185121
1762247512.2305772,-7.9519223659523846,1.6208454723634687,-0.0008223070944800913,0.0,20.595414111115485,-0.9842414145473033,0.9842414145473033
1762247512.270305,-7.913641086666623,1.6157961412485782,-0.0008851776097938244,0.0,20.590452054875353,-0.946143306865388,0.946143306865388
1762247512.299016,-7.884318700782046,1.6171825714411452,-0.0008158112898843843,0.0,20.582590763961836,-0.9185056259195022,0.9185056259195022
1762247512.3193521,-7.8445752187065345,1.6203544795361318,0.051492561321453176,0.0,20.57081730650422,-0.8814662242174022,0.8814662242174022
1762247512.33729,-7.824120168137334,1.6249832959877506,0.06173915048056113,0.0,20.562383471187978,-0.8633182999826549,0.8633182999826549
1762247512.3665807,-7.796130303426781,1.625748203293632,0.07821223069685336,0.0,20.555058645836997,-0.8368480541430873,0.8368480541430873
1762247512.4894552,-7.717940405276091,1.632001626063693,1.3284321253860851,0.0,20.531554740244644,-0.7642774795749893,0.7642774795749893
1762247512.6625445,-7.436367258144436,1.5921497758582617,1.681750928351574,0.0,20.489099960715574,-0.4844301693894553,0.4844301693894553
1762247512.8733149,-6.910222364210002,1.5497882268679206,1.9470880209369181,0.0,20.359851971457367,0.025129896858295607,0.025129896858295607
1762247513.0539966,-6.575927220723791,1.5968073813330659,2.826045337627617,0.0,20.180502862426856,0.3165254635470703,0.3165254635470703
1762247513.0866044,-6.587194654124657,1.6106835187191118,2.947045971612918,0.0,20.171616298355648,0.3006044249027191,0.3006044249027191
1762247513.124278,-6.531138444154373,1.6273785189298748,3.093745195949567,0.0,20.12962762217485,0.34483117223718707,0.34483117223718707
1762247513.2463744,-6.5413536529525045,1.733554386364078,3.956999773278033,0.0,20.029345812213393,0.2900345176398549,0.2900345176398549
1762247513.2659233,-6.524768636021546,1.7433659338234078,4.060566925882455,0.0,20.011726866121947,0.30054460123244914,0.30054460123244914
1762247513.488642,-6.078320688224362,1.9913402282700945,5.298254097721304,0.0,19.517710703281356,0.5614200325042936,0.5614200325042936
1762247513.6395252,-5.8265998505376295,2.13453518407661,5.488300465875314,0.0,19.198962987239934,0.6795577066253451,0.6795577066253451
1762247513.6680813,-5.755483803932139,2.079288194528252,5.378005539388303,0.0,19.197263822521947,0.7695986687768054,0.7695986687768054
1762247513.7293572,-5.789654603203115,2.0363386315730567,5.288258258198982,0.0,19.26370720508465,0.7695681469339948,0.7695681469339948
1762247513.8284059,-5.498963504915035,1.9395560508494927,4.784155827519169,0.0,19.14083205590108,1.0569141064057397,1.0569141064057397
1762247513.855494,-5.4932706584281785,1.8715488851168893,4.7252983482932045,0.0,19.19430348635977,1.1041200511917024,1.1041200511917024
1762247513.8836408,-5.530075825137211,1.7510399837294253,4.635620583385432,0.0,19.367445433054524,1.1487244136653116,1.1487244136653116
1762247513.909864,-5.668324322070834,1.6702759835937684,4.553804999348196,0.0,19.569047495222897,1.0805173935929302,1.0805173935929302
1762247513.9444005,-5.879270419832206,1.5870901945963587,4.338671563619665,0.0,19.811717767478694,0.9439367233165263,0.9439367233165263
1762247513.9654007,-6.048819187340737,1.52867330954698,4.229849408761549,0.0,19.986014150222598,0.8222201557488417,0.8222201557488417
1762247514.0819352,-6.425723837857199,1.4464358145250447,3.500000269785959,0.0,20.27063242049602,0.5136801400533224,0.5136801400533224
1762247514.1099722,-6.502205931519004,1.4389584515238534,3.382773298486799,0.0,20.311839290366695,0.44557248679917805,0.44557248679917805
1762247514.1337943,-6.484559415908921,1.4687210171425724,3.36080710003729,0.0,20.272622789788446,0.45078965683905337,0.45078965683905337
1762247514.1556773,-6.49306363157398,1.4906958254818437,3.342974099727538,0.0,20.25311492860366,0.4345297567446038,0.4345297567446038
1762247514.182425,-6.528406996562394,1.5139675479067676,3.3701103635387333,0.0,20.244232628674652,0.392941813177171,0.392941813177171
1762247514.2175214,-6.625174921094006,1.5330895647119491,3.4657294049354137,0.0,20.26586020366821,0.2962579586296631,0.2962579586296631
1762247514.233619,-6.67261582378285,1.5435400220208344,3.4280332844884986,0.0,20.274938233212197,0.2484074146736451,0.2484074146736451
1762247514.2695,-6.731359816191578,1.542358647100961,3.387180153771877,0.0,20.299683168319046,0.19441279208661916,0.19441279208661916
1762247514.2897265,-6.798432537694371,1.496298679184932,3.367239589084601,0.0,20.37049255411867,0.14862350402968644,0.14862350402968644
1762247514.5710752,-7.7103262239963675,1.1291956806149968,3.4119344655964197,0.0,20.92992399917113,-0.6314904476995415,0.6314904476995415
1762247514.7471924,-8.10113493424471,1.2548906601216017,2.9928684924463904,0.0,20.892572566048234,-1.0392429684311253,1.0392429684311253
1762247515.0838435,-8.70339767628791,1.1687099059373751,1.099970360792758,0.0,21.02097931904152,-1.6166624140192474,1.6166624140192474
1762247515.2097282,-8.70256161734445,1.2492504346623596,0.2676641084824966,0.0,20.973196330815398,-1.629127801612279,1.629127801612279
1762247515.2390263,-8.698743131988625,1.2787882159609574,-0.0003865563604436427,0.0,20.959263110217105,-1.6305773647052273,1.6305773647052273
1762247515.3642309,-8.695828046322367,1.4622546630090791,-5.720219915794633e-08,0.0,20.837753596187092,-1.664094524257089,1.664094524257089
1762247515.3912988,-8.694106977311776,1.4866361670005457,-0.00038811744323255867,0.0,20.81351144240975,-1.6677425037456008,1.6677425037456008
1762247515.4266274,-8.689195978564271,1.5141523035669402,-0.0005391245857396494,0.0,20.804152730174252,-1.669150094718118,1.669150094718118
1762247515.4519157,-8.697850466049305,1.53576970536073,-0.0004584561277397146,0.0,20.789833640522808,-1.682528637099234,1.682528637099234
1762247515.4760942,-8.698436712763913,1.55599818247,-0.007563278326943379,0.0,20.775673564352648,-1.6878122142288539,1.6878122142288539
1762247515.5040333,-8.694808688372254,1.5794628573290475,-0.007449662837139856,0.0,20.7646216920732,-1.689859648917246,1.689859648917246
1762247515.5270865,-8.691588575756974,1.6010582261808348,-0.0005211937812790749,0.0,20.75444011989727,-1.6919527166263864,1.6919527166263864
1762247515.5760841,-8.687097351996188,1.632542636995359,-4.995712781993844e-08,0.0,20.723123393918943,-1.6953864546655462,1.6953864546655462
1762247515.613795,-8.68648869167603,1.6688308242045038,-0.03315293515128393,0.0,20.70583534108389,-1.704014856531573,1.704014856531573
1762247515.6490033,-8.681931116506068,1.6998307267392756,-0.0003783506129252351,0.0,20.682473674128108,-1.7076843649122255,1.7076843649122255
1762247515.6810267,-8.67989039454078,1.7288372291767058,-0.026043587801308703,0.0,20.66677134692191,-1.7134392201100535,1.7134392201100535
1762247515.720058,-8.67856078883449,1.7520209966402265,-0.0003719936809704366,0.0,20.656095096394104,-1.7184402596347839,1.7184402596347839
1762247515.7718263,-8.672515723506862,1.782594519525179,-0.00047090356718406024,0.0,20.627600026373827,-1.7210823550507213,1.7210823550507213
1762247515.8159862,-8.673816173457144,1.807377409858483,-0.00035408793197978225,0.0,20.603998257367863,-1.7292800835721844,1.7292800835721844
1762247515.8485417,-8.67250297254961,1.8349680941226012,-0.006013009454929166,0.0,20.597719327859345,-1.7359545977997932,1.7359545977997932
1762247515.8663535,-8.672462190688892,1.8529399844328711,-0.015640338105057675,0.0,20.584796570774387,-1.7411369827114718,1.7411369827114718
1762247515.886336,-8.671789630418408,1.8682641482620024,-0.005993849108709574,0.0,20.574638765145007,-1.7449931023692853,1.7449931023692853
1762247515.9142628,-8.668203903095272,1.8903275701208357,-0.00035456153435012386,0.0,20.56418738424894,-1.7481253210183028,1.7481253210183028
1762247515.9424436,-8.666210727730125,1.9068031303276611,-3.979134791456951e-08,0.0,20.55648611392407,-1.7511748679424488,1.7511748679424488
1762247515.9693575,-8.66261452001337,1.9233145768590978,-0.0006738673044471906,0.0,20.542850189295194,-1.7527696333054656,1.7527696333054656
1762247515.99632,-8.664125864104596,1.9407470328105652,-0.0004062373186527535,0.0,20.526594074451886,-1.7595564696076231,1.7595564696076231
1762247516.0274806,-8.660111590257037,1.948996588940633,-0.0005229303897077927,0.0,20.51753737842588,-1.7582830941028906,1.7582830941028906
1762247516.0623116,-8.658215806833987,1.9581423587711484,-0.0008977634743270552,0.0,20.508233438353148,-1.7593133324862205,1.7593133324862205
1762247516.0818112,-8.65704840262827,1.9779315562144884,-0.0006918035240839895,0.0,20.506521512905174,-1.7644343456568172,1.7644343456568172
1762247516.111117,-8.657431699682842,1.9911303412240258,-0.00031013919445344046,0.0,20.497214380719626,-1.7689765006404823,1.7689765006404823
1762247516.138102,-8.662466390845188,2.0085179623203926,-0.00036248004420151564,0.0,20.486032437899325,-1.7792956867186247,1.7792956867186247
1762247516.1649895,-8.662614569845124,2.0169921615172406,-3.418718059339243e-08,0.0,20.480035089444357,-1.7821572278027054,1.7821572278027054
1762247516.1894383,-8.656234877974851,2.0249486940894372,-0.0047562188185079745,0.0,20.474173544881957,-1.7786881605406903,1.7786881605406903
1762247516.2155564,-8.655863240296265,2.0312784295529207,-0.0003632550107575909,0.0,20.471304657267673,-1.7803900005361823,1.7803900005361823
1762247516.241244,-8.661025501994459,2.040134819805072,-0.00023958023069945214,0.0,20.468195444156816,-1.7881537835725072,1.7881537835725072
1762247516.260433,-8.65711620002776,2.057945120363208,-3.209542185841907e-08,0.0,20.459718452574013,-1.7902943772852038,1.7902943772852038
1762247516.2866633,-8.66123107378482,2.066119957861412,-0.0044570334592125786,0.0,20.45680349813803,-1.7968738389644223,1.7968738389644223
1762247516.316393,-8.660405278635677,2.0735328086441394,-0.0005134972755348495,0.0,20.45241407576631,-1.7985490486349474,1.7985490486349474
1762247516.4563584,-8.6620021825735,2.1104426776197545,-0.0002574411726605169,0.0,20.41791458025444,-1.8124127284272562,1.8124127284272562
1762247516.713639,-8.663106737858017,2.138456739302569,-0.00024374267290801381,0.0,20.409342109257274,-1.8229995199379867,1.8229995199379867
1762247516.873936,-8.665098488846684,2.1451539738236853,-0.00017454859592257548,0.0,20.405134683104382,-1.8271696144199525,1.8271696144199525
1762247516.905304,-8.66591186483939,2.145451697311698,-0.0001646247859493044,0.0,20.40513572407557,-1.8280357663671027,1.8280357663671027
1762247516.9303005,-8.6637972321039,2.145028142904273,-2.114136456697613e-08,0.0,20.404885788285274,-1.8259044396314044,1.8259044396314044
1762247516.952818,-8.664659771956309,2.1547269415820076,-0.00016207767886838818,0.0,20.39826761438352,-1.8300569468529955,1.8300569468529955
1762247516.9964283,-8.66745699419644,2.1610837303262516,-0.007827303572965823,0.0,20.39450803212173,-1.834880172947285,1.834880172947285
1762247517.0262532,-8.66691387669892,2.160430229783608,-1.9803378197708055e-08,0.0,20.394828334184513,-1.8341443663116013,1.8341443663116013
1762247517.0603282,-8.663749255266335,2.15919185502418,-0.0001640168972099738,0.0,20.394881830705188,-1.8307467165244402,1.8307467165244402
1762247517.0924675,-8.665401769005005,2.1549095219202234,-0.00016720457238101298,0.0,20.398331191997855,-1.8308163387507324,1.8308163387507324
1762247517.115343,-8.66279174368718,2.160677500889663,-0.0028617314750010807,0.0,20.393585690115213,-1.8303630728757754,1.8303630728757754
1762247517.141815,-8.665368027569688,2.162138502859764,-0.000131627795985987,0.0,20.393222547838505,-1.83328602675958,1.83328602675958
1762247517.1773355,-8.665640190335898,2.166193008045659,-0.00014783722745441977,0.0,20.390432619948314,-1.8349479371560458,1.8349479371560458
1762247517.201221,-8.666466632655837,2.1682505901506004,-0.0025023112311124873,0.0,20.38919500788563,-1.8364377147620035,1.8364377147620035
1762247517.2222793,-8.664768995292984,2.1725071531999274,-0.0025734824880275856,0.0,20.385752394856482,-1.8363272192857805,1.8363272192857805
1762247517.2513127,-8.662081521317493,2.173742803425234,-0.0001591597403670129,0.0,20.384185119430292,-1.8342389291465793,1.8342389291465793
1762247517.2846243,-8.667658860501435,2.168734544655308,-0.00013468985098317746,0.0,20.389162322271883,-1.83772381704062,1.83772381704062
1762247517.5074713,-8.661960759200598,2.167305800968942,-0.00012724881538284645,0.0,20.388694708245723,-1.831884419289072,1.831884419289072
1762247517.6564348,-8.662449139678932,2.176950372803271,-0.00013326539469562458,0.0,20.382017462490094,-1.8357027670151262,1.8357027670151262
1762247517.6821663,-8.664020278152684,2.1798269450547867,-0.0023212107051854797,0.0,20.380394520965652,-1.8381799562712886,1.8381799562712886
1762247517.7069247,-8.66566269716265,2.187465722975756,-9.714009329127298e-05,0.0,20.376021190015486,-1.8423940314607439,1.8423940314607439
1762247517.7874682,-8.66419037550433,2.1743293908593913,-0.0017285861873947688,0.0,20.384317051560835,-1.8364199550881204,1.8364199550881204
1762247517.8208306,-8.664951934384378,2.1763978977903915,-0.0018062983492641144,0.0,20.383054783554353,-1.8378552262832235,1.8378552262832235
1762247517.8628922,-8.661179860659303,2.173267700681128,-1.179971980194705e-08,0.0,20.384286937282894,-1.8332281965115942,1.8332281965115942
1762247517.8871784,-8.6631985215988,2.1744235198830975,-0.00011940311980714273,0.0,20.383993964218487,-1.8355231911303604,1.8355231911303604
1762247517.916695,-8.661136081178084,2.1726517782817383,-0.0016062281462075796,0.0,20.384710088726543,-1.8329724272491572,1.8329724272491572
1762247517.942602,-8.662089969578608,2.17113338369271,-0.0015654270560224398,0.0,20.386028084476145,-1.8333374638154794,1.8333374638154794
1762247518.0240922,-8.665125299320389,2.1717568966744687,-0.0015099890747390502,0.0,20.386373937488557,-1.836399919052478,1.836399919052478
1762247518.0610561,-8.664010048235333,2.1733373419558584,-0.0001732983520923501,0.0,20.384970260766153,-1.835905106740337,1.835905106740337
1762247518.0912848,-8.660439284351165,2.1763044528104265,-7.869577387573246e-05,0.0,20.38195315891611,-1.8335938932504523,1.8335938932504523
1762247518.1346319,-8.659420409063085,2.174192592088887,-0.00022823511286138796,0.0,20.383179249980863,-1.831901886752064,1.831901886752064
1762247518.1695871,-8.660304973405573,2.1818276488401533,-6.559168831061857e-05,0.0,20.378022276425714,-1.8353994701537557,1.8353994701537557
1762247518.189872,-8.663319857429368,2.1786026145120734,-9.720177572686505e-05,0.0,20.381077102994528,-1.8370957957091179,1.8370957957091179
1762247518.2298517,-8.663028610080614,2.1836032130551697,-0.003895933895413354,0.0,20.37747390710478,-1.8385724189837773,1.8385724189837773
1762247518.3977473,-8.662755850598051,2.172005951084054,-0.0011583847056799838,0.0,20.38558489513086,-1.8342655860497474,1.8342655860497474
1762247518.4386663,-8.661780143890745,2.16606585652785,-5.673978820977572e-05,0.0,20.389522614374414,-1.8312840966765984,1.8312840966765984
1762247518.4715178,-8.66470901204505,2.167903195185158,-6.300013273648626e-05,0.0,20.388984927114986,-1.8346689345077465,1.8346689345077465
1762247518.4991693,-8.66129907703353,2.164977343644719,-0.00010372440619723829,0.0,20.390165874942266,-1.8304548436595878,1.8304548436595878
1762247518.5276632,-8.65824657288815,2.1608846548536897,-0.0006943206829913632,0.0,20.39226207714493,-1.8261716038285831,1.8261716038285831
1762247518.5476944,-8.66128896555866,2.1572653900778347,-5.423687949615912e-05,0.0,20.395603186628147,-1.82777168721541,1.82777168721541
1762247518.5733542,-8.664036081967575,2.1582695011068793,-5.6306745227770335e-05,0.0,20.395606836058725,-1.8306965477119623,1.8306965477119623
1762247518.603928,-8.666826242905719,2.1611884065185376,0.05168557621668375,0.0,20.394270713892727,-1.834324712910486,1.834324712910486
1762247518.6350062,-8.664055770498768,2.1589038687790274,0.05695484226592745,0.0,20.395164425234928,-1.8309345791149156,1.8309345791149156
1762247518.660761,-8.664932258156563,2.1569230135950237,0.13687626244244872,0.0,20.396789014369094,-1.8310716228288881,1.8310716228288881
1762247518.6905084,-8.667356795007269,2.1537681480069226,0.15958843243408882,0.0,20.39964338151676,-1.8322570590441125,1.8322570590441125
1762247518.7228441,-8.6611979222292,2.149958996126774,0.1585884588776494,0.0,20.40073333128841,-1.8251621863349567,1.8251621863349567
1762247518.7469585,-8.658727772049891,2.146649583618735,-0.0010022645469102355,0.0,20.40242698662529,-1.8217027614046537,1.8217027614046537
1762247518.7810433,-8.657826779959379,2.1428600502300017,-0.09916173489988286,0.0,20.40486603415045,-1.8195525425201038,1.8195525425201038
1762247518.8136551,-8.65381267021783,2.1407106690333766,-8.132232513801594e-05,0.0,20.405340576788266,-1.815044141451263,1.815044141451263
1762247518.853949,-8.658265655083378,2.141085699918437,-6.555703200392984e-05,0.0,20.40623133217666,-1.819354774839125,1.819354774839125
1762247518.8894095,-8.660644511420454,2.139518531982582,-6.073593542101361e-05,0.0,20.407954012468085,-1.8210508754574224,1.8210508754574224
1762247518.9207609,-8.660301945279317,2.147548311247202,-5.1435306195503656e-05,0.0,20.40220136139522,-1.823490182089245,1.823490182089245
1762247518.9696398,-8.658973556534225,2.1474492767239806,-9.928127632645576e-05,0.0,20.401926695919713,-1.8222090105555584,1.8222090105555584
1762247518.998514,-8.657666766623377,2.142836601632512,-4.7721003142593044e-05,0.0,20.404841061582758,-1.819394224897194,1.819394224897194
1762247519.049259,-8.660284390349414,2.144779820745585,-4.78428250535747e-05,0.0,20.4041495462855,-1.8225205402667908,1.8225205402667908
1762247519.0786788,-8.661630248232488,2.147998420959304,-4.850187555234899e-05,0.0,20.402228388960495,-1.8248922369113638,1.8248922369113638
1762247519.1090927,-8.660818792189177,2.15007358834521,-4.203183056061918e-05,0.0,20.400554187139225,-1.8248458379980155,1.8248458379980155
1762247519.152961,-8.666032104286527,2.157831572763216,-0.0009382877355242941,0.0,20.39643315000525,-1.832417808143655,1.832417808143655
1762247519.1725686,-8.66188041412565,2.143970654064901,0.05718395919283174,0.0,20.405134378695248,-1.823740880033656,1.823740880033656
1762247519.1989827,-8.659814308949025,2.1421206165438256,0.09165377059210311,0.0,20.405903218967023,-1.8211647421629127,1.8211647421629127
1762247519.228804,-8.663135678483744,2.140703967889834,0.13347460114138376,0.0,20.407764424500744,-1.8237975719851554,1.8237975719851554
1762247519.2556856,-8.663415137403499,2.1451226466834328,0.15711834954475373,0.0,20.404719980419387,-1.8255781523760273,1.8255781523760273
1762247519.297324,-8.658760261987794,2.1409353674128515,-0.0007203486990935625,0.0,20.406465698622377,-1.8197676319335854,1.8197676319335854
1762247519.3311756,-8.655481277866288,2.1443981613927914,-0.0006920191146600044,0.0,20.40317287613653,-1.8178795140330675,1.8178795140330675
1762247519.3608432,-8.655849412691897,2.1405579692026695,-0.09737069324157309,0.0,20.40597662887259,-1.8169043162798424,1.8169043162798424
1762247519.385643,-8.656186502399125,2.133946737251465,-3.703907551775178e-05,0.0,20.410726659617218,-1.8149528121560934,1.8149528121560934
1762247519.4275749,-8.65833452317173,2.1319011239078884,-0.00022863837713995252,0.0,20.41272704759023,-1.81627090909895,1.81627090909895
1762247519.455095,-8.65808345478185,2.136107634158415,-3.686468467905024e-05,0.0,20.40969504380093,-1.8174753381735258,1.8174753381735258
1762247519.476829,-8.658979495478691,2.134181635252426,-0.0006652061246581887,0.0,20.41128606089229,-1.8176573652524017,1.8176573652524017
1762247519.4965909,-8.660913856329323,2.1360113365500464,-0.00012219122941591268,0.0,20.41049772597992,-1.8201013775784258,1.8201013775784258
1762247519.5156896,-8.660521543723412,2.1432203333660254,-0.0006219847485679268,0.0,20.405311049356577,-1.8222068803035214,1.8222068803035214
1762247519.5445747,-8.65912853799367,2.148626065386961,-2.9496736661918776e-05,0.0,20.40113687611765,-1.8227601027481384,1.8227601027481384
1762247519.5884845,-8.662631684154045,2.155660145747298,-3.1693871349903157e-05,0.0,20.39708353372541,-1.8284762980843883,1.8284762980843883
1762247519.6170335,-8.660571667775304,2.156744209444396,-3.7537809737910366e-05,0.0,20.395784920367817,-1.8269183558506463,1.8269183558506463
1762247519.6538467,-8.65967000926396,2.1528907637273274,-4.047021864908852e-05,0.0,20.398269248288504,-1.8247400607218514,1.8247400607218514
1762247519.6901968,-8.66147417193339,2.1518631716420953,-3.6620275733823535e-05,0.0,20.39946180967312,-1.8260784314824483,1.8260784314824483
1762247519.7414134,-8.664524052186238,2.1550900783035574,-3.557959472622802e-05,0.0,20.397976250741095,-1.8300550361836039,1.8300550361836039
1762247519.7686222,-8.660167918057223,2.1534557264967185,-3.717045622252807e-09,0.0,20.397999827062165,-1.8254024899191583,1.8254024899191583
1762247519.7884188,-8.66176647639159,2.151157753466842,-0.0006098677497625961,0.0,20.400035190348365,-1.8261093464842855,1.8261093464842855
1762247519.832296,-8.661818377472962,2.142021009386473,-3.5545851516811455e-05,0.0,20.4064935127198,-1.823012584846306,1.823012584846306
1762247519.881083,-8.660943727214216,2.1463311863669605,-5.232721492650526e-05,0.0,20.403226327932558,-1.8236735283777212,1.8236735283777212
1762247519.8993983,-8.659693704663598,2.1525615554460478,-0.00020195488789331067,0.0,20.398507594124172,-1.824648586445929,1.824648586445929
1762247519.922856,-8.660641925377817,2.156573435922581,-3.357738194691845e-09,0.0,20.395923586040357,-1.8269251863244782,1.8269251863244782
1762247519.9459562,-8.661308633960854,2.150129652792107,-3.323944627624025e-05,0.0,20.40064166504219,-1.8253249604362782,1.8253249604362782
1762247519.9842803,-8.66408254097517,2.155809893952573,-0.0016813261062084165,0.0,20.397353997164906,-1.8298894776276602,1.8298894776276602
1762247520.0293276,-8.663298417372634,2.159493744952029,-2.5480421646815102e-05,0.0,20.39455203386266,-1.830428302592318,1.830428302592318
1762247520.0806205,-8.661498500369444,2.157130629849234,-3.6246527448915664e-05,0.0,20.39575254748887,-1.8279216442598956,1.8279216442598956
1762247520.125887,-8.66124500408062,2.1572855418761825,-2.1686372739307693e-05,0.0,20.39557757901593,-1.8277374158015924,1.8277374158015924
1762247520.1658828,-8.660104663473584,2.157129746109185,-2.6816135423240742e-05,0.0,20.39539195440763,-1.826613626703546,1.826613626703546
1762247520.191836,-8.659587900174053,2.1575772800023616,-2.2455722640095876e-05,0.0,20.394942376679616,-1.8262837308589885,1.8262837308589885
1762247520.2258768,-8.662511348085367,2.162438578425914,-2.7162770110957838e-05,0.0,20.392270742792192,-1.8307105991521806,1.8307105991521806
1762247520.2531343,-8.668179535477927,2.167395763163954,-0.00041691883939335816,0.0,20.390241776988223,-1.8377469265783326,1.8377469265783326
1762247520.292727,-8.666052428260656,2.1700922600574204,-2.740608019221636e-05,0.0,20.38778839986703,-1.8366897243125788,1.8366897243125788
1762247520.333908,-8.663388160642363,2.1647933248730094,-1.9958005025906653e-05,0.0,20.39083675147432,-1.832350029070347,1.832350029070347
1762247520.3691728,-8.662887218742169,2.1617152675562967,-2.0858158088881374e-05,0.0,20.392878359773075,-1.8308123298908832,1.8308123298908832
1762247520.9063425,-8.657962906114665,2.155628065603883,-5.56428196389e-05,0.0,20.395896114561634,-1.8240845400119126,1.8240845400119126
1762247521.0667787,-8.66561894663247,2.1540625760107166,-1.6333331024492859e-09,0.0,20.3989850028128,-1.8307276664231813,1.8307276664231813
1762247521.1919842,-8.625680175588688,2.1010830457668077,-9.102898842790125e-06,0.0,20.415275865705162,-1.7750652830300182,1.7750652830300182
1762247521.2290442,-8.619825621834615,2.0926601238988303,-1.1760404185964577e-05,0.0,20.42140814523779,-1.7667135066681259,1.7667135066681259
1762247521.4674087,-8.875496018071399,2.0827948176672697,-9.40195188164783e-06,0.0,20.483666764931126,-2.004892557681154,2.004892557681154
1762247521.4899771,-8.887233171766795,2.0820412557131025,-1.318590663153089e-05,0.0,20.487022401085888,-2.015769966895705,2.015769966895705
1762247521.5109944,-8.896473161402099,2.079777806572528,-1.076083818333862e-05,0.0,20.49087327057626,-2.023802548893031,2.023802548893031
1762247521.529487,-8.906630259002794,2.0799108746044084,-9.334127495481756e-06,0.0,20.493220635746,-2.0334721048949844,2.0334721048949844
1762247521.5578828,-8.917584643060078,2.078393145161762,-8.134594900569313e-06,0.0,20.49695736949008,-2.0433746029652116,2.0433746029652116
1762247521.5828023,-8.926010614853652,2.077269734873593,-1.1230647648136044e-05,0.0,20.499804727429332,-2.0510083375625747,2.0510083375625747
1762247521.6059852,-8.93236156856382,2.0758375078835534,-1.055384148314792e-05,0.0,20.502377477788524,-2.0565784323284504,2.0565784323284504
1762247521.6261618,-8.937462973961825,2.074462846130651,-0.0005740037425334167,0.0,20.50460859701824,-2.060983181416498,2.060983181416498
1762247521.646996,-8.937002452265714,2.0682181203802736,-0.00016666972840212257,0.0,20.509017974542218,-2.058575612868184,2.058575612868184
1762247521.671555,-8.948815471083726,2.0674228922174787,-0.0001567696717263324,0.0,20.512466727926217,-2.069538082754363,2.069538082754363
1762247521.6951363,-8.938427080043198,2.06111037560117,-0.00015667633302015414,0.0,20.514510429325576,-2.057692705092055,2.057692705092055
1762247521.731594,-8.809207017713941,1.9779650087364784,-1.0231900445717974e-05,0.0,20.532793457339505,-1.9090521994261223,1.9090521994261223
1762247521.7672071,-8.658466640884802,1.8849323912755278,-8.223901287102831e-06,0.0,20.56517763967769,-1.737220687304002,1.737220687304002
1762247521.7964828,-8.630227892491199,1.8639294258910892,-9.75963167515619e-06,0.0,20.570610229092534,-1.7040100693343774,1.7040100693343774
1762247521.8236413,-8.617890276510316,1.8528163826248703,-8.333203080982824e-06,0.0,20.57395771418648,-1.6889355805668531,1.6889355805668531
1762247521.8511806,-8.611093666610904,1.8474106059794255,-0.00015230761225924904,0.0,20.57551688986059,-1.6808463062061438,1.6808463062061438
1762247521.8854585,-8.595917475602386,1.8373076591528823,-0.00013670015499270011,0.0,20.579487672983955,-1.6633704142096861,1.6633704142096861
1762247521.906407,-8.596107044247718,1.8498384979683271,-1.1385875363931411e-05,0.0,20.572130437980444,-1.6672460061309538,1.6672460061309538
1762247521.9305143,-8.572531477191989,1.864907185327604,-0.00048164376529086336,0.0,20.56133731257129,-1.6492317099179403,1.6492317099179403
1762247521.9477553,-8.58202633393278,1.8884078838306046,-2.6125839058281186e-05,0.0,20.551678993749956,-1.6653734086454417,1.6653734086454417
1762247521.990137,-8.568250761672708,1.9269463039964643,-9.114220449321295e-10,0.0,20.512161510865933,-1.6641178930201057,1.6641178930201057
1762247522.0157964,-8.572640682610233,1.9716265785638023,-0.0001273091268676817,0.0,20.49093009133134,-1.6823891728776117,1.6823891728776117
1762247522.0509222,-8.562905435666162,2.000632355468051,-6.894475289037888e-06,0.0,20.470354682743263,-1.6825183927964824,1.6825183927964824
1762247522.0824544,-8.549451416812909,2.0482934722278454,-8.464050455091181e-06,0.0,20.441174635289755,-1.6855285615611446,1.6855285615611446
1762247522.1118135,-8.552212553970692,2.0818104996698077,-0.00011964601665835272,0.0,20.410262060449284,-1.6994155134242916,1.6994155134242916
1762247522.1355522,-8.5494964932176,2.121969400547967,-7.489641122748029e-06,0.0,20.391529975555844,-1.7106751404525866,1.7106751404525866
1762247522.163797,-8.541012226592704,2.152244442011483,-6.432577047159852e-06,0.0,20.370485051557072,-1.7133232281859834,1.7133232281859834
1762247522.1995974,-8.538836713332405,2.171705890747683,-0.00011656477456447975,0.0,20.361118786339386,-1.7181893876316137,1.7181893876316137
1762247522.2336671,-8.525450516038523,2.1860341519722777,-7.844489656916483e-10,0.0,20.352011386948632,-1.710814976502024,1.710814976502024
1762247522.2592542,-8.51315067299632,2.1955972093623566,-0.0001082332517396458,0.0,20.340392530138924,-1.702799164757606,1.702799164757606
1762247522.2828865,-8.51875346633609,2.214790515095956,-0.00011077980129326167,0.0,20.324311005832524,-1.7149946036474326,1.7149946036474326
1762247522.3233383,-8.514721653187395,2.2338978622567205,-5.432192544773073e-06,0.0,20.316507362122127,-1.7182516082694015,1.7182516082694015
1762247522.3537123,-8.484852133038624,2.2662257199127263,-0.00010215701780537197,0.0,20.285660147937108,-1.7025577026630825,1.7025577026630825
1762247522.5276535,-8.560179899168295,2.33644906843205,-0.0003339370142982449,0.0,20.264305447842883,-1.7988835211184933,1.7988835211184933
1762247522.7830453,-8.46152881200392,2.4178841334785837,-7.980544963937772e-05,0.0,20.185880299481404,-1.7400724249862005,1.7400724249862005
1762247522.9625585,-8.545127669048501,2.4664498392293313,-3.961225941794286e-06,0.0,20.177490127698224,-1.8361523467040395,1.8361523467040395
1762247523.1423702,-8.86349971964221,2.5021270142463172,-6.237300702885117e-05,0.0,20.236276966553405,-2.14262049849368,2.14262049849368
1762247523.267847,-8.799630622744106,2.517182240490626,-4.063235450413403e-10,0.0,20.19852050591961,-2.0896823517829533,2.0896823517829533
1762247523.2870102,-8.713634025920175,2.5256675311162846,-4.506483143213357e-06,0.0,20.187077831637712,-2.01423905528222,2.01423905528222
1762247523.5119443,-8.662009195065739,2.5549372271996114,-2.4958758491157535e-06,0.0,20.161861661388897,-1.9789155625777082,1.9789155625777082
1762247523.700815,-8.652644151986342,2.602102726466658,-8.87404474089498e-06,0.0,20.121773507740702,-1.989870116620205,1.989870116620205
1762247523.8615773,-8.607769582766103,2.796873008432565,-4.5375735597841325e-05,0.0,20.003003249165094,-2.033689614945816,2.033689614945816
1762247523.886356,-8.598309721513475,2.8369261584237764,-2.6923282040346486e-06,0.0,19.974862210051004,-2.043321000322878,2.043321000322878
1762247523.9146724,-8.598586339105083,2.8739446923033025,-3.939619709637889e-05,0.0,19.960743978361617,-2.0604797141981526,2.0604797141981526
1762247523.9356856,-8.602383842879687,2.9060724761992667,-2.545239023637595e-06,0.0,19.937314126165163,-2.078683854211973,2.078683854211973
1762247523.9578426,-8.60160282008202,2.92858978401465,-2.0055173177903327e-06,0.0,19.916840681375852,-2.0884515695406565,2.0884515695406565
1762247523.9817295,-8.602296835084589,2.961185284980013,-4.178501794944406e-06,0.0,19.90961374576939,-2.104371671300534,2.104371671300534
1762247524.0054994,-8.602948940058448,2.997101736900786,-2.361556894931629e-06,0.0,19.885903342228353,-2.1219572720021325,2.1219572720021325
1762247524.0291333,-8.603230639417507,3.0242111834827323,-1.7762322049892785e-06,0.0,19.872730599219793,-2.1351602753725465,2.1351602753725465
1762247524.0531132,-8.602746885178478,3.046348547740146,-3.531701366195316e-05,0.0,19.864699157039468,-2.1453845839854133,2.1453845839854133
1762247524.0754974,-8.606976275030053,3.0645581025969486,-0.00012937664659968165,0.0,19.857191154758812,-2.157891714743991,2.157891714743991
1762247524.0945673,-8.60477060867991,3.078833098481429,-2.413674691158999e-10,0.0,19.84357181527997,-2.162903301451742,2.162903301451742
1762247524.1229315,-8.611589598827175,3.0960812057072844,-3.3271983234458885e-05,0.0,19.831603787703525,-2.1772627566507348,2.1772627566507348
1762247524.16032,-8.610849721480221,3.1087028151680847,-1.9018160628771886e-06,0.0,19.82013461985018,-2.1827813067076347,2.1827813067076347
1762247524.1893659,-8.612719297774602,3.1175886376019077,-3.008440643871262e-06,0.0,19.813191307060894,-2.1887588752662954,2.1887588752662954
1762247524.228946,-8.615586242791878,3.139866297870735,-0.00010073788908285382,0.0,19.816551295942155,-2.202255084823213,2.202255084823213
1762247524.2699792,-8.617736497903843,3.165986007841082,-4.38986363309323e-06,0.0,19.800144583576852,-2.2170667127601464,2.2170667127601464
1762247524.305493,-8.614934467289066,3.1938122676396934,-1.7607649656507746e-06,0.0,19.78074911112185,-2.2285196262208267,2.2285196262208267
1762247524.3406794,-8.611488991145398,3.230612068267352,-3.7708036326358214e-05,0.0,19.766511882132306,-2.244061476367132,2.244061476367132
1762247524.3642066,-8.601450033664717,3.2831652597523493,-0.0001065983546507479,0.0,19.723752290603752,-2.2621748904379615,2.2621748904379615
1762247524.4380333,-8.53043333139668,3.4382941933658318,-3.07275504152713e-05,0.0,19.614216187724168,-2.283089957361333,2.283089957361333
1762247524.474203,-8.497018955337436,3.475080393533323,-1.9021608500281988e-10,0.0,19.59127390362555,-2.27480369876341,2.27480369876341
1762247524.6348987,-8.527642726048986,3.6100345434019525,-1.5091104383956322e-06,0.0,19.524751724150903,-2.374415808815842,2.374415808815842
1762247524.6591523,-8.491205977602892,3.629417052034687,-2.4601339419731386e-05,0.0,19.506930823381882,-2.354935631573552,2.354935631573552
1762247524.689528,-8.463743677994401,3.6421849398180752,-1.8228974189247562e-06,0.0,19.487406302935177,-2.3393465367683333,2.3393465367683333
1762247524.7230973,-8.425786451852101,3.6414276679662416,-1.168277591011411e-06,0.0,19.47375813422385,-2.3075587529207455,2.3075587529207455
1762247524.757632,-8.323787393680822,3.625220467828867,-1.1764716803102805e-06,0.0,19.4522822062581,-2.2143714614921945,2.2143714614921945
1762247524.7858298,-8.217115896132649,3.5980731057802853,-2.229021210973803e-05,0.0,19.415041992767485,-2.1113879726286986,2.1113879726286986
1762247524.8068635,-8.180476448239604,3.559362410646296,-2.18422333720232e-05,0.0,19.42659765529123,-2.059163080628796,2.059163080628796
1762247524.8321822,-8.157511061089368,3.54091021292536,-1.1450189926588713e-06,0.0,19.42902580537962,-2.029766856161668,2.029766856161668
1762247524.8500767,-8.151672315322381,3.5209081075431983,-1.4624842299497955e-06,0.0,19.44232839111172,-2.0135177051001643,2.0135177051001643
1762247524.875403,-8.142520140667607,3.501538523997751,-1.182054592873124e-06,0.0,19.450364649082047,-1.994938068195324,1.994938068195324
1762247524.9015214,-8.132081966393802,3.4815469484334804,-1.460510207126708e-05,0.0,19.455325266825287,-1.9749706197811414,1.9749706197811414
1762247524.9343758,-8.128784909712175,3.456365040549574,-1.256984076446985e-06,0.0,19.465056984200917,-1.9579573254770928,1.9579573254770928
1762247524.9619355,-8.128599974471898,3.4355125841533645,-1.155100573243583e-06,0.0,19.4750221642187,-1.946012017376602,1.946012017376602
1762247524.9867768,-8.123628983207253,3.4062780256145677,-1.115950531187039e-06,0.0,19.491162477381135,-1.9254468068449748,1.9254468068449748
1762247525.0236058,-8.126224595851884,3.4131847451547084,-1.35183635525905e-10,0.0,19.48794894071869,-1.9314742336774475,1.9314742336774475
1762247525.0503106,-8.17571744186574,3.4033560965822423,-7.95288655300295e-05,0.0,19.514922014075783,-1.9669868805366422,1.9669868805366422
1762247525.0898569,-8.264239325234911,3.406091330872742,-1.8699878969965295e-05,0.0,19.549732106701086,-2.0421796165317567,2.0421796165317567
1762247525.120995,-8.366661022923306,3.4118593272808555,-1.8189046867318394e-05,0.0,19.57833284261001,-2.1310189951409,2.1310189951409
1762247525.156447,-8.418547850181485,3.411769312265124,-9.548617078100833e-07,0.0,19.599378214038587,-2.1745478689200843,2.1745478689200843
1762247525.1900723,-8.442904170437942,3.4152342856409916,-1.050672592631177e-06,0.0,19.607082636253942,-2.196914747997278,2.196914747997278
1762247525.2320614,-8.458027394946074,3.414187623160755,-9.579953194279878e-07,0.0,19.613904466325074,-2.20908788553457,2.20908788553457
1762247525.2613866,-8.478494590901217,3.4104727668895443,-9.890479947964039e-07,0.0,19.610978629267997,-2.224330468720768,2.224330468720768
1762247525.3029618,-8.495877106887953,3.4114143063666305,-1.763110734932234e-05,0.0,19.61921162145398,-2.2395180766013087,2.2395180766013087
1762247525.3312898,-8.516820848126219,3.4203790414154835,-1.3603313717834834e-06,0.0,19.622442515376335,-2.262009833879927,2.262009833879927
1762247525.4360125,-8.566744289198493,3.436974560633095,-9.936891543847647e-07,0.0,19.634221739661157,-2.3130857071054622,2.3130857071054622
1762247525.6534495,-8.609872838681719,3.389442313143249,0.9678137020506332,0.0,19.67548434366922,-2.3245340321643875,2.3245340321643875
1762247525.8254535,-8.542651033431438,3.290170437162556,0.8737842789049892,0.0,19.710406051951622,-2.2154106097331225,2.2154106097331225
1762247525.8574333,-8.491892534593367,3.2912157451269763,-0.00013761383979642408,0.0,19.68982444495155,-2.1725945976555523,2.1725945976555523
1762247525.8944016,-8.471603652488511,3.2976779086312353,0.34810933193882626,0.0,19.677766941947656,-2.1586787538811567,2.1586787538811567
1762247525.923904,-8.45030108229625,3.2876254809769407,0.46967969037615825,0.0,19.676368457248074,-2.135268620776249,2.135268620776249
1762247525.9491007,-8.424939609073261,3.2731131747886577,0.44218678271752726,0.0,19.675888464169322,-2.1060640532310906,2.1060640532310906
1762247525.966722,-8.42475038755791,3.2861907120381746,0.42982095587164876,0.0,19.670706340024218,-2.1127748785895943,2.1127748785895943
1762247525.990811,-8.42462878531444,3.3008477883687495,0.4317651555812198,0.0,19.66491488727078,-2.1203957047159445,2.1203957047159445
1762247526.0196712,-8.418668924263027,3.3095995527289017,0.5104739085929082,0.0,19.659930361176404,-2.1199612321033494,2.1199612321033494
1762247526.051118,-8.403068897594471,3.3024699761991823,0.5755109161531363,0.0,19.65874436907406,-2.102952165071236,2.102952165071236
1762247526.072592,-8.401694321972291,3.3013270081395536,0.5851755430621383,0.0,19.658846325784605,-2.1011809347703645,2.1011809347703645
1762247526.1050014,-8.3565932981698,3.2908038187632167,0.6196139113590751,0.0,19.649825408836392,-2.057368896143934,2.057368896143934
1762247526.1361687,-8.364450417476116,3.3006915128277017,0.6860465851555851,0.0,19.64546407417339,-2.069284561389069,2.069284561389069
1762247526.1688046,-8.367160367090422,3.2854697983286663,0.6625486716624704,0.0,19.656183721900092,-2.063491005794369,2.063491005794369
1762247526.195776,-8.349017330837208,3.277947767503415,0.6903855949448165,0.0,19.654409830597405,-2.044120547483818,2.044120547483818
1762247526.2280474,-8.33663605196809,3.2712361259240517,0.6145101344247146,0.0,19.65384427025927,-2.0300649224317713,2.0300649224317713
1762247526.2702677,-8.326878095293091,3.257256356662132,0.672839823532747,0.0,19.657066200803502,-2.0143794261727623,2.0143794261727623
1762247526.2962804,-8.332716808091698,3.2424717371522873,0.6532021176285657,0.0,19.66483288614024,-2.0115180443826635,2.0115180443826635
1762247526.3263345,-8.339402672435646,3.2397623758849834,0.6632883706359981,0.0,19.667718637222134,-2.0157701540834654,2.0157701540834654
1762247526.3527157,-8.35458785611784,3.2413243262771867,0.7606045260081619,0.0,19.67101766520532,-2.029502747180679,2.029502747180679
1762247526.4061852,-8.366868305675643,3.2673094085203203,0.5796022712610108,0.0,19.663564381006744,-2.0536348047521,2.0536348047521
1762247526.4450924,-8.352473271592132,3.266311263852275,0.5236232445999291,0.0,19.66017821503054,-2.0408872257286985,2.0408872257286985
1762247526.4830904,-8.355377221996942,3.2518175074693665,0.588824573261504,0.0,19.666915252699976,-2.0356995093483885,2.0356995093483885
1762247526.505426,-8.357863296558502,3.2524939679695075,0.5949466416032093,0.0,19.667283375572207,-2.0381687344775945,2.0381687344775945
1762247526.5383677,-8.345966297427065,3.241943248517981,1.2882908235756219e-06,0.0,19.66853037663924,-2.022498018292346,2.022498018292346
1762247526.5712168,-8.337206619891994,3.246332436475092,0.18311006916415135,0.0,19.66441479856695,-2.017369171077436,2.017369171077436
1762247526.6020167,-8.325020477711993,3.2339577969800146,0.20059277871223913,0.0,19.666347759825904,-2.0004885347866534,2.0004885347866534
1762247526.628941,-8.314291775263225,3.217783929636982,0.20824320732605023,0.0,19.670294020229527,-1.9828494089158415,1.9828494089158415
1762247526.6622033,-8.304250625889054,3.2042160066473366,-0.07658352052508258,0.0,19.673371396714625,-1.9671744285369293,1.9671744285369293
1762247526.6846747,-8.293991117294324,3.2015317294426726,-0.2332482213812652,0.0,19.671792976732654,-1.95703535379461,1.95703535379461
1762247526.7168198,-8.292136056519963,3.1959870197232068,-0.23641672609931602,0.0,19.67366335801382,-1.952543213090542,1.952543213090542
1762247526.7490313,-8.290502230009283,3.1892828097865236,-0.2465379567825718,0.0,19.676674487861593,-1.9476338888225349,1.9476338888225349
1762247526.7856047,-8.306147643949569,3.229455764340112,-0.27907068354775766,0.0,19.66319513879763,-1.982081625019283,1.982081625019283
1762247526.8158488,-8.33333977033227,3.2972719467007154,-0.2712336292604406,0.0,19.632210530265784,-2.041144522318111,2.041144522318111
1762247526.8487954,-8.350429879874055,3.371842054855233,-0.3124438520170348,0.0,19.596933086645386,-2.0956592642249015,2.0956592642249015
1762247526.8779807,-8.338145789234513,3.4026944314190692,-0.35739051325848453,0.0,19.57305345143915,-2.1021174824262756,2.1021174824262756
1762247526.9202263,-8.320615687452413,3.426478913723226,-0.3744434222510962,0.0,19.557552743717952,-2.1004723326006673,2.1004723326006673
1762247526.95702,-8.31510383128067,3.442480098341469,-0.3419180502447113,0.0,19.54901611189709,-2.104676337464151,2.104676337464151
1762247527.0038216,-8.30743815246342,3.4664539904803546,-0.34534323439820797,0.0,19.526411695138606,-2.111553392379178,2.111553392379178
1762247527.0279584,-8.29992990478912,3.4814141489339065,-0.3204246865944282,0.0,19.509767657399777,-2.1136171010405573,2.1136171010405573
1762247527.0516727,-8.305811210524354,3.505662597247541,-0.287836075887447,0.0,19.505952419491443,-2.132033498945849,2.132033498945849
1762247527.080263,-8.306610110156155,3.5240478517289717,-0.2558358588055938,0.0,19.49486361260237,-2.142989251822579,2.142989251822579
1762247527.1137662,-8.304527092824307,3.540332129583062,-0.2523504663389661,0.0,19.48385761864055,-2.150413722444827,2.150413722444827
1762247527.1453772,-8.307400083696196,3.5528379499646947,-0.180297009053386,0.0,19.477279130321833,-2.1598312759025253,2.1598312759025253
1762247527.167339,-8.322792035695993,3.5745681688071294,-2.7699299511152198e-05,0.0,19.4720532964043,-2.1848029626996643,2.1848029626996643
1762247527.188834,-8.367209522376246,3.6238416266844524,-0.00044727157329127525,0.0,19.464901720475623,-2.2493102329747674,2.2493102329747674
1762247527.2192562,-8.397896866212216,3.6616584398290044,-2.7591438880752108e-05,0.0,19.459180215898716,-2.2960412769690968,2.2960412769690968
1762247527.2463067,-8.416870843436792,3.687399704511038,-0.0004338877861426894,0.0,19.452889105798537,-2.326295834728902,2.326295834728902
1762247527.2681072,-8.443669591615743,3.718069494109186,-5.542986323535458e-05,0.0,19.4424850242811,-2.36581009040283,2.36581009040283
1762247527.2963743,-8.400171952250771,3.720059082067981,-0.00042175365596165145,0.0,19.416479483127983,-2.3312878120647613,2.3312878120647613
1762247527.3235762,-8.384363987798242,3.737758292502315,-2.9258897102021897e-09,0.0,19.414718345668348,-2.3285933149642855,2.3285933149642855
1762247527.3484175,-8.381998309377455,3.756066476028831,-0.00040728865482886817,0.0,19.402141151001306,-2.337274927033004,2.337274927033004
1762247527.384098,-8.373010450170215,3.7801032946152016,-0.0004218130302641074,0.0,19.382272091471975,-2.343958324055468,2.343958324055468
1762247527.4067314,-8.358386110566428,3.7994821046181695,-2.385358036543565e-05,0.0,19.375287661138792,-2.3434649685678446,2.3434649685678446
1762247527.443235,-8.348551930414931,3.818840448257528,-2.7461739425440473e-09,0.0,19.36553225939094,-2.3469218154033653,2.3469218154033653
1762247527.4733605,-8.357057625965588,3.8924568265070625,-2.0955516785233884e-05,0.0,19.31055176519017,-2.3974454831188154,2.3974454831188154
1762247527.4967437,-8.350909683231443,3.954206693309685,-2.294488122659819e-05,0.0,19.300757481710438,-2.4298662080897584,2.4298662080897584
1762247527.5228379,-8.33715060559051,4.004551792580214,-2.3091758297535688e-05,0.0,19.276080110827614,-2.4496634641804977,2.4496634641804977
1762247527.5525272,-8.328246201388403,4.033443811685834,-0.00038237710491144725,0.0,19.257513786062095,-2.4604199341118727,2.4604199341118727
1762247527.574471,-8.315621911287314,4.059299100770343,-3.076080136282233e-05,0.0,19.229300676094862,-2.4664862959083886,2.4664862959083886
1762247527.6117938,-8.309222774031104,4.07801461097854,-0.0003578823366883777,0.0,19.21053991123935,-2.4730884637545634,2.4730884637545634
1762247527.6436055,-8.309091595301433,4.0902323129902305,-1.6163388119502826e-05,0.0,19.200747080508243,-2.4805918060877215,2.4805918060877215
1762247527.680251,-8.30161034304008,4.110963118470072,-1.8396255121678254e-05,0.0,19.20747852366212,-2.4877538919510904,2.4877538919510904
1762247527.7070556,-8.296668186296342,4.132913103044886,-1.99894999423962e-05,0.0,19.19187068689579,-2.497657350239096,2.497657350239096
1762247527.7314346,-8.288124459956153,4.1573985809592875,-0.0012052270430740278,0.0,19.17226873295234,-2.506392866790315,2.506392866790315
1762247527.9611228,-8.236769814526566,4.321242416704756,-1.973019202877735e-09,0.0,19.023722943746733,-2.5698970099928466,2.5698970099928466
1762247528.2564116,-8.190457505552756,4.425150094671879,-1.2944269410262843e-05,0.0,18.951277787854576,-2.6002983984947488,2.6002983984947488
1762247528.3828895,-8.180886013625207,4.450494463547595,-1.3993739356813301e-05,0.0,18.928043384191174,-2.609273058945207,2.609273058945207
1762247528.716031,-8.184176291821181,4.479580929673559,-0.00017522971738827118,0.0,18.90763986219267,-2.6305393245843205,2.6305393245843205
1762247528.9217582,-8.167142666771428,4.485797792853633,-0.0005449116940900992,0.0,18.914823864935865,-2.621621242248513,2.621621242248513
1762247529.1359644,-8.171352258827469,4.502671176117089,-9.367835848944454e-10,0.0,18.906609970861787,-2.6357896409244432,2.6357896409244432
1762247529.3155098,-8.1644392617574,4.486608888424362,-6.0190785249236455e-06,0.0,18.912910415454434,-2.6200930945876664,2.6200930945876664
1762247529.4411008,-8.169988783166866,4.485791690188035,-0.0001090761371138884,0.0,18.916309116699075,-2.6237814759393867,2.6237814759393867
1762247529.7822053,-8.171255191473207,4.487713724086643,-6.6418475315431965e-06,0.0,18.915814989405455,-2.625992607959793,2.625992607959793
1762247529.8627918,-8.176038976783301,4.488445581280877,-4.386469210109612e-06,0.0,18.91745261847108,-2.6301073108924053,2.6301073108924053
1762247530.0217218,-8.165160220635082,4.492324887143242,-7.433555803411666e-05,0.0,18.909766536192986,-2.624356611776456,2.624356611776456
1762247530.2357557,-8.167837488413346,4.496828703590749,-4.414372384246848e-06,0.0,18.908392005673743,-2.629319426191511,2.629319426191511
1762247530.4071143,-8.168206301566086,4.48680743155386,-6.355180358366397e-05,0.0,18.91477038106581,-2.623085730630003,2.623085730630003
1762247530.654356,-8.157391763000579,4.480672647682234,-4.2031436885960585e-06,0.0,18.912812818274848,-2.6108790068033265,2.6108790068033265
1762247530.7811897,-8.167128680975935,4.495826470036851,-8.486723031538205e-05,0.0,18.9086378187826,-2.6281291576765202,2.6281291576765202
1762247530.8061316,-8.164310661950863,4.4995894666666985,-4.096637989873017e-06,0.0,18.904696851788103,-2.628437775686919,2.628437775686919
1762247530.826822,-8.16159995924973,4.506701621904393,-3.2245020633787217e-06,0.0,18.898498956263808,-2.6310124196847617,2.6310124196847617
1762247530.8514526,-8.156192201613395,4.515236007980937,0.05300632031785026,0.0,18.88946870294242,-2.6324747658707066,2.6324747658707066
1762247530.8882315,-8.15309004103093,4.5164641891658786,0.0725834059719147,0.0,18.886724130220074,-2.630924117073204,2.630924117073204
1762247530.92414,-8.159110979089311,4.517077562095765,0.10606796476663027,0.0,18.889924868008524,-2.6358884145424977,2.6358884145424977
1762247530.9665859,-8.154052234391553,4.514784204142249,0.4662363098801732,0.0,18.88850007607919,-2.6305578515668095,2.6305578515668095
1762247530.996372,-8.16272686601121,4.505023012022328,0.6516486400812843,0.0,18.900259288894997,-2.6307738323381296,2.6307738323381296
1762247531.0279076,-8.198368929181639,4.528343128701204,0.6595673954916661,0.0,18.9050679248052,-2.6730092187389456,2.6730092187389456
1762247531.0904315,-8.176644019377374,4.512622614700106,1.3396640742698742,0.0,18.90312727963381,-2.646284323124127,2.646284323124127
1762247531.1200047,-8.18229920537846,4.48849477057569,1.269142274519579,0.0,18.91818289478901,-2.634909337274686,2.634909337274686
1762247531.1469612,-8.164967350952077,4.479756520932062,1.2343296568685769,0.0,18.91731115597354,-2.616044149276767,2.616044149276767
1762247531.1805172,-8.164425311112641,4.450588388292318,1.2202968299090082,0.0,18.917532268943557,-2.596749268745987,2.596749268745987
1762247531.224417,-8.175476301757083,4.389434232139382,1.2485706790133075,0.0,18.95813778814887,-2.565918330773135,2.565918330773135
1762247531.2516043,-8.172615852449688,4.389242749942416,1.2268146770184898,0.0,18.95738186080432,-2.563597356463935,2.563597356463935
1762247531.289266,-8.18516412824736,4.34356117267599,1.116651757648986,0.0,18.984505623873996,-2.544129382993772,2.544129382993772
1762247531.5123649,-8.2689751694997,3.9645788057789977,0.7211949941398531,0.0,19.272628154721016,-2.3713028207143267,2.3713028207143267
1762247531.7789454,-8.316639841402143,3.7640143910226818,0.2732832643296175,0.0,19.3759905601579,-2.288847640263892,2.288847640263892
1762247531.976573,-8.319262420872494,3.704314305319962,-5.839694643972026e-05,0.0,19.406505758186686,-2.256151770708018,2.256151770708018
1762247532.1237519,-8.34050397819297,3.65823827348055,-5.645828202121851e-05,0.0,19.434287100598244,-2.246964967566791,2.246964967566791
1762247532.195383,-8.35069129965974,3.629818961299007,-6.350077738353294e-05,0.0,19.45843963678462,-2.239106075667197,2.239106075667197
1762247532.236042,-8.35590806653168,3.620670734841399,-5.736642531901302e-05,0.0,19.46309898519763,-2.2382038359904177,2.2382038359904177
