timestamp,x_m,y_m,vx_mps,vy_mps,s_m,d_m (lateral_error),abs_lateral_error
1762250825.2283535,10.150171233569496,-3.6694624129180533,-3.947956811415056e-65,0.0,0.3982108572477616,-3.272223840414798,3.272223840414798
1762250825.3500288,10.151697286362385,-3.66960116915444,-1.9862762725015126e-66,0.0,0.39904750239033904,-3.2734869170935363,3.2734869170935363
1762250825.392708,10.147849037085713,-3.6667128991672664,-1.7865188990954623e-66,0.0,0.39893012502101,-3.268679752575279,3.268679752575279
1762250825.4483428,10.158458077784191,-3.6642375264342966,-1.617493859547574e-66,0.0,0.3907798636160719,-3.2755138344367323,3.2755138344367323
1762250825.5128791,10.152378841678907,-3.6662175350326014,-3.1427201521949723e-65,0.0,0.4021256501516357,-3.271841519555835,3.271841519555835
1762250825.5577745,10.155762794399186,-3.663770280900698,-3.2895568821627206e-65,0.0,0.3894765871162657,-3.2731102361211173,3.2731102361211173
1762250825.5919983,10.154339436013684,-3.658242947056632,-1.562322786543137e-66,0.0,0.3929331232962507,-3.268560276568471,3.268560276568471
1762250825.636231,10.156974099290437,-3.6597559935879014,-1.4963533245309908e-66,0.0,0.393377978877899,-3.271563645108529,3.271563645108529
1762250825.6592383,10.160794138358934,-3.657123672811467,-2.8264896947079705e-65,0.0,0.3978110463712827,-3.2728972000394583,3.2728972000394583
1762250825.694819,10.1569258852646,-3.655447231662601,-1.9763060923874542e-66,0.0,0.3967300973229166,-3.268832767422153,3.268832767422153
1762250825.7482636,10.15183343749149,-3.6584572428605537,-1.3831248690702253e-66,0.0,0.3912121805166577,-3.2667318871432665,3.2667318871432665
1762250825.8272479,10.153648508929587,-3.6575213012090164,-1.5628859894357262e-66,0.0,0.3930714458855748,-3.26757022103169,3.26757022103169
1762250825.8752174,10.150507604421058,-3.6635631004716034,-2.489715935797839e-65,0.0,0.40304970776363525,-3.268700767909738,3.268700767909738
1762250825.9345148,10.153417181064357,-3.6578872671058167,-2.4550050987233503e-65,0.0,0.392640862550061,-3.2676172488164474,3.2676172488164474
1762250825.9866598,10.159003841540407,-3.6583002186770535,-1.6540219394703105e-70,0.0,0.39577827882077193,-3.272239536824786,3.272239536824786
1762250826.0073261,10.158324798896267,-3.6563880986948725,-2.5602919685894905e-65,0.0,0.3968583807176251,-3.270512582391137,3.270512582391137
1762250826.034933,10.155894967906143,-3.6594493859138044,-1.2366029812014566e-66,0.0,0.39294999870471353,-3.270528646109341,3.270528646109341
1762250826.0934021,10.150134410709834,-3.659499741699379,-1.5525349961677503e-70,0.0,0.3893411796347572,-3.2660466748904975,3.2660466748904975
1762250826.128121,10.150239829060938,-3.6567075880334565,-1.3032599355207095e-66,0.0,0.3915980884307026,-3.2643960000946755,3.2643960000946755
1762250826.1699798,10.15747695734075,-3.655652779776117,-1.2645056565652583e-66,0.0,0.3969102097919894,-3.2693910165561473,3.2693910165561473
1762250826.2139614,10.151057619763755,-3.6612064497126053,-4.138518398191348e-65,0.0,0.3885735954966915,-3.267828581612436,3.267828581612436
1762250826.2546158,10.16023217708391,-3.6517027784549274,-1.1499937664646996e-66,0.0,0.4,-3.269071298751646,3.269071298751646
1762250826.2891707,10.162676697626193,-3.657833279140897,-7.501332511718834e-65,0.0,0.398420520000003,-3.274807916837702,3.274807916837702
1762250826.3175805,10.156051485109288,-3.6580551800197068,-6.485630923792553e-66,0.0,0.39414130499305816,-3.269781568603187,3.269781568603187
1762250826.3437564,10.154712412613877,-3.6536335770502966,-9.340610526304756e-67,0.0,0.39678216575864605,-3.26597116881981,3.26597116881981
1762250826.3846521,10.156147614121465,-3.653222041290881,-1.0730208199933711e-66,0.0,0.3979944485510822,-3.266830680106171,3.266830680106171
1762250826.4125009,10.157123970609936,-3.658426377607906,-6.558768883367967e-65,0.0,0.39451447001642687,-3.27085110286915,3.27085110286915
1762250826.460428,10.166863499214916,-3.6566704134123986,-1.750258854934871e-65,0.0,0.4,-3.277354285213679,3.277354285213679
1762250826.4792387,10.173482752803096,-3.651508344163932,-6.514206836599837e-65,0.0,0.4,-3.279351340940844,3.279351340940844
1762250826.5014603,10.172489835748028,-3.6497070096864888,-1.0066777942385672e-66,0.0,0.4,-3.2774558665291265,3.2774558665291265
1762250826.5285957,10.169034731985013,-3.6546595634449286,-9.933723400758949e-67,0.0,0.4,-3.2778125673657543,3.2778125673657543
1762250826.5924273,10.165688037570877,-3.6538958081817734,-1.240112037012831e-66,0.0,0.4,-3.274712482123472,3.274712482123472
1762250826.6301298,10.15236569979752,-3.661086809856385,-2.4888819018925487e-66,0.0,0.38947800050601405,-3.268781264132051,3.268781264132051
1762250826.6696618,10.156418601594384,-3.666923365685915,-8.424728175490381e-67,0.0,0.3874080420684331,-3.2755768686084936,3.2755768686084936
1762250826.6987026,10.15419600175276,-3.669821476209733,-6.625142292650905e-65,0.0,0.40042280814478803,-3.2755486169816868,3.2755486169816868
1762250826.719448,10.149308560837776,-3.6697400897412225,-7.883358047638609e-67,0.0,0.39745838583626725,-3.2717365882932223,3.2717365882932223
1762250826.7482886,10.147193788825062,-3.6678740558563834,-8.857580934248303e-67,0.0,0.3976127231350648,-3.2689168827120465,3.2689168827120465
1762250826.7716014,10.14616923786173,-3.6695480820250235,-7.128430012683027e-67,0.0,0.39566394127521853,-3.2691929868856073,3.2691929868856073
1762250826.7957299,10.14445617144476,-3.6717773549178867,-1.3793455312123976e-65,0.0,0.3928527299388025,-3.2692830794583205,3.2692830794583205
1762250826.8232877,10.138464034978645,-3.6802227413085085,-1.4139984537321468e-65,0.0,0.382511074897272,-3.2699279364892377,3.2699279364892377
1762250826.8522475,10.134113356555313,-3.6807222042146885,-6.282435291071032e-67,0.0,0.37942332082241625,-3.2668348367476088,3.2668348367476088
1762250826.8804872,10.130293458308257,-3.678922153631936,-1.3182163002930635e-65,0.0,0.37846935522017655,-3.262723602094913,3.262723602094913
1762250826.919083,10.138028184022684,-3.6719328566484393,-9.442154607477438e-67,0.0,0.3887478348027571,-3.2643946915278805,3.2643946915278805
1762250826.96082,10.145476390518404,-3.6762996714017873,-8.577735971214282e-67,0.0,0.3899352535659393,-3.2729308633530305,3.2729308633530305
1762250826.9981847,10.145843652148079,-3.679560688172358,-1.359216206164445e-66,0.0,0.3876032060843857,-3.2752682541076523,3.2752682541076523
1762250827.0260265,10.145036287670862,-3.6820607004204673,-2.9366186945023986e-66,0.0,0.385140669858828,-3.2762070264568415,3.2762070264568415
1762250827.0472736,10.148369268498664,-3.683233822045195,-9.573334832912213e-67,0.0,0.3862850200401724,-3.2795397289354202,3.2795397289354202
1762250827.0668259,10.146727943635797,-3.6805706190653438,-8.250928671689218e-71,0.0,0.3873584159130061,-3.2765906840460617,3.2765906840460617
1762250827.102969,10.145483514668866,-3.678944926968455,-1.160209086988108e-65,0.0,0.38786337899483225,-3.274601194009997,3.274601194009997
1762250827.1404274,10.149155213029326,-3.6772498861118286,-2.0820540060901995e-65,0.0,0.39146885240762974,-3.276384734311307,3.276384734311307
1762250827.1816576,10.141893348621577,-3.6809193087953718,-8.970388733328025e-67,0.0,0.3840891661049599,-3.273041121633808,3.273041121633808
1762250827.241694,10.143074425378856,-3.6772220134990485,-1.064116338594109e-65,0.0,0.3877230178873463,-3.2716444429408593,3.2716444429408593
1762250827.2856305,10.145780824409735,-3.675490062031815,-3.956166343104275e-65,0.0,0.3907593544704999,-3.272656518902575,3.272656518902575
1762250827.313589,10.142309269616458,-3.679865493130905,-4.407329153245248e-65,0.0,0.3851740255201934,-3.2727063494183306,3.2727063494183306
1762250827.3348036,10.142757273110456,-3.67994802408652,-5.6685849833544304e-67,0.0,0.3853868332004593,-3.2731073242983078,3.2731073242983078
1762250827.3637536,10.144494398887694,-3.6781747898315604,-5.7554392509774906e-67,0.0,0.3878550024415732,-3.273347793016517,3.273347793016517
1762250827.384553,10.152785340431281,-3.673807166135746,-5.4682032644790475e-67,0.0,0.39642033969111234,-3.2770088600505005,3.2770088600505005
1762250827.436777,10.150990705449827,-3.6740834867737937,-4.2982812874532566e-65,0.0,0.3950914803712262,-3.275799233413362,3.275799233413362
1762250827.461558,10.148180253384979,-3.6697237098069166,-8.999813638477677e-66,0.0,0.3967721329297995,-3.270856408529628,3.270856408529628
1762250827.4955685,10.152972818321777,-3.673000516130187,-1.2652087595544442e-65,0.0,0.3971696507444402,-3.276639514728365,3.276639514728365
1762250827.533262,10.15146710483667,-3.6754149421210887,-1.519860967285463e-66,0.0,0.394341588590978,-3.2770128019189593,3.2770128019189593
1762250827.8005455,10.144328873219797,-3.6662740717343314,-3.9767906210960406e-67,0.0,0.39709343931456464,-3.265688786076289,3.265688786076289
1762250827.8596635,10.146165534763417,-3.6627828790732333,-4.632269073204373e-67,0.0,0.40097172535381653,-3.264869213203805,3.264869213203805
1762250828.0202982,10.154055914550154,-3.664607296040465,-6.896515226145772e-67,0.0,0.3877620067059941,-3.2722880903654294,3.2722880903654294
1762250828.0877159,10.149344014965173,-3.669123454777484,-3.0884481974366634e-67,0.0,0.3979643567723641,-3.2713704481343413,3.2713704481343413
1762250828.122143,10.150589350483486,-3.6651195513742056,-3.395642993141185e-67,0.0,0.4018786837847257,-3.2697637426506203,3.2697637426506203
1762250828.1539996,10.151172251747525,-3.6675483171372822,-5.930949862273477e-66,0.0,0.4003334911265124,-3.271769186127452,3.271769186127452
1762250828.1888795,10.147261038977433,-3.666061978090211,-3.562117246963036e-67,0.0,0.39907671073950723,-3.2678112058958835,3.2678112058958835
1762250828.2185028,10.14538987605312,-3.6711113314358035,-3.25213272367086e-67,0.0,0.3939540307093887,-3.2695835459178317,3.2695835459178317
1762250828.2536252,10.146960863969218,-3.662775320928023,-6.279551645896317e-67,0.0,0.40147045112105806,-3.2654748376358396,3.2654748376358396
1762250828.2989266,10.152782346173991,-3.661765631544552,-2.8919039281891405e-67,0.0,0.38920334419506125,-3.269528930278164,3.269528930278164
1762250828.3321214,10.153199705572787,-3.6647969182209175,-4.4904229060825885e-66,0.0,0.3870826553062309,-3.271732254915192,3.271732254915192
1762250828.3567686,10.156103933537654,-3.6681309636389297,-5.274229093237667e-66,0.0,0.4029318812461211,-3.275927188641842,3.275927188641842
1762250828.379574,10.150349549247107,-3.6720399528930012,-5.546835293477479e-66,0.0,0.39629820519952097,-3.274004663512297,3.274004663512297
1762250828.416288,10.151117174015027,-3.6763549049034716,-5.143183764471407e-66,0.0,0.39338698161268604,-3.2773381712471696,3.2773381712471696
1762250828.4647615,10.156350275855141,-3.6751221702270693,-5.585060802603894e-66,0.0,0.39759704604427637,-3.280595248634932,3.280595248634932
1762250828.5023859,10.152222999912992,-3.672656097952412,-2.905081725779968e-67,0.0,0.39697539378327673,-3.2758419712962503,3.2758419712962503
1762250828.540238,10.159914245512237,-3.668035618768356,-4.699855341281575e-66,0.0,0.3887009561537708,-3.2790112912211384,3.2790112912211384
1762250828.5989413,10.1581665523687,-3.66685371297036,-4.665981027165658e-66,0.0,0.38854575960981425,-3.2769071715621205,3.2769071715621205
1762250828.6395042,10.152835671507027,-3.6669310508844863,-4.376292932364435e-66,0.0,0.4018486600654101,-3.2726501844171016,3.2726501844171016
1762250828.700182,10.150222709981671,-3.6649319061714443,-1.6054147334855551e-65,0.0,0.4017987946356285,-3.2693619884232534,3.2693619884232534
1762250828.7426174,10.146885506788282,-3.668617913755747,-1.807484800927198e-67,0.0,0.396837846901106,-3.269153526827294,3.269153526827294
1762250828.780857,10.146095381236599,-3.673249333920955,-1.5204465177898292e-65,0.0,0.39271302770657046,-3.271484122245747,3.271484122245747
1762250828.8500237,10.151128464047485,-3.6677090732505695,-1.880388151573595e-67,0.0,0.4001801807097043,-3.2718385414355162,3.2718385414355162
1762250828.8870077,10.149604466815612,-3.667528770067478,-3.7014436249077294e-66,0.0,0.39937741984465935,-3.2705517326248446,3.2705517326248446
1762250828.9212468,10.14504698063316,-3.675762588046351,-3.892020802702623e-66,0.0,0.3900907495895529,-3.272258914799333,3.272258914799333
1762250829.0532057,10.150773950255783,-3.662539335962029,-3.294248069881771e-66,0.0,0.3873516348997747,-3.2684301725532,3.2684301725532
1762250829.0983174,10.149287635678942,-3.6605199654868104,-3.259145059640696e-66,0.0,0.38801572570673554,-3.266013505147331,3.266013505147331
1762250829.1301665,10.154134112698419,-3.661684722799686,-3.222897540523863e-66,0.0,0.3901044173019223,-3.270539278079678,3.270539278079678
1762250829.1710098,10.157224664027268,-3.6619277882526506,-3.2001363041485167e-66,0.0,0.39182856674964855,-3.273112093972106,3.273112093972106
1762250829.2337892,10.157195321897495,-3.6611679406062825,-3.067977678889259e-66,0.0,0.3924067984605221,-3.2726163073104004,3.2726163073104004
1762250829.2920306,10.150495713284712,-3.6627452456787073,-1.3828173343645587e-67,0.0,0.38701761602006596,-3.268338650440256,3.268338650440256
1762250829.3434741,10.154784478998117,-3.661155552859134,-1.367456220720755e-67,0.0,0.39092274127116505,-3.270720620606583,3.270720620606583
1762250829.3732884,10.154899652403158,-3.660121286098092,-2.889636296451793e-66,0.0,0.3918059105714255,-3.2701679724504302,3.2701679724504302
1762250829.402008,10.15796437148167,-3.659767984826998,-1.7647698165594088e-67,0.0,0.3939821485979193,-3.27234516520407,3.27234516520407
1762250829.4379728,10.155022520874143,-3.6620470234618834,-1.534161011158874e-67,0.0,0.3903705096098888,-3.271460733931956,3.271460733931956
1762250829.498442,10.151270084061823,-3.6644075322868477,-9.229723951209315e-66,0.0,0.4028593438071628,-3.269828161150957,3.269828161150957
1762250829.545162,10.148874081486962,-3.664333532095423,-1.3090935556365773e-67,0.0,0.4014328420714415,-3.26794308471162,3.26794308471162
1762250829.5724223,10.15464054286044,-3.660743511173193,-1.1628308402584082e-67,0.0,0.3911569729435029,-3.2703518473869275,3.2703518473869275
1762250829.6175642,10.152685970560558,-3.6642894921894644,-1.8139063672934803e-67,0.0,0.38716262436085075,-3.271014828561413,3.271014828561413
1762250829.6544104,10.152647581751891,-3.6641810481490746,-1.3059361831400247e-67,0.0,0.38722395716297314,-3.2709176413820575,3.2709176413820575
1762250829.7023137,10.152221660718583,-3.668715981677425,-1.237032630588583e-67,0.0,0.40006720247900995,-3.273323510244211,3.273323510244211
1762250829.7334528,10.157030572558904,-3.66523326364966,-1.1110688804587785e-67,0.0,0.3891138036782346,-3.2750117858662344,3.2750117858662344
1762250829.7841718,10.158071756828742,-3.665168741378719,-1.494799235254229e-71,0.0,0.38980957524526655,-3.2757888032838567,3.2757888032838567
1762250829.8636425,10.15100983671292,-3.6644794083651244,-1.4390636380293475e-71,0.0,0.40264167586761856,-3.269674894346953,3.269674894346953
1762250829.8999603,10.148625863102032,-3.668210974006428,-1.1460802470358063e-67,0.0,0.3982355989651849,-3.270234863038614,3.270234863038614
1762250829.9336593,10.155818304677549,-3.6695253696648176,-1.3517731584841096e-71,0.0,0.40166041910061256,-3.2766041279570954,3.2766041279570954
1762250829.9691737,10.15652073697686,-3.6685281809761725,-1.062229432628295e-67,0.0,0.40287835645295433,-3.2765020605233697,3.2765020605233697
1762250830.0203762,10.160062780186488,-3.664139915982875,-8.226508685115853e-68,0.0,0.3918507674662752,-3.2767102739619607,3.2767102739619607
1762250830.054476,10.163443913258984,-3.657642211496956,-9.892785786654827e-68,0.0,0.39904586486334676,-3.2752844472649594,3.2752844472649594
1762250830.1093953,10.160685407262532,-3.6566153720737957,-1.761060748093177e-66,0.0,0.39814264614784606,-3.272493377265377,3.272493377265377
1762250830.1570747,10.156396553953767,-3.6548238612383477,-1.6720278290483968e-66,0.0,0.3968914087338388,-3.268029569475064,3.268029569475064
1762250830.1839607,10.15457828531059,-3.6583306882525872,-5.841675600578085e-66,0.0,0.3930122475377837,-3.268801763892455,3.268801763892455
1762250830.2227569,10.16341857546613,-3.657415767039872,-1.635620297892333e-66,0.0,0.3992079039562521,-3.2751222822490202,3.2751222822490202
1762250830.255727,10.160038055593994,-3.6570336772725485,-1.4175272198132889e-67,0.0,0.3974132089671762,-3.2722520304325284,3.2722520304325284
1762250830.281985,10.156184611439214,-3.656816976392064,-1.521124624751503e-66,0.0,0.3951956702704233,-3.269112041471752,3.269112041471752
1762250830.328066,10.157595223360982,-3.658963858351505,-1.7145101937382513e-66,0.0,0.39438458830366535,-3.271554819994401,3.271554819994401
1762250830.3645008,10.15840203229322,-3.6575435753244316,-7.78605163971728e-68,0.0,0.39599928955023106,-3.271296588456786,3.271296588456786
1762250830.4999263,10.163135319740825,-3.6573007428866866,-7.079386960979408e-68,0.0,0.39912267976122434,-3.27482972242535,3.27482972242535
1762250830.868729,10.155782706720109,-3.670544337100372,-7.460641994090219e-72,0.0,0.4008385640810741,-3.2772305776429924,3.2772305776429924
1762250831.0631762,10.162266418354232,-3.656168536126094,-3.895379702810692e-67,0.0,0.3994729813883246,-3.2734418483686127,3.2734418483686127
1762250831.2611644,10.156890374747912,-3.658905837242752,-5.018586987261923e-68,0.0,0.3939933989872186,-3.270967931552766,3.270967931552766
1762250831.5236404,10.166601035928116,-3.648288888295516,-4.095290105633976e-68,0.0,0.4,-3.2719550048878254,3.2719550048878254
1762250831.8789027,10.156791691200873,-3.666204164493381,-5.555241587756418e-67,0.0,0.3882037203623207,-3.2754253120106442,3.2754253120106442
1762250832.0949936,10.152270498495879,-3.6680144800114336,-1.2741801232981084e-66,0.0,0.4006480788100302,-3.2729115125614565,3.2729115125614565
1762250832.333236,10.151951452381379,-3.6608452176061865,-2.441682336072292e-68,0.0,0.3894109572761459,-3.26830646263701,3.26830646263701
1762250832.402699,10.147707016088086,-3.6653171462609984,-1.353691215782293e-66,0.0,0.39993766855698176,-3.267677410041065,3.267677410041065
1762250832.6149526,10.149116805925207,-3.6687123695764954,-2.0766478847454872e-68,0.0,0.39814624103254914,-3.2709330367604768,3.2709330367604768
1762250832.7324073,10.148233917817933,-3.6747316511229426,-1.1681544747899904e-66,0.0,0.3928745983909019,-3.274078328573804,3.274078328573804
1762250832.8541512,10.157496933921479,-3.6628807106874652,-2.9728392010827917e-67,0.0,0.3912493088979447,-3.2739177879365364,3.2739177879365364
1762250832.921044,10.157980786109354,-3.6655364395269467,-2.6065766131224325e-68,0.0,0.3894645988275877,-3.275945396658713,3.275945396658713
1762250833.1296518,10.150452339837665,-3.659035887347352,-1.342388270202427e-68,0.0,0.3899022555823796,-3.2660085070742157,3.2660085070742157
1762250833.156349,10.147405624825234,-3.6659989445826,-2.553091056878515e-67,0.0,0.39921577312165635,-3.2678820951056453,3.2678820951056453
1762250833.2838244,10.15239700002857,-3.667463503829261,-2.3922264946162274e-68,0.0,0.4011589272925331,-3.2726553059321297,3.2726553059321297
1762250833.310833,10.153031022648337,-3.6655587638218194,-1.2312465986625117e-68,0.0,0.4030468238994258,-3.2719180339403664,3.2719180339403664
1762250833.7103705,10.13688433385588,-3.7068569383117085,-8.646996426114271e-69,0.0,0.36062681774613314,-3.2850882059916153,3.2850882059916153
1762250833.8592892,10.121335953717546,-3.7419393453912804,-1.7800805924527042e-67,0.0,0.3234563499942009,-3.2938251941008185,3.2938251941008185
1762250834.0407236,10.106050341580682,-3.764305093300455,-6.392703826924896e-69,0.0,0.29643013449896305,-3.295008261509716,3.295008261509716
1762250834.3349698,10.105738162376108,-3.749597096416396,-5.862204660423513e-69,0.0,0.3077811659705174,-3.285938863767428,3.285938863767428
1762250834.4679408,10.108029755312083,-3.7406552940318365,-6.344664963155084e-69,0.0,0.31621957226838737,-3.2824160415850585,3.2824160415850585
1762250834.865797,10.114971111373913,-3.743412954830898,-3.972054910520364e-69,0.0,0.31835598360365425,-3.2896167494666253,3.2896167494666253
1762250835.1613467,10.117948544257345,-3.721993394921825,0.4003677070606204,0.0,0.33701326503151097,-3.2791606370445363,3.2791606370445363
1762250835.329756,10.113940407817426,-3.691876581651252,0.5907639408387753,0.0,0.35816878850306777,-3.257776241033463,3.257776241033463
1762250835.610973,10.092268746852419,-3.364211148636775,1.4797774225286313,0.0,0.4069349152186338,-3.038448781868503,3.038448781868503
1762250835.91929,10.163595582626124,-2.574395092210412,2.630238252586203,0.0,0.8,-2.6762927748413987,2.6762927748413987
1762250836.0774126,10.257878884505233,-2.0915061202568204,3.1440153584235757,0.0,1.0310655605423547,-2.5471199188558984,2.5471199188558984
1762250836.2794852,10.40987456037527,-1.3970686241545782,3.520903736945689,0.0,1.4073740195480866,-2.4545211194628,2.4545211194628
1762250836.7594557,10.249917142102245,0.5209854569891983,3.530334255853599,0.0,2.447155983997193,-2.1061635266770273,2.1061635266770273
1762250837.1452138,9.86524779445548,1.8510713723510703,3.5833782136549095,0.0,3.2481029353609294,-2.0554343090700633,2.0554343090700633
1762250837.4113755,9.127226287191377,2.74032862994514,3.4840442891012846,0.0,4.04090530099029,-1.8049789663612823,1.8049789663612823
1762250837.6715236,8.422375265889187,3.513583742610438,3.4827667882297337,0.0,4.739173879993611,-1.7101859753860156,1.7101859753860156
1762250838.1926565,6.770147642090361,4.4886920076869945,3.225625887385541,0.0,6.116940736711059,-1.5021172283007522,1.5021172283007522
1762250838.6147456,6.3010165553585775,5.0214134914672455,1.8151432636902831,0.0,6.616909840964391,-1.7874653463033372,1.7874653463033372
1762250838.856237,6.208470219449515,5.361658461890889,2.141870491280914,0.0,6.765949190823909,-2.069739286095724,2.069739286095724
1762250839.1998672,6.243087979425984,5.770948062391316,0.9460847666913463,0.0,6.8334805460924155,-2.4652441673321253,2.4652441673321253
1762250839.460988,6.134238209000519,5.819731494189002,-0.12729200374094668,0.0,6.943257328599124,-2.474495131860271,2.474495131860271
1762250839.799421,6.225341492880248,5.726715261411509,-1.6167172351806647,0.0,6.836008479227532,-2.41761384132801,2.41761384132801
1762250840.0660155,5.568975511034081,4.023598791240965,-2.914382327924594,0.0,6.884913384137001,-0.5927802963629173,0.5927802963629173
1762250840.355245,6.568419709235461,3.158361381539914,-1.9068754311364764,0.0,5.697221510095698,-0.24867836580659072,0.24867836580659072
1762250840.5137863,6.82367646143983,2.8801057488466397,-0.33846616468745,0.0,5.3453334397206325,-0.16636616191402076,0.16636616191402076
1762250840.624077,6.940668849994253,2.7514389649592625,-0.8358820141595927,0.0,5.179930825791715,-0.13818741104871274,0.13818741104871274
1762250840.9717503,7.033815869462942,2.3838182085925914,-0.8028375205377052,0.0,4.8672368087309685,0.0729891172786217,0.0729891172786217
1762250841.228611,6.976918921909032,2.2227294620546876,-0.6093231039013128,0.0,4.789272906356784,0.22683280562188754,0.22683280562188754
1762250841.4651368,7.003876790182578,2.0303155773330888,-0.4278749499639977,0.0,4.613276092289731,0.3368247595935856,0.3368247595935856
1762250841.688406,7.072163911093569,1.9591040529112194,2.9823754693758068e-05,0.0,4.50326131315637,0.33000883114018986,0.33000883114018986
1762250841.970497,7.062015361022223,1.957783507180362,2.2469285084210854e-05,0.0,4.509335870566536,0.338735311017911,0.338735311017911
1762250842.1210222,7.049906525345151,1.956271133507614,0.2514473130036437,0.0,4.516557408067501,0.3490944959447546,0.3490944959447546
1762250842.3616664,7.0209064391017755,1.9842738280363679,0.0856033482324048,0.0,4.5614889864615,0.3536656107469105,0.3536656107469105
1762250842.5483413,7.010150302283006,2.192041396907951,4.510193561901048e-05,0.0,4.740621278746145,0.22394192853641726,0.22394192853641726
1762250842.8301375,6.9738657958631265,2.248020313731852,9.307719945045274e-06,0.0,4.811044570641611,0.21136883791165317,0.21136883791165317
1762250843.0156784,6.9737808965579005,2.2421534164821106,1.06807768194076e-05,0.0,4.806619003756748,0.21553547172787688,0.21553547172787688
1762250843.291854,6.970270137422248,2.2427376831447337,8.916923523018182e-06,0.0,4.809702909726479,0.21763485146243744,0.21763485146243744
1762250843.393418,6.9709378908998785,2.2485064083528656,9.226543019684187e-06,0.0,4.813613883114002,0.21311735467484383,0.21311735467484383
1762250843.5498772,6.96044000813851,2.2516405859922815,0.00012910978178148766,0.0,4.823909824331953,0.218392424390526,0.218392424390526
1762250843.8044605,6.962918562503682,2.246143184983941,6.47699530936725e-06,0.0,4.81784277968795,0.22049081949898675,0.22049081949898675
1762250844.00739,6.974728880680436,2.2528630358356696,0.25124369865489515,0.0,4.8140931204909325,0.20735978125995938,0.20735978125995938
1762250844.263121,6.970911686239453,2.297582285751358,0.22219479037008852,0.0,4.8506753957328765,0.17853463572891917,0.17853463572891917
1762250844.6421096,6.891019481775689,2.4686712389915897,0.5356541014134361,0.0,5.033848329252049,0.10871572103464369,0.10871572103464369
1762250844.9380481,6.7077498744123165,2.605066969265488,0.23105603362833094,0.0,5.268923774300259,0.12206365047593508,0.12206365047593508
1762250845.267479,6.495394859794624,2.7905049465531913,1.142152537968821,0.0,5.557436924232439,0.09843081209765694,0.09843081209765694
1762250845.6757395,6.123791662210137,2.998423141565498,0.40008746558355673,0.0,5.9930747953468,0.11651770472161274,0.11651770472161274
1762250846.1105578,6.085389605662282,3.021556309946387,0.23122967004131112,0.0,6.038940954076501,0.11471405242881377,0.11471405242881377
1762250846.5702026,5.530514234051978,3.3386358132800504,1.7516707213701295,0.0,6.6867641074328805,0.0614817307879362,0.0614817307879362
1762250846.9941258,4.623910954820753,3.5598700041992184,2.474951809654659,0.0,7.630931037389373,0.12456627600334326,0.12456627600334326
1762250847.2105782,4.220912119175889,3.6950226046945853,3.3698877425776765,0.0,8.058572463000367,0.07983678964634076,0.07983678964634076
1762250847.4604635,3.282265387373822,3.932830562585592,3.9506430164828688,0.0,9.025613147210377,-0.012992088222237581,0.012992088222237581
1762250847.8214197,1.8985216894095505,4.074753121402644,3.7060535905030303,0.0,10.416627842657359,0.0024698579296850097,0.0024698579296850097
1762250848.1590073,0.40268666414451265,4.0010336794791534,3.664969772026064,0.0,11.909848581926388,0.2097288027014144,0.2097288027014144
1762250848.3231304,-0.3133152153413382,4.033615297002351,3.3955795721100124,0.0,12.629089408569774,0.20659098618515143,0.20659098618515143
1762250848.5379567,-0.9933992749901913,4.1194831100439835,2.9600188906160105,0.0,13.314040634243929,0.13902053623051247,0.13902053623051247
1762250848.842946,-2.032683277977252,4.194633513547133,2.295327256384488,0.0,14.357922303758144,0.06036239980132835,0.06036239980132835
1762250849.2201276,-3.0543943418878117,4.160653926416373,2.764462094598092,0.0,15.383127961084318,0.019441780573755986,0.019441780573755986
1762250849.4447927,-3.6914256793065254,4.07841570902907,2.253731937709686,0.0,16.026046727708017,0.0002079385096196964,0.0002079385096196964
1762250849.7224412,-4.350725904575891,3.984792629575576,1.5683289002304452,0.0,16.684980333634485,-0.0697869906730527,0.0697869906730527
1762250850.1231754,-4.937820617590764,3.7921146556587817,1.2810701039919747,0.0,17.293788910555882,-0.09113640866605816,0.09113640866605816
1762250850.405884,-5.371183145582391,3.596142747275709,1.3422313935461758,0.0,17.758941790741275,-0.10758180009968238,0.10758180009968238
1762250850.6149683,-5.596156336803111,3.410974012656087,1.471929147656492,0.0,18.042394729176582,-0.06572715222128808,0.06572715222128808
1762250850.9941485,-6.1276679057812276,2.9095783701068196,2.3100884811691698,0.0,18.765279038411215,0.003446484357489712,0.003446484357489712
1762250851.3479698,-6.657520656458393,2.1662839866793453,2.3346336700208075,0.0,19.68265611088884,0.025834068791099955,0.025834068791099955
1762250851.552539,-7.034711830418298,1.8809808133096322,2.895318522468234,0.0,20.10203362280214,-0.1764689204982829,0.1764689204982829
1762250851.780345,-7.093887394188229,1.34934377770237,3.3749458026958017,0.0,20.605516516967448,-0.04718547902390658,0.04718547902390658
1762250851.8138325,-7.039797442940972,1.3513466984998854,3.3951292389064567,0.0,20.588577842944527,0.004186760237563434,0.004186760237563434
1762250851.8354762,-6.9538913194554794,1.428571299429215,3.4308833662290787,0.0,20.488368989091626,0.06336124796416993,0.06336124796416993
1762250851.8656285,-6.966936372833339,1.4845677516468714,3.4473555251645553,0.0,20.43870372193904,0.033222257660134924,0.033222257660134924
1762250851.9041774,-6.975484534176899,1.616207870064593,3.4759531574805824,0.0,20.317611209460164,-0.01967551162302355,0.01967551162302355
1762250851.9416595,-6.991513604933547,1.6566688352432308,3.4768111291002386,0.0,20.285987751790234,-0.049241197058055665,0.049241197058055665
1762250851.9591458,-6.998601523473634,1.788791718664682,3.5153202825325307,0.0,20.16909338621809,-0.10613317969748945,0.10613317969748945
1762250851.9806807,-7.0033403592939205,1.8107985102758741,3.5188482124837996,0.0,20.151356069504427,-0.11924812941219576,0.11924812941219576
1762250852.0081768,-7.0105562683230085,1.8599893645474475,3.5248620419868333,0.0,20.110820397441923,-0.1458091314058747,0.1458091314058747
1762250852.0339918,-7.003180386470207,1.9331904820829855,3.551371146553213,0.0,20.044132501738797,-0.16980790115883063,0.16980790115883063
1762250852.0654473,-6.990990210968524,1.96578678658447,3.560916882484884,0.0,20.0109982923652,-0.17287777972324372,0.17287777972324372
1762250852.08911,-6.972211803263088,2.016654109326598,3.570686478036673,0.0,19.959461685446474,-0.1784981049657625,0.1784981049657625
1762250852.1107235,-6.970950568271992,2.0587036380289496,3.5754162138074035,0.0,19.923168031020236,-0.1963822536975412,0.1963822536975412
1762250852.1312242,-6.95756160417182,2.1793916672231086,3.5879930813816125,0.0,19.816440732405948,-0.2411424856299262,0.2411424856299262
1762250852.1598127,-6.947530135698536,2.2372052636359223,3.5922457112056856,0.0,19.764521310440127,-0.2605539199415001,0.2605539199415001
1762250852.1864488,-6.946011374778443,2.2903343322308984,3.5936588343606948,0.0,19.720791398183025,-0.28570889382635084,0.28570889382635084
1762250852.2149293,-6.935625934126775,2.418737482681024,3.6076116957399256,0.0,19.613771105279657,-0.34290982979687284,0.34290982979687284
1762250852.2429802,-6.920773993348824,2.449464356642784,3.606659634132836,0.0,19.582408480018216,-0.34657116714372593,0.34657116714372593
1762250852.2695215,-6.8915976585921115,2.5539887649923316,3.6116132751117074,0.0,19.486864623136448,-0.37869255764376775,0.37869255764376775
1762250852.2927237,-6.875998303428689,2.6455288921067535,3.6222989673890673,0.0,19.409441454487936,-0.416910637954697,0.416910637954697
1762250852.3122463,-6.869178750837294,2.707222118648608,3.6172010538785644,0.0,19.359834190886676,-0.4465439803130819,0.4465439803130819
1762250852.3309717,-6.856144641699004,2.7574298601924756,3.615494250830986,0.0,19.316586434954925,-0.46504759108308036,0.46504759108308036
1762250852.3490415,-6.839735891619964,2.8185249653644466,3.616378458465231,0.0,19.263061300391072,-0.4877926141330695,0.4877926141330695
1762250852.3892395,-6.819274470210994,2.894590805717837,3.6149311326772224,0.0,19.197654748273376,-0.517113859390626,0.517113859390626
1762250852.4578207,-6.761005703675921,3.113415836369706,3.6113654927975274,0.0,19.010960204029814,-0.6077191025656394,0.6077191025656394
1762250852.4928622,-6.727273136431275,3.262842066215282,3.490196367600866,0.0,18.88999724246548,-0.6781050083325761,0.6781050083325761
1762250852.5147684,-6.701683264995815,3.416733113541584,3.3247855728659443,0.0,18.78835364297021,-0.7619942156467094,0.7619942156467094
1762250852.6149888,-6.675052697647098,3.737935149062953,3.187123156189752,0.0,18.564933171652573,-0.971901582686266,0.971901582686266
1762250852.641147,-6.655425929238611,3.918721814679717,3.10614705479403,0.0,18.482583073735892,-1.1003080859036938,1.1003080859036938
1762250852.6669617,-6.867382368984938,3.9313885895000307,3.0717990697923216,0.0,18.554269893428042,-1.2417256334094555,1.2417256334094555
1762250852.6972415,-7.108541150971507,3.947646046259994,3.0206374276608505,0.0,18.650875942592855,-1.4197368237773653,1.4197368237773653
1762250852.7596016,-7.498345966159286,3.969979393960605,2.837467269452643,0.0,18.854966636948152,-1.7239053284965125,1.7239053284965125
1762250852.7825127,-7.656361259669621,3.959643756147615,2.7739496666302865,0.0,18.932249505482634,-1.8372250844962965,1.8372250844962965
1762250852.8064985,-7.8045197828756026,3.9540256184648386,2.702183557015604,0.0,18.985775313846517,-1.9475001681117026,1.9475001681117026
1762250852.8342404,-7.969678584794972,3.9504232536165307,2.534677258457933,0.0,19.088776804221744,-2.0737170765815054,2.0737170765815054
1762250852.8563178,-8.039589325869109,3.961830124117861,2.4511711457903234,0.0,19.071571555426154,-2.1351953229709024,2.1351953229709024
1762250852.897264,-8.25568455887632,3.955625463309535,2.2759785495717004,0.0,19.14951358782777,-2.3019526383069566,2.3019526383069566
1762250852.9294813,-8.327516756088261,3.9465703117819566,2.183663174622163,0.0,19.197775817147388,-2.3542958225448967,2.3542958225448967
1762250852.9594846,-8.412594728133199,3.942735646390368,1.9643006296136052,0.0,19.24926732221309,-2.4207335288368315,2.4207335288368315
1762250852.9931393,-8.469065737292212,3.9509432447319486,1.756623505991286,0.0,19.274596193448822,-2.471295636643111,2.471295636643111
1762250853.0703344,-8.520451050756396,3.9334742761461823,1.2697985273839063,0.0,19.25961615120449,-2.502017506141274,2.502017506141274
1762250853.1130948,-8.529608167406511,3.9142221482822857,0.9642147737385466,0.0,19.28073578147082,-2.4984831517896366,2.4984831517896366
1762250853.1547716,-8.534818790805215,3.9043300097408133,0.7147814183638739,0.0,19.291864858243688,-2.4970970412735314,2.4970970412735314
1762250853.1900818,-8.536917859531886,3.8995393288768985,0.4981715995573711,0.0,19.297021709848728,-2.4960817856366404,2.4960817856366404
1762250853.212568,-8.52902624536062,3.897365330522673,-0.008856331456370057,0.0,19.294509003922794,-2.4883695475031344,2.4883695475031344
1762250853.234843,-8.529421620284895,3.8930623136320333,0.3672337714660776,0.0,19.29832333007782,-2.4862362509359244,2.4862362509359244
1762250853.2731192,-8.524035965507249,3.8874067154274186,-6.046318431693343e-08,0.0,19.30009633076473,-2.4785904667405867,2.4785904667405867
1762250853.3143635,-8.524182994832723,3.886241092653611,-0.00830869737589609,0.0,19.30115148348965,-2.4780456176084904,2.4780456176084904
1762250853.3418994,-8.520642311143028,3.8824524194561056,-0.030224786995317877,0.0,19.30237606140331,-2.4729788572750913,2.4729788572750913
1762250853.3746936,-8.51870796935707,3.8779492501229136,-0.030557499536482898,0.0,19.30507938168809,-2.4688220554862257,2.4688220554862257
1762250853.416644,-8.519540747996736,3.8723619129129085,-0.000630793197927494,0.0,19.310207424304156,-2.466317993057898,2.466317993057898
1762250853.4478571,-8.520052112832216,3.8683028300701237,-5.4651359486512785e-08,0.0,19.313881462971203,-2.4644234001242014,2.4644234001242014
1762250853.4686296,-8.520588328353062,3.870087816564675,-5.328756300451709e-08,0.0,19.312683416228047,-2.4658811119896367,2.4658811119896367
1762250853.4888742,-8.518784898778339,3.8644508429885387,-0.00899414856645471,0.0,19.316406444912374,-2.4611876526863297,2.4611876526863297
1762250853.5127344,-8.518310932808367,3.858820079144224,-0.007912073067752814,0.0,19.320853770536207,-2.4575905349830087,2.4575905349830087
1762250853.5745366,-8.52482519313255,3.8484890642606686,-0.0004055724651925688,0.0,19.33306507091501,-2.457063555270466,2.457063555270466
1762250853.6687891,-8.525637814867302,3.839058620371999,-0.006648404707654724,0.0,19.34139494254826,-2.452372043253367,2.452372043253367
1762250853.7020373,-8.526651820578776,3.83528538202993,-0.0003854819814815374,0.0,19.345105814801695,-2.4510633510887194,2.4510633510887194
1762250853.73186,-8.524516400956282,3.8268200825870435,-0.00031142511640959783,0.0,19.351011196401103,-2.4445016013424157,2.4445016013424157
1762250853.7653317,-8.523758505219055,3.8327976256026894,-0.0004465709619256105,0.0,19.34559802534756,-2.4472705013765346,2.4472705013765346
1762250853.9855454,-8.522786691441173,3.8313647148391135,-0.0003104432488732617,0.0,19.34626271541575,-2.4456574333406245,2.4456574333406245
1762250854.2482762,-8.533236566724307,3.831525621545388,-0.005578427138373833,0.0,19.35186213359962,-2.4543485284609234,2.4543485284609234
1762250854.443318,-8.528235877623993,3.853960140361163,-0.00022032607552353116,0.0,19.330362649662376,-2.4629784770941496,2.4629784770941496
1762250854.4738371,-8.528845911545647,3.8543484313226046,-2.8310986666113536e-08,0.0,19.330372764126253,-2.463700713214775,2.463700713214775
1762250854.5765588,-8.52652672597558,3.8477887820102334,-0.013765278698907998,0.0,19.33458416239,-2.45806416235286,2.45806416235286
1762250854.7523584,-8.524179977006114,3.844752349337699,-0.00020252428556697777,0.0,19.33583497949587,-2.4544086367448323,2.4544086367448323
1762250855.017266,-8.528491665429966,3.824115015622386,-2.0376724247164746e-08,0.0,19.355453931598827,-2.4462397504312063,2.4462397504312063
1762250855.0419974,-8.53242951941735,3.816632783092431,-0.000524656503406813,0.0,19.363869914515192,-2.44524292901457,2.44524292901457
1762250855.0633476,-8.532403581873083,3.8088708054495606,-0.0027377094720136023,0.0,19.370344800902693,-2.440827487930109,2.440827487930109
1762250855.0848644,-8.533645618701234,3.805747023203673,-0.0027295000435544337,0.0,19.373637841731444,-2.440084097585993,2.440084097585993
1762250855.109309,-8.530851232457495,3.8057766648896316,-0.000151790341216907,0.0,19.37207975659898,-2.437797303623721,2.437797303623721
1762250855.2043474,-8.540564710860789,3.7827350123034362,-0.002599290353609444,0.0,19.396672761493026,-2.4327982884551083,2.4327982884551083
1762250855.2321804,-8.541288770011837,3.7889865519938843,-0.00012971519316979526,0.0,19.391843687170947,-2.436921745792721,2.436921745792721
1762250855.278848,-8.541090506325114,3.7923705417999876,-0.00014901191162422535,0.0,19.388905836786414,-2.438667562517719,2.438667562517719
1762250855.3090832,-8.53559750022397,3.7992319767671106,-0.002676526937400744,0.0,19.380155523422204,-2.438010385918611,2.438010385918611
1762250855.3306017,-8.536438393287385,3.809694971860682,-0.00012777481395181316,0.0,19.37186972307856,-2.444619526831153,2.444619526831153
1762250855.377517,-8.536654204894816,3.8167890884163933,-0.00013972953452197576,0.0,19.366057363181284,-2.448812172784262,2.448812172784262
1762250855.4389846,-8.530578440076523,3.839601947176914,-1.542576191868733e-08,0.0,19.34365167842953,-2.4567446795312606,2.4567446795312606
1762250855.455306,-8.531773127646574,3.8412246470963,-0.00011128500593842571,0.0,19.34295061486168,-2.4586489364338173,2.4586489364338173
1762250855.6481473,-8.5291848723058,3.8620342772985037,-0.00010801015615547456,0.0,19.324133283433053,-2.468352562901371,2.468352562901371
1762250855.6731079,-8.528514152700424,3.867734111793303,-0.0018740582386293123,0.0,19.3190001147775,-2.4710471734082975,2.4710471734082975
1762250855.7807364,-8.52444740584844,3.8654720232652817,-0.00010371980830789306,0.0,19.318659791731413,-2.466418986476082,2.466418986476082
1762250855.805812,-8.527944046794047,3.867296545155169,-0.0017222351470466645,0.0,19.31905310430017,-2.470329750210331,2.470329750210331
1762250855.8393981,-8.525767976944401,3.8640382971911333,-1.1979174114468139e-08,0.0,19.320583015129586,-2.4666868806964435,2.4666868806964435
1762250855.8676713,-8.5266643264568,3.865680033868832,-8.466027139765928e-05,0.0,19.319702335860498,-2.468358060101927,2.468358060101927
1762250855.969442,-8.526364249757492,3.8636057488777173,-0.0016040543312917646,0.0,19.321271811514976,-2.466930288971869,2.466930288971869
1762250856.0123582,-8.524274767027155,3.8627144614971525,-0.0015091418702992976,0.0,19.320870422318535,-2.4647065637182095,2.4647065637182095
1762250856.0421622,-8.528133086014801,3.852922518951563,-0.0014704770429252484,0.0,19.33117371256981,-2.462303822854107,2.462303822854107
1762250856.0663419,-8.529786958390087,3.844220553664747,-8.480295067810115e-05,0.0,19.339356167832236,-2.458716986107873,2.458716986107873
1762250856.103277,-8.528065224590426,3.848798112477979,-1.015942943617329e-08,0.0,19.334584536140472,-2.4599028062681145,2.4599028062681145
1762250856.1278248,-8.52398986768309,3.8421394723227555,-0.0013909200884973554,0.0,19.33791506544992,-2.4527672265975404,2.4527672265975404
1762250856.1678834,-8.52831194468439,3.833499225842811,-0.0007655777584328565,0.0,19.34750999027197,-2.4514153472590694,2.4514153472590694
1762250856.1893845,-8.527268492924312,3.830742588548415,-0.0013263894363578456,0.0,19.349242025276755,-2.4489922380485822,2.4489922380485822
1762250856.2157698,-8.527789494262125,3.8373244339083916,-7.402449039362014e-05,0.0,19.344025391330668,-2.453157074045528,2.453157074045528
1762250856.2470815,-8.528658137715198,3.8294319999261863,-9.298339292539842e-09,0.0,19.351100205438865,-2.4493923351438243,2.4493923351438243
1762250856.2754905,-8.528432731018587,3.8249606323637346,-0.0016487648774659099,0.0,19.35471464670896,-2.446670712678917,2.446670712678917
1762250856.3092413,-8.528547231087188,3.8327253288749814,-8.953903210887071e-09,0.0,19.348286082345776,-2.451169740513171,2.451169740513171
1762250856.3395617,-8.528075603180922,3.830588411035568,-8.729353547301533e-09,0.0,19.349813788256235,-2.4495689889201375,2.4495689889201375
1762250856.3735778,-8.528844936060581,3.826994178568706,-0.0012836186462008474,0.0,19.353240755038733,-2.448163284484578,2.448163284484578
1762250856.4193678,-8.528493998959373,3.819627152778429,-0.0012335867608353553,0.0,19.359207126210656,-2.4436976964362676,2.4436976964362676
1762250856.444018,-8.528130686988069,3.822352258964601,-0.0015027483107889251,0.0,19.356729548021764,-2.444943140749196,2.444943140749196
1762250856.493287,-8.527757371358103,3.8178161598823332,-0.0014114675047697679,0.0,19.360316946788913,-2.4420647753625633,2.4420647753625633
1762250856.5197387,-8.52827285341903,3.8173740035839447,-0.0010950394242682801,0.0,19.36096944498453,-2.4422388054120114,2.4422388054120114
1762250856.5420485,-8.528727350944601,3.816463415712791,-6.543957305159086e-05,0.0,19.361980095575635,-2.4420972684846403,2.4420972684846403
1762250856.5792954,-8.528700330819326,3.805479275606786,-0.0014850712592175109,0.0,19.371148159446506,-2.4358561250875255,2.4358561250875255
1762250856.6112108,-8.533278023470293,3.80135386031481,-0.0010224367388073884,0.0,19.377108882736184,-2.4372968264609565,2.4372968264609565
1762250856.6346598,-8.529620954165212,3.8002295408650877,-5.009109259522537e-05,0.0,19.376042162983907,-2.433645652678912,2.433645652678912
1762250856.6686523,-8.531912464087814,3.80107049932929,-7.129709838141207e-09,0.0,19.376596481932022,-2.4360106022018977,2.4360106022018977
1762250856.7059686,-8.529249096438427,3.799439830016633,-0.0010428202701214734,0.0,19.376498330358547,-2.432892518612266,2.432892518612266
1762250856.7460546,-8.532537838879056,3.8007725184841226,-8.375672893605902e-05,0.0,19.377188746600574,-2.4363578128493537,2.4363578128493537
1762250856.7834256,-8.531592474475936,3.806317414042392,-0.0009830545172124791,0.0,19.372034408983286,-2.4387142314282633,2.4387142314282633
1762250856.8186202,-8.529916990564162,3.8037974911903003,-4.863683414921355e-05,0.0,19.373221745910794,-2.4359075677421913,2.4359075677421913
1762250856.8564742,-8.528617777916866,3.80695867390244,-0.0004090915519380167,0.0,19.369866064910916,-2.436625233767445,2.436625233767445
1762250856.8799086,-8.529108001892096,3.8034192946504826,-5.269931194296083e-05,0.0,19.373094024154177,-2.435026739518028,2.435026739518028
1762250856.9052336,-8.531741535511202,3.800068165526296,-0.0008492996745601904,0.0,19.377340656569288,-2.4353029808091287,2.4353029808091287
1762250856.927292,-8.531463760349416,3.796524674534721,-0.0008514754566103634,0.0,19.380150645409124,-2.4330710457659546,2.4330710457659546
1762250856.9562614,-8.531681321938766,3.7979382119299254,-3.894126442183099e-05,0.0,19.379088286937463,-2.4340493450250915,2.4340493450250915
1762250856.9826734,-8.534127024002506,3.7972537794582943,-7.826330914274094e-05,0.0,19.381002459971548,-2.4356797177315075,2.4356797177315075
1762250857.0046396,-8.533424491112557,3.796512514454204,-4.6604158437352284e-05,0.0,19.381236681596405,-2.434681406651615,2.434681406651615
1762250857.0370762,-8.53240804638827,3.795234250126981,-3.8140837487504047e-05,0.0,19.381747595754735,-2.433120761489297,2.433120761489297
1762250857.0577807,-8.531511857539556,3.801268618869078,-0.0008176799462394507,0.0,19.376211034978237,-2.435792295785565,2.435792295785565
1762250857.08461,-8.531884933699974,3.7993233354165477,-4.812916665048523e-05,0.0,19.37804202848536,-2.435000178860598,2.435000178860598
1762250857.1073387,-8.531945125201968,3.797586243199714,-4.004090681275968e-05,0.0,19.37952728873597,-2.4340679863457497,2.4340679863457497
1762250857.1350582,-8.53223317828611,3.801748205026444,-3.590500477700553e-05,0.0,19.376205889479042,-2.436658223138628,2.436658223138628
1762250857.163238,-8.533364687545948,3.7934213137968626,-3.72928006122536e-05,0.0,19.383788152513887,-2.4328857932114287,2.4328857932114287
1762250857.1897287,-8.531290858785905,3.7983725037816023,-3.084117717223527e-05,0.0,19.378510962499092,-2.4339728009320334,2.4339728009320334
1762250857.2410157,-8.531211295940398,3.7932680366722633,-0.0007376975216199077,0.0,19.38273470937628,-2.4310227499446686,2.4310227499446686
1762250857.279912,-8.528692295345527,3.7975996518352004,-4.818056678883992e-09,0.0,19.37773122261599,-2.4313930175225287,2.4313930175225287
1762250857.3142314,-8.52665288734736,3.801731071248561,-4.387098100325463e-05,0.0,19.373158258887706,-2.4320478798180467,2.4320478798180467
1762250857.3477142,-8.528786642114307,3.8022692501352213,-3.891227192900332e-05,0.0,19.3738791440279,-2.4341113053384915,2.4341113053384915
1762250857.38776,-8.532875508479686,3.7955816713937085,-4.52320107627649e-09,0.0,19.381713647421734,-2.433702645710394,2.433702645710394
1762250857.4251456,-8.533747648231264,3.792663574622667,-0.000650076735305998,0.0,19.38463176662931,-2.432773781727274,2.432773781727274
1762250857.6508558,-8.535497619349552,3.799385339244023,-0.0008784700961549784,0.0,19.37997250479896,-2.438014669604585,2.438014669604585
1762250857.753863,-8.53131721013091,3.80212793667196,-2.613438035991704e-05,0.0,19.375385828901308,-2.436117704572573,2.436117704572573
1762250857.7726557,-8.533787335283758,3.7973853301602185,-0.00012078222658556288,0.0,19.38070609161698,-2.4354738652704633,2.4354738652704633
1762250857.791642,-8.534213928473195,3.796955409484568,-3.467688204509059e-09,0.0,19.381299586561404,-2.4355828156092483,2.4355828156092483
1762250857.82283,-8.538677995719633,3.800119102076491,-3.095456901337924e-05,0.0,19.38110416957714,-2.441052524201454,2.441052524201454
1762250857.870578,-8.539101047760347,3.7875724605369157,-0.0007060043702761149,0.0,19.391825464382226,-2.434318032199931,2.434318032199931
1762250857.8989604,-8.540761290456821,3.7814895314610895,-0.00047587039531691823,0.0,19.397821865314718,-2.432258505084332,2.432258505084332
1762250857.9260669,-8.539507646325323,3.794222879294847,-0.00046151196069793907,0.0,19.386488728339227,-2.438406907478231,2.438406907478231
1762250858.001258,-8.542251860688957,3.7866132553937004,-3.055656766460732e-09,0.0,19.394356251621186,-2.4363781859437506,2.4363781859437506
1762250858.0214598,-8.542737413378761,3.789998618638444,-0.0004248923971237145,0.0,19.391792469076577,-2.438688550940748,2.438688550940748
1762250858.053276,-8.543269708540954,3.7941074277363156,-2.4869675598409148e-05,0.0,19.388649523995554,-2.4414463707073195,2.4414463707073195
1762250858.0796793,-8.542920112454343,3.8017361557202087,-2.904261008768172e-09,0.0,19.38207997752716,-2.44546538387209,2.44546538387209
1762250858.1069827,-8.542894594535753,3.7913051109604425,-0.00042562146935471606,0.0,19.39078647046374,-2.439555401308522,2.439555401308522
1762250858.1339288,-8.540751102165455,3.797122467822582,-2.7956954405574524e-09,0.0,19.384746928161043,-2.441070137220021,2.441070137220021
1762250858.1626036,-8.544253056830863,3.795224460819741,-0.00038684629425534897,0.0,19.3882552410387,-2.4428883868149374,2.4428883868149374
1762250858.19104,-8.542674636088217,3.8029928302457474,-2.08370053641837e-05,0.0,19.380894685547236,-2.445972832720162,2.445972832720162
1762250858.2293715,-8.54551644176387,3.804803390926554,-2.9807873824995687e-05,0.0,19.3809403560106,-2.4493398811832945,2.4493398811832945
1762250858.251531,-8.542644613544075,3.8008166917724444,-0.00036487420877370357,0.0,19.38269749318116,-2.444718733643266,2.444718733643266
1762250858.3085926,-8.542408356002976,3.79331986056067,-0.00036403651697991546,0.0,19.388835309127458,-2.44029099027988,2.44029099027988
1762250858.3403745,-8.544378083225913,3.7950954056027957,-1.9737314882835502e-05,0.0,19.388431736031134,-2.4429187325865067,2.4429187325865067
1762250858.3776534,-8.541997300438906,3.794211421649012,-0.0003437378040614077,0.0,19.387864402170667,-2.440454957870263,2.440454957870263
1762250858.4840326,-8.54043387805923,3.8085520131839075,-1.705179140239103e-05,0.0,19.375017609623875,-2.4472670325339507,2.4472670325339507
1762250858.536023,-8.539551495154521,3.809630276358539,-1.9050726416725385e-05,0.0,19.373631995739142,-2.4471492906107297,2.4471492906107297
1762250858.5665457,-8.537301686708267,3.8161712170660542,-2.117065394627478e-09,0.0,19.36692919096652,-2.4489959144796387,2.4489959144796387
1762250858.6148174,-8.53321310926823,3.8173235186409187,-2.0904139302804076e-09,0.0,19.363722412866856,-2.446279668641792,2.446279668641792
1762250858.6533253,-8.536976966484023,3.8127091468609877,-1.8526338112559206e-05,0.0,19.36964535175674,-2.446768851635932,2.446768851635932
1762250858.6844718,-8.545787639764828,3.791473512403366,-1.987260739430216e-09,0.0,19.392233123907392,-2.442038579144573,2.442038579144573
1762250858.799558,-8.540607637292142,3.799660748772678,-1.865176913634116e-09,0.0,19.382546170436537,-2.4423853614158824,2.4423853614158824
1762250858.8396213,-8.542086250815697,3.7990856636180443,-1.4743638453116878e-05,0.0,19.383838277653044,-2.4432803910666956,2.4432803910666956
1762250858.8643093,-8.541938936198484,3.806646699197692,-0.00024713447878816686,0.0,19.377436316571703,-2.447430920137595,2.447430920137595
1762250858.8860242,-8.543475235028852,3.8023704515513024,-0.00027293073982585293,0.0,19.3818542982461,-2.446281634223326,2.446281634223326
1762250858.9165342,-8.539704608772487,3.8183181071625416,-1.9436033422279238e-05,0.0,19.366452866185174,-2.452191309461262,2.452191309461262
1762250858.954122,-8.54099435639994,3.823263059781057,-0.00022968736711520996,0.0,19.36302651460655,-2.456053892939896,2.456053892939896
1762250858.9901278,-8.542984232165674,3.8205958991330906,-1.6434665000425452e-09,0.0,19.366348159383538,-2.45618322077613,2.45618322077613
1762250859.0086694,-8.537608779181804,3.8262064050580404,-1.2616829072460369e-05,0.0,19.358708142086787,-2.454932662849914,2.454932662849914
1762250859.0309076,-8.538986327189633,3.8179379880832602,-0.0007636880738891187,0.0,19.366376523474344,-2.451384250449699,2.451384250449699
1762250859.0576077,-8.539064520615216,3.8193657009896285,-1.5619776921535489e-09,0.0,19.36522584154733,-2.4522569824187066,2.4522569824187066
1762250859.1045372,-8.541263044617985,3.8159314599616736,-1.4077450350858442e-05,0.0,19.369303263042696,-2.4521248120064594,2.4521248120064594
1762250859.1414795,-8.539227632296313,3.8171683076549052,-1.4832655567112094e-09,0.0,19.367152392979676,-2.451147393226002,2.451147393226002
1762250859.1908288,-8.53296229955225,3.8312505850185925,-0.0002041304314942377,0.0,19.35194157505816,-2.4539667610138443,2.4539667610138443
1762250859.2104526,-8.53077688742371,3.8357393894675074,-0.0002040557485772294,0.0,19.346989718845737,-2.454715129799615,2.454715129799615
1762250859.2315574,-8.528286108868999,3.8344698254773624,-1.3944793867803201e-09,0.0,19.34668437947927,-2.451945005354944,2.451945005354944
1762250859.260037,-8.530192068406446,3.842697740406885,-1.349260685563418e-05,0.0,19.34085154778697,-2.458185070405614,2.458185070405614
1762250859.2820773,-8.530837774379268,3.840690426423296,-9.67054971727287e-06,0.0,19.34288399403223,-2.4575761217173553,2.4575761217173553
1762250859.3181984,-8.52713839631647,3.8472611600427857,-1.5898434704048226e-05,0.0,19.335360890397936,-2.4582670944609255,2.4582670944609255
1762250859.3458183,-8.531862463782986,3.844916483822367,-1.2538135415870075e-05,0.0,19.339913208827852,-2.4608193154058307,2.4608193154058307
1762250859.3695552,-8.525242387150064,3.848964135474891,-3.894582569207417e-05,0.0,19.332896822961462,-2.4576766409438906,2.4576766409438906
1762250859.3965402,-8.52381101417408,3.857984806895411,-1.1418567739004368e-05,0.0,19.324570012425355,-2.4616326842477356,2.4616326842477356
1762250859.429644,-8.52375736387029,3.8680036719698063,-8.648205443672332e-06,0.0,19.316164666994922,-2.4672947705352266,2.4672947705352266
1762250859.4604518,-8.522421663320992,3.866010211440736,-1.0080315492651847e-05,0.0,19.317098316398685,-2.4650621912601505,2.4650621912601505
1762250859.4913783,-8.522746073885955,3.8672120612991736,-9.820188207737028e-06,0.0,19.316271560549417,-2.466013375647818,2.466013375647818
1762250859.516727,-8.524570075602798,3.8661780444791636,-0.00016595141047210434,0.0,19.3181368583963,-2.466921918589805,2.466921918589805
1762250859.5512228,-8.526639358747191,3.8766921736428794,-0.00016291115218004652,0.0,19.310482337705803,-2.4746131104824474,2.4746131104824474
1762250859.5707297,-8.526775333763707,3.8731700298313334,-0.00019553787507710919,0.0,19.313501508371417,-2.472716791467962,2.472716791467962
1762250859.6093705,-8.52341562540616,3.875988121956153,-8.643236399367262e-06,0.0,19.309302043656103,-2.4715659445056035,2.4715659445056035
1762250859.6305048,-8.527782755453648,3.8716756822639797,-7.443891383405443e-06,0.0,19.315303584329655,-2.4726921929021506,2.4726921929021506
1762250859.6808736,-8.53054474045363,3.866996230511175,-1.056068919922e-09,0.0,19.32073119487277,-2.4722946373464803,2.4722946373464803
1762250859.706965,-8.530757350806685,3.862827624857582,-8.997636856270076e-06,0.0,19.32433286688544,-2.4700960033785853,2.4700960033785853
1762250859.733084,-8.53464717669571,3.8533689587393902,-1.0164873048097364e-09,0.0,19.33437482163845,-2.467912513145503,2.467912513145503
1762250859.7671087,-8.533556052095715,3.8520967344137462,-7.652839170029768e-06,0.0,19.33483970876969,-2.466292241491187,2.466292241491187
1762250859.791597,-8.533995835115443,3.853494092057914,-0.00016329757126441348,0.0,19.333912811640364,-2.467448156990695,2.467448156990695
1762250859.824718,-8.533761510825766,3.8510955421687347,-2.1285263044082495e-05,0.0,19.3357894560708,-2.465892091573682,2.465892091573682
1762250859.8619916,-8.531402867788369,3.852430653989585,-7.02777101855361e-06,0.0,19.333379076331475,-2.4647118905506447,2.4647118905506447
1762250859.890661,-8.532439749985961,3.8523803547450166,-0.00013045969557159867,0.0,19.333990073552904,-2.4655357101565802,2.4655357101565802
1762250859.9222586,-8.530206263978256,3.846784519027438,-8.61045851387463e-06,0.0,19.337442734686828,-2.4605186857869876,2.4605186857869876
1762250859.955603,-8.527839161300939,3.85325961176641,-0.00012201271745327083,0.0,19.330730619333636,-2.46225396663944,2.46225396663944
1762250859.9961016,-8.527281937453488,3.860916860467259,-6.936512595160666e-06,0.0,19.324023301982763,-2.466153181577322,2.466153181577322
1762250860.0295517,-8.523434575419952,3.8716668454517413,-5.849043873857398e-06,0.0,19.312925087440465,-2.4691175852398004,2.4691175852398004
1762250860.0561311,-8.525584024076032,3.8701175539999104,-7.002062554591019e-06,0.0,19.31539973746029,-2.4699990950964037,2.4699990950964037
1762250860.0880578,-8.526296795260409,3.8729416744441356,-7.125184211843133e-06,0.0,19.313429838290336,-2.4721937974895947,2.4721937974895947
1762250860.118641,-8.522571142770005,3.8770962127787088,-0.00011225015720694212,0.0,19.307912289663623,-2.471504968620029,2.471504968620029
1762250860.146179,-8.520014870390442,3.884889152200345,-0.00012562641679305357,0.0,19.299994637538916,-2.4738553591875276,2.4738553591875276
1762250860.17562,-8.519822850020992,3.8798326592093013,-7.693768925448076e-10,0.0,19.30411657097143,-2.4708114457980224,2.4708114457980224
1762250860.200278,-8.521416866858218,3.8751972576411564,-0.00047632584423527396,0.0,19.30886648057123,-2.4694746601791215,2.4694746601791215
1762250860.2440164,-8.522895089970111,3.868931429189551,-0.00010675812920060004,0.0,19.314915912116476,-2.467115552244092,2.467115552244092
1762250860.2685416,-8.5222624167647,3.863223982110655,-7.225334092966426e-10,0.0,19.31934026190973,-2.463344100191931,2.463344100191931
1762250860.2937722,-8.522378920911128,3.86905565385623,-7.136273819053837e-10,0.0,19.314528832113602,-2.4667626044618576,2.4667626044618576
1762250860.3530743,-8.52246726474209,3.870070452848197,-9.850800434162449e-05,0.0,19.313728921433892,-2.467413547767892,2.467413547767892
1762250860.3752098,-8.523918527752619,3.8788797417566045,-0.00014861307019496483,0.0,19.307160557234095,-2.473627927358583,2.473627927358583
1762250860.6451664,-8.518612319700267,3.884861990026741,-5.753937630450113e-10,0.0,19.299247753598955,-2.4726896742057334,2.4726896742057334
1762250860.806618,-8.519374492258432,3.892222703137851,-7.647218169160806e-05,0.0,19.293512308420414,-2.4775191805537036,2.4775191805537036
1762250860.9763458,-8.522957160820933,3.8818018795536977,-6.737813005589264e-05,0.0,19.304190099936346,-2.474506416545434,2.474506416545434
1762250861.0100744,-8.521251405059791,3.8833494468030776,-6.2435737588847315e-06,0.0,19.301960349562524,-2.4739904835671913,2.4739904835671913
1762250861.0378664,-8.518350480516084,3.8834563698509075,-3.3227511557555556e-06,0.0,19.300279197662608,-2.471672334966196,2.471672334966196
1762250861.0624208,-8.520646206733351,3.885526781103432,-5.534894879025348e-06,0.0,19.299807990928755,-2.4747371772454123,2.4747371772454123
1762250861.089067,-8.520738727962842,3.885193271024279,-0.00022728982098231253,0.0,19.300137577088076,-2.4746226301948657,2.4746226301948657
1762250861.1137447,-8.51763581352295,3.8884952027991138,-6.031549374916976e-05,0.0,19.29567452094408,-2.473964165458712,2.473964165458712
1762250861.145222,-8.520692270217927,3.8831020501014883,-4.1946033075440127e-10,0.0,19.301860374359414,-2.473390657518713,2.473390657518713
1762250861.1756473,-8.521260180089287,3.8837820694955125,-6.895919183708233e-05,0.0,19.30160348606195,-2.474244638192577,2.474244638192577
1762250861.2044156,-8.521921265133804,3.885032669993403,-5.606037794180873e-05,0.0,19.300920710261817,-2.4755007695861666,2.4755007695861666
1762250861.2398915,-8.521100599588621,3.882772777242495,-3.9366563055697433e-10,0.0,19.30235970484674,-2.4735376195174306,2.4735376195174306
1762250861.2631104,-8.522450559542946,3.8773086534678995,-3.2389100705300164e-06,0.0,19.30766852129117,-2.4715272038896643,2.4715272038896643
1762250861.2822688,-8.521435017837215,3.8810197430249573,-2.8842506916851967e-06,0.0,19.30400876345107,-2.4728114032858373,2.4728114032858373
1762250861.3057296,-8.520311182311127,3.8833793758490267,-3.3964421734319493e-06,0.0,19.30141941999212,-2.4732364082530762,2.4732364082530762
1762250861.3483539,-8.519872323797935,3.879767414866192,-3.8018831833198804e-06,0.0,19.304198262822894,-2.470814795837556,2.470814795837556
1762250861.3827887,-8.520463829788516,3.8829251835502356,-0.00018792411362636666,0.0,19.3018828899237,-2.473102328810379,2.473102328810379
1762250861.4139698,-8.52091162581062,3.880767428500975,-5.140304455582149e-05,0.0,19.303932512010903,-2.4722380594000235,2.4722380594000235
1762250861.4395125,-8.518138338407995,3.8852142654161366,-4.174081017070483e-06,0.0,19.29869316889821,-2.4725021720893303,2.4725021720893303
1762250861.4694998,-8.517776374904031,3.8869803813290242,-2.9547731260084214e-06,0.0,19.297018059495596,-2.4732140766371464,2.4732140766371464
1762250861.4952,-8.521620535324,3.888307054465,-3.2575938609360685e-06,0.0,19.298018267361034,-2.4771237824492207,2.4771237824492207
1762250861.545461,-8.521866043146238,3.8897830588142606,-3.2565668578129515e-10,0.0,19.296919020012357,-2.478168065385903,2.478168065385903
1762250861.578439,-8.51688950466955,3.884255745447119,-2.754810859689869e-06,0.0,19.298809258544356,-2.470930738276893,2.470930738276893
1762250861.6108305,-8.516105001831738,3.8823041872956994,-3.0277067353957404e-06,0.0,19.300010324018956,-2.4691729875840096,2.4691729875840096
1762250861.6465428,-8.52180787335946,3.8773384179349537,-2.624691346881723e-06,0.0,19.307290990238176,-2.4710168392487084,2.4710168392487084
1762250861.6885545,-8.51981522858786,3.873353695285203,-0.00015389005506322734,0.0,19.309528890706098,-2.4671088651978654,2.4671088651978654
1762250861.732516,-8.51885725987086,3.866155298372736,-2.6022357688137873e-06,0.0,19.315021202269442,-2.4622184509876086,2.4622184509876086
1762250861.7692075,-8.522384440465341,3.8624314308408403,-4.787647757543062e-05,0.0,19.320069800993203,-2.4629928719745693,2.4629928719745693
1762250861.7972836,-8.520996618237644,3.8599923079136547,-2.266112898432077e-06,0.0,19.32134743058122,-2.4604638989451995,2.4604638989451995
1762250861.8196325,-8.523015413624854,3.8570312068275467,-0.1736218291415051,0.0,19.324930682000094,-2.460436247860744,2.460436247860744
1762250861.8424683,-8.52271497515231,3.851279601058099,-0.20232518624112839,0.0,19.329574249174012,-2.456916328073044,2.456916328073044
1762250861.863347,-8.52424925682347,3.8421459627680448,-0.22956618883391164,0.0,19.33805196844977,-2.4529842097961727,2.4529842097961727
1762250861.8855867,-8.520100309572774,3.852510628014778,-0.22349872171904223,0.0,19.32711040397424,-2.45546825465095,2.45546825465095
1762250861.9155016,-8.521363818811276,3.8564049502088267,-0.20897990503366343,0.0,19.32454799644033,-2.4587229286876835,2.4587229286876835
1762250861.9362438,-8.522835329089276,3.85773464564059,-0.38196410157750005,0.0,19.324243783648456,-2.4606887412639145,2.4606887412639145
1762250861.956358,-8.52079312179935,3.8522152377023975,-0.5104354709174348,0.0,19.327737506435476,-2.4558694140683093,2.4558694140683093
1762250861.9836996,-8.519121836794715,3.8534489832090673,-0.6388600990629495,0.0,19.325789029700264,-2.4551984079070865,2.4551984079070865
1762250862.0047717,-8.51176887807818,3.8472538126790483,-0.6006394188950067,0.0,19.32693364321232,-2.445631109764972,2.445631109764972
1762250862.039132,-8.5139473203319,3.8276878957849085,-0.5805123507994121,0.0,19.34448634541206,-2.4362976231711335,2.4362976231711335
1762250862.060811,-8.510939816870009,3.817929853047346,-0.8009840021742752,0.0,19.350993957868674,-2.4282835169299455,2.4282835169299455
1762250862.0881958,-8.506445389586927,3.8056994336005205,-0.7112959606601928,0.0,19.358752622610996,-2.4176467243442596,2.4176467243442596
1762250862.2404478,-8.468056430065776,3.7836490641808895,-0.6498787620047829,0.0,19.356122671060366,-2.3735374722612983,2.3735374722612983
1762250862.448348,-8.35473416971367,3.7844590997355327,-0.42315125958804795,0.0,19.293264550542734,-2.2809850371578975,2.2809850371578975
1762250862.6542573,-8.280908995783669,3.7519267278779176,-0.09079475036127688,0.0,19.279953532985047,-2.201932895017216,2.201932895017216
1762250862.7979114,-8.243738618244436,3.740670436762288,-0.7647679003706023,0.0,19.268968232265692,-2.1651008983634776,2.1651008983634776
1762250862.9666526,-8.129333572686182,3.7260693841686647,-1.5392919369085065,0.0,19.26663881549301,-2.064322973392675,2.064322973392675
1762250863.0143232,-8.080412259436281,3.720254939756513,-1.8881746015228567,0.0,19.24362978527151,-2.0213724105513227,2.0213724105513227
1762250863.0376902,-8.024179523967707,3.7150874368418134,-2.0269007086229904,0.0,19.215934485013918,-1.9730046399598353,1.9730046399598353
1762250863.0597622,-7.996379716706867,3.7056274219318697,-2.2434068491296815,0.0,19.207925401704273,-1.9450341054540399,1.9450341054540399
1762250863.0903075,-7.966360392494262,3.6990381997593618,-2.3807272647837743,0.0,19.19629285610707,-1.9170042127946463,1.9170042127946463
1762250863.1175604,-7.870709529703829,3.6932689261778546,-2.2749357179940684,0.0,19.18975348181104,-1.8374731603155805,1.8374731603155805
1762250863.1487062,-7.816295115602419,3.6914825924654524,-2.2565585296962216,0.0,19.15924167473691,-1.7931613751642934,1.7931613751642934
1762250863.2186627,-7.655652911300621,3.6918734175713044,-2.2372140515976287,0.0,19.103988098471962,-1.6670200276180718,1.6670200276180718
1762250863.25635,-7.561642935695263,3.6809936392156515,-2.183272455027749,0.0,19.05564122539806,-1.5868715830016102,1.5868715830016102
1762250863.2892275,-7.482346690963724,3.682151512668151,-2.0042088220872665,0.0,19.006642657116533,-1.5260759868546825,1.5260759868546825
1762250863.39791,-7.287708509015506,3.6459572085568914,-1.585519755605355,0.0,18.94742343317536,-1.353209613883891,1.353209613883891
1762250863.4241946,-7.255472930768647,3.651234932049175,-1.481924366815927,0.0,18.923188406953713,-1.3319655642289145,1.3319655642289145
1762250863.7340164,-6.89620952372533,3.772111569156313,-0.4239272642319908,0.0,18.69052974690894,-1.1495473224066224,1.1495473224066224
1762250863.9715693,-6.851896415977556,3.7607280305136888,0.0001488415405651267,0.0,18.668685110654202,-1.1102995135310185,1.1102995135310185
1762250864.222354,-6.859679829332824,3.6854354121199844,0.20524488504059035,0.0,18.687541748639326,-1.0612855890874502,1.0612855890874502
1762250864.4331076,-6.908693774412398,3.5321027794767277,0.7967097653130909,0.0,18.816797769917542,-0.9923400739838899,0.9923400739838899
1762250864.607927,-6.960590979450636,3.319913451830588,1.2721623366972006,0.0,18.9825608809863,-0.8931318200387313,0.8931318200387313
1762250864.9550412,-7.251698333393126,2.834928253945515,2.138873823050117,0.0,19.45913945434814,-0.8341329505957771,0.8341329505957771
1762250865.1309237,-7.370141652485464,2.5443366964109706,1.9322860490648721,0.0,19.71130423383024,-0.7800442156876989,0.7800442156876989
1762250865.2709284,-7.475224039490407,2.232766562988724,1.574772720838771,0.0,19.987407277083626,-0.7251470547547707,0.7251470547547707
1762250865.4761093,-7.57088690412682,1.9139608842439078,1.063069013293331,0.0,20.264781402997762,-0.6826605993822195,0.6826605993822195
1762250865.6782672,-7.635717642505129,1.7230582685026103,0.9408956394616995,0.0,20.431084832191342,-0.6767649329349215,0.6767649329349215
1762250865.9835544,-7.71920606109362,1.435721926619381,1.0771200447738767,0.0,20.682252309227653,-0.6729609240685551,0.6729609240685551
1762250866.1759617,-7.7681706997902,1.2445292053386983,1.048114455388334,0.0,20.844956281452433,-0.6763789347896655,0.6763789347896655
1762250866.3535192,-7.786647943537501,1.0331964034862668,1.1421760943712704,0.0,21.014998684698693,-0.656462348220005,0.656462348220005
1762250866.5207274,-7.785088550424203,0.8099625295275733,1.1429084638162565,0.0,21.203670364799258,-0.6271295902000854,0.6271295902000854
1762250866.640069,-7.793039288306533,0.6255818061205327,1.3145663649096968,0.0,21.359140438724864,-0.6220252613280163,0.6220252613280163
1762250866.983481,-7.724006903190893,0.0388878863465158,1.425763007277971,0.0,21.851048623893362,-0.5735033726326629,0.5735033726326629
1762250867.194335,-7.651736657865241,-0.32697109414010933,1.4262238659997009,0.0,22.163081860785873,-0.5642028670783084,0.5642028670783084
1762250867.3477335,-7.556687452235399,-0.573172028190841,1.5579830237847698,0.0,22.38257288714429,-0.5360259217453458,0.5360259217453458
1762250867.5292838,-7.3858009032650624,-0.9140196858691978,1.6262247298769401,0.0,22.703070787397,-0.4944814866420208,0.4944814866420208
1762250867.8899975,-7.016264636276011,-1.568278879716803,2.462314141451791,0.0,23.337928315923268,-0.5031009289006565,0.5031009289006565
1762250868.1196814,-6.761645622323042,-1.579450056338732,2.246778764346503,0.0,23.481899521403914,-0.31138381302865287,0.31138381302865287
1762250868.4496326,-6.8342035968041515,-1.5710801984197043,2.3671096399533917,0.0,23.436155874998576,-0.36159269737162614,0.36159269737162614
1762250868.6498356,-6.469094456558274,-1.6606929466745486,2.2086278083456867,0.0,23.726300054375898,-0.14916456519359575,0.14916456519359575
1762250868.968165,-6.521917077937906,-0.9857448585586863,1.877574482373338,0.0,23.15330904325056,0.2352783076267696,0.2352783076267696
1762250869.3446157,-6.315578619457602,-0.6386295358585742,1.7187565396275146,0.0,22.9308448485227,0.5892409428035523,0.5892409428035523
1762250869.5705738,-5.836171593266724,-0.41527570674215714,1.4027264069378067,0.0,22.988050753067252,1.117004482401485,1.117004482401485
1762250869.718192,-5.6905578748445516,-0.2276241415980977,1.379446463545284,0.0,22.81572912685273,1.3329193643905022,1.3329193643905022
1762250869.819444,-5.671719979133838,-0.04531860157473568,1.232769910369819,0.0,22.508471120764035,1.419868757001288,1.419868757001288
1762250870.1721272,-5.677371130847546,0.42692423138521784,0.7397091525501392,0.0,21.59410908789019,1.4973631999738752,1.4973631999738752
1762250870.4556,-5.751269737428461,0.7538505469003071,0.9303356165816336,0.0,20.985669901463314,1.3973997579142732,1.3973997579142732
1762250870.552537,-5.832596368533918,0.8369458834133489,1.068788912025359,0.0,20.872474517725546,1.3017297581264262,1.3017297581264262
1762250870.9925232,-6.398887950743521,0.8552505576768975,1.295916290267599,0.0,20.974339920768212,0.7418944511288619,0.7418944511288619
1762250871.2957928,-7.052104049084367,0.6521585093070642,1.8550379372738734,0.0,21.293705588042663,0.11629004237004671,0.11629004237004671
1762250871.4745562,-7.48005976887825,0.4196760798558652,2.1848721014183967,0.0,21.530692426106395,-0.30536644181461103,0.30536644181461103
1762250871.6815205,-7.615444900585126,-0.01992179348252875,2.2991946996807835,0.0,21.90953901284962,-0.473291640714162,0.473291640714162
1762250872.242773,-6.335378457010367,-1.4839691310706835,2.86382948238596,0.0,23.689719015851782,0.06931001805219021,0.06931001805219021
1762250872.4766178,-5.930156569568912,-2.061532146707168,2.1346261338893293,0.0,24.352645867281087,-0.14394168800208362,0.14394168800208362
1762250872.746524,-5.163145010096456,-2.3658388718275636,0.48147055542965217,0.0,25.120849596520074,-0.20201547263649436,0.20201547263649436
1762250872.898955,-5.1662000433734026,-2.4706411195981075,0.4976924416627306,0.0,25.131779260625795,-0.30622487407941645,0.30622487407941645
1762250873.070064,-5.170670211088973,-2.5249114446870746,0.390983827559076,0.0,25.134916701917135,-0.3605973732288179,0.3605973732288179
1762250873.2050416,-5.136157445615254,-2.5619801258268406,0.5540221407505408,0.0,25.16851628702564,-0.39289078179772796,0.39289078179772796
1762250873.225894,-5.123592033701748,-2.5618944298357453,0.5672338675818186,0.0,25.17907209656236,-0.3912891206482941,0.3912891206482941
1762250873.2446961,-5.111574885603676,-2.5741181310710717,0.5965449044992774,0.0,25.190459681566118,-0.4020310187060136,0.4020310187060136
1762250873.2759721,-5.104577966579903,-2.582397035522907,0.6691011555581196,0.0,25.1971613213955,-0.4094672539296422,0.4094672539296422
1762250873.3004193,-5.085541323058062,-2.5987819218256942,0.7166112652563971,0.0,25.21706440789465,-0.42369605459062737,0.42369605459062737
1762250873.3972714,-4.987375740795684,-2.658403377867359,1.0572170566696324,0.0,25.303312313257116,-0.474429994041448,0.474429994041448
1762250873.6548862,-4.467682870459667,-2.8336294272684044,1.8796003751841102,0.0,25.744450905000477,-0.6514151984975326,0.6514151984975326
1762250873.9157343,-4.266713830935257,-2.960865246859954,2.774759575871995,0.0,25.89973802488543,-0.7970680174970571,0.7970680174970571
1762250874.1241612,-3.4885859920477564,-2.6508022245723812,3.3242588010285434,0.0,26.605066759871452,-0.648458160480803,0.648458160480803
1762250874.3111873,-2.871267214919756,-2.3117823651860436,3.551750870225374,0.0,27.238792172181384,-0.5305978290479006,0.5305978290479006
1762250874.5446372,-2.5726715474012045,-1.80030872265657,2.928045304662463,0.0,27.698626134032896,-0.17955376566508427,0.17955376566508427
1762250874.8150206,-3.0381959283035704,-1.3297248687563827,1.578779082769888,0.0,27.462143844666492,0.43989657214716865,0.43989657214716865
1762250874.8390062,-3.0834508847149027,-1.2905482795154097,1.46265489241624,0.0,27.43478104849665,0.4937930311195841,0.4937930311195841
1762250874.8688354,-3.1109969028950446,-1.2502523986365957,0.36466619020729024,0.0,27.424810867716598,0.5416850576201708,0.5416850576201708
1762250874.9100363,-3.1504185636493554,-1.2484404182634437,0.641264154704891,0.0,27.386965258865736,0.5588000548655606,0.5588000548655606
1762250874.9313798,-3.187331736345944,-1.2333146941941397,-0.033760342707959454,0.0,27.3568775715067,0.5870745490077367,0.5870745490077367
1762250874.9585097,-3.2116636135435104,-1.2256344990537624,0.3291570220278006,0.0,27.335946240563633,0.6035444776582136,0.6035444776582136
1762250874.9811304,-3.2224068092980422,-1.2227425337101716,0.442728229501688,0.0,27.326460224816827,0.6103401945493986,0.6103401945493986
1762250875.0016394,-3.229465047055044,-1.2090397156597597,0.5042283347898803,0.0,27.325099961095425,0.6257020214165803,0.6257020214165803
1762250875.0194354,-3.230468704737613,-1.2031932892813721,0.5418888674741041,0.0,27.326522240722493,0.6314864583473868,0.6314864583473868
1762250875.0461347,-3.23019049815393,-1.2001031485363713,-0.06427506734798405,0.0,27.328082065238913,0.6342335132662228,0.6342335132662228
1762250875.0770788,-3.231523208002083,-1.1993475398392883,-4.704665074531378e-08,0.0,27.327065184363793,0.6354425544102306,0.6354425544102306
1762250875.1037903,-3.232817823152437,-1.199061184627585,-0.002485064129103289,0.0,27.325891221439463,0.6362034867565745,0.6362034867565745
1762250875.1256256,-3.230709561137421,-1.1989670801205738,-0.09235291732853323,0.0,27.328035460454316,0.6354817872220586,0.6354817872220586
1762250875.1739528,-3.2373710357937826,-1.201740007359745,-0.316819239159043,0.0,27.320231423259997,0.6354734402803295,0.6354734402803295
1762250875.1917906,-3.2468424511000555,-1.214955382441072,-0.4848326282448498,0.0,27.30525866402448,0.6268778594205705,0.6268778594205705
1762250875.223557,-3.2460517185415614,-1.222543270997021,-0.6342891526163846,0.0,27.302921017382804,0.6195610122419631,0.6195610122419631
1762250875.2502532,-3.2650115618172344,-1.2295567063044364,-0.7842896061658621,0.0,27.281057100737836,0.620270179892916,0.620270179892916
1762250875.4153047,-3.3991524249874288,-1.3102534032074482,-1.7066269859476308,0.0,27.112985114204015,0.5946263176419546,0.5946263176419546
1762250875.4420016,-3.437721906699649,-1.36029463814156,-1.947984241372887,0.0,27.054234615263873,0.5614449326439738,0.5614449326439738
1762250875.7566867,-3.9595929311382876,-1.8140472470929885,-3.4632146274818196,0.0,26.369762323024,0.28049531372651754,0.28049531372651754
1762250875.9804225,-4.147567465316571,-2.19978192368941,-2.569230596929396,0.0,26.102115358538057,-0.06034264493080778,0.06034264493080778
1762250876.2278636,-3.9810791718101775,-2.7919979371646035,-1.2683140332620733,0.0,26.158887075752137,-0.6725157952676213,0.6725157952676213
1762250876.3808053,-4.025163867428128,-2.904494613686812,-0.8243309467500202,0.0,26.1046485969217,-0.775602248922351,0.775602248922351
1762250876.5399523,-3.950713400073894,-2.9453293803624545,-0.3891459746590564,0.0,26.161863735231805,-0.8288104292684333,0.8288104292684333
1762250876.8756208,-3.821803292102986,-3.0297574050421727,-0.6551798623051255,0.0,26.252930828667935,-0.9364183471049443,0.9364183471049443
1762250877.1632226,-3.625661491056917,-3.147213725214161,-0.45103563694070836,0.0,26.388289751133748,-1.093744498180711,1.093744498180711
1762250877.3539367,-3.6500433673397565,-3.153960761604522,0.5318983609740953,0.0,26.367550022841787,-1.0947019182675017,1.0947019182675017
1762250877.6421845,-3.9747993916728466,-2.8720859676066124,1.4016038537390427,0.0,26.152699326387946,-0.752425877770055,0.752425877770055
1762250878.0065713,-4.139235929575013,-2.7373257123481536,0.5233648176031238,0.0,26.03208766931611,-0.592422204765435,0.592422204765435
1762250878.221348,-4.2167509345834775,-2.6893915642554864,0.6221074168954669,0.0,25.96994008072546,-0.5339597964886442,0.5339597964886442
1762250878.465383,-4.371387145731626,-2.4723129517001756,1.2490043130843602,0.0,25.854809693392056,-0.2999671673217658,0.2999671673217658
1762250878.5564487,-4.416937557527085,-2.3363947801243192,1.5139482702021811,0.0,25.825006635462724,-0.16017928360938014,0.16017928360938014
1762250878.960326,-4.327270453368519,-1.7295129774178801,1.5138023241255016,0.0,25.99177083801947,0.43201137969681463,0.43201137969681463
1762250879.2032201,-4.049414168174497,-1.4132613628249544,0.5639041042978545,0.0,26.375155852703084,0.691198700144643,0.691198700144643
1762250879.3845315,-3.9861261917401842,-1.2674275851839107,0.3800832501613564,0.0,26.490441429123532,0.8174023517512903,0.8174023517512903
1762250879.5800824,-3.978629892996063,-1.1778160349991074,-0.002036803830603513,0.0,26.52923275743041,0.9020685835216363,0.9020685835216363
1762250879.9859738,-3.9527617645760444,-1.169269359546022,-7.558599389568028e-05,0.0,26.56137507795642,0.9034768683768468,0.9034768683768468
1762250880.2161036,-3.9603426409598304,-1.1638186999699498,-8.060507760604529e-05,0.0,26.55451294587419,0.9107521959969067,0.9107521959969067
1762250880.4223487,-3.9510387519161796,-1.1694601069919928,-0.0012840050562184363,0.0,26.563269367545107,0.9028319640441165,0.9028319640441165
1762250881.091306,-3.9618632517754584,-1.1913644121441809,-0.00019755205902054774,0.0,26.54398162918964,0.8845943259992125,0.8845943259992125
1762250881.3135798,-3.953176718350024,-1.1969228632775732,-0.000713037354705514,0.0,26.55204974102415,0.8769341423148049,0.8769341423148049
1762250881.48744,-3.95207595383109,-1.1861366099978188,-2.70339808155767e-05,0.0,26.55674073710308,0.8870387415066157,0.8870387415066157
1762250881.9128702,-3.9553308472647135,-1.1669597210153997,-0.0004726022418370432,0.0,26.559200450520834,0.9063890198534512,0.9063890198534512
1762250882.0482874,-3.948999116364153,-1.1714069456824256,-2.4590517409440983e-05,0.0,26.564956585297416,0.9004097496354655,0.9004097496354655
1762250882.1646507,-3.950479183439428,-1.18971483226796,-0.0013052030384995475,0.0,26.557403877772334,0.8831643220806186,0.8831643220806186
1762250882.469568,-3.920910021101323,-1.1161438773671302,1.276269876105143,0.0,26.618031751938172,0.9459043977916322,0.9459043977916322
1762250882.6727586,-3.7797821081191505,-1.0003317011342647,1.1243693378779158,0.0,26.82361968662259,1.0146871512750029,1.0146871512750029
1762250882.9399552,-3.5785520507564583,-0.846763413692448,0.6387698755884057,0.0,27.112320072222275,1.0916207245241345,1.0916207245241345
1762250883.111523,-3.513557631839898,-0.8011259768201612,0.3323596830731259,0.0,27.20195666171692,1.1105474568481617,1.1105474568481617
1762250883.3650172,-3.5511108540314322,-0.846206778321041,-0.7311948656076858,0.0,27.142041259955406,1.0822853973957876,1.0822853973957876
1762250883.502944,-3.664615118120164,-0.9475006010969417,-1.5394019478992549,0.0,26.973509125144794,1.0270753189355148,1.0270753189355148
1762250883.692465,-3.821449825540765,-1.1984255702778246,-2.589666633306615,0.0,26.701962301629337,0.838622286414666,0.838622286414666
1762250884.1917062,-4.823048273053351,-1.3630254384725253,-3.58495890147214,0.0,25.406920184316746,0.8281223815804414,0.8281223815804414
1762250884.6277957,-5.483872535014396,-1.4169902510187473,-3.396350336454725,0.0,24.492951373699405,0.6309569468608506,0.6309569468608506
1762250884.741028,-5.954376203465216,-1.1790272055975621,-2.8337670863663615,0.0,23.759945235300304,0.555866160981364,0.555866160981364
1762250885.1166632,-6.425303452985312,-0.19545988217274393,-1.136634367837003,0.0,22.351016990655342,0.6562812741816075,0.6562812741816075
1762250885.241132,-6.329020061292683,0.26167655281963254,-0.5840944540430866,0.0,21.773274834640013,0.8371646310787954,0.8371646310787954
1762250885.4205189,-6.252912120917647,0.44657624962691733,0.25196671331019577,0.0,21.51462223869529,0.9219626071888097,0.9219626071888097
1762250885.6486452,-6.305558049537351,0.4130279121365688,1.1358850503889126,0.0,21.565780255457753,0.868907870664093,0.868907870664093
1762250886.03662,-6.549135498891354,0.1454656884689808,0.5893036432682349,0.0,21.88936384669402,0.605564111640695,0.605564111640695
1762250886.18845,-6.716479277677562,0.11458459653630262,0.5299188525321111,0.0,21.898780852607498,0.43560973465389186,0.43560973465389186
1762250886.3796067,-6.730195982802238,0.06367458127911466,3.917301206468604e-07,0.0,21.95556681575531,0.4147528192377348,0.4147528192377348
1762250886.6891294,-6.947588974679181,0.033586421697659,0.35100508928407953,0.0,21.95141275695828,0.19531190342229945,0.19531190342229945
1762250887.0465086,-7.203515485400147,0.009167915159772347,4.941218410852934e-05,0.0,21.937092585498203,-0.061398783445750865,0.061398783445750865
1762250887.2418938,-7.262317515764927,0.0041585941597109,3.680553106862282e-05,0.0,21.933568704027675,-0.12030252828434639,0.12030252828434639
1762250887.535003,-7.307434562709377,0.016115259953500032,4.5784974986654015e-09,0.0,21.916127760547425,-0.1632578259539463,0.1632578259539463
1762250887.898613,-7.299306521916091,0.006317014092688856,0.0023685402073054572,0.0,21.926422897929406,-0.15659449438137388,0.15659449438137388
1762250888.1171422,-7.305110117380104,0.00960933600679173,2.595553425399075e-05,0.0,21.922544279730406,-0.1618707231430266,0.1618707231430266
1762250888.3431454,-7.31996837180394,0.013073179488960144,0.00040828898661008414,0.0,21.917313387444942,-0.1760936483075957,0.1760936483075957
1762250888.5615954,-7.323369880579734,0.007849214323201648,1.873481996503986e-05,0.0,21.92173827366689,-0.1801958427087257,0.1801958427087257
1762250888.89495,-7.336361793938547,0.005043776291281556,0.00011267149584112447,0.0,21.922612051195365,-0.19345399127217153,0.19345399127217153
1762250889.197877,-7.30900275296317,0.004623034354923342,0.00023194650594126568,0.0,21.926693192399725,-0.16643329852470035,0.16643329852470035
1762250889.3683052,-7.321083289282002,0.005439718288683649,0.00020452732235260693,0.0,21.92429429737464,-0.17827393096367686,0.17827393096367686
1762250889.5930808,-7.317666328716103,0.005793434509812606,1.2601623461091019e-09,0.0,21.924424667795407,-0.17484139748824476,0.17484139748824476
1762250890.030644,-7.325641213393778,-0.00398242582865283,9.688885658999263e-06,0.0,21.932460784350496,-0.1841373190933407,0.1841373190933407
1762250890.2069635,-7.3413806179564025,0.005328908497047188,6.907727418413785e-06,0.0,21.921677322968023,-0.19838199260426295,0.19838199260426295
1762250890.3800867,-7.350602926772095,0.007603632381057314,0.00010715528321918774,0.0,21.918346647116334,-0.20719227202563154,0.20719227202563154
1762250890.420483,-7.344722790595023,0.009181808640287845,0.00012802602589151232,0.0,21.917660702487908,-0.20114903205538393,0.20114903205538393
1762250890.632171,-7.3366262998225675,0.016345761156284753,5.977719352168161e-06,0.0,21.91209788100503,-0.1921351053079251,0.1921351053079251
1762250890.7964458,-7.315558845943897,0.006232307559871885,0.00015535662763295317,0.0,21.924298764283094,-0.17269292116197107,0.17269292116197107
1762250891.2195141,2.3558545888225138,-2.6336253414067654,6.384504084252124e-05,0.0,33.7260694058751,-1.471559755248295,1.471559755248295
1762250891.4336317,2.2882642550994627,-2.6264556024039996,3.886341556999951e-10,0.0,33.65779909843069,-1.4958371488628115,1.4958371488628115
1762250891.655577,2.3090667023721343,-2.625802670303824,3.084953534747797e-06,0.0,33.67747419183469,-1.4858380660916661,1.4858380660916661
1762250891.8805025,2.3061203147301694,-2.621292014795935,5.271423044726917e-06,0.0,33.672445163133006,-1.4831514799337169,1.4831514799337169
1762250892.0878541,2.295177840798028,-2.6192147609048813,2.365928572780549e-06,0.0,33.66091672060669,-1.4862522109288414,1.4862522109288414
1762250892.2892575,2.2981014710213055,-2.614768683258599,3.174520192689194e-05,0.0,33.66155872028928,-1.4809644796872699,1.4809644796872699
1762250892.4687824,2.323266265000117,-2.62638430455303,2.014381097493647e-06,0.0,33.69137213851923,-1.479918330599585,1.479918330599585
1762250892.72111,2.3212356652732704,-2.6210582616795692,2.446452527947402e-05,0.0,33.68682940633187,-1.476092829889529,1.476092829889529
1762250892.977444,2.298558298632354,-2.6253244523898656,1.1947744826952876e-06,0.0,33.6671481781544,-1.4901707987767494,1.4901707987767494
1762250893.1110466,2.2918348602571994,-2.625465883548069,1.0878129742093006e-06,0.0,33.66075193483901,-1.4933394184833815,1.4933394184833815
1762250893.3723776,2.2914658415609375,-2.61874600185118,7.931993530859876e-07,0.0,33.6571172760915,-1.4875130964608279,1.4875130964608279
1762250893.5268297,2.3049004338072896,-2.6193667085076946,1.0298541314575577e-10,0.0,33.670334515994114,-1.4819873148812275,1.4819873148812275
1762250893.6947045,2.313677174769149,-2.6188325701294146,1.3337616207879823e-05,0.0,33.67849778413179,-1.4775354658915485,1.4775354658915485
1762250893.9157064,2.32165306753845,-2.6304678910357766,1.12718949051093e-05,0.0,33.691818718936545,-1.4842893404437516,1.4842893404437516
1762250894.2050703,2.3293151818158306,-2.6152482880289227,1.0371393871485655e-05,0.0,33.691734448346836,-1.4672500232186172,1.4672500232186172
1762250894.6120567,2.313406630068686,-2.623003530202306,5.267332463211247e-11,0.0,33.680272620478185,-1.4813761263827165,1.4813761263827165
1762250894.921417,2.308819999110919,-2.6083417763107395,2.802963028525772e-07,0.0,33.66872143538876,-1.470382512881176,1.470382512881176
1762250895.164795,2.320401073709654,-2.6145606998471034,5.4338461337377216e-06,0.0,33.68286157467791,-1.4706800058579659,1.4706800058579659
1762250895.3981278,2.318408282863213,-2.6024680979443358,2.692785475079938e-07,0.0,33.675057417404666,-1.460803453851854,1.460803453851854
1762250895.601519,2.329294613579129,-2.596990624119496,2.349197135048162e-07,0.0,33.682819230085,-1.4509873380073084,1.4509873380073084
1762250896.0421755,2.326655326441915,-2.6078451813694343,2.1144009398297312e-11,0.0,33.68557996208351,-1.461858747911599,1.461858747911599
1762250896.238588,2.3260333703196743,-2.58174285281253,3.1435603540971816e-06,0.0,33.6722719946937,-1.4388723516638768,1.4388723516638768
1762250896.4294593,2.335675106929404,-2.5750786595253885,1.1197152125266475e-07,0.0,33.67826050944875,-1.4285633662869344,1.4285633662869344
1762250896.731639,2.3397310266942695,-2.5808331201246553,1.0429975081577596e-07,0.0,33.68493983774008,-1.4318542092004372,1.4318542092004372
1762250897.14311,2.329414930181184,-2.5723048645781432,8.475208685676152e-08,0.0,33.67091844241546,-1.428926233318909,1.428926233318909
1762250897.5079484,2.3202010442989236,-2.5798245330646545,7.516776989114961e-08,0.0,33.665748448136895,-1.43980243695548,1.43980243695548
1762250897.8557065,2.366337236353518,-2.5860561117150542,5.772087618238132e-08,0.0,33.712899152303024,-1.4244282540685418,1.4244282540685418
1762250898.131378,2.3606045642036593,-2.586335457455372,4.115092429997217e-08,0.0,33.70757137466178,-1.4272824942710454,1.4272824942710454
1762250898.2365549,2.374394040648919,-2.58182429893055,2.0323706557774024e-07,0.0,33.71851333922798,-1.4169957313312465,1.4169957313312465
1762250898.4647992,2.3716710113342514,-2.5809525961307815,3.5235062638761704e-08,0.0,33.71549741273337,-1.4174577114604985,1.4174577114604985
1762250898.6245635,2.3781050241221804,-2.5753571883818855,5.898424709476183e-07,0.0,33.7189010554707,-1.4095483960419002,1.4095483960419002
1762250898.874878,2.363947136323285,-2.581377709121478,2.866640884200349e-08,0.0,33.708346448473435,-1.4213472857572043,1.4213472857572043
1762250899.0825622,2.3540722535061867,-2.5775761060376774,2.3377466064389997e-08,0.0,33.69705642331399,-1.4224452974903277,1.4224452974903277
1762250899.4160573,2.3633280424459078,-2.5867292903821792,6.027709513797633e-08,0.0,33.7103591191084,-1.426395676375234,1.426395676375234
1762250899.5913115,2.375145711995592,-2.5825749691970783,1.8520648048615494e-08,0.0,33.71959365585982,-1.4173223619625317,1.4173223619625317
1762250899.9654045,2.3524111091070643,-2.5822147989975592,3.2599692384773714e-07,0.0,33.69772694920818,-1.4273325734299325,1.4273325734299325
1762250900.2687745,2.344369604881935,-2.577600462244292,1.1024109768063005e-08,0.0,33.687801537836854,-1.4268695230576782,1.4268695230576782
1762250900.4824836,2.3188017940956356,-2.5765693826932954,0.0563617034162066,0.0,33.662822304455624,-1.437532880506735,1.437532880506735
1762250900.6729972,2.3316278749038473,-2.5745992788061947,0.05050721571002409,0.0,33.67415363979168,-1.4299696185949773,1.4299696185949773
1762250900.9358642,2.313476845657858,-2.581483414201817,-1.7705926417732874e-06,0.0,33.66010584908869,-1.4443243301817286,1.4443243301817286
1762250901.1361487,2.3018703607254594,-2.5799897419038764,-1.4233002694130366e-06,0.0,33.648230945225514,-1.4482391972344515,1.4482391972344515
1762250901.2821107,2.3028533413717955,-2.5817721887135763,-1.6003943432800743e-10,0.0,33.65004380831573,-1.4493851152549517,1.4493851152549517
1762250901.7632852,2.2607866863466843,-2.602008040446733,-1.7080888873319715e-05,0.0,33.61935685749625,-1.4864249858149667,1.4864249858149667
1762250901.9261267,2.279690397101364,-2.5988381429164655,-3.173215408766859e-05,0.0,33.63606343968845,-1.4750720088685674,1.4750720088685674
1762250902.0766666,2.3129338837166116,-2.5981896744172026,-7.702860062697013e-07,0.0,33.66772179451796,-1.459467912793836,1.459467912793836
1762250902.2852232,2.284643066906476,-2.605910085500801,-1.2288592452033817e-05,0.0,33.64428621881154,-1.479146273007032,1.479146273007032
1762250902.5595558,2.3422208764671297,-2.5731483943221534,-2.3106361383672284e-05,0.0,33.68358219424664,-1.423875857896681,1.423875857896681
1762250902.9566236,2.3903522137282027,-2.549312341869295,-0.0002863018498234722,0.0,33.71789654561044,-1.3807830203166602,1.3807830203166602
1762250903.262961,2.432525330423509,-2.54180491395592,-0.00023593598779053442,0.0,33.754221142770405,-1.3548887985747506,1.3548887985747506
1762250903.4025142,2.423610622793545,-2.5475925575831675,-1.2300233264720786e-05,0.0,33.74859648996328,-1.3641055667499502,1.3641055667499502
1762250903.814398,2.4393957384957847,-2.55949227220129,-7.994090227054208e-05,0.0,33.769285211455795,-1.36748886532623,1.36748886532623
1762250904.175562,2.4094312385466283,-2.5675961803906717,-7.709528290200065e-06,0.0,33.744875180251476,-1.388373983129822,1.388373983129822
1762250904.559955,2.421531715183467,-2.5804238752012227,-6.35638128155902e-06,0.0,33.76255918116365,-1.3942684627907296,1.3942684627907296
1762250904.7573519,2.421935178192792,-2.592829617659861,-8.999695477342002e-05,0.0,33.76896475374709,-1.4051207353781,1.4051207353781
1762250905.2637556,2.4134513494750407,-2.5804451186827033,-0.00012442798391345105,0.0,33.75492193489926,-1.3979753497589853,1.3979753497589853
1762250905.4300942,2.391280266270778,-2.595155803569806,-6.581522925546027e-05,0.0,33.74104712000832,-1.421177529057036,1.421177529057036
1762250905.827701,2.397908779860973,-2.592031158976994,-1.2269284273781534e-05,0.0,33.74581919014734,-1.4153749664627586,1.4153749664627586
1762250905.9886994,2.3946560098856304,-2.6141102473718396,-2.9305411621146325e-10,0.0,33.75346945966988,-1.436507675299394,1.436507675299394
1762250906.0156052,2.3975640615561997,-2.61574471110782,-1.719223140923007e-06,0.0,33.75702306465695,-1.436635199391123,1.436635199391123
1762250906.0418754,2.3944734947446924,-2.613642450459976,-2.2893342630763987e-06,0.0,33.75306871900192,-1.4361746578593466,1.4361746578593466
1762250906.1612203,2.413271235770681,-2.6145136377442713,-3.8182176648740016e-05,0.0,33.771305013372086,-1.4283677505297585,1.4283677505297585
1762250906.2113452,2.4140387207330387,-2.6178237742534223,-3.99232403690167e-05,0.0,33.77364061197852,-1.430961427810981,1.430961427810981
1762250906.2483037,2.410264709700518,-2.612853430055926,-2.2016160612379904e-06,0.0,33.76765189715416,-1.4282643455579385,1.4282643455579385
1762250906.28776,2.4084966158151038,-2.610406335919069,-4.227392071650546e-06,0.0,33.76478788882727,-1.426894843716731,1.426894843716731
1762250906.3215973,2.4008635062837262,-2.611282711902675,-1.763044343078916e-06,0.0,33.7579813101492,-1.4311591935034869,1.4311591935034869
1762250906.3444314,2.4028296084985543,-2.615068798194227,-1.7943637161451787e-06,0.0,33.761686237369084,-1.433630413075037,1.433630413075037
1762250906.3963451,2.4093976474079,-2.614559248652485,-1.6531604616891614e-06,0.0,33.767660310820744,-1.430177864095369,1.430177864095369
1762250906.4226735,2.4040310563895098,-2.6140733173459623,-1.9764688721045457e-06,0.0,33.76234064033532,-1.4321962229422416,1.4321962229422416
1762250906.6279466,2.4097712620452696,-2.6095072168984057,-1.4940735560160153e-06,0.0,33.765557854433936,-1.4255128713505991,1.4255128713505991
1762250906.8221335,2.408867462392987,-2.614425361429209,-1.580740992646791e-06,0.0,33.767093169851904,-1.4303009160950566,1.4303009160950566
1762250907.1714334,2.420083849598164,-2.6147213991444187,-7.07268784678301e-05,0.0,33.77785046624915,-1.425439090730377,1.425439090730377
1762250907.3644032,2.419010203978632,-2.6138561146186783,-1.7147829296107443e-05,0.0,33.77641465469806,-1.4251602702415822,1.4251602702415822
1762250907.5937085,2.4002643450670593,-2.6172151116666433,-7.968837884298976e-07,0.0,33.76029869605039,-1.4367110803471999,1.4367110803471999
1762250907.9746754,2.397919255665003,-2.6147384509693983,-1.1710497121008154e-05,0.0,33.75687042520493,-1.4355777350038172,1.4355777350038172
1762250908.2543032,2.4072343569004535,-2.595170266140088,-5.61698508928413e-07,0.0,33.75618637270699,-1.4139149949599963,1.4139149949599963
1762250908.43068,2.388318156733443,-2.5945347720274943,-5.0513574104302e-07,0.0,33.73793217065044,-1.4219744425976741,1.4219744425976741
1762250908.7181187,2.391797862069113,-2.6027813619298885,-7.355785658751104e-06,0.0,33.74524652837642,-1.4277289486221574,1.4277289486221574
1762250908.995265,2.4184644597795395,-2.597999793699565,-6.201668578189022e-06,0.0,33.768193357572414,-1.4113053801631414,1.4113053801631414
1762250909.3013003,2.3947094066247376,-2.597413068762316,-5.239989385329472e-06,0.0,33.74539967722854,-1.4216236292112494,1.4216236292112494
1762250909.5291793,2.407474113406936,-2.6020794694372067,-2.6282197929708897e-07,0.0,33.759771480741506,-1.4199532651896796,1.4199532651896796
1762250909.8028183,2.400913828172872,-2.6002427764794276,-1.3817797879980952e-06,0.0,33.752660991292345,-1.421312506719065,1.421312506719065
1762250910.1558325,2.382127001809888,-2.60720574496558,-2.9680142540700518e-06,0.0,33.738212633908844,-1.4360746356056369,1.4360746356056369
1762250910.5479465,2.3947255260871585,-2.587136799466609,-1.2884706532283508e-07,0.0,33.740419743071726,-1.412469549075117,1.412469549075117
1762250910.9578156,2.4054185826318766,-2.5920607899661583,-1.222521269095643e-07,0.0,33.752954651629835,-1.4119764786881424,1.4119764786881424
1762250911.2422585,2.3936658551863297,-2.592855969595978,-1.4844050243365899e-06,0.0,33.74219377731094,-1.4180431993793923,1.4180431993793923
1762250911.480551,2.398640605578165,-2.57835999284403,-3.784275821208026e-07,0.0,33.73987048267445,-1.4028729124704,1.4028729124704
1762250911.745708,2.4444156227777243,-2.5665419148766673,-6.707448379791038e-08,0.0,33.77744067705012,-1.3714654784124316,1.3714654784124316
1762250912.0326612,2.3951314599947344,-2.5578646714326347,-6.349646362426909e-12,0.0,33.72658708429249,-1.3862244730493802,1.3862244730493802
1762250912.4633806,2.410757427159352,-2.5564687631732586,-4.745669256222104e-08,0.0,33.740731442440094,-1.3778651654234793,1.3778651654234793
1762250912.6651893,2.4220843703286516,-2.560720708661972,-1.4802201497404798e-06,0.0,33.753519777435095,-1.3764847195355434,1.3764847195355434
1762250913.3321784,2.421763585167041,-2.567647402283454,-1.8913466509549178e-08,0.0,33.756577144783506,-1.3827947388674175,1.3827947388674175
1762250913.5433934,2.396419704022353,-2.589590077960171,-1.71117082547196e-07,0.0,33.74321989800834,-1.413881093260012,1.413881093260012
1762250913.7581253,2.4719781043029374,-2.582756961819504,0.4289894373227042,0.0,33.81126521049633,-1.3732656265243461,1.3732656265243461
1762250914.1751714,2.7562972851464336,-2.590514988155536,1.5031618057760505,0.0,34.07737794618869,-1.2486843951490565,1.2486843951490565
1762250914.3016777,3.1723313066696477,-2.649975140759023,2.022539991118893,0.0,34.464628359526685,-1.1084330189410103,1.1084330189410103
1762250914.509121,3.5741415987317477,-2.723192287033556,2.5908106481950393,0.0,34.82849975105825,-0.9940950046812924,0.9940950046812924
1762250914.9507918,4.946742054263262,-2.5039074506743892,3.399213307426976,0.0,35.92456330251198,-0.2871764054336386,0.2871764054336386
1762250915.1630273,5.776993542759645,-2.4245650263103493,3.6325767428280544,0.0,36.69391900730829,-0.06185173221660593,0.06185173221660593
1762250915.4223845,6.554376671569904,-2.676219709515987,3.6153943459516835,0.0,37.392569847233496,-0.37067130487708494,0.37067130487708494
1762250915.7790494,7.948841298111784,-3.1892628241408043,3.6768989660857736,0.0,38.049184441892166,-1.3980162672391288,1.3980162672391288
1762250916.028211,9.021573787969572,-2.9178886632470045,3.691017063190462,0.0,0.34615029436217426,-1.9237927905975867,1.9237927905975867
1762250916.270177,9.75954979037318,-2.3705623274753918,3.6671087363982116,0.0,0.8,-2.22410113895046,2.22410113895046
1762250916.5115423,10.26394760158325,-1.615333886168133,3.5015096846491365,0.0,1.2760885085868445,-2.3803421008092447,2.3803421008092447
1762250916.7282505,10.473500203743237,-1.0918082859210412,3.4808163686669134,0.0,1.57800927678602,-2.4407218343847963,2.4407218343847963
1762250916.8055563,10.509058274116967,-0.7031125753648644,3.483745103578489,0.0,1.7818095641558687,-2.404430822740384,2.404430822740384
1762250917.0784154,10.385824302853667,0.12047685202629524,3.476395111050341,0.0,2.2498024514641943,-2.2215033556558836,2.2215033556558836
1762250917.1179383,10.332290121863249,0.40149068619994666,3.479947075218809,0.0,2.382899557456028,-2.178407048510036,2.178407048510036
1762250917.2885711,10.202456185204186,1.0953571926706867,3.477956893624057,0.0,2.7670409276905086,-2.1507183259315554,2.1507183259315554
1762250917.3253422,10.170006814841885,1.2225130394305508,3.471741683056046,0.0,2.831591413094643,-2.148789575199812,2.148789575199812
1762250917.6641412,9.636930851975169,2.44380730866706,3.3437777523639074,0.0,3.6656687453862054,-2.0991754738980104,2.0991754738980104
1762250917.9480374,9.008583290111442,3.320739296842066,3.1185523834448494,0.0,4.409844047816219,-2.034429783998321,2.034429783998321
1762250918.172013,8.440717939850549,3.8404431303445117,2.867524049880974,0.0,4.876607989969275,-1.9520783261171597,1.9520783261171597
1762250918.6782649,6.792997258863046,4.636601701347946,2.746349326628175,0.0,6.15070220934201,-1.6439280921204404,1.6439280921204404
1762250919.060584,6.492580171996208,5.316847588770715,1.5787494145508392,0.0,6.551915986069244,-2.133816327774406,2.133816327774406
1762250919.224971,6.439700117688983,5.450317845119545,0.7212511314253516,0.0,6.64177596791004,-2.236946338149519,2.236946338149519
1762250919.5501208,6.277514500356956,4.5813576689600914,-0.0749889760972885,0.0,6.498342004222156,-1.373078247434204,1.373078247434204
1762250919.8224938,6.75688295275574,4.505962949218362,-0.8025724212490797,0.0,6.13088509000922,-1.511296223670784,1.511296223670784
1762250920.115292,7.007161004652351,4.350017482579532,-1.4066131339931707,0.0,5.90766079794423,-1.4949961125910023,1.4949961125910023
1762250920.467685,7.416172904373917,3.655644075758774,-2.880151666077049,0.0,5.343114348384909,-1.142330809766511,1.142330809766511
1762250920.6578634,7.578033149807862,3.4137935670734754,-1.7727257676788708,0.0,5.126276499619944,-1.0552640706128322,1.0552640706128322
1762250920.8514023,8.071326001050071,3.3726796133881853,-1.066016327320944,0.0,4.839350557819643,-1.3597771840003072,1.3597771840003072
1762250920.9472344,8.30264296387387,3.3962636133151682,-0.7525659830576064,0.0,4.738703975578201,-1.5425982193913446,1.5425982193913446
1762250921.4598236,8.169611694939269,3.3858603684950417,0.5575254473661606,0.0,4.7930484170512155,-1.4391093597701001,1.4391093597701001
1762250921.7073267,7.976643074353611,3.62300548538843,1.3263861536950536,0.0,5.000288881606589,-1.4755560594056494,1.4755560594056494
1762250922.0274181,7.2424398022344025,3.560602335749568,2.1895590207178013,0.0,5.409959623853506,-0.9621315605296328,0.9621315605296328
1762250922.2982721,6.492145504612467,3.651960296155681,2.7992863390904845,0.0,5.988407900771505,-0.6336647600421834,0.6336647600421834
1762250922.4088233,6.138008571076989,3.8838260678736365,2.8662901480623537,0.0,6.3620752057695755,-0.6797087743546927,0.6797087743546927
1762250922.8026462,5.708757006608205,4.653999102819879,1.8913219086306317,0.0,6.956128166273485,-1.233654091066511,1.233654091066511
1762250923.0814734,5.756277648909413,4.642437020287075,-0.006571244538071266,0.0,6.9132771211419435,-1.2385338885906214,1.2385338885906214
1762250923.242267,5.738340214998946,4.64225388581722,-0.06436933765482494,0.0,6.926957634230639,-1.2323680445724619,1.2323680445724619
1762250923.497134,5.705931927824768,4.644609785774142,-0.00879729837959942,0.0,6.955728787980047,-1.2238581434968798,1.2238581434968798
1762250924.0957458,5.669906128650451,4.644601332232381,-0.010464353493881449,0.0,6.98336771203366,-1.2120635146298304,1.2120635146298304
1762250924.3143685,5.661602718445376,4.646436868797622,-0.00012620184242299995,0.0,6.990257824135576,-1.2111044261640185,1.2111044261640185
1762250924.642297,5.674437052118614,4.643252187840614,-8.153624735877756e-05,0.0,6.979517206301681,-1.2122621191659346,1.2122621191659346
1762250924.981648,5.670988828238196,4.645137291899059,-8.589665652248174e-05,0.0,6.9826783105237915,-1.212922397437176,1.212922397437176
1762250925.3056018,5.688373917313872,4.641762445626693,-0.0016517312540235201,0.0,6.968404733357072,-1.2154045164402736,1.2154045164402736
1762250925.4661405,5.6854746079461735,4.643887927816827,-0.0009578669769994919,0.0,6.971205763891033,-1.2164646054632013,1.2164646054632013
1762250925.857823,5.678441327777017,4.644423797262613,-0.0007375710395833986,0.0,6.9767535270758385,-1.2146747018047692,1.2146747018047692
1762250926.127676,5.676639310301248,4.642987264523993,-4.377477028430499e-09,0.0,6.9777516606131895,-1.2127291692561468,1.2127291692561468
1762250926.3655384,5.670101956681104,4.644509523346258,-3.275357819553134e-05,0.0,6.98319225136444,-1.2120403608464605,1.2120403608464605
1762250926.6892574,5.673001220208539,4.6432516480435915,-2.28536782317195e-05,0.0,6.980621973727369,-1.2117941074657814,1.2117941074657814
1762250927.0101464,5.6819882096303695,4.642386984456699,-0.000362766334945162,0.0,6.973477608225649,-1.213906870543083,1.213906870543083
1762250927.2388642,5.670846417824548,4.645902295897529,-0.0003229171258760824,0.0,6.982993617419022,-1.213599513386967,1.213599513386967
1762250927.3626604,5.67106845046372,4.646153842126708,-0.00028529325523598176,0.0,6.982890355647309,-1.213909587659313,1.213909587659313
1762250927.6742456,5.687935530375598,4.6423243732271215,-1.6549836825410433e-09,0.0,6.968893456789711,-1.2157920080861369,1.2157920080861369
1762250928.0459423,5.679449386878687,4.640696926681786,-0.10644180567844103,0.0,6.974972403810542,-1.2114805734029908,1.2114805734029908
1762250928.1716442,5.6920378304129775,4.58153608381932,-1.7191511901447731,0.0,6.947037910183141,-1.159730768203703,1.159730768203703
1762250928.378023,5.798108088211396,4.433640381125795,-1.3937562388134723,0.0,6.819170390273296,-1.0566382181378111,1.0566382181378111
1762250928.856821,5.65381731254858,4.153517391795846,-0.4310911740572751,0.0,6.853056617476884,-0.7438690822657609,0.7438690822657609
1762250929.297494,5.952076661421785,4.140198252812521,6.140979617510345e-05,0.0,6.602639769339504,-0.8397781288664411,0.8397781288664411
1762250929.5258265,5.9431401596805244,4.141454008076932,0.0009221686979471268,0.0,6.610308755792733,-0.837526466340694,0.837526466340694
1762250929.7715077,5.921815249957784,4.1515043093323465,0.48389693363483705,0.0,6.630974514876049,-0.8387293721582615,0.8387293721582615
1762250930.131235,5.87506339938293,4.108171996345513,0.09323828020876097,0.0,6.654834774623024,-0.7809943853028638,0.7809943853028638
1762250930.5110412,5.707893907825432,4.129791719573298,1.132000460662072,0.0,6.800157674392625,-0.7404443478037889,0.7404443478037889
1762250930.7439525,5.318988427956736,4.060801795021444,2.254457957197407,0.0,7.113853700397211,-0.5472886710678306,0.5472886710678306
1762250931.3596065,3.5791417818341444,4.321691443327761,3.4239020580301767,0.0,8.782773653341025,-0.43549389758613244,0.43549389758613244
1762250931.7317002,2.4022574343420735,4.780182480506422,2.644944174061399,0.0,10.005936268280795,-0.7640262251343555,0.7640262251343555
1762250932.200986,1.7941224313305149,4.880962007569314,1.8700470759012475,0.0,10.626805426694732,-0.7821932295715037,0.7821932295715037
1762250932.3339927,1.5067472844887149,4.887969162650196,0.9909338042667325,0.0,10.89992347315421,-0.7532556751136273,0.7532556751136273
1762250932.5956855,1.5080423535645435,4.938785672365613,-0.000258255744012622,0.0,10.904228138312506,-0.803881687615789,0.803881687615789
1762250932.8618352,1.5076560134459664,4.940617794139437,-0.0002324575140988411,0.0,10.90478627653438,-0.8056570454308434,0.8056570454308434
1762250933.0335808,1.5100709172806097,4.939398517094494,-0.0001740795759931179,0.0,10.902403314540061,-0.8047245279092988,0.8047245279092988
1762250933.3288643,1.5075260590234871,4.941222826107044,-0.00013743807076961086,0.0,10.904972763292355,-0.8062430645854141,0.8062430645854141
1762250933.5683353,1.503117089439181,4.939203759661979,-0.0026408675697777934,0.0,10.908863657808277,-0.8037299300371229,0.8037299300371229
1762250933.8575764,1.5104831665043215,4.939260542204301,-0.0001279530717744291,0.0,10.902004026687209,-0.8046350856057508,0.8046350856057508
1762250934.0400052,1.5039662898566946,4.939786145499631,-0.00011487949153200432,0.0,10.908135099072144,-0.8044060900255185,0.8044060900255185
1762250934.0684621,1.5063264726895256,4.939842988042632,-0.0018946684084577324,0.0,10.905941740849824,-0.8047341971117228,0.8047341971117228
1762250934.103644,1.506962305911017,4.939141035349789,-0.006656512447287735,0.0,10.905273308812895,-0.8041101732885744,0.8041101732885744
1762250934.1948838,1.5042339345844675,4.939287044641027,-0.001909264554553677,0.0,10.907831893454201,-0.8039410849870546,0.8039410849870546
1762250934.2191095,1.50771981596054,4.940277719051997,-0.001755073065345,0.0,10.904690061664567,-0.8053265928911402,0.8053265928911402
1762250934.248061,1.5064597625972744,4.939479469255142,-0.001701609839087124,0.0,10.90577826364087,-0.8043884517414733,0.8043884517414733
1762250934.2691808,1.511156850329669,4.9403333508761245,-9.275381982913572e-05,0.0,10.90149214415296,-0.8057785380342326,0.8057785380342326
1762250934.2862186,1.4975917227969353,4.9381211474536615,-0.00010381940191595062,0.0,10.913895082000023,-0.8020204984773508,0.8020204984773508
1762250934.3153005,1.4981530223230641,4.936358714277759,-8.17574071297711e-05,0.0,10.913183008606165,-0.8003339711860741,0.8003339711860741
1762250934.3505251,1.5008179159181896,4.9385722455529875,-1.142200901221857e-08,0.0,10.910937975621435,-0.8028385135302032,0.8028385135302032
1762250934.3747432,1.501225176871977,4.937113869919505,-0.002233157884707061,0.0,10.910401616655692,-0.8014365312547344,0.8014365312547344
1762250934.6993034,1.5106161318250806,4.936281240095643,-0.10305691358345782,0.0,10.901557282252336,-0.801691090189657,0.801691090189657
1762250934.8591325,1.5499707858304912,4.891123734683823,-1.796879364335863,0.0,10.859750468424377,-0.7614566564098371,0.7614566564098371
1762250935.0947626,1.767931912683287,4.651517058906175,-1.2767911621169752,0.0,10.622503386505375,-0.5513007033948002,0.5513007033948002
1762250935.2877452,1.8435947574173397,4.523041342572647,-0.7462072420007582,0.0,10.531758879968244,-0.43412916759196857,0.43412916759196857
1762250935.493426,1.95227352846713,4.5308158565897045,0.25077622458413845,0.0,10.425904636250237,-0.4566555755831403,0.4566555755831403
1762250935.6801867,2.009864810602118,4.563531832015706,0.6911571502734426,0.0,10.37341131722367,-0.49696346710286526,0.49696346710286526
1762250936.2701173,1.1765866295598595,4.662440394857133,2.6339292751206598,0.0,11.187635457399859,-0.4951269471483775,0.4951269471483775
1762250936.5918431,-0.0695947373178602,4.525509738235741,3.325097555815871,0.0,12.403824988831468,-0.2939500518049098,0.2939500518049098
1762250937.0302358,-1.755872785944143,4.369283835664387,3.0336148592026877,0.0,14.077529316839854,-0.10785875589281355,0.10785875589281355
1762250937.2535663,-2.547549872263982,4.362336494294413,3.3748880800885317,0.0,14.862094421821588,-0.13325793043378922,0.13325793043378922
1762250937.5240867,-3.6349432404358426,4.302545816500024,3.5087664136684347,0.0,15.929147499677406,-0.20902348446240546,0.20902348446240546
1762250937.7332191,-4.497093981635494,4.068761929790825,3.5769746506722067,0.0,16.796635959014786,-0.19405430100453147,0.19405430100453147
1762250937.9894059,-5.373937732270477,3.6654636553043836,3.602981175767973,0.0,17.728684557741097,-0.16945117474031918,0.16945117474031918
1762250938.2063084,-6.079983950051912,3.237360666760078,3.6117654061559383,0.0,18.52924218303699,-0.21097179877314187,0.21097179877314187
1762250938.4337213,-6.643515826824289,2.5519606658967415,3.5714782348771545,0.0,19.35709919808494,-0.17264563999168445,0.17264563999168445
1762250938.6563666,-7.143863226106365,1.6603634448121232,3.5705165758948754,0.0,20.335473701262465,-0.192769032952124,0.192769032952124
1762250938.9468498,-7.489369692737894,0.6378163113824101,3.5694940050463666,0.0,21.332997257553984,-0.3193390747773566,0.3193390747773566
1762250939.1260443,-7.4062489585114095,-0.18167429511985675,3.4623933820812565,0.0,22.08165250976105,-0.2938107806595994,0.2938107806595994
1762250939.2519124,-7.3225424824928975,-0.6884201078341515,3.441245247262734,0.0,22.541695251384024,-0.351333314721722,0.351333314721722
1762250939.5203407,-6.709018504167765,-1.4714698160604596,3.211337540440985,0.0,23.438094765223056,-0.20163346191478956,0.20163346191478956
1762250939.8425832,-5.466194096666103,-1.9747244738713878,3.0912086199957134,0.0,24.74582918008879,0.11461578008278873,0.11461578008278873
1762250940.2671795,-4.4157562572945706,-2.8778872268000883,3.3381791542695645,0.0,25.783832094432196,-0.6995969916094297,0.6995969916094297
1762250940.500091,-3.6291996406297584,-2.9813053559074074,3.2447156668181814,0.0,26.413160704322422,-0.9316609700309024,0.9316609700309024
1762250940.695131,-2.8275244830087547,-2.8246470304827356,3.428072486639054,0.0,27.106172782388175,-1.0240470138911852,1.0240470138911852
1762250940.9502723,-2.0533699218164454,-2.3702959697744572,3.5382070502947323,0.0,27.921470274083404,-0.9156507290261223,0.9156507290261223
1762250941.0845945,-1.706380977166685,-2.0843340706904514,3.5796078304193335,0.0,28.351314423356424,-0.8083167902246469,0.8083167902246469
1762250941.282819,-1.0211948406791609,-1.6275662085337397,3.3100339382934783,0.0,29.197971871402274,-0.681922886723025,0.681922886723025
1762250941.521173,-0.20234620367551273,-1.2776894519735469,2.6909113048682265,0.0,30.1829193680225,-0.626231134306323,0.626231134306323
1762250941.7532516,0.40080979346413687,-1.1929394136589315,2.0163365075692297,0.0,30.923020502612392,-0.6433962987964138,0.6433962987964138
1762250942.1010256,1.2670517780658743,-1.2250456489416077,2.257127500515022,0.0,31.979568584336405,-0.5805015783567866,0.5805015783567866
1762250942.2389956,1.5837544761728275,-1.323729018359419,2.589244587091614,0.0,32.35398741007125,-0.5841254388693762,0.5841254388693762
1762250942.4652884,2.28749075533677,-1.5216716863570365,3.1688922006518934,0.0,33.13901501764484,-0.5027191299217857,0.5027191299217857
1762250942.714248,3.0007766264541114,-1.733037072427436,3.3832696400660187,0.0,33.89289483249725,-0.3755594312575996,0.3755594312575996
1762250943.118003,4.511166162398206,-2.183960061102301,3.4177382512566914,0.0,35.42929517773844,-0.12321740766129421,0.12321740766129421
1762250943.3080938,5.192516024305731,-2.5583185991955837,3.463013590084597,0.0,36.16056379135728,-0.27936474266305933,0.27936474266305933
1762250943.4673667,5.774991263144505,-2.691087604715838,3.484464857081291,0.0,36.70759917392679,-0.3280204213170599,0.3280204213170599
1762250943.989009,7.654498934711972,-2.299300270656244,3.4952990468438077,0.0,38.33720127669258,-0.5143514462816358,0.5143514462816358
1762250944.2656543,8.420914159745163,-1.478097795569453,3.3968747484151667,0.0,0.891825961408298,-0.6229446898871976,0.6229446898871976
1762250944.5497532,8.927843128430403,-0.6826134635982929,3.433458677700556,0.0,1.6209321340721403,-0.8434923603252079,0.8434923603252079
1762250944.8559375,8.977131475559917,0.3887963904868857,3.511097259569981,0.0,2.4483136400875734,-0.8265946121733828,0.8265946121733828
1762250945.2281246,8.621622471783619,1.8452294594103618,2.8789501036656393,0.0,3.6207348062955536,-0.922107443715444,0.922107443715444
1762250945.5175402,8.198455524395996,2.633960511404925,2.1827259565430737,0.0,4.362574680498285,-0.9743088640012997,0.9743088640012997
1762250945.8168287,7.795787659412171,3.161580732375088,1.5361084494603454,0.0,4.868276483703492,-1.0158223161647988,1.0158223161647988
1762250946.1934028,7.114441060757303,3.6009436417239518,1.6774327594633114,0.0,5.513951429050909,-0.9202742321330575,0.9202742321330575
1762250946.425574,6.7670810393327825,3.825762354498368,1.5511483603606395,0.0,5.85747691805182,-0.9212781729246383,0.9212781729246383
1762250946.6264865,6.461048446072318,3.878339223361881,1.7406672952021367,0.0,6.106230193013015,-0.8180291573997741,0.8180291573997741
1762250946.797963,6.123838806913153,3.961678791613682,1.930995735803504,0.0,6.40201256701992,-0.744500021158151,0.744500021158151
1762250947.1282344,5.595080084125056,3.99696107437953,1.80180784706255,0.0,6.854100097327953,-0.5766618970986481,0.5766618970986481
1762250947.3191457,5.231661392723903,4.026528631220599,1.9707103748778034,0.0,7.181706677709011,-0.48824973022336604,0.48824973022336604
1762250947.3591475,5.155920964105658,4.028359370068797,2.1477993707250302,0.0,7.250069925035,-0.4678343826015209,0.4678343826015209
1762250947.6932657,4.312471190695389,4.080650589351374,1.9700506480833815,0.0,8.043949541130704,-0.3162354320081151,0.3162354320081151
1762250948.0286965,3.6244500138337465,4.08709927703483,1.714793636365007,0.0,8.708107965625132,-0.2091270284125015,0.2091270284125015
1762250948.2723095,3.1950677188160017,4.076940194020145,2.187498809615868,0.0,9.127816431802353,-0.1464698135817063,0.1464698135817063
1762250948.4909582,2.682756111830159,4.0975917025936415,2.8807692780834664,0.0,9.638411505791506,-0.11770777122966912,0.11770777122966912
1762250948.793636,1.6042719583580882,4.214753541871463,3.42658853793069,0.0,10.726362285577702,-0.09694842049735655,0.09694842049735655
1762250949.0784173,0.37291887469781376,4.238709507285775,3.456707615118602,0.0,11.95065525374481,-0.02631096947348916,0.02631096947348916
1762250949.417172,-0.8725054630444636,3.6688241330388287,3.4498343448806135,0.0,13.182861072598179,0.5871635095754605,0.5871635095754605
1762250949.45421,-1.0221756020359871,3.6503491466378373,3.5396912794491087,0.0,13.334588557979373,0.6085963942233944,0.6085963942233944
1762250949.731674,-2.094676441784381,3.5683368133145303,2.6761762852660094,0.0,14.444088855363823,0.6841032615522,0.6841032615522
1762250949.9611936,-2.7114100254407014,3.5997116329188352,1.9233928754294196,0.0,15.092384574321137,0.613621272676335,0.613621272676335
1762250950.1524346,-3.0140302357024193,3.5882264791022096,1.2207260494563885,0.0,15.414202120439489,0.5925051679676796,0.5925051679676796
1762250950.3067997,-3.160194598318561,3.5791475724821944,0.9203780764882532,0.0,15.570515582277439,0.5821163787602838,0.5821163787602838
1762250950.4685168,-3.3835673519261555,3.597228968500172,0.9891413794133737,0.0,15.803885682273442,0.529638780574212,0.529638780574212
1762250950.6826658,-3.6015209727172697,3.595779739239198,1.1551901829398703,0.0,16.033636629652737,0.4910920861526407,0.4910920861526407
1762250950.8784418,-3.8753870291267813,3.5751083940261053,1.2185306849942334,0.0,16.324865986032908,0.4515475956476868,0.4515475956476868
1762250951.045189,-4.193008297049854,3.5759546158947035,1.6166366702622277,0.0,16.652045076848083,0.36723771257080906,0.36723771257080906
1762250951.206138,-4.480861235929275,3.5672740069789444,1.9904636565094556,0.0,16.94476382725073,0.2857662285947884,0.2857662285947884
1762250951.2392874,-4.6006208152451995,3.567751220157261,2.0047680830168937,0.0,17.062701139788977,0.2438731995743238,0.2438731995743238
1762250951.270623,-4.678042497854988,3.565620925963982,2.0105421163941957,0.0,17.138955585113997,0.2177518794668521,0.2177518794668521
1762250951.2948225,-4.715443454009018,3.5587905603162118,1.994369505101073,0.0,17.177805849893332,0.21012799706951502,0.21012799706951502
1762250951.480498,-5.242038444250642,3.5056288325303235,2.4147085509688777,0.0,17.690284287383804,0.03406124687013338,0.03406124687013338
1762250951.6726692,-5.725083450708767,3.4466466440709578,3.0041177416593117,0.0,18.126843032351445,-0.16636620110314423,0.16636620110314423
1762250952.1204758,-7.061010686701874,2.4212376542382823,3.0499347951368714,0.0,19.671102141572984,-0.4513059203305442,0.4513059203305442
1762250952.291661,-7.49874731595744,1.952854031475469,3.289770403311801,0.0,20.209350414597274,-0.6306224834266867,0.6306224834266867
1762250952.4509733,-7.704869545210833,1.565648680789524,2.8847299187427975,0.0,20.575641123357993,-0.6943665645619268,0.6943665645619268
1762250952.7108543,-8.040835693689553,0.7650489909484466,2.201050090206768,0.0,21.249651237991014,-0.8780171743795349,0.8780171743795349
1762250953.003342,-8.008212520365623,0.1377557629211986,1.6426766883334756,0.0,21.735909779416424,-0.8464524304411084,0.8464524304411084
1762250953.3826888,-7.876243318894699,-0.6126314599673518,2.3760498885653454,0.0,22.3231712487906,-0.8533672315699617,0.8533672315699617
1762250953.5835278,-7.697006171111835,-1.257525472431801,3.043028732993726,0.0,22.828876909434012,-0.9220621528872286,0.9220621528872286
1762250953.9364917,-6.797792565245518,-2.3431411614435915,3.5509276168873214,0.0,23.89266925026972,-0.8715118476197838,0.8715118476197838
1762250954.086117,-6.3823278860962125,-2.6785641374825166,3.2710380549600684,0.0,24.250854947696244,-0.9024860812227975,0.9024860812227975
1762250954.338268,-5.452030882630083,-3.0921960568148474,3.2430704626934266,0.0,24.9787151426188,-0.9666951494988156,0.9666951494988156
1762250954.4926386,-4.9866744122657,-3.3053473047580186,3.363993405419985,0.0,25.3071510515658,-1.1197120986817428,1.1197120986817428
1762250954.7538059,-3.9175376218546822,-3.4796462826437393,3.4450957062291483,0.0,26.08408493189723,-1.3605437687054156,1.3605437687054156
1762250954.9500608,-3.0996611866659936,-3.532727304003979,3.4602232941957785,0.0,26.708344288231295,-1.6047204444192547,1.6047204444192547
1762250955.143498,-2.4387684941212364,-3.484372731390535,3.462585531536219,0.0,27.201129071801528,-1.7799360585515513,1.7799360585515513
1762250955.3305783,-1.6272692665847077,-3.3386165255049387,3.1575778982810716,0.0,27.894293419818574,-1.9731807206163032,1.9731807206163032
1762250955.5634582,-0.8482360117009036,-3.173839005932103,3.3400998827370807,0.0,28.668170402460248,-2.1617060656153857,2.1617060656153857
1762250955.8886826,0.32547877680434134,-2.752825520214486,2.195651551321854,0.0,30.506596210450912,-2.1834022994328004,2.1834022994328004
1762250956.076766,0.3340632837781539,-2.7483558826958983,1.017153220804863,0.0,30.515770765914148,-2.1805874280143955,2.1805874280143955
1762250956.3316839,0.3288762616301926,-2.7381901876063917,5.285130343785083e-08,0.0,30.512225642791314,-2.169643759295232,2.169643759295232
1762250956.4810119,0.3285353969218188,-2.7306270607201863,-0.0003714297920942049,0.0,30.513063629776774,-2.162145306735257,2.162145306735257
1762250956.877613,0.3288394989834557,-2.7269694054404545,-0.0003248312588379206,0.0,30.513932153154528,-2.1586045129862748,2.1586045129862748
1762250957.0749993,0.32979141349414187,-2.74163036022629,-0.005645174353350791,0.0,30.5125953561708,-2.1731938510856503,2.1731938510856503
1762250957.2768383,0.3305036516865626,-2.7316840486379323,0.11438548073181555,0.0,30.51484382502851,-2.1635442371837,2.1635442371837
1762250957.5517504,0.4072134118753314,-2.7569375450690012,2.7199116137940424,0.0,30.71433501139327,-2.201261681301641,2.201261681301641
1762250957.7428336,0.6668164700755788,-2.7397450231545823,3.2160535485943966,0.0,31.594502911234496,-2.186723907622664,2.186723907622664
1762250958.070541,0.5789108346033928,-2.734259101792496,1.5591301121044703,0.0,31.31550746618306,-2.1890694472349046,2.1890694472349046
1762250958.282834,0.37496604201926703,-3.5834805731057275,0.4942696336647041,0.0,30.128796089902043,-3.002729509122161,3.002729509122161
1762250958.6386425,0.2379333938731579,-3.6712179827731606,-0.11513260310004927,0.0,29.798704519438083,-3.044894346840235,3.044894346840235
1762250959.0644605,-0.08210524235718746,-3.119010468625502,-2.735319093667652,0.0,29.594374684310996,-2.4169478121242767,2.4169478121242767
1762250959.2805674,-0.6968243759015205,-2.9276677535643625,-2.361365094971799,0.0,28.942069382981845,-2.002224072381361,2.002224072381361
1762250959.451968,-1.0543747337846896,-2.924503985897081,-1.6055204084104544,0.0,28.582193534182824,-1.8480369124352072,1.8480369124352072
1762250959.6779084,-1.288702618293665,-2.9784982687448807,7.849686459723685e-05,0.0,28.338112063602885,-1.7951370029703786,1.7951370029703786
1762250959.9788282,-1.3246645073231704,-2.9921017373782828,0.3056731439611928,0.0,28.299473674652805,-1.7917288148513553,1.7917288148513553
1762250960.1418538,-1.25297991712913,-2.951469939981492,0.730298326293345,0.0,28.382839477739502,-1.786341192329489,1.786341192329489
1762250960.3699224,-0.9803709627729887,-2.7758588357904146,1.3433445744419006,0.0,28.72324074814201,-1.7453788355521596,1.7453788355521596
1762250960.517059,-0.7998364408162436,-2.621599692323804,1.4293823900930778,0.0,28.978527919706103,-1.6809133423656242,1.6809133423656242
1762250960.8560748,-0.4667768885520925,-1.9102963337570449,2.6103718623473466,0.0,29.66370767323222,-1.1497436487709156,1.1497436487709156
1762250961.0616834,-0.03155029491452381,-1.3248883556389173,2.995914979142039,0.0,30.3668924887291,-0.7124150420156571,0.7124150420156571
1762250961.3705223,1.0779375267245468,-1.1468319496221608,3.159304662901819,0.0,31.746506924351163,-0.546629068734204,0.546629068734204
1762250961.6331365,2.010031682520912,-1.358710968774045,3.4128738490646384,0.0,32.80119324004705,-0.46547879426896754,0.46547879426896754
1762250962.05547,3.4166564212787685,-1.7956086211512912,2.7353018135969536,0.0,34.29166859547,-0.2377743825413436,0.2377743825413436
1762250962.3459673,4.235247211659433,-2.1621637139319003,1.959250919626978,0.0,35.17219024417889,-0.20824919049153057,0.20824919049153057
1762250962.4903076,4.605867702796456,-2.309177495537355,1.9002957201181438,0.0,35.55837067031942,-0.20701649950415713,0.20701649950415713
1762250962.7706485,5.212680759977463,-2.4695442016586497,2.318049896145883,0.0,36.16083279918663,-0.18832931628958227,0.18832931628958227
1762250963.0182068,5.834285526216406,-2.4656890262144495,2.0687121061120957,0.0,36.75164253913638,-0.09994910734304029,0.09994910734304029
1762250963.207901,6.348638626707287,-2.4449516884841946,1.7147492365916195,0.0,37.24729305891369,-0.10574570105242875,0.10574570105242875
1762250963.5548117,6.649543932292067,-2.3011535759454964,1.361488860572078,0.0,37.56300347090412,-0.03125038972234141,0.03125038972234141
1762250963.9516227,7.279499293941521,-1.9527937816520347,1.1301383849509938,0.0,38.27924027519691,-0.008301292854432898,0.008301292854432898
1762250964.28872,7.5687754454322755,-1.5509644535927654,1.3291430819408103,0.0,0.42972869298925187,0.06630492381862199,0.06630492381862199
1762250964.6181612,7.858366684124834,-1.0407137042048857,1.8520178788013981,0.0,1.0336823361606668,0.07238560978119166,0.07238560978119166
1762250964.7800307,7.95913362890666,-0.6964709308968495,1.971620278219291,0.0,1.4030691127440842,0.09439058828605638,0.09439058828605638
1762250964.977655,7.988270202409272,-0.4527555912465651,0.7874646469734313,0.0,1.6564236350175856,0.12296223082046326,0.12296223082046326
1762250965.4171355,8.031982719027614,-0.38183994050766457,0.09189853406527865,0.0,1.7368955957135233,0.092524636243996,0.092524636243996
1762250965.6103163,8.035442900165968,-0.3679197415187473,0.514193138003091,0.0,1.7516491015674636,0.09135997207527564,0.09135997207527564
1762250966.0003436,8.054857807075335,-0.2139024818363445,0.42596844337911605,0.0,1.9117674050778841,0.09257735214564006,0.09257735214564006
1762250966.2856934,8.077100971044516,-0.32379335507562057,0.12843862735286318,0.0,1.8028149721792879,0.056828129984529685,0.056828129984529685
1762250966.4798944,8.091841424339886,-0.33164952308936685,0.5694645410071139,0.0,1.7970575541946876,0.041114365429354864,0.041114365429354864
1762250967.0764651,8.24882573557471,0.22407822912857003,1.7775644371510224,0.0,2.3554909825879857,-0.08793337587636886,0.08793337587636886
1762250967.3497443,8.227148523159435,0.6022750076776686,2.0059569661099346,0.0,2.718410960904818,-0.11575291436855863,0.11575291436855863
1762250967.5767622,8.108395151894992,1.0964217419768905,2.184090795198957,0.0,3.204793303838924,-0.14409626719024746,0.14409626719024746
1762250967.9158177,7.614048174769693,1.8223590995023047,2.6355156692820003,0.0,4.059797652364185,-0.03525900609533444,0.03525900609533444
1762250968.048681,7.529289208652811,2.150620070858748,2.7030947840471238,0.0,4.371540690238672,-0.14889185418711323,0.14889185418711323
1762250968.233462,7.392443251770439,2.7611665985846776,3.071757440657067,0.0,4.875200970535023,-0.44752393867334805,0.44752393867334805
1762250968.5336735,6.513235297835677,3.4767442241015507,3.3562035951451517,0.0,5.894481049571924,-0.4917811349514396,0.4917811349514396
1762250968.8458188,5.529773038722708,3.870533174712241,3.1810212850344137,0.0,6.870868032479843,-0.435510274760422,0.435510274760422
1762250969.1058712,4.584229164795785,4.089777423355888,3.328762517192709,0.0,7.789682443417478,-0.38183461791285417,0.38183461791285417
1762250969.2565053,3.9618201888808833,4.210181001799451,3.081184500431091,0.0,8.400309070219988,-0.3812161802922631,0.3812161802922631
1762250969.678747,2.936465027516709,4.343793301990379,2.4861124163567423,0.0,9.406929727626512,-0.38628264134815726,0.38628264134815726
1762250969.951046,2.2022629592909535,4.392208686737331,2.7566485063793937,0.0,10.157867751976951,-0.3533547197221523,0.3533547197221523
1762250970.1599414,1.5906488264648249,4.382652360550499,3.3438712825770858,0.0,10.760759801633803,-0.2617729744936633,0.2617729744936633
1762250970.4020932,0.4955162631117485,4.352684130490303,3.7997128716928135,0.0,11.833662717975153,-0.14590619785933437,0.14590619785933437
1762250970.6665418,-0.6664465844051529,4.307418027019456,3.59310851286472,0.0,12.991042343134078,-0.05623651393332572,0.05623651393332572
1762250970.9527783,-1.886795106375443,4.307150257087727,3.5614498521877165,0.0,14.208961664541755,-0.048146761137198804,0.048146761137198804
1762250971.1162808,-2.4573232449665876,4.357674520502854,3.57607280824887,0.0,14.77334351557424,-0.1225582591822581,0.1225582591822581
1762250971.3475192,-3.444029141538429,4.257773560367121,3.5440667665869214,0.0,15.752706191391058,-0.13179175233016055,0.13179175233016055
1762250971.7086046,-4.6773217176216955,3.7392682818277296,2.912791810765069,0.0,17.073358424270918,0.05627353289952265,0.05627353289952265
1762250972.0583692,-5.6402177906920405,3.153101418189855,3.247965985272602,0.0,18.228650725421687,0.12129631933242463,0.12129631933242463
1762250972.2390692,-6.1344342493448,2.6074985176489225,3.3192741760689626,0.0,19.002929334458578,0.19755984764109297,0.19755984764109297
1762250972.4668024,-6.614877873662502,1.961566248867546,2.793822175234015,0.0,19.84370460995979,0.16398330321023238,0.16398330321023238
1762250972.7283742,-6.962566783832612,1.2677531018916248,2.648964642524344,0.0,20.648826584942007,0.10133383391578801,0.10133383391578801
1762250973.032002,-7.188201334185595,0.520977284577925,3.2902496297871027,0.0,21.43301887874137,-0.013980019544634518,0.013980019544634518
1762250973.2967262,-7.0360486582482435,-0.5059193216046796,2.9246858207245454,0.0,22.470425845666863,-0.020124738390370253,0.020124738390370253
1762250973.6510909,-6.339640763434864,-1.6545163548188453,3.043128329355172,0.0,23.808758096707717,-0.05284949104660138,0.05284949104660138
1762250974.0455148,-5.1182989100473595,-1.9346768502341614,2.3558731787989955,0.0,25.10293163338499,0.231102504176451,0.231102504176451
1762250974.1791162,-4.823394588063261,-1.9794203590943833,2.5429124576400257,0.0,25.427562535386386,0.2120240640407253,0.2120240640407253
1762250974.615372,-3.4673165287704077,-1.9241194191602997,3.350284136777299,0.0,26.827963139239763,0.0395034141501958,0.0395034141501958
1762250974.8740442,-2.5865575741841416,-1.7530174748304272,2.640595313508283,0.0,27.70562319324877,-0.13077652595900344,0.13077652595900344
1762250975.240475,-2.1339692793632503,-1.4278893101436594,2.7480215490137545,0.0,28.251955200517774,-0.031195162714039416,0.031195162714039416
1762250975.5160224,-1.8573106887503312,-1.154402372580478,2.152642929556233,0.0,28.619448709719638,0.09532675924135041,0.09532675924135041
1762250975.8300803,-1.7612644533617725,-0.7029341174044585,2.837893524656049,0.0,28.89350500304664,0.46363893310050996,0.46363893310050996
1762250976.1836143,-0.7806553441812278,0.02252558031281851,3.6534194853429063,0.0,29.986652544369043,0.7831888670214426,0.7831888670214426
1762250976.547411,0.5589375353375284,0.3165265064883477,3.731852035260936,0.0,31.092673476833045,0.8614264686937224,0.8614264686937224
1762250976.710437,1.315638577475696,0.2857208479259428,3.873197992443862,0.0,31.697591320246374,0.9049625898373347,0.9049625898373347
1762250977.1147468,2.6203697372965236,-0.7135586108647453,3.5722097701125395,0.0,33.103469608927085,0.3705567412022661,0.3705567412022661
1762250977.48694,3.918699068413318,-1.5748830750628944,3.6244531941258544,0.0,34.63712212690372,0.18833087138216026,0.18833087138216026
1762250977.7684875,5.000131724617429,-1.932011514725696,3.3244132662353,0.0,35.81372683650008,0.2763989021401553,0.2763989021401553
1762250978.269683,6.879134354457871,-2.0594436173093165,3.371045265470432,0.0,37.87112253738746,0.11150690417153825,0.11150690417153825
1762250978.544408,7.797908566938081,-1.4758047629873743,3.4625215879610662,0.0,0.6215515027551675,-0.08097573429740336,0.08097573429740336
1762250978.763516,8.280630344789975,-0.7920260116023209,3.433423538358574,0.0,1.4001597483989772,-0.2409928252687099,0.2409928252687099
1762250979.038339,8.465790804106778,0.21658315515327636,3.4456257096074037,0.0,2.3385646282044927,-0.3042405016690147,0.3042405016690147
1762250979.3420098,8.664896428098933,1.18931518072565,3.0151107615370893,0.0,3.109732407207799,-0.6980301619781263,0.6980301619781263
1762250979.690335,8.02554133087361,2.19316635266418,2.183160962943199,0.0,4.146737770702242,-0.5814841240135492,0.5814841240135492
1762250980.1476786,7.48265049752274,3.1314381189655216,2.0557000555538996,0.0,5.033501357498378,-0.7797025396000503,0.7797025396000503
1762250980.3643904,6.917636559161255,3.4117387560122134,2.2840232053777334,0.0,5.559495597250521,-0.652711057644396,0.652711057644396
1762250980.5391276,6.537508495709311,3.580934943533564,2.343448993281079,0.0,5.922405177026104,-0.5941384956866682,0.5941384956866682
1762250981.040694,5.262602176144495,3.9320081530921427,3.1512640231228843,0.0,7.127276248317773,-0.4074241650336014,0.4074241650336014
1762250981.3294775,3.971144557795873,4.059284551331894,3.5270914388754004,0.0,8.367351973129498,-0.23387046359688224,0.23387046359688224
1762250981.5295541,3.198420063664246,4.112907866237626,3.0704378854720518,0.0,9.128371869349303,-0.18258900978940928,0.18258900978940928
1762250981.9557314,2.1601144688273823,4.158407773887977,2.8205363392064724,0.0,10.168554621785646,-0.11602155916964046,0.11602155916964046
1762250982.2190692,1.4587740759184176,4.164501305866877,2.4848288168994666,0.0,10.863997215454157,-0.029146514775768406,0.029146514775768406
1762250982.4755692,0.6560662271735385,4.153190803861289,2.862559464154064,0.0,11.663703099386145,0.045551250135444914,0.045551250135444914
1762250982.7824645,-0.42688900095781174,4.080547245238226,2.9824691959747223,0.0,12.74461702776767,0.16348209899628516,0.16348209899628516
1762250983.1363523,-1.7091849556174443,4.047001228411159,3.2324156729010687,0.0,14.035008051559116,0.21501700174389143,0.21501700174389143
1762250983.3481188,-2.5360086396568082,4.089799678279482,3.514121665184366,0.0,14.869973124127524,0.13940943345434328,0.13940943345434328
1762250983.5831065,-3.2715137384074096,4.170223559059186,3.544541740678408,0.0,15.597073016479923,-0.018800657155889283,0.018800657155889283
1762250983.9580476,-5.004415230714205,3.9809917945937077,3.54765716930439,0.0,17.280467744905,-0.29093311014645223,0.29093311014645223
1762250984.3026161,-6.029902106823765,3.14367827820721,3.5503544473306197,0.0,18.543962241074063,-0.10607004290745857,0.10607004290745857
1762250984.5237913,-6.621185225328029,2.5169364325204184,2.9171568169402398,0.0,19.37237501135993,-0.13423855133525314,0.13423855133525314
1762250984.771039,-6.989656340423574,1.8522515163828914,2.2433285513544208,0.0,20.109337275218408,-0.1235760943168715,0.1235760943168715
1762250985.0843697,-7.249666595451723,1.0502890119382204,2.8077079727561616,0.0,20.923898742853087,-0.1299297945351513,0.1299297945351513
1762250985.2400255,-7.316696843416371,0.5403182765762812,2.9199530772169653,0.0,21.417104811986896,-0.1428965501014493,0.1428965501014493
1762250985.5391176,-7.302325797454587,-0.32398556566818304,2.2941047957304184,0.0,22.230177533987035,-0.22370619794727106,0.22370619794727106
1762250985.7424085,-7.035653019024358,-0.9251173312420009,2.3681575808665456,0.0,22.843946848408383,-0.1819380206007197,0.1819380206007197
1762250986.0544448,-6.516371763306804,-1.4958290726098364,1.4694688476732187,0.0,23.5761920116446,-0.07211874985584646,0.07211874985584646
1762250986.2347546,-6.348291516981131,-1.5485400099676785,1.1040312118958842,0.0,23.728367393176082,0.015660554611746105,0.015660554611746105
1762250986.4743004,-6.052313704725739,-1.8481703574393575,1.0871714599902353,0.0,24.147914885471273,-0.02505850710106749,0.02505850710106749
1762250986.7052104,-5.725421502778494,-1.9882177063145758,1.5195952936360775,0.0,24.50071386394505,0.010837133436277752,0.010837133436277752
1762250987.04054,-5.158846369503581,-2.1520080553991865,1.828402346750566,0.0,25.094923259933797,0.010150059455798442,0.010150059455798442
1762250987.2617805,-4.6846606012906,-2.2613065351292203,2.1395888295605126,0.0,25.570764529243146,-0.06942258312779455,0.06942258312779455
1762250987.491227,-4.142681041801502,-2.363333165691147,1.992177489028133,0.0,26.08071657962144,-0.2224640835901645,0.2224640835901645
1762250987.8646472,-3.337633457991604,-2.450277549341224,1.748535759371889,0.0,26.788598086173977,-0.5008600194230817,0.5008600194230817
1762250988.080305,-2.9654404628725426,-2.342043487632127,2.051591239806758,0.0,27.146628101879728,-0.5241110061805301,0.5241110061805301
1762250988.4170477,-2.1456536567550764,-2.056249481640835,2.614972854889957,0.0,27.971334309649407,-0.5923912724926034,0.5923912724926034
1762250988.7469625,-1.1968044031679055,-1.591224299917509,3.4513611682207737,0.0,29.042991873689395,-0.5782901926080096,0.5782901926080096
1762250989.1590178,0.33774451582145903,-0.8711358685374426,3.3184142895112227,0.0,30.86994654703684,-0.31799908767385104,0.31799908767385104
1762250989.5593503,1.744905423709854,-1.0561696124386333,3.4233013727345365,0.0,32.424126618807236,-0.27860688307991127,0.27860688307991127
1762250989.9191113,3.022986336396292,-1.660533087535776,3.5749303372574146,0.0,33.879028778512236,-0.30097796496317814,0.30097796496317814
1762250990.2777128,4.433452916315616,-2.1120289220680237,3.2457485393352394,0.0,35.33209345218742,-0.08514525291190073,0.08514525291190073
1762250990.5260649,5.283073816219478,-2.371217996088294,2.637990693554119,0.0,36.20710279899554,-0.0772604002575627,0.0772604002575627
1762250990.7959328,6.161928979849371,-2.4234507785525863,3.0672032111670506,0.0,37.07041371089176,-0.06312262037455257,0.06312262037455257
1762250991.1168246,7.248352183747057,-2.2183550537534535,3.082552591661571,0.0,38.11171526073058,-0.20694638295190945,0.20694638295190945
1762250991.3192542,7.885539936127343,-1.827834240328207,3.0112299274831127,0.0,0.4057530755667652,-0.3535718608920412,0.3535718608920412
1762250991.5780845,8.403020404205666,-1.2469924688186562,2.3892006243507593,0.0,1.058509166180529,-0.5094002697341954,0.5094002697341954
1762250991.9507596,8.69118046318273,-0.5520946011035386,1.9996324128106122,0.0,1.6868747271702416,-0.5861770843811253,0.5861770843811253
1762250992.2026799,8.697186712373847,0.07427549041904855,2.2411971635272385,0.0,2.2140482325070385,-0.5328711529653121,0.5328711529653121
1762250992.3816645,8.613506242398353,0.47345921126122414,2.6536924746227037,0.0,2.5468919773489143,-0.47495924556144925,0.47495924556144925
1762250992.7527843,8.259853687337367,1.4523056781190797,2.7978334664082625,0.0,3.453304544175149,-0.4238817628052501,0.4238817628052501
1762250993.2572339,7.177853237286274,3.0738950941379812,3.53185754518431,0.0,5.199605104667688,-0.5378975011213717,0.5378975011213717
1762250993.5973182,6.046162530076534,3.7656527719984063,3.373969364895398,0.0,6.392442221190275,-0.5339238596263043,0.5339238596263043
1762250993.9390395,4.722930864230526,4.032242835743019,2.6321487465783977,0.0,7.647609639644674,-0.35777676212594345,0.35777676212594345
1762250994.3028443,3.618439918392972,4.279449669424121,3.2740423833171635,0.0,8.739522825151694,-0.39886984275997533,0.39886984275997533
1762250994.5917263,2.681833610707583,4.413891694854457,3.4699624431085847,0.0,9.672095519071105,-0.43228767109074157,0.43228767109074157
1762250994.9823086,1.3235076367799241,4.5117047418273,3.8063794997391356,0.0,11.034089391301983,-0.35913250505446737,0.35913250505446737
1762250995.193157,0.5083428143273503,4.472003866818274,3.2708366395874977,0.0,11.826553641677817,-0.26570158671848276,0.26570158671848276
1762250995.5232537,-0.6667150993180945,4.365672093492555,2.7921101545601603,0.0,12.99285468562403,-0.11446288488304587,0.11446288488304587
1762250995.8422196,-1.7544886474326125,4.282753450548187,3.1244042437639825,0.0,14.077402474584392,-0.021317394850543986,0.021317394850543986
1762250996.0857854,-2.6906153774067603,4.242740762777389,3.030106903203353,0.0,15.012935110402964,-0.02509659397217257,0.02509659397217257
1762250996.3081603,-3.4497227578841034,4.19594535976725,3.3214560800244577,0.0,15.768246190992466,-0.07172843692025811,0.07172843692025811
1762250996.542277,-4.346799585326139,4.064700561075302,3.5327975642534764,0.0,16.658442996875603,-0.14509474129133015,0.14509474129133015
1762250996.7259119,-5.05024634151473,3.8714378207147027,3.544017481167162,0.0,17.362382894081446,-0.20915653990218455,0.20915653990218455
1762250997.2365336,-6.595034062776369,2.707927531335233,3.142276398399958,0.0,19.209536362606663,-0.2256265188407203,0.2256265188407203
1762250997.6299794,-7.151892409669959,1.7388157405906999,2.0527480958361393,0.0,20.269205621037074,-0.22859151674075767,0.22859151674075767
1762250997.8581126,-7.3060856013890785,1.257918125901904,2.059436301393451,0.0,20.742694886802916,-0.2287515440213318,0.2287515440213318
1762250998.1776757,-7.389528898352653,0.3441152250037267,2.0895692980962264,0.0,21.60206366408545,-0.21657920974653905,0.21657920974653905
1762250998.4215615,-7.324847687404145,-0.21525730979045649,1.382999866066288,0.0,22.127073499447025,-0.22089930683966078,0.22089930683966078
1762250998.6519148,-7.25209033657559,-0.5122539951366102,0.9958820789825126,0.0,22.410934469633947,-0.22718446760723274,0.22718446760723274
1762250999.0457494,-7.019942833846142,-0.9114177484402187,1.4586662726705768,0.0,22.83902475042256,-0.16176494659611082,0.16176494659611082
1762250999.1763134,-6.88581308271976,-1.1190465925225421,1.2840662545985548,0.0,23.07341013624849,-0.14427084410808166,0.14427084410808166
1762250999.4037468,-6.634227917329715,-1.357080706381881,1.8125885532806811,0.0,23.398691378016505,-0.07156302227390456,0.07156302227390456
1762250999.6856031,-6.002603073811755,-1.8160633305635163,2.7540526462943142,0.0,24.17070151238883,0.029570168848348746,0.029570168848348746
1762251000.158748,-4.393701867789409,-2.539694824392487,3.508235938548787,0.0,25.82834311424883,-0.36477172471298286,0.36477172471298286
1762251000.4058638,-3.4440772546493186,-2.6853446745921485,3.5129587535843383,0.0,26.6351442125224,-0.6940390476233248,0.6940390476233248
1762251000.5974936,-2.765383280587006,-2.631164317628279,3.5513328739685255,0.0,27.220200821100807,-0.8664419561937499,0.8664419561937499
1762251000.9436536,-1.6124036858195039,-2.257499688398283,2.923091529209828,0.0,28.360669491705572,-1.0051214102206598,1.0051214102206598
1762251001.5378141,0.2840707679167662,-1.1601488066493504,3.0547086631987925,0.0,30.77826532337599,-0.6009840906856198,0.6009840906856198
1762251001.8583562,1.3784584617309008,-1.0988457697822036,2.9360702969566805,0.0,32.063383286389815,-0.4297418166854422,0.4297418166854422
1762251002.38245,3.119994381948945,-1.6780457351262297,3.5398112190933295,0.0,33.97405309933541,-0.27168765557855434,0.27168765557855434
1762251002.7496793,4.449432944068459,-2.1586976451944864,3.107294252840093,0.0,35.36388838916662,-0.12242254855189667,0.12242254855189667
1762251003.1855476,6.072032207050123,-2.4728850569795466,3.3349102462469484,0.0,36.98070058295507,-0.10707468015452319,0.10707468015452319
1762251003.4473035,6.9335833962966165,-2.4288424223323717,2.6634784564956884,0.0,37.77215992827663,-0.24769630893292643,0.24769630893292643
1762251003.848166,7.666127104720097,-2.25203962936911,0.7467946972295101,0.0,0.020655011214374824,-0.48647623790261035,0.48647623790261035
1762251004.2138264,8.047941417808333,-2.145393594340958,0.65754565012988,0.0,0.3019303996354598,-0.682527750365469,0.682527750365469
1762251004.588526,8.269097627754778,-2.126421992718117,0.6068485979233849,0.0,0.4080927204331328,-0.839646148597173,0.839646148597173
1762251004.9543834,8.634838966308553,-2.246151675282653,2.0403604818135768,0.0,0.47669194439714974,-1.2048196722439546,1.2048196722439546
1762251005.4026499,9.256554005191834,-2.8660412863502427,0.39669697011598143,0.0,0.40846437167326644,-2.073165496346439,2.073165496346439
1762251005.8423095,9.507440026870777,-3.3518435317177238,0.8280362375888283,0.0,0.3485503780690703,-2.5750264505593217,2.5750264505593217
1762251006.0556877,9.620268586801403,-3.5434436441174166,0.7499551155944809,0.0,0.30000000000000004,-2.7864757435090866,2.7864757435090866
1762251006.3280475,9.719527075398434,-3.7230517973559407,0.639331439879099,0.0,0.28113451133199485,-2.9806595183799143,2.9806595183799143
1762251006.6791937,9.794332001284415,-3.9684134703113694,0.467347941913902,0.0,0.21948109757646406,-3.2031344306462746,3.2031344306462746
1762251007.0388908,9.872335260457014,-4.079803681440932,-2.5359954258091788e-08,0.0,0.1990580133761462,-3.336562063504953,3.336562063504953
1762251007.2908587,9.860328443314145,-4.086302265066521,-0.00016547934618726725,0.0,0.18859898227472055,-3.3324359115808306,3.3324359115808306
1762251007.5126805,9.851131108638391,-4.091228584289124,-0.0001335673384220071,0.0,0.18085242979386595,-3.329251250150107,3.329251250150107
1762251008.0330887,9.850392243791786,-4.088927819800735,-0.0019048403528627615,0.0,0.18119884923312013,-3.3271188236606513,3.3271188236606513
1762251008.3123546,9.862283702413178,-4.077843356428498,-0.0016114946874584309,0.0,0.1946844981574108,-3.3279662526044373,3.3279662526044373
1762251008.8965752,9.847019204848435,-4.080937441470759,-0.004786866644516676,0.0,0.18406313119153778,-3.319138563770297,3.319138563770297
1762251009.4545884,9.85643023085805,-4.080708479253567,-5.662657258439451e-05,0.0,0.1897062021060501,-3.3257456200349687,3.3257456200349687
