timestamp,x_m,y_m,vx_mps,vy_mps,s_m,d_m (lateral_error),abs_lateral_error
1762247850.7047045,6.649957143494078,4.470728063082685,0.0,0.0,6.223959789026855,-1.3352867641982364,1.3352867641982364
1762247850.730206,6.661591388535233,4.471619697471899,0.0,0.0,6.215999708553683,-1.3415546355176575,1.3415546355176575
1762247850.762766,6.669381291044381,4.469678582102579,0.0,0.0,6.209706496989521,-1.3435230794777289,1.3435230794777289
1762247850.7966163,6.665847069978293,4.46635192725658,0.0,0.0,6.210951569921889,-1.3389208445394432,1.3389208445394432
1762247850.8255825,6.655685636620987,4.468228608417584,0.0,0.0,6.218916094141697,-1.3357793325124585,1.3357793325124585
1762247850.869247,6.632203913124416,4.469313488886523,0.0,0.0,6.236112074557209,-1.3257031002447068,1.3257031002447068
1762247850.9024248,6.634327404712236,4.470640439343197,0.0,0.0,6.235098002579479,-1.3278703371277305,1.3278703371277305
1762247850.9293277,6.627285497898695,4.470593638243089,0.0,0.0,6.240121071980742,-1.3245318475141952,1.3245318475141952
1762247850.9570324,6.610357226906601,4.4713146514007605,0.0,0.0,6.250967403911254,-1.3172678779186788,1.3172678779186788
1762247850.994846,6.600232144785491,4.470300804040988,0.0,0.0,6.257880918431509,-1.311660533214726,1.311660533214726
1762247851.0330253,6.547525992199571,4.4726495659471315,0.0,0.0,6.296893704296072,-1.2894264725171134,1.2894264725171134
1762247851.0557363,6.527763060759187,4.473658659817876,0.0,0.0,6.311634977164493,-1.281293158628614,1.281293158628614
1762247851.088294,6.443775112035755,4.47332643557208,0.0,0.0,6.371776637406977,-1.243140228413163,1.243140228413163
1762247851.123183,6.380119603522472,4.474796834975187,0.0,0.0,6.419471356607205,-1.2163331540105304,1.2163331540105304
1762247851.1512306,6.320074583688179,4.475330286338828,0.0,0.0,6.463528999086367,-1.1907328691517127,1.1907328691517127
1762247851.1755967,6.348363091209799,4.468961129102652,0.0,0.0,6.441035582373763,-1.1972284872761807,1.1972284872761807
1762247851.2074344,6.3753758103643365,4.465721995038122,0.0,0.0,6.419706475522441,-1.2060973308721654,1.2060973308721654
1762247851.2347918,6.336325864056527,4.463650655459601,0.0,0.0,6.447140034036491,-1.1872207233128549,1.1872207233128549
1762247851.2570212,6.3030620561863655,4.4619566869413365,0.0,0.0,6.471548301590202,-1.1713425460037665,1.1713425460037665
1762247851.2846444,6.262046686412826,4.4573778458890105,0.0,0.0,6.500918117310386,-1.1496849948904873,1.1496849948904873
1762247851.3089905,6.233115325481033,4.454847965700911,0.0,0.0,6.52199630383039,-1.135152865534695,1.135152865534695
1762247851.3286278,6.215458218654108,4.453801884035081,0.0,0.0,6.5350819509847735,-1.1267816276789524,1.1267816276789524
1762247851.3461668,6.253473446389487,4.453688614966872,0.0,0.0,6.506110021160236,-1.1427064952412043,1.1427064952412043
1762247851.36354,6.286498724981653,4.4491415252101385,0.0,0.0,6.479468071953493,-1.152662918192553,1.152662918192553
1762247851.3912895,6.317412849503918,4.4495089259139835,0.0,0.0,6.456273744541268,-1.1662886756410769,1.1662886756410769
1762247851.4361024,6.3399253343011095,4.447151274706305,0.0,0.0,6.439449210758936,-1.1739190260248336,1.1739190260248336
1762247851.466736,6.37034670802846,4.448539914319286,0.0,0.0,6.417202848569026,-1.1884488085994938,1.1884488085994938
1762247851.5015671,6.390367248669538,4.448588770804468,0.0,0.0,6.402299120595725,-1.1972927962073638,1.1972927962073638
1762247851.5334377,6.362565272288852,4.448281575380904,0.0,0.0,6.422919209640719,-1.1848091834527463,1.1848091834527463
1762247851.554734,6.335554414925878,4.4458123951786375,0.0,0.0,6.442240349106867,-1.1708138693497014,1.1708138693497014
1762247851.5809922,6.357021278916889,4.446136410332721,0.0,0.0,6.426282233222742,-1.1804562883291152,1.1804562883291152
1762247851.6061096,6.3767275219189505,4.444597491537719,0.0,0.0,6.411003974541577,-1.187706509989856,1.187706509989856
1762247851.631831,6.348012017337284,4.447936198224298,0.0,0.0,6.433677167051467,-1.1781451844485769,1.1781451844485769
1762247851.6566591,6.326921814260447,4.447392448827126,0.0,0.0,6.448355953115307,-1.168493309404468,1.168493309404468
1762247851.6978185,6.29758178676574,4.437377008858635,0.0,0.0,6.466873067862197,-1.1467936375680314,1.1467936375680314
1762247851.72719,6.275408164237579,4.4289247917297345,0.0,0.0,6.4806246695204885,-1.1296445832668933,1.1296445832668933
1762247851.7566838,6.249414105261205,4.423137458930102,0.0,0.0,6.4983039188239005,-1.1133218090127963,1.1133218090127963
1762247851.7813604,6.222639043680535,4.417602255856488,0.0,0.0,6.516754326993762,-1.0969636936669223,1.0969636936669223
1762247851.8098245,6.2037623937268505,4.41404875741603,0.0,0.0,6.529939758608906,-1.0857905186279035,1.0857905186279035
1762247851.8326218,6.188040132196156,4.4100193509292325,0.0,0.0,6.540575936241429,-1.0755404827460917,1.0755404827460917
1762247851.8585823,6.172137103770531,4.415317078925842,0.0,0.0,6.554017155537871,-1.0737184237303865,1.0737184237303865
1762247851.89424,6.16971392502009,4.420682511293061,0.0,0.0,6.557771619637467,-1.077590043851309,1.077590043851309
1762247851.9445946,6.211306825877512,4.420851250933984,0.0,0.0,6.526579034141834,-1.095134295467994,1.095134295467994
1762247851.98655,6.245777624256858,4.428621213325096,0.0,0.0,6.503031833791989,-1.1167415132804843,1.1167415132804843
1762247852.0258641,6.279903111980279,4.4357319743249475,0.0,0.0,6.479658293010239,-1.1377206908224804,1.1377206908224804
1762247852.0783956,6.290589277117787,4.43584223392975,0.0,0.0,6.471608567748073,-1.1424023948632471,1.1424023948632471
1762247852.119186,6.305780790584913,4.429540025804473,0.0,0.0,6.457859093747729,-1.1432546884011752,1.1432546884011752
1762247852.1653674,6.315908105084394,4.420673947206588,0.0,0.0,6.447012124705684,-1.139640984807673,1.139640984807673
1762247852.1963818,6.311890194789647,4.415682744172459,0.0,0.0,6.448240631295765,-1.133401723647047,1.133401723647047
1762247852.2271864,6.307634153063599,4.410448087414419,0.0,0.0,6.449562976671675,-1.1268402242827062,1.1268402242827062
1762247852.2554712,6.295718908534535,4.405940210616539,0.0,0.0,6.456950647552326,-1.1176235544881694,1.1176235544881694
1762247852.292702,6.291404016004054,4.403621590162378,0.0,0.0,6.459382534329483,-1.1136697160143274,1.1136697160143274
1762247852.3268387,6.27819884517673,4.40126976524129,0.0,0.0,6.46855498006495,-1.1058601819275322,1.1058601819275322
1762247852.5010085,6.273238687485171,4.392754997873813,0.0,0.0,6.46924998138159,-1.096040053056284,1.096040053056284
1762247852.6336443,6.177086092643355,4.403152016253905,0.0,0.0,6.545912770853476,-1.0647234689736431,1.0647234689736431
1762247852.6547377,6.1504888647268,4.411922754510081,0.0,0.0,6.569538739773721,-1.0616469124248957,1.0616469124248957
1762247852.6789043,6.131630539571206,4.420924594405125,0.0,0.0,6.587284390133385,-1.0620718419831163,1.0620718419831163
1762247852.7093973,6.116540231621068,4.425347692283108,0.0,0.0,6.600524177304517,-1.0599207469370486,1.0599207469370486
1762247852.7624803,6.101745394609858,4.429897433628983,0.0,0.0,6.613590655549589,-1.0580410339769413,1.0580410339769413
1762247852.805386,6.09062658634512,4.432778106806379,0.0,0.0,6.623231963958321,-1.0561586537287255,1.0561586537287255
1762247852.850401,6.126240486716725,4.43493935467972,0.0,0.0,6.596339226532079,-1.0726418980926835,1.0726418980926835
1762247852.898212,6.154325214214953,4.435129716593644,0.0,0.0,6.574699035252102,-1.0843644214955475,1.0843644214955475
1762247852.9356928,6.1947759229715365,4.43616363589716,0.0,0.0,6.5439391792331865,-1.1021061873787585,1.1021061873787585
1762247852.969915,6.2246809987478775,4.439050458026718,0.0,0.0,6.5228228744416645,-1.1172723680310583,1.1172723680310583
1762247853.0011387,6.27457859457195,4.453157097900462,0.0,0.0,6.489921003435886,-1.151199474795989,1.151199474795989
1762247853.0305722,6.320207469509471,4.466396557249267,0.0,0.0,6.460231417511878,-1.1827287223525818,1.1827287223525818
1762247853.074103,6.363803528527282,4.474487492335255,0.0,0.0,6.431510130386311,-1.2089246232584312,1.2089246232584312
1762247853.0987165,6.401162553550918,4.487153103142218,0.0,0.0,6.408332559733502,-1.236671212701773,1.236671212701773
1762247853.1512933,6.440701395657679,4.496336686912845,0.0,0.0,6.382453334962929,-1.2623810610788622,1.2623810610788622
1762247853.1887221,6.4704861833321905,4.503356433804505,0.0,0.0,6.363114529102182,-1.2819360854563964,1.2819360854563964
1762247853.2557492,6.4724868563197,4.500599419575836,0.0,0.0,6.360638465335104,-1.2803652186991088,1.2803652186991088
1762247853.291868,6.479583928434996,4.499713646093527,0.0,0.0,6.35510947986144,-1.2827525661228003,1.2827525661228003
1762247853.3548782,6.482896585456589,4.497400696949649,0.0,0.0,6.3518339909942725,-1.2821718519278211,1.2821718519278211
1762247853.3944094,6.482843165317467,4.4973613820007,0.0,0.0,6.351858729020468,-1.2821127387878724,1.2821127387878724
1762247853.4346387,6.492492912340652,4.497186684575744,0.0,0.0,6.344727042879099,-1.286294536757557,1.286294536757557
1762247853.4787443,6.5071685089329065,4.505992444949398,0.0,0.0,6.338633912238769,-1.3007697693743223,1.3007697693743223
1762247853.5136828,6.525231783739507,4.510246078990994,0.0,0.0,6.327072289752111,-1.3127331214585558,1.3127331214585558
1762247853.5496879,6.53106745908293,4.505931594860884,0.0,0.0,6.321236594255847,-1.3115359099192714,1.3115359099192714
1762247853.5842514,6.528658850722688,4.502013178057518,0.0,0.0,6.321532044238886,-1.3069510222989043,1.3069510222989043
1762247853.6357858,6.541960794275076,4.498483097246144,0.0,0.0,6.310566860028219,-1.3098603330740115,1.3098603330740115
1762247853.6735432,6.537533528446821,4.4972200694027915,0.0,0.0,6.313308977852104,-1.3067185563141228,1.3067185563141228
1762247853.712058,6.536452270711173,4.49727859670311,0.0,0.0,6.314115445345269,-1.3062782451544306,1.3062782451544306
1762247853.7407296,6.5457612931005915,4.497519897218774,0.0,0.0,6.307452961678924,-1.3107369154709085,1.3107369154709085
1762247853.7727642,6.541911615116353,4.496067191749854,0.0,0.0,6.3097038540294195,-1.3076877977420653,1.3076877977420653
1762247853.8482013,6.526023800503356,4.495450915826908,0.0,0.0,6.321010861277222,-1.29990784556782,1.29990784556782
1762247853.8886814,6.523828197068864,4.493611873252951,0.0,0.0,6.321924138363159,-1.29727227569566,1.29727227569566
1762247853.9293962,6.522809186100856,4.496108942784501,0.0,0.0,6.323592182999139,-1.29903470166241,1.29903470166241
1762247853.9625833,6.533017469510441,4.497200147446951,0.0,0.0,6.316579792069715,-1.3046450663280986,1.3046450663280986
1762247854.0131528,6.532814586301502,4.496616084367301,0.0,0.0,6.316510088787793,-1.304032646236375,1.304032646236375
1762247854.0466826,6.532737836814983,4.493771908260993,0.0,0.0,6.315508657971068,-1.301465058237301,1.301465058237301
1762247854.0944712,6.53676743838358,4.495529125013841,0.0,0.0,6.3132362528112225,-1.3048642614638406,1.3048642614638406
1762247854.1218836,6.519915311256519,4.492052823292427,0.0,0.0,6.324191382735599,-1.2941070865213697,1.2941070865213697
1762247854.1644683,6.514443104254366,4.487052010785611,0.0,0.0,6.326318070900566,-1.2871683806050611,1.2871683806050611
1762247854.197597,6.49080109282303,4.484921449989509,0.0,0.0,6.342776409433958,-1.2745817486759314,1.2745817486759314
1762247854.2605124,6.483067389848328,4.4827881870261805,0.0,0.0,6.346344244901705,-1.2691948276891418,1.2691948276891418
1762247854.296407,6.483345500387009,4.4803139516600865,0.0,0.0,6.345230262530761,-1.267110327908497,1.267110327908497
1762247854.3343184,6.484399003617508,4.479256230313145,0.0,0.0,6.344068218209144,-1.2666400335616192,1.2666400335616192
1762247854.3669443,6.472109514804466,4.479829351262643,0.0,0.0,6.353301397436554,-1.2616282271582797,1.2616282271582797
1762247854.4052782,6.464740940971358,4.480761720063845,0.0,0.0,6.359060063960245,-1.2591587167718545,1.2591587167718545
1762247854.4370174,6.463519350181097,4.477394732100352,0.0,0.0,6.358722794801,-1.25560115546355,1.25560115546355
1762247854.4700062,6.468999585303876,4.471709120299,0.0,0.0,6.35260245337292,-1.252975969939616,1.252975969939616
1762247854.498745,6.471139655363398,4.469281297013562,0.0,0.0,6.350135291672146,-1.2517676461072775,1.2517676461072775
1762247854.528716,6.474892127649899,4.467712427780003,0.0,0.0,6.346798694919579,-1.2520529868025805,1.2520529868025805
1762247854.5555766,6.47068203419919,4.46535078772623,0.0,0.0,6.3490243914558295,-1.2480506391615318,1.2480506391615318
1762247854.607177,6.463364485757375,4.459252372523347,0.0,0.0,6.35216371323252,-1.2393152333949393,1.2393152333949393
1762247854.6476684,6.457294568144599,4.457558963095145,0.0,0.0,6.356012893245137,-1.235078833957311,1.235078833957311
1762247854.6953528,6.457811753459681,4.453959337796823,0.0,0.0,6.354305130497192,-1.2320933279695738,1.2320933279695738
1762247854.7316458,6.453925650526557,4.452669993591063,0.0,0.0,6.3566963275953725,-1.2291984480247145,1.2291984480247145
1762247854.7646673,6.456806675469298,4.449457681901707,0.0,0.0,6.353386254012523,-1.227619220610505,1.227619220610505
1762247854.786505,6.436777339533049,4.450677800705034,0.0,0.0,6.368630701646295,-1.2197478250104452,1.2197478250104452
1762247854.8157394,6.437067199210986,4.44946773638066,0.0,0.0,6.367971148886238,-1.218794307588307,1.218794307588307
1762247854.8370516,6.431683079486591,4.447449656144757,0.0,0.0,6.371212808387434,-1.2145864227160537,1.2145864227160537
1762247854.8571568,6.433260528552239,4.444999239739317,0.0,0.0,6.3691434340151964,-1.2130966996667096,1.2130966996667096
1762247854.880182,6.432410545733326,4.445067938997574,0.0,0.0,6.369797957307899,-1.2127790130621232,1.2127790130621232
1762247854.9186642,6.4261253478536124,4.436280626668808,0.0,0.0,6.371218837573231,-1.2021110243762878,1.2021110243762878
1762247854.9466965,6.433120666484082,4.429310770026414,0.0,0.0,6.363462726234598,-1.1989973132252152,1.1989973132252152
1762247854.9773393,6.4464369994006185,4.422256184437338,0.0,0.0,6.350990942294173,-1.198657546249434,1.198657546249434
1762247855.003507,6.450607240047717,4.414631826404339,0.0,0.0,6.345076163287262,-1.1937221347639257,1.1937221347639257
1762247855.1506398,6.430401867391035,4.388798346148088,0.0,0.0,6.350456761257697,-1.1615622597760926,1.1615622597760926
1762247855.3847942,6.539124951907908,4.351804306357435,0.0,0.0,6.257276875746654,-1.1783391246537587,1.1783391246537587
1762247855.611986,6.681184229816631,4.432303700154332,0.0,0.0,6.186934650764419,-1.3162319700108758,1.3162319700108758
1762247855.7287662,6.852603410399975,4.481671081931953,0.0,0.0,6.087678518172496,-1.4425660585741535,1.4425660585741535
1762247855.9911005,6.982398939367302,4.496216677785374,0.0,0.0,6.007121645359636,-1.5201394170102747,1.5201394170102747
1762247856.0903442,7.011171066191019,4.495045702535933,0.0,0.0,5.987183565957006,-1.5337866123951907,1.5337866123951907
1762247856.1117473,7.020381946998666,4.49579151401264,0.0,0.0,5.981263206422723,-1.539139124729402,1.539139124729402
1762247856.1389687,7.031398034148354,4.497289537669669,0.0,0.0,5.974434631945834,-1.5460723331053439,1.5460723331053439
1762247856.1712177,7.041877494683851,4.496411125066607,0.0,0.0,5.967022945832781,-1.5507032719364493,1.5507032719364493
1762247856.2712884,7.036073279891046,4.490588171925275,0.0,0.0,5.968593154835476,-1.542724312610298,1.542724312610298
1762247856.3414674,7.033920351395903,4.489354763147092,0.0,0.0,5.969548467426935,-1.5405595598800441,1.5405595598800441
1762247856.5690386,6.999583888588299,4.476863042096614,0.0,0.0,5.987725043985536,-1.5122361124733448,1.5122361124733448
1762247856.7087686,6.998759263927022,4.473750988274774,0.0,0.0,5.987033267179474,-1.5091396689018077,1.5091396689018077
1762247856.856192,6.845399474531443,4.433654721757982,0.0,0.0,6.073759193291464,-1.3972746202761899,1.3972746202761899
1762247857.0201547,6.680099721247229,4.411045196212588,0.0,0.0,6.179487519835372,-1.297033285528023,1.297033285528023
1762247857.0761619,6.655457348924487,4.4095802324708275,0.0,0.0,6.196540117692482,-1.284004013831682,1.284004013831682
1762247857.1435802,6.637040059095042,4.405231437541996,0.0,0.0,6.2080697556098015,-1.27144368551723,1.27144368551723
1762247857.3048031,6.5852562845111375,4.41429271036486,0.0,0.0,6.247511370386072,-1.255118877191896,1.255118877191896
1762247857.4630232,6.533976453742699,4.415317942369538,0.0,0.0,6.28520546461519,-1.2322738812976444,1.2322738812976444
1762247857.7087922,6.500236030585626,4.40056709379497,0.0,0.0,6.304336038971301,-1.2036942639046169,1.2036942639046169
1762247857.740927,6.493220216101918,4.400418633228478,0.0,0.0,6.309432965605676,-1.2003592664642697,1.2003592664642697
1762247857.7748256,6.483089841983158,4.398908400039292,0.0,0.0,6.316313752744897,-1.1944000268965902,1.1944000268965902
1762247857.8148751,6.4696397808934965,4.396667519718498,0.0,0.0,6.325379057699245,-1.1862942331183128,1.1862942331183128
1762247857.8576512,6.467877940308331,4.398031947615647,0.0,0.0,6.327191249882748,-1.1867116948075227,1.1867116948075227
1762247857.8979049,6.460139165270478,4.397900267625013,0.0,0.0,6.332852526058632,-1.183090760710556,1.183090760710556
1762247857.9179611,6.4569635702395045,4.396202515461727,0.0,0.0,6.33456057446156,-1.1801406935802852,1.1801406935802852
1762247857.9558465,6.458727790029821,4.395729889495616,0.0,0.0,6.333079957390528,-1.1805167285594376,1.1805167285594376
1762247857.9814808,6.436138553631257,4.402655429062869,0.0,0.0,6.3513502716938,-1.1765196128075681,1.1765196128075681
1762247858.02301,6.434775021987165,4.400035713612143,0.0,0.0,6.351388782683155,-1.1735665860622921,1.1735665860622921
1762247858.0652666,6.432609790161096,4.402648347646837,0.0,0.0,6.353967189179536,-1.1749294258764922,1.1749294258764922
1762247858.104369,6.433846438463005,4.400342918082762,0.0,0.0,6.352192419713281,-1.173424165408497,1.173424165408497
1762247858.2125666,6.443176393527424,4.402239378610268,0.0,0.0,6.34597478193755,-1.179311439073902,1.179311439073902
1762247858.3942704,6.4611594327297786,4.40324564514452,0.0,0.0,6.334105006035173,-1.1883198305780356,1.1883198305780356
1762247858.5764506,6.483765325224992,4.396753671538652,0.0,0.0,6.315005127059834,-1.1927887522036724,1.1927887522036724
1762247859.0197847,6.4143219146199115,4.426457988789609,0.0,0.0,6.376360651297207,-1.1880593101071122,1.1880593101071122
1762247859.1333756,6.408847606475541,4.427785904985936,0.0,0.0,6.3809190944031435,-1.186814865030956,1.186814865030956
1762247859.210169,6.402386090563191,4.429170103341599,0.0,0.0,6.386234920448594,-1.1851876572987503,1.1851876572987503
1762247859.2297263,6.405616373868281,4.429643901135879,0.0,0.0,6.384005886500904,-1.1870450887162036,1.1870450887162036
1762247859.486697,6.3912242812324935,4.420163011945463,0.0,0.0,6.391237676013338,-1.1721681773205133,1.1721681773205133
1762247859.5229034,6.3898510020383625,4.421689521840009,0.0,0.0,6.392823174682008,-1.1729295824172639,1.1729295824172639
1762247859.5638428,6.383901007324966,4.415338773503845,0.0,0.0,6.394928495467899,-1.1646026085870336,1.1646026085870336
1762247859.5900846,6.373744869710802,4.419093368236262,0.0,0.0,6.403896292245582,-1.163490782642288,1.163490782642288
1762247859.613105,6.36496490212189,4.420215939524046,0.0,0.0,6.410875379528567,-1.160636267249152,1.160636267249152
1762247859.6398873,6.361840014435472,4.418705211703056,0.0,0.0,6.412661331046689,-1.1579065356240275,1.1579065356240275
1762247859.6658168,6.365369680511244,4.4191447594470885,0.0,0.0,6.410179941960686,-1.1598519189353524,1.1598519189353524
1762247859.6868815,6.361570875027064,4.418356678290739,0.0,0.0,6.412735207013123,-1.1574752233438093,1.1574752233438093
1762247859.7135491,6.363453401757059,4.415466105586,0.0,0.0,6.410266136744112,-1.1557053937690713,1.1557053937690713
1762247859.7548842,6.355684046524295,4.410899585289152,0.0,0.0,6.414414137511615,-1.1481909569117463,1.1481909569117463
1762247859.7940125,6.354731032216008,4.410964749473904,0.0,0.0,6.415152725431933,-1.1478313929992476,1.1478313929992476
1762247859.8313222,6.35801806107542,4.4135963620711935,0.0,0.0,6.413652766788339,-1.1516384633420025,1.1516384633420025
1762247859.8615422,6.356700584227768,4.413299058510658,0.0,0.0,6.414531368791157,-1.150793145823237,1.150793145823237
1762247859.9184403,6.356431490355845,4.414454375861719,0.0,0.0,6.415156375958564,-1.1517132794677096,1.1517132794677096
1762247859.9539483,6.3690083040948124,4.414666950444548,0.0,0.0,6.405814677559449,-1.1574308939071176,1.1574308939071176
1762247859.9807162,6.37097888528743,4.416561688277586,0.0,0.0,6.4050357072877,-1.159999683529442,1.159999683529442
1762247860.0442412,6.368951027568318,4.418868503062563,0.0,0.0,6.4073988636889005,-1.1611785472774665,1.1611785472774665
1762247860.0871203,6.372235220901827,4.4175970205561645,0.0,0.0,6.404475998201807,-1.161482467998698,1.161482467998698
1762247860.1390822,6.38995771838053,4.408689687663356,0.0,0.0,6.387957969342386,-1.1613202256296464,1.1613202256296464
1762247860.1645103,6.391511627201505,4.404038028168108,0.0,0.0,6.385082007516455,-1.1578395400191532,1.1578395400191532
1762247860.364952,6.404227113395016,4.403977837416053,0.0,0.0,6.375574379824373,-1.1634355041681974,1.1634355041681974
1762247860.6134818,6.391728757043581,4.406513221953352,0.0,0.0,6.3858332711414025,-1.1601542936718985,1.1601542936718985
1762247860.900481,6.378475765831678,4.404043179927117,0.0,0.0,6.3948253890698625,-1.1520723295149824,1.1520723295149824
1762247861.1875517,6.386380300419442,4.395691399621194,0.0,0.0,6.385833327656824,-1.1480829308835208,1.1480829308835208
1762247861.4510975,6.399322460465551,4.3988820174461,0.0,0.0,6.377347086754032,-1.1566895642510615,1.1566895642510615
1762247861.7347012,6.427269564240131,4.399068746578286,0.0,0.0,6.356604860407128,-1.1693352544322795,1.1693352544322795
1762247862.1807442,6.403179648943509,4.401984119247725,0.0,0.0,6.375617831116453,-1.1611839412528493,1.1611839412528493
1762247862.322905,6.392414117841694,4.404107591366463,0.0,0.0,6.384433912282472,-1.1583022378843455,1.1583022378843455
1762247862.3566365,6.394984500178329,4.405387702784172,0.0,0.0,6.382988058206412,-1.1605900764564325,1.1605900764564325
1762247862.5810628,6.402682665739819,4.40660315561088,0.0,0.0,6.377695944997114,-1.1650994714523266,1.1650994714523266
1762247862.7478223,6.401893138462959,4.404077983178529,0.0,0.0,6.377351248788196,-1.1624866638963924,1.1624866638963924
1762247862.8824513,6.416021656472005,4.40367401726791,0.0,0.0,6.366678122955669,-1.1684219072294593,1.1684219072294593
1762247862.9227886,6.423722218772757,4.40340326923155,0.0,0.0,6.360850385750126,-1.1716220988591113,1.1716220988591113
1762247862.9711065,6.42859385639749,4.403471062937512,0.0,0.0,6.357255274704817,-1.1738642271679116,1.1738642271679116
1762247863.0574834,6.419777620297365,4.408672680219045,0.0,0.0,6.365735595458683,-1.1745718316661065,1.1745718316661065
1762247863.0982614,6.416367743774257,4.4077440296095505,0.0,0.0,6.367927726559599,-1.1722182956763205,1.1722182956763205
1762247863.1417263,6.41797911633859,4.408541287361022,0.0,0.0,6.367024308868274,-1.1736510541189482,1.1736510541189482
1762247863.16762,6.414405788299639,4.409248314236786,0.0,0.0,6.369943954684503,-1.1726891440181295,1.1726891440181295
1762247863.2545424,6.4170857666436865,4.409219012561986,0.0,0.0,6.367939539875688,-1.1738586860861435,1.1738586860861435
1762247863.295092,6.419145843177742,4.405975856809423,0.0,0.0,6.365206651372192,-1.1718768490610771,1.1718768490610771
1762247863.7220197,6.3868231271333045,4.410826788152865,0.0,0.0,6.391085793622455,-1.1618482493241207,1.1618482493241207
1762247863.960285,6.438855959233771,4.403828603016731,0.0,0.0,6.3497699332153426,-1.1787883897919462,1.1787883897919462
1762247864.4743247,6.450789540650993,4.3991256902712275,0.0,0.0,6.340219527660084,-1.1799612790262148,1.1799612790262148
1762247864.9808247,6.423186602540242,4.3910691006972264,0.0,0.0,6.356668326890975,-1.1603541224520004,1.1603541224520004
1762247865.2503753,6.473031186054954,4.3831320548659765,0.0,0.0,6.3177799716103396,-1.1757749295823914,1.1757749295823914
1762247865.453948,6.501305450113496,4.38199380417809,0.0,0.0,6.296529341347372,-1.1876689272265613,1.1876689272265613
1762247866.008218,6.53571795520878,4.389492502250203,0.0,0.0,6.274149285488142,-1.2101594043018273,1.2101594043018273
1762247866.1404247,6.520114787587468,4.390873637899165,0.0,0.0,6.286092355561879,-1.204192922643214,1.204192922643214
1762247866.2307699,6.517459326511556,4.395884009261614,0.0,0.0,6.289935513195367,-1.2074221171354518,1.2074221171354518
1762247866.2531343,6.50678797101142,4.393942813056639,0.0,0.0,6.297025326516501,-1.2008018895969728,1.2008018895969728
1762247866.3495266,6.495163671496188,4.39520431997632,0.0,0.0,6.30603810485175,-1.1966066353393283,1.1966066353393283
1762247866.3877945,6.490575880623593,4.392674678785499,0.0,0.0,6.308456336969169,-1.1922617355412477,1.1922617355412477
1762247866.5191765,6.48892607944444,4.394549562057435,0.0,0.0,6.310377164488593,-1.1931777471131513,1.1931777471131513
1762247866.5628328,6.480152859487431,4.392979881646445,0.0,0.0,6.316243004251665,-1.1877844033846665,1.1877844033846665
1762247866.6342373,6.485345313393651,4.394395980459012,0.0,0.0,6.312953822791453,-1.1914091438703152,1.1914091438703152
1762247866.691145,6.466340793905172,4.404927403339823,0.0,0.0,6.330913837418121,-1.1921633302116386,1.1921633302116386
1762247866.7352989,6.448375508043785,4.411078974449704,0.0,0.0,6.345408566043847,-1.1895450351686259,1.1895450351686259
1762247866.7761183,6.424928027597149,4.4165274785446,0.0,0.0,6.364815496966167,-1.1839001792236958,1.1839001792236958
1762247866.822196,6.402189195629255,4.420018809113201,0.0,0.0,6.383013323574161,-1.1768988287777382,1.1768988287777382
1762247866.856038,6.380128541823992,4.4252624404991066,0.0,0.0,6.401390243547366,-1.1718417767004463,1.1718417767004463
1762247866.8819287,6.365470227966344,4.425706321088877,0.0,0.0,6.4125075917969925,-1.1657906248845662,1.1657906248845662
1762247866.9109988,6.365163066143026,4.429827769018249,0.0,0.0,6.414244897724328,-1.1693589301650686,1.1693589301650686
1762247866.9447465,6.357530758469367,4.432104549277092,0.0,0.0,6.420787057961115,-1.16806017036954,1.16806017036954
1762247866.9710927,6.338905496459847,4.434829530109041,0.0,0.0,6.435737351254471,-1.16238077396854,1.16238077396854
1762247867.0079064,6.33457598152742,4.439034879193412,0.0,0.0,6.440514471871961,-1.1642842866011005,1.1642842866011005
1762247867.0316427,6.327875644913122,4.43776125780679,0.0,0.0,6.4441658783927025,-1.1602276276230181,1.1602276276230181
1762247867.0530646,6.3214531373629965,4.438637559544302,0.0,0.0,6.449317531847552,-1.1582336583802804,1.1582336583802804
1762247867.0705626,6.313103479057089,4.435191337148995,0.0,0.0,6.4543686854500315,-1.1515144904267636,1.1515144904267636
1762247867.1263242,6.308788640956863,4.433568847143423,0.0,0.0,6.457039648747432,-1.1481872497308652,1.1481872497308652
1762247867.1616926,6.304085908858851,4.433261322589359,0.0,0.0,6.460479447583756,-1.145880621266443,1.145880621266443
1762247867.193666,6.299492648929244,4.432375095068745,0.0,0.0,6.4636306976686955,-1.143101379259613,1.143101379259613
1762247867.2159111,6.310229411578885,4.430873570354595,0.0,0.0,6.454980956782534,-1.1463786917994987,1.1463786917994987
1762247867.2415473,6.310749895673127,4.430603444096452,0.0,0.0,6.454490738306714,-1.1463600135647207,1.1463600135647207
1762247867.2713482,6.309913592781146,4.430111481454156,0.0,0.0,6.454944581779104,-1.1455549554970932,1.1455549554970932
1762247867.3132062,6.309986846982949,4.426243232777863,0.0,0.0,6.453493988651753,-1.1420983650178413,1.1420983650178413
1762247867.3319833,6.302530486791013,4.428560540912526,0.0,0.0,6.459961686617063,-1.1409686554361627,1.1409686554361627
1762247867.3482919,6.293784695647454,4.430352466147764,0.0,0.0,6.46721891585205,-1.1388188544678677,1.1388188544678677
1762247867.3704793,6.295022752403842,4.430442764102495,0.0,0.0,6.4663149571775955,-1.1394329932884384,1.1394329932884384
1762247867.4160645,6.298611045791724,4.43344150978712,0.0,0.0,6.464680583117672,-1.1436842060655188,1.1436842060655188
1762247867.4406056,6.2930497738963895,4.43348954479711,0.0,0.0,6.468902480314082,-1.1413350785514744,1.1413350785514744
1762247867.4644701,6.290165345348635,4.434526104575436,0.0,0.0,6.471456734532363,-1.141031752268749,1.141031752268749
1762247867.4896476,6.290227864102385,4.434096993542795,0.0,0.0,6.471255342665569,-1.1406710809993041,1.1406710809993041
1762247867.5270033,6.289716311538808,4.436375845580637,0.0,0.0,6.472460484669878,-1.1425094960999016,1.1425094960999016
1762247867.5622394,6.295217795425448,4.434499807500996,0.0,0.0,6.46762606577461,-1.1431793701035828,1.1431793701035828
1762247867.582974,6.306575369828987,4.430805282182916,0.0,0.0,6.45771493729569,-1.1447389821240868,1.1447389821240868
1762247867.6164877,6.305005060016468,4.428812969121355,0.0,0.0,6.45818302612396,-1.1422640245164475,1.1422640245164475
1762247867.6456308,6.310117152499776,4.4278054118123835,0.0,0.0,6.453959244360723,-1.1435633562710676,1.1435633562710676
1762247867.6676555,6.311308882891229,4.428000416003624,0.0,0.0,6.45312998651246,-1.1442544198876488,1.1442544198876488
1762247867.703733,6.3172273990460335,4.428233483975346,0.0,0.0,6.448748547155161,-1.1470257897849498,1.1470257897849498
1762247867.7279022,6.311036711306873,4.425963822517468,0.0,0.0,6.452600503926694,-1.1423004043145626,1.1423004043145626
1762247867.7700155,6.3132953860020535,4.425426223216579,0.0,0.0,6.450701445087489,-1.1427929133974075,1.1427929133974075
1762247867.7987027,6.326353106095984,4.430626936758012,0.0,0.0,6.442735357136956,-1.1531393621923627,1.1531393621923627
1762247867.8403811,6.327398722268392,4.436088773357819,0.0,0.0,6.443921084601662,-1.158513834870559,1.158513834870559
1762247867.862808,6.331349942401875,4.441415432208497,0.0,0.0,6.442870816718429,-1.1650274695746208,1.1650274695746208
1762247867.8879967,6.327877984062592,4.438562204238044,0.0,0.0,6.44445319054442,-1.160950295636325,1.160950295636325
1762247867.9098363,6.3233135230943205,4.436073845166459,0.0,0.0,6.4469916647303,-1.1567289045025329,1.1567289045025329
1762247867.9384506,6.324473973875423,4.437343316149819,0.0,0.0,6.446575804829623,-1.1583759038505779,1.1583759038505779
1762247867.9809825,6.318521107923099,4.432831811561511,0.0,0.0,6.44943289723491,-1.1517308240262938,1.1517308240262938
1762247868.0195453,6.315592637112326,4.435968219766152,0.0,0.0,6.452771620212721,-1.1532911520723477,1.1532911520723477
1762247868.0382483,6.311878701534999,4.4341208443009394,0.0,0.0,6.454906823135072,-1.1500198255385605,1.1500198255385605
1762247868.1808388,6.301749653475109,4.433127285224191,0.0,0.0,6.462195919070087,-1.1447525621950336,1.1447525621950336
1762247868.1962016,6.326843742493095,4.422407964750772,0.0,0.0,6.440278263985139,-1.1459492647251603,1.1459492647251603
1762247868.342776,6.422388431475119,4.406265915900941,0.0,0.0,6.362903144347121,-1.1735856975665624,1.1735856975665624
1762247868.5286868,6.399087478790216,4.427754149005895,0.0,0.0,6.388169685735263,-1.1824563900378753,1.1824563900378753
1762247868.8264308,6.46021533372104,4.465120224205298,0.0,0.0,6.356643941979909,-1.2431471566593195,1.2431471566593195
1762247868.946016,6.38724304020423,4.4433667623696715,0.0,0.0,6.402715944875031,-1.1912283835304804,1.1912283835304804
1762247868.9673433,6.3725912964522795,4.439695995163416,0.0,0.0,6.412300598925683,-1.1814863498417496,1.1814863498417496
1762247868.9853492,6.358202191727004,4.437290082398804,0.0,0.0,6.422176443236064,-1.1730165651748103,1.1730165651748103
1762247869.08031,6.371915520040774,4.434202484941079,0.0,0.0,6.410797606848108,-1.1762543610887324,1.1762543610887324
1762247869.1119716,6.374118511470347,4.4374333943318485,0.0,0.0,6.410333705665067,-1.1801246667340688,1.1801246667340688
1762247869.1418438,6.387295143009451,4.4406334647819525,0.0,0.0,6.401677051531667,-1.1887978958011796,1.1887978958011796
1762247869.1675076,6.4091295590215935,4.444900342132926,0.0,0.0,6.386999000637995,-1.2022771970456434,1.2022771970456434
1762247869.1910577,6.46357309844468,4.455228869596593,0.0,0.0,6.350526681744008,-1.2358138706389896,1.2358138706389896
1762247869.2234435,6.553950555749876,4.472182614988743,0.0,0.0,6.292057198040764,-1.2919576194305584,1.2919576194305584
1762247869.2493875,6.696454870839678,4.492036928062382,0.0,0.0,6.199019867402509,-1.3760391351738313,1.3760391351738313
1762247869.303811,6.828353695870921,4.488860476648543,0.0,0.0,6.107311355641465,-1.4368954757194428,1.4368954757194428
1762247869.3407702,6.943607818918519,4.4912208643230676,0.0,0.0,6.0314814797872,-1.4962166576835303,1.4962166576835303
1762247869.3680038,7.051088506255537,4.4949641863250855,0.0,0.0,5.960243350331534,-1.554206836953665,1.554206836953665
1762247869.5061092,7.175536956292233,4.498090071258388,0.0,0.0,5.8821852244909065,-1.621903432854338,1.621903432854338
1762247869.5466282,7.1853279864977315,4.498815298514662,0.0,0.0,5.876032773625997,-1.6277076231619731,1.6277076231619731
1762247869.5721526,7.195158751659378,4.497312642377048,0.0,0.0,5.868946454434025,-1.6316557600191257,1.6316557600191257
1762247869.6115704,7.205458348278002,4.496437706840175,0.0,0.0,5.861892195724829,-1.6363979224993739,1.6363979224993739
1762247869.639402,7.215925057746199,4.495453858292315,0.0,0.0,5.855756516343513,-1.6411507791242976,1.6411507791242976
1762247869.682006,7.228481062743106,4.495772371004858,0.0,0.0,5.84896013072829,-1.6481358849095296,1.6481358849095296
1762247869.717821,7.2442929077362015,4.495530496090763,0.0,0.0,5.839670039063669,-1.6564140531803178,1.6564140531803178
1762247869.7464216,7.248290946157588,4.497565807069294,0.0,0.0,5.838184303467492,-1.6602792391102263,1.6602792391102263
1762247869.7743177,7.255783938748701,4.498352680371694,0.0,0.0,5.833981220063996,-1.6649739847462897,1.6649739847462897
1762247869.803732,7.264580666926574,4.5008946832722865,0.0,0.0,5.829341473331569,-1.6718554015563334,1.6718554015563334
1762247869.8303087,7.284834393565778,4.504276526194928,0.0,0.0,5.8176477495696535,-1.6856430868608392,1.6856430868608392
1762247869.8619757,7.307470246380024,4.50650771378187,0.0,0.0,5.803963159194462,-1.6997954032014495,1.6997954032014495
1762247869.8968477,7.335957832910097,4.507994302382232,0.0,0.0,5.78623147828748,-1.7165699891747725,1.7165699891747725
1762247869.9341896,7.365885439942039,4.510852767669511,0.0,0.0,5.768194968514959,-1.735365105466332,1.735365105466332
1762247869.96156,7.405201752441395,4.512265067409168,0.0,0.0,5.747885058104982,-1.7582368603933451,1.7582368603933451
1762247869.985098,7.4374131474061045,4.51392965709834,0.0,0.0,5.729462457738814,-1.7775160558576193,1.7775160558576193
1762247870.0149722,7.473986985502752,4.5149459329845705,0.0,0.0,5.706839395063605,-1.7988103428975983,1.7988103428975983
1762247870.0374684,7.52421098714939,4.516081411780898,0.0,0.0,5.675753952160704,-1.8280625934655497,1.8280625934655497
1762247870.0679574,7.55662915612986,4.515555542783725,0.0,0.0,5.658219496615676,-1.8460489524219013,1.8460489524219013
1762247870.0970984,7.5876049704712,4.5150155211531136,0.0,0.0,5.639865423516163,-1.8633105619484036,1.8633105619484036
1762247870.1417458,7.622032461894614,4.515267628297335,0.0,0.0,5.6215655558635405,-1.88331325927199,1.88331325927199
1762247870.1627488,7.647621961381346,4.515236762141918,0.0,0.0,5.605799908211459,-1.8980835217650749,1.8980835217650749
1762247870.1908176,7.6720950131744505,4.515275929016752,0.0,0.0,5.590768048571887,-1.9123289696896884,1.9123289696896884
1762247870.4327726,7.7513665756766565,4.514396849540901,0.0,0.0,5.549539891970271,-1.9580837125212658,1.9580837125212658
1762247870.5811393,7.772111887371424,4.51036928289709,0.0,0.0,5.533978688615368,-1.9671090760916519,1.9671090760916519
1762247870.8599143,7.762164549951231,4.499917784587488,0.0,0.0,5.5350298152758866,-1.9527956477243826,1.9527956477243826
1762247870.9967024,7.896101597377243,4.474141396874508,0.0,0.0,5.453239826432819,-2.0125764846263436,2.0125764846263436
1762247871.0937483,8.003719037138136,4.450557553243012,0.0,0.0,5.380921747636739,-2.060065880878135,2.060065880878135
1762247871.1180305,8.042927607676038,4.443613449587123,0.0,0.0,5.36096803463678,-2.079042199163619,2.079042199163619
1762247871.1455283,8.085056656974718,4.435706804955412,0.0,0.0,5.333873901314387,-2.0993023399215356,2.0993023399215356
1762247871.1934543,8.131876377582353,4.427370291193668,0.0,0.0,5.307403756929061,-2.1224310521442336,2.1224310521442336
1762247871.2164037,8.172117867017864,4.422975116675529,0.0,0.0,5.282001820973142,-2.1446596053256335,2.1446596053256335
1762247871.2343469,8.214712327022832,4.414581952527711,0.0,0.0,5.261610252860269,-2.1655215131210612,2.1655215131210612
1762247871.254179,8.254063555628143,4.406392295436793,0.0,0.0,5.2347355377068245,-2.1846678378778455,2.1846678378778455
1762247871.273006,8.309438977276018,4.392755830093333,0.0,0.0,5.2031947891903325,-2.2103450992427516,2.2103450992427516
1762247871.2966418,8.357288210527248,4.381310985731858,0.0,0.0,5.172901216029443,-2.233114814840691,2.233114814840691
1762247871.3322406,8.390301363519105,4.37168323708951,0.0,0.0,5.158728739304509,-2.2476984921436407,2.2476984921436407
1762247871.3646343,8.456972157788051,4.355767033775822,0.0,0.0,5.117784325982576,-2.2802402768116425,2.2802402768116425
1762247871.3959217,8.440437992238438,4.364308694037095,0.0,0.0,5.127913334353823,-2.275538953939238,2.275538953939238
1762247871.4280832,8.468000170076179,4.35963947277281,0.0,0.0,5.1136038468757175,-2.290503812210262,2.290503812210262
1762247871.448571,8.535370153381916,4.352517640636804,0.0,0.0,5.074600653753275,-2.330605530602429,2.330605530602429
1762247871.4736917,8.594062646297123,4.337520756039509,0.0,0.0,5.038315110711677,-2.359483387173799,2.359483387173799
1762247871.5043867,8.628064506566298,4.334596151755426,0.0,0.0,5.02666400227075,-2.3806109486907117,2.3806109486907117
1762247871.5270007,8.642404717333823,4.335681916364871,0.0,0.0,5.0225019002342925,-2.391237337662036,2.391237337662036
1762247871.5457783,8.647308017842299,4.336751649590572,0.0,0.0,5.020814617794353,-2.395382105289201,2.395382105289201
1762247871.5678997,8.631984360558395,4.341733293705183,0.0,0.0,5.027509827522724,-2.3884948176791942,2.3884948176791942
1762247871.599106,8.614242779156259,4.345505324590887,0.0,0.0,5.034184643767928,-2.379101216676723,2.379101216676723
1762247871.632191,8.59758372631844,4.351886163278393,0.0,0.0,5.050267206999119,-2.3723912890351557,2.3723912890351557
1762247871.6618972,8.561405565465906,4.358346911899365,0.0,0.0,5.068048197903357,-2.3525299058183964,2.3525299058183964
1762247871.7118363,8.53169585465997,4.363556874869631,0.0,0.0,5.080063120420596,-2.336256479582369,2.336256479582369
1762247871.7384512,8.449397489205792,4.376065000713154,0.0,0.0,5.128393056375527,-2.2902734354977516,2.2902734354977516
1762247871.7607625,8.306715103469918,4.388877783862191,0.0,0.0,5.202836022917234,-2.2056298219358927,2.2056298219358927
1762247871.789755,8.342888468846834,4.391976361830711,0.0,0.0,5.183798615229971,-2.231673835165084,2.231673835165084
1762247871.8093195,8.481876536376967,4.377635867631892,0.0,0.0,5.114992260517505,-2.313160218920356,2.313160218920356
1762247871.8298824,8.621822735813257,4.364731002230013,0.0,0.0,5.037290087320407,-2.398317577177159,2.398317577177159
1762247871.8554392,8.721253753173146,4.355336618861428,0.0,0.0,4.990025192148712,-2.4598103860149387,2.4598103860149387
1762247871.8790295,8.784014579052986,4.348686257640897,0.0,0.0,4.964604919829759,-2.4985812040793722,2.4985812040793722
1762247871.9007208,8.824838092503638,4.345974250989458,0.0,0.0,4.936265796840814,-2.5251514399753523,2.5251514399753523
1762247871.9263008,8.409550682870428,4.390618876752199,0.0,0.0,5.1581050632965635,-2.274634560291659,2.274634560291659
1762247871.9898517,7.96083137233095,4.43280822971383,0.0,0.0,5.398026843822103,-2.0195793344907074,2.0195793344907074
1762247872.0292296,7.690082768992463,4.446016916987384,0.0,0.0,5.554166138006957,-1.866720529821353,1.866720529821353
1762247872.0470426,7.5329910134394,4.450703050189057,0.0,0.0,5.647359392240826,-1.7793113806020067,1.7793113806020067
1762247872.0712104,7.371967321532697,4.439132888608974,0.0,0.0,5.738237963977484,-1.6789523721243562,1.6789523721243562
1762247872.093992,7.267961014047326,4.429514100948791,0.0,0.0,5.797210778671852,-1.6136997606287955,1.6136997606287955
1762247872.1217384,7.18937103010507,4.4144581840702575,0.0,0.0,5.841717123717427,-1.5585293007413472,1.5585293007413472
1762247872.1409924,7.126744651315704,4.402102043556721,0.0,0.0,5.8749171354505965,-1.5146470933665444,1.5146470933665444
1762247872.1658072,7.087186276598252,4.393321599812523,0.0,0.0,5.897651258848448,-1.486276451162886,1.486276451162886
1762247872.1944015,7.053087769661828,4.386690725168555,0.0,0.0,5.917748587256244,-1.4627277076741587,1.4627277076741587
1762247872.2215662,7.029739970623028,4.380323847966671,0.0,0.0,5.930817450712537,-1.4451044282298973,1.4451044282298973
1762247872.2454793,6.994442041404923,4.37472858543274,0.0,0.0,5.9503420855617515,-1.4219930505398186,1.4219930505398186
1762247872.2659693,6.956955045007461,4.368091011021451,0.0,0.0,5.972717735976716,-1.3969815705598323,1.3969815705598323
1762247872.2852576,6.938241534409859,4.3626387709153995,0.0,0.0,5.983313157588266,-1.3827073365593974,1.3827073365593974
1762247872.305085,6.909576653865183,4.3594072601638025,0.0,0.0,6.001697978298427,-1.3653047995665235,1.3653047995665235
1762247872.3286407,6.898157072224985,4.3536768614636685,0.0,0.0,6.007237903057178,-1.3545669511983505,1.3545669511983505
1762247872.3538675,6.901986319900244,4.350910999602551,0.0,0.0,6.003470691016527,-1.354129516706942,1.354129516706942
1762247872.3896596,6.890721352158007,4.350466591712424,0.0,0.0,6.011064937079446,-1.348028315171297,1.348028315171297
1762247872.4112215,6.891021954558544,4.347387351306442,0.0,0.0,6.009604178588228,-1.3455267809924245,1.3455267809924245
1762247872.4328175,6.9111927582646215,4.342612544168912,0.0,0.0,5.993740682135059,-1.3516739549311652,1.3516739549311652
1762247872.5284324,6.958327462115047,4.329226729376332,0.0,0.0,5.955870666458614,-1.3643734713637157,1.3643734713637157
1762247872.5511844,6.975570346548287,4.33060702130575,0.0,0.0,5.945437637568352,-1.3744759496038046,1.3744759496038046
1762247872.5719628,6.9923224448115215,4.330810593157424,0.0,0.0,5.935597812788581,-1.383349572399498,1.383349572399498
1762247872.5913637,6.987808272875998,4.33289532738615,0.0,0.0,5.9395277669249245,-1.382783145500444,1.382783145500444
1762247872.6154504,6.983904280543785,4.331406865040117,0.0,0.0,5.941561187205137,-1.3794833382122398,1.3794833382122398
1762247872.6349735,6.997154800429372,4.329505904815266,0.0,0.0,5.9317773148660535,-1.3847515056547828,1.3847515056547828
1762247872.6620085,6.999546904475785,4.329101834426561,0.0,0.0,5.9299872412413475,-1.3856531865091415,1.3856531865091415
1762247872.6869895,7.0146349233303855,4.328352450544183,0.0,0.0,5.919456220553604,-1.392892639695547,1.392892639695547
1762247872.7125418,7.025495949760797,4.33022387148309,0.0,0.0,5.912892575146454,-1.4001743166099092,1.4001743166099092
1762247872.7492037,7.025970678528105,4.326601101967004,0.0,0.0,5.911061927354121,-1.3973384995749603,1.3973384995749603
1762247872.770699,7.0231949949310355,4.325568662421772,0.0,0.0,5.912507283528615,-1.3950038289682825,1.3950038289682825
1762247872.796337,7.021865998153699,4.324647330042516,0.0,0.0,5.913021580817168,-1.3935225401163374,1.3935225401163374
1762247872.826511,7.028446561768955,4.325017329488186,0.0,0.0,5.908728832643101,-1.3972894541106808,1.3972894541106808
1762247872.849971,7.024401074158062,4.326248453048842,0.0,0.0,5.911975534335627,-1.3962150607262127,1.3962150607262127
1762247872.8719094,7.038243980989744,4.324748446168317,0.0,0.0,5.902002925562941,-1.402209350865328,1.402209350865328
1762247872.9010606,7.039297646522069,4.322035211316155,0.0,0.0,5.9001591620863545,-1.4004567006614341,1.4004567006614341
1762247872.9330575,7.04742254527244,4.323143924194026,0.0,0.0,5.895144358672807,-1.4056796121277153,1.4056796121277153
1762247872.959794,7.050545008173269,4.321120812197582,0.0,0.0,5.8921950319847305,-1.4056080998632376,1.4056080998632376
1762247872.9792671,7.064846224483894,4.323225966317079,0.0,0.0,5.883451225604353,-1.414953947578896,1.414953947578896
1762247873.0178144,7.038720318623436,4.325766113928405,0.0,0.0,5.90210639614091,-1.4033254024593511,1.4033254024593511
1762247873.0489588,7.024914449156445,4.327232195688162,0.0,0.0,5.912038705590341,-1.3973219070375449,1.3973219070375449
1762247873.0949602,7.001853113008865,4.32987565219823,0.0,0.0,5.92874575780355,-1.3875159001897253,1.3875159001897253
1762247873.1254318,6.98583649802492,4.329266749634956,0.0,0.0,5.939359891317375,-1.3786583296865556,1.3786583296865556
1762247873.1481636,6.9705225526442565,4.328871935849864,0.0,0.0,5.947881103510807,-1.3703765535651196,1.3703765535651196
1762247873.2009578,6.955069217399155,4.327263041794482,0.0,0.0,5.957297093959322,-1.361009533844713,1.361009533844713
1762247873.2256532,6.9388027147090146,4.327586097253853,0.0,0.0,5.968593575957945,-1.352905821090153,1.352905821090153
1762247873.2551422,6.928102272046344,4.329379490763818,0.0,0.0,5.976685693113547,-1.3489495148880937,1.3489495148880937
1762247873.2820258,6.9314085651251025,4.328943184740102,0.0,0.0,5.97423266720957,-1.3502713407844034,1.3502713407844034
1762247873.3342724,6.951747417555478,4.3284382791325795,0.0,0.0,5.960057574080266,-1.3603024356791142,1.3603024356791142
1762247873.3664105,6.975060064448623,4.327369748125517,0.0,0.0,5.944537595712429,-1.3714431565702236,1.3714431565702236
1762247873.4016695,6.990364926092761,4.327862476295827,0.0,0.0,5.935701301715899,-1.379813435314833,1.379813435314833
1762247873.4325578,7.008255389358963,4.325915039717733,0.0,0.0,5.92275993050479,-1.387479656591248,1.387479656591248
1762247873.5882297,7.086630013537445,4.32299436130595,0.0,0.0,5.8687291624397,-1.4263153558797828,1.4263153558797828
1762247873.7907171,7.126913554518936,4.3290924505740564,0.0,0.0,5.845846106216785,-1.452980717533915,1.452980717533915
1762247873.9658623,7.113605860704583,4.3232911613644,0.0,0.0,5.851460462153611,-1.440955065980594,1.440955065980594
1762247874.1381173,7.115900916457999,4.325191978995355,0.0,0.0,5.8508260977124324,-1.4437888432226569,1.4437888432226569
1762247874.1547482,7.1187492284948926,4.324889902415877,0.0,0.0,5.849043844888466,-1.4450582304379704,1.4450582304379704
1762247874.173677,7.124201755248159,4.324597800173419,0.0,0.0,5.845744744795586,-1.447732736139969,1.447732736139969
1762247874.1925004,7.116614852884285,4.3250553942369665,0.0,0.0,5.85035639209235,-1.4440555003802833,1.4440555003802833
1762247874.3752503,7.13011306896927,4.327269002335561,0.0,0.0,5.844121825759611,-1.4531574213549525,1.4531574213549525
1762247874.4007056,7.124967198446849,4.328166732113391,0.0,0.0,5.846635369315714,-1.4511560022563863,1.4511560022563863
1762247874.6160553,7.030630691057322,4.334078216042855,0.0,0.0,5.911030821962666,-1.4061487705336506,1.4061487705336506
1762247874.7538822,6.887109454224683,4.346372028856541,0.0,0.0,6.011894566683892,-1.3426679126445302,1.3426679126445302
1762247874.9667747,6.733193517900578,4.356701770759396,0.0,0.0,6.1219902314371515,-1.2750807742811587,1.2750807742811587
1762247874.9890335,6.716327466179819,4.357711920238861,0.0,0.0,6.13435520561195,-1.267753188058435,1.267753188058435
1762247875.0146081,6.699454310573428,4.35528035252335,0.0,0.0,6.1439425000834085,-1.2574463332620818,1.2574463332620818
1762247875.1456285,6.674090117290042,4.356855446117731,0.0,0.0,6.1626802301953365,-1.2465931971820448,1.2465931971820448
1762247875.173769,6.675911646767128,4.356942895969998,0.0,0.0,6.16140906906679,-1.2475457063876831,1.2475457063876831
1762247875.192667,6.676455187495916,4.355969937427333,0.0,0.0,6.160638558799657,-1.2469541298178801,1.2469541298178801
1762247875.2164166,6.673727100509092,4.355476420213294,0.0,0.0,6.1624004827614725,-1.245209463350248,1.245209463350248
1762247875.3058743,6.692146087150548,4.353478526543662,0.0,0.0,6.148429708160531,-1.2523356643434056,1.2523356643434056
1762247875.3338785,6.686660556994837,4.356615225278886,0.0,0.0,6.153584106267797,-1.252435053876765,1.252435053876765
1762247875.5629208,6.666166614118776,4.357365667485063,0.0,0.0,6.1685620356924105,-1.2432356932703688,1.2432356932703688
1762247875.5874012,6.651759257947477,4.360340969309355,0.0,0.0,6.180071213875026,-1.2389501069649678,1.2389501069649678
1762247875.7563062,6.595763820458932,4.3856544321462865,0.0,0.0,6.230265984690205,-1.2347247006949624,1.2347247006949624
1762247875.7813997,6.593240563391913,4.38876622253433,0.0,0.0,6.233290429308183,-1.2362889250886937,1.2362889250886937
1762247875.8063471,6.582103353728403,4.393825817020412,0.0,0.0,6.243298435898646,-1.2355468703073498,1.2355468703073498
1762247875.8238347,6.570871486571207,4.398285534132758,0.0,0.0,6.2518634336688885,-1.2342528348062671,1.2342528348062671
1762247875.8465033,6.56817864504574,4.396152839222277,0.0,0.0,6.2530096421498405,-1.2311117521172357,1.2311117521172357
1762247875.8667367,6.555243543556416,4.400569990763484,0.0,0.0,6.264107715423368,-1.2290150376127398,1.2290150376127398
1762247875.886628,6.543709208033874,4.404689367777024,0.0,0.0,6.274080502799244,-1.2273291519533966,1.2273291519533966
1762247875.9185998,6.540467042785874,4.407232122372598,0.0,0.0,6.277409621452924,-1.2280879347189906,1.2280879347189906
1762247875.9392512,6.515190111082368,4.41330359030986,0.0,0.0,6.298177617440691,-1.2218607868249447,1.2218607868249447
1762247875.9610157,6.490947661918539,4.418311146535626,0.0,0.0,6.317832484412632,-1.2152536190505643,1.2152536190505643
1762247875.983644,6.46608242051421,4.422638917219698,0.0,0.0,6.337736578423381,-1.2078453550247759,1.2078453550247759
1762247876.0029054,6.4354757771362054,4.427314355328748,0.0,0.0,6.360979982802242,-1.1982651154155848,1.1982651154155848
1762247876.021957,6.421241677146133,4.4322311627495035,0.0,0.0,6.373349416969874,-1.196309545023923,1.196309545023923
1762247876.0444803,6.403281905823765,4.434585834716945,0.0,0.0,6.387558809289192,-1.1904393596104954,1.1904393596104954
1762247876.0684826,6.398161793330282,4.437214018783214,0.0,0.0,6.392332768810322,-1.1905288816415465,1.1905288816415465
1762247876.0981343,6.3834429337251235,4.441834118729498,0.0,0.0,6.404987012504987,-1.188178475251111,1.188178475251111
1762247876.1335988,6.3590785093802875,4.443673881645537,0.0,0.0,6.4238474523280145,-1.1791405924020157,1.1791405924020157
1762247876.1854708,6.3549189332714775,4.442372571880526,0.0,0.0,6.42648477017843,-1.1761521735192368,1.1761521735192368
1762247876.209799,6.33376378263251,4.4462530407228495,0.0,0.0,6.442801106625248,-1.1704333435693464,1.1704333435693464
1762247876.2250774,6.331134298973794,4.448939190928134,0.0,0.0,6.445745613067315,-1.1717128368141594,1.1717128368141594
1762247876.248699,6.3213275101717885,4.449956881731175,0.0,0.0,6.453487875809174,-1.1683842348959643,1.1683842348959643
1762247876.269687,6.300558540143877,4.4501822232265615,0.0,0.0,6.4692204600638865,-1.159634549814341,1.159634549814341
1762247876.3151321,6.283859528312775,4.450081280187741,0.0,0.0,6.481799898302066,-1.152382718164545,1.152382718164545
1762247876.336731,6.264135400082175,4.449182571748255,0.0,0.0,6.496416480434441,-1.1431549956365716,1.1431549956365716
1762247876.356632,6.26586324104892,4.44893084581132,0.0,0.0,6.495016603601063,-1.1436625256681336,1.1436625256681336
1762247876.384271,6.247376183876342,4.448955773817351,0.0,0.0,6.509059069810731,-1.135836146369823,1.135836146369823
1762247876.4046333,6.234515120715337,4.450774258687174,0.0,0.0,6.519487207335818,-1.1320490005475752,1.1320490005475752
1762247876.441076,6.223996989464505,4.450666247358604,0.0,0.0,6.5274612821016404,-1.1275213384451641,1.1275213384451641
1762247876.4677324,6.211484390128971,4.450204783187598,0.0,0.0,6.536844586057345,-1.1218500963385645,1.1218500963385645
1762247876.5021503,6.203614604791928,4.449867587429777,0.0,0.0,6.542738131249567,-1.1182499105459653,1.1182499105459653
1762247876.5302749,6.20064540125031,4.449872808069515,0.0,0.0,6.544255196716263,-1.1170137919175225,1.1170137919175225
1762247876.550636,6.194397222630458,4.4505335194957,0.0,0.0,6.549274245892281,-1.1150066619332968,1.1150066619332968
1762247876.5729449,6.196199787416094,4.453066603732227,0.0,0.0,6.548780584784153,-1.1180606500241876,1.1180606500241876
1762247876.5961614,6.189315677693722,4.453327105430391,0.0,0.0,6.5541484528453795,-1.1154296434467483,1.1154296434467483
1762247876.6230218,6.183566132758672,4.4546622070132775,0.0,0.0,6.559025756677729,-1.1142533455107486,1.1142533455107486
1762247876.6530132,6.184627018276913,4.452555262945406,0.0,0.0,6.5574750496249115,-1.1127777104269174,1.1127777104269174
1762247876.693279,6.191207424873872,4.450638416992847,0.0,0.0,6.551756451214346,-1.1137727098148598,1.1137727098148598
1762247876.7508848,6.202091887747378,4.45257976579912,0.0,0.0,6.544097264672617,-1.1200774982441801,1.1200774982441801
1762247876.7725887,6.210734315630752,4.455421952331698,0.0,0.0,6.539258948547989,-1.1262734612898815,1.1262734612898815
1762247876.799671,6.207387622341178,4.454741617980918,0.0,0.0,6.541574347183923,-1.124255107507162,1.124255107507162
1762247876.8190527,6.205676482988508,4.451951280205955,0.0,0.0,6.541897382141949,-1.1210048714861651,1.1210048714861651
1762247876.8400877,6.20029834228196,4.448807377896293,0.0,0.0,6.544147128432261,-1.1159007967834431,1.1159007967834431
1762247876.870016,6.187619227580467,4.452117228501299,0.0,0.0,6.5550261446068925,-1.1136235947201178,1.1136235947201178
1762247876.8924973,6.187610320957859,4.45178096791616,0.0,0.0,6.55491529617055,-1.113314110827788,1.113314110827788
1762247876.9131143,6.191559050862261,4.449149670210746,0.0,0.0,6.55096522580879,-1.1125657962078983,1.1125657962078983
1762247876.9333599,6.188032870928465,4.447353334987319,0.0,0.0,6.553040706033694,-1.109464023924419,1.109464023924419
1762247876.9557412,6.190393309330994,4.445973829755689,0.0,0.0,6.550746195814184,-1.109193048330061,1.109193048330061
1762247876.9953523,6.186770272803684,4.444812781892666,0.0,0.0,6.5531194571048585,-1.1066284610387245,1.1066284610387245
1762247877.0245025,6.180851424160249,4.440824833288345,0.0,0.0,6.556267647348161,-1.1005394022781159,1.1005394022781159
1762247877.0584536,6.17895968025327,4.4411361000859735,0.0,0.0,6.557830546261498,-1.1000360901627002,1.1000360901627002
1762247877.0784447,6.177636577336645,4.442300641600194,0.0,0.0,6.559255360572145,-1.1005456559928446,1.1005456559928446
1762247877.1084569,6.176504778050043,4.443362603834699,0.0,0.0,6.560497100541437,-1.1010417365466545,1.1010417365466545
1762247877.1451898,6.181379310416436,4.444378807372067,0.0,0.0,6.5571070492459,-1.103991121376483,1.103991121376483
1762247877.1672864,6.1849135528538,4.443696511567682,0.0,0.0,6.554153698438629,-1.1048406396725063,1.1048406396725063
1762247877.1908083,6.194594660300584,4.443882426146628,0.0,0.0,6.546790011381818,-1.1090441956186141,1.1090441956186141
1762247877.2249596,6.1828536118533055,4.44467698235392,0.0,0.0,6.556079088107027,-1.1048752826483539,1.1048752826483539
1762247877.2537222,6.184753802658621,4.445227120484137,0.0,0.0,6.5548126585296425,-1.1061659698129918,1.1061659698129918
1762247877.295285,6.185368626028322,4.4447692021925125,0.0,0.0,6.554180187743317,-1.106005411185096,1.106005411185096
1762247877.3202996,6.195195839155273,4.443592372413134,0.0,0.0,6.546227178046322,-1.1090315286956938,1.1090315286956938
1762247877.3434622,6.198993031980441,4.444207719886283,0.0,0.0,6.5435322775222655,-1.1111764649013196,1.1111764649013196
1762247877.3653338,6.194906716174738,4.441993093480405,0.0,0.0,6.545887352217147,-1.10745756702729,1.10745756702729
1762247877.3872433,6.197356547581225,4.444065328875549,0.0,0.0,6.544736622556067,-1.1103634560798683,1.1103634560798683
1762247877.4170253,6.208280609230698,4.44426801756985,0.0,0.0,6.537194292347657,-1.1151172130160563,1.1151172130160563
1762247877.4490871,6.208481434172003,4.442725316663371,0.0,0.0,6.5364953762082525,-1.1138006284161055,1.1138006284161055
1762247877.5347013,6.213878459113424,4.450243404998456,0.0,0.0,6.535030419529029,-1.1228886780442078,1.1228886780442078
1762247877.5703776,6.208871344396016,4.450250023788075,0.0,0.0,6.538856221225015,-1.1207966658179802,1.1207966658179802
1762247877.6131444,6.215908681213108,4.447783336959767,0.0,0.0,6.53261100847859,-1.1215072283406924,1.1215072283406924
1762247877.7224095,6.208462261286109,4.44826098688941,0.0,0.0,6.5384663508243,-1.1188191074118008,1.1188191074118008
1762247877.743216,6.1929624537951415,4.44766645501296,0.0,0.0,6.549369152635451,-1.1118024789230843,1.1118024789230843
1762247877.768566,6.189094383538048,4.445090830703143,0.0,0.0,6.551433229394771,-1.10784914833242,1.10784914833242
1762247877.78739,6.180532715758162,4.446713601867481,0.0,0.0,6.558574684595356,-1.1057629210847706,1.1057629210847706
1762247877.807902,6.190292980281702,4.446027093238448,0.0,0.0,6.5508418389777,-1.1091996608476595,1.1091996608476595
1762247877.8502445,6.190285485782697,4.44688117301692,0.0,0.0,6.55114699139398,-1.1099729491544963,1.1099729491544963
1762247877.8804123,6.188098018848472,4.445832705384514,0.0,0.0,6.552457866768483,-1.1081086114749181,1.1081086114749181
1762247877.8982165,6.1898643717694855,4.446350653716469,0.0,0.0,6.551284089131391,-1.1093152185651836,1.1093152185651836
1762247877.9184988,6.193090284989831,4.444687223486064,0.0,0.0,6.548226179997802,-1.109147956010065,1.109147956010065
1762247877.9373608,6.192322452172807,4.446065789103682,0.0,0.0,6.549298663488241,-1.1100807356390838,1.1100807356390838
1762247877.9647927,6.185097181772793,4.447911841705962,0.0,0.0,6.555489312057631,-1.1087502014898114,1.1087502014898114
1762247877.9845555,6.18674526063866,4.4488557442447725,0.0,0.0,6.55455496400131,-1.1102941841842382,1.1102941841842382
1762247878.0034778,6.183275159708009,4.448075330468226,0.0,0.0,6.556945250706217,-1.1081412218738271,1.1081412218738271
1762247878.0206325,6.180495992308409,4.446647919542195,0.0,0.0,6.558579906801925,-1.1056879185446862,1.1056879185446862
1762247878.0455234,6.180799493530636,4.44395205270874,0.0,0.0,6.557403027841975,-1.1033619678469162,1.1033619678469162
1762247878.0866442,6.17464790099826,4.4431323327718255,0.0,0.0,6.561844127197646,-1.1000615314121054,1.1000615314121054
1762247878.1224644,6.164409235926882,4.443082784022371,0.0,0.0,6.569704820207444,-1.0957742678772346,1.0957742678772346
1762247878.153873,6.158168731107812,4.445367843637504,0.0,0.0,6.575308683144181,-1.0952760749004669,1.0952760749004669
1762247878.189466,6.159967509750643,4.446793527266167,0.0,0.0,6.574420191683717,-1.0973172635119515,1.0973172635119515
1762247878.217252,6.163749373001222,4.446111967126953,0.0,0.0,6.571270380266162,-1.0982593259570232,1.0982593259570232
1762247878.2485485,6.169002166457958,4.445479599847786,0.0,0.0,6.5670070766053925,-1.0998572294802715,1.0998572294802715
1762247878.3134232,6.1663803958190755,4.446832604659274,0.0,0.0,6.569496853058683,-1.1000036295675009,1.1000036295675009
1762247878.338487,6.155052091967333,4.446465297451212,0.0,0.0,6.578092789941359,-1.0949898135410305,1.0949898135410305
1762247878.36118,6.151916159033891,4.44940270394078,0.0,0.0,6.581532665863052,-1.096373810697241,1.096373810697241
1762247878.38626,6.15872764960709,4.44925006326781,0.0,0.0,6.576231337921291,-1.0990428638314291,1.0990428638314291
1762247878.4201136,6.1624764613744505,4.4528105101263895,0.0,0.0,6.574585781893236,-1.1038333240460456,1.1038333240460456
1762247878.4480531,6.168323256439327,4.454445175353301,0.0,0.0,6.570658031669022,-1.1077380539957031,1.1077380539957031
1762247878.4721,6.168263195031946,4.452753960599926,0.0,0.0,6.570114528879567,-1.1061734312314317,1.1061734312314317
1762247878.5043774,6.169042195495383,4.450987784262736,0.0,0.0,6.5688993863853,-1.1048878142245282,1.1048878142245282
1762247878.546479,6.168048959735318,4.451875807710711,0.0,0.0,6.56997300884121,-1.1052853115378292,1.1052853115378292
1762247878.585092,6.168676687362716,4.451902859597864,0.0,0.0,6.569499709439278,-1.105569632260715,1.105569632260715
1762247878.6082418,6.180724422940243,4.451766809537361,0.0,0.0,6.560194869860826,-1.1104392859844177,1.1104392859844177
1762247878.6321876,6.181239904608885,4.450810467571058,0.0,0.0,6.559464730236832,-1.1097833629506693,1.1097833629506693
1762247878.6680903,6.183504242993766,4.448000368294867,0.0,0.0,6.556743135148866,-1.108168283354613,1.108168283354613
1762247878.7009304,6.198872694093294,4.445893084948177,0.0,0.0,6.544216369218642,-1.1126574175854573,1.1126574175854573
1762247878.7361345,6.19073405033509,4.44698623141265,0.0,0.0,6.550839725819625,-1.1102553535044926,1.1102553535044926
1762247878.7857845,6.190304443046443,4.447192247523981,0.0,0.0,6.551241484157035,-1.1102636376773367,1.1102636376773367
1762247878.8073852,6.178469603219774,4.449243248630611,0.0,0.0,6.561044284148162,-1.1072073910201545,1.1072073910201545
1762247878.8247828,6.198108240290425,4.447590274834733,0.0,0.0,6.545397927684148,-1.1138802378931678,1.1138802378931678
1762247878.8418,6.223029943084739,4.441624646857696,0.0,0.0,6.524995663210388,-1.1189119960099827,1.1189119960099827
1762247878.8657246,6.234585288055728,4.434114692950316,0.0,0.0,6.513516132705466,-1.1169771343088826,1.1169771343088826
1762247878.9023497,6.266547119422192,4.42831404128288,0.0,0.0,6.487129871640049,-1.1253046366058104,1.1253046366058104
1762247878.9203556,6.2925955469313966,4.423075955590731,0.0,0.0,6.465500180697276,-1.1317387050518637,1.1317387050518637
1762247878.938824,6.32451617516864,4.4175708243390615,0.0,0.0,6.440268233242466,-1.1405812617253241,1.1405812617253241
1762247878.9596975,6.354768403158919,4.409778618895194,0.0,0.0,6.414689916542987,-1.1467818991540752,1.1467818991540752
1762247878.9808125,6.380582504597531,4.407197320556533,0.0,0.0,6.394411782964696,-1.1558328235651867,1.1558328235651867
1762247879.0188308,6.405850190611235,4.4058832211803365,0.0,0.0,6.375069408667478,-1.1658642014646936,1.1658642014646936
1762247879.051519,6.384592957541558,4.414423205466653,0.0,0.0,6.394074988739525,-1.1640872017901676,1.1640872017901676
1762247879.0932446,6.3592950383343165,4.419642353877933,0.0,0.0,6.414910509634346,-1.1576316077333384,1.1576316077333384
1762247879.1213367,6.348004925710945,4.424715335080817,0.0,0.0,6.4252265431492095,-1.157248657928819,1.157248657928819
1762247879.1460567,6.333365230647051,4.430317291291003,0.0,0.0,6.43825476942115,-1.1559073111732416,1.1559073111732416
1762247879.1718535,6.359565935285764,4.4282455008723245,0.0,0.0,6.417854294917955,-1.1654824000613755,1.1654824000613755
1762247879.2072911,6.386053813161896,4.42573158100454,0.0,0.0,6.397140366860278,-1.17487731571395,1.17487731571395
1762247879.2308815,6.404701868269325,4.4207065157297984,0.0,0.0,6.381395961177239,-1.178630711422762,1.178630711422762
1762247879.25317,6.408278210974891,4.420630711217831,0.0,0.0,6.378706500916141,-1.1801520378359627,1.1801520378359627
1762247879.280126,6.420766661596314,4.418443228086104,0.0,0.0,6.368614512212923,-1.1837560733583423,1.1837560733583423
1762247879.314855,6.413655031762272,4.420152499739719,0.0,0.0,6.374531019411045,-1.182116093995586,1.182116093995586
1762247879.3570418,6.385595341718346,4.427379987494831,0.0,0.0,6.398087351043798,-1.1761539260128824,1.1761539260128824
1762247879.3766465,6.375658376797191,4.43372059900652,0.0,0.0,6.407826291402761,-1.1774669876496575,1.1774669876496575
1762247879.4075208,6.339786330322436,4.437770799626533,0.0,0.0,6.436146253601192,-1.1654121739003047,1.1654121739003047
1762247879.4339657,6.315035316852354,4.442457392730003,0.0,0.0,6.455528677939198,-1.1589019425803806,1.1589019425803806
1762247879.4947639,6.270980686759098,4.445556659439883,0.0,0.0,6.48993350636849,-1.1427904651169767,1.1427904651169767
1762247879.52014,6.251295734230133,4.447130918643641,0.0,0.0,6.505431618997337,-1.1358440594148222,1.1358440594148222
1762247879.5463984,6.233617253728566,4.449500308465561,0.0,0.0,6.519719034782846,-1.1305152146312727,1.1305152146312727
1762247879.58081,6.220110291150426,4.453861623101736,0.0,0.0,6.531554739427598,-1.1287877898053555,1.1287877898053555
1762247879.612645,6.2165896049260185,4.454825360422601,0.0,0.0,6.534580311219255,-1.128185207579065,1.128185207579065
1762247879.648259,6.213011284547027,4.455478996974054,0.0,0.0,6.5375412020790815,-1.1272788065786965,1.1272788065786965
1762247879.6686113,6.206298144842704,4.455378690177844,0.0,0.0,6.54263107931598,-1.1243781891978222,1.1243781891978222
1762247879.7122464,6.204711560340371,4.454301577706942,0.0,0.0,6.542696115829042,-1.1227364450844728,1.1227364450844728
1762247879.7341464,6.195787378715911,4.454361028903353,0.0,0.0,6.549550025598028,-1.1190652373047756,1.1190652373047756
1762247879.7628467,6.182503727093255,4.455522219586773,0.0,0.0,6.560141531747018,-1.1145944633909899,1.1145944633909899
1762247879.784712,6.16933628611372,4.456808464821565,0.0,0.0,6.570702997591813,-1.1103087232908633,1.1103087232908633
1762247879.8086462,6.160184869614977,4.4566663439651295,0.0,0.0,6.577691745965738,-1.1063997626384596,1.1063997626384596
1762247879.8337338,6.139951119241026,4.455187104553482,0.0,0.0,6.592770247475891,-1.0967300073522863,1.0967300073522863
1762247879.874115,6.1315704913129965,4.456356703125265,0.0,0.0,6.599645723650828,-1.0943648326608497,1.0943648326608497
1762247879.916205,6.125970635840241,4.459557076568598,0.0,0.0,6.605079074637048,-1.0949979456558134,1.0949979456558134
1762247879.9522338,6.11086056084672,4.457803630879664,0.0,0.0,6.61616227974482,-1.087242500068188,1.087242500068188
1762247879.985665,6.103415097831748,4.454364587049183,0.0,0.0,6.620745966624813,-1.0810764840380158,1.0810764840380158
1762247880.0101562,6.086899984253091,4.45205756256742,0.0,0.0,6.632770961236588,-1.072282332035221,1.072282332035221
1762247880.026525,6.07560748901762,4.452728289630799,0.0,0.0,6.641782268239603,-1.068344031310804,1.068344031310804
1762247880.0470245,6.07170601031563,4.453516180005275,0.0,0.0,6.644478492742359,-1.0674964246101468,1.0674964246101468
1762247880.0653605,6.070791938086211,4.452805363834524,0.0,0.0,6.644948562311745,-1.0664782041116028,1.0664782041116028
1762247880.0813427,6.067388902327488,4.453673456514752,0.0,0.0,6.647897739793488,-1.0659066040130016,1.0659066040130016
1762247880.1048555,6.064280543511457,4.451176809003809,0.0,0.0,6.649471655196868,-1.0623725533153539,1.0623725533153539
1762247880.1336071,6.058581350714448,4.454616106025723,0.0,0.0,6.65509033242815,-1.0632401753423197,1.0632401753423197
1762247880.1557019,6.054337763093899,4.451045980942733,0.0,0.0,6.657190037441077,-1.058270463369176,1.058270463369176
1762247880.17871,6.057363363593931,4.452159012525695,0.0,0.0,6.65520545958462,-1.0605009838113142,1.0605009838113142
1762247880.205917,6.059595546409802,4.455217165461343,0.0,0.0,6.654503149581148,-1.0641969474415167,1.0641969474415167
1762247880.2431118,6.058603097836688,4.455872459753094,0.0,0.0,6.655500588939458,-1.0644002324351904,1.0644002324351904
1762247880.283623,6.053608574901006,4.454997678238892,0.0,0.0,6.659102927743423,-1.0616011579212696,1.0616011579212696
1762247880.3219502,6.048721967625493,4.4552678104488805,0.0,0.0,6.663012497099443,-1.0598975428481663,1.0598975428481663
1762247880.3586729,6.046634244961548,4.454780043116559,0.0,0.0,6.664478800191605,-1.0586174826111157,1.0586174826111157
1762247880.481044,6.0309101475588704,4.452067305820892,0.0,0.0,6.675865198560161,-1.0498721749727022,1.0498721749727022
1762247880.502589,6.0249456450004635,4.449227980631765,0.0,0.0,6.679579650969763,-1.0448995851316893,1.0448995851316893
1762247880.522304,6.016458912588911,4.44906761641435,0.0,0.0,6.686184525654612,-1.0413922128089423,1.0413922128089423
1762247880.5610254,6.017016806204668,4.44566742361133,0.0,0.0,6.684597633435385,-1.0384899724504328,1.0384899724504328
1762247880.5884614,6.012547501322574,4.445282767934621,0.0,0.0,6.687978168731714,-1.0363695087671634,1.0363695087671634
1762247880.6302388,6.024271606121067,4.44716224312134,0.0,0.0,6.679409382707411,-1.0427358991236417,1.0427358991236417
1762247880.6519494,6.0078369761850725,4.445581218662961,0.0,0.0,6.691781024716498,-1.0347837979778796,1.0347837979778796
1762247880.6679027,6.005933649042438,4.4485349879970135,0.0,0.0,6.694273453899803,-1.0367476031062421,1.0367476031062421
1762247880.7059762,6.003797153586593,4.448313919693137,0.0,0.0,6.695878831125875,-1.0357025606994683,1.0357025606994683
1762247880.7443776,5.997416195609474,4.44724562786739,0.0,0.0,6.700539440013777,-1.032209229132529,1.032209229132529
1762247880.776226,5.997026889058066,4.445428121133659,0.0,0.0,6.700233994866718,-1.0303850485200767,1.0303850485200767
1762247880.7976146,5.998020403341476,4.44489429303888,0.0,0.0,6.699272036009718,-1.0302850091179423,1.0302850091179423
1762247880.8180773,5.999839399465963,4.445116047797109,0.0,0.0,6.697914945420744,-1.031204638645551,1.031204638645551
1762247880.8381999,5.989289831926034,4.445106560094019,0.0,0.0,6.706220594286672,-1.0270503769566532,1.0270503769566532
1762247880.8581083,5.975958870279953,4.444104539481959,0.0,0.0,6.71640112621094,-1.0209088342831367,1.0209088342831367
1762247880.8833237,5.986551438177309,4.447876916243382,0.0,0.0,6.709310118323867,-1.0285252473855164,1.0285252473855164
1762247880.9079285,5.9849126166339985,4.448468794910688,0.0,0.0,6.71080085161257,-1.0284278542282557,1.0284278542282557
1762247880.9353955,5.973767240429769,4.447176497488786,0.0,0.0,6.719161848154408,-1.0228809229975064,1.0228809229975064
1762247880.9561996,5.969549831841559,4.449465232975901,0.0,0.0,6.7232594994240795,-1.0233435744368573,1.0233435744368573
1762247880.9835122,5.9754665184331905,4.448317100401768,0.0,0.0,6.71820236987265,-1.024594411752929,1.024594411752929
1762247881.0123262,5.97298995618701,4.446973552899006,0.0,0.0,6.71970771071115,-1.022390711240718,1.022390711240718
1762247881.0345676,5.975104567079325,4.445431787947686,0.0,0.0,6.717520910817707,-1.0217968649834952,1.0217968649834952
1762247881.0684855,5.979224359681099,4.442214783843344,0.0,0.0,6.713188527298486,-1.02044631555633,1.02044631555633
1762247881.1005619,5.980436844386957,4.441838968055106,0.0,0.0,6.712105173987249,-1.0205749491191574,1.0205749491191574
1762247881.123147,5.98135487347262,4.4433932964030305,0.0,0.0,6.7119027434181575,-1.0223645975301974,1.0223645975301974
1762247881.1616328,5.980334849074186,4.444282061252444,0.0,0.0,6.713006169154964,-1.0227832796462182,1.0227832796462182
1762247881.181255,5.973071597316502,4.443775659688403,0.0,0.0,6.71857130510387,-1.0194783571643466,1.0194783571643466
1762247881.2093587,5.967137802377686,4.4438952914674665,0.0,0.0,6.723301012497173,-1.0172740146369075,1.0172740146369075
1762247881.2322557,5.957484067441975,4.443904715944061,0.0,0.0,6.730941824890063,-1.0135263780899382,1.0135263780899382
1762247881.2712154,5.95957783752868,4.442431453174937,0.0,0.0,6.728791684115615,-1.0129827723244622,1.0129827723244622
1762247881.3104417,5.964801319502142,4.443703066252146,0.0,0.0,6.7250842717628805,-1.0161867884066222,1.0161867884066222
1762247881.344686,5.960744799288107,4.44277028754324,0.0,0.0,6.7279814196717656,-1.0137487763654365,1.0137487763654365
1762247881.6512735,5.963341024304669,4.4438008902031605,0.0,0.0,6.7262720815580215,-1.01570836294015,1.01570836294015
1762247881.857099,5.96826486955811,4.445720110818352,0.0,0.0,6.7230211573962055,-1.019393789562779,1.019393789562779
1762247882.0012462,5.962078041622729,4.444432231922861,0.0,0.0,6.727482488518747,-1.015798460711112,1.015798460711112
1762247882.083683,5.961939263831593,4.446313928916061,0.0,0.0,6.728221659689757,-1.0174779728833971,1.0174779728833971
1762247882.113618,5.957865659423281,4.442492880156999,0.0,0.0,6.730167663710213,-1.012373769533484,1.012373769533484
1762247882.1404128,5.950552582769507,4.441803598095433,0.0,0.0,6.735730367331264,-1.0088995188264898,1.0088995188264898
1762247882.1738262,5.952366452823946,4.438742110164297,0.0,0.0,6.733269718293225,-1.0067815744149047,1.0067815744149047
1762247882.1959884,5.953058556342221,4.438905726835605,0.0,0.0,6.732775909217959,-1.0072010346863753,1.0072010346863753
1762247882.2185597,5.957773721894826,4.439661873247263,0.0,0.0,6.729293437822759,-1.0097296501457012,1.0097296501457012
1762247882.2408128,5.961788183456184,4.441238984845414,0.0,0.0,6.726643196930556,-1.012744086694143,1.012744086694143
1762247882.2674818,5.961364341093333,4.442172547368832,0.0,0.0,6.727291099709355,-1.0134391399619802,1.0134391399619802
1762247882.2945035,5.966378701004646,4.439166605621102,0.0,0.0,6.722316894998239,-1.0126234301579662,1.0126234301579662
1762247882.3234322,5.968215607249152,4.438602171562752,0.0,0.0,6.720674739516071,-1.012820016719855,1.012820016719855
1762247882.4534066,5.970247174474085,4.442862813967845,0.0,0.0,6.720497094745607,-1.0175356150399408,1.0175356150399408
1762247882.540797,5.959854638324424,4.4405892757822105,0.0,0.0,6.727956156009454,-1.0113932726295343,1.0113932726295343
1762247882.570085,5.95767249084621,4.441843125803819,0.0,0.0,6.730103307167429,-1.0117000198037505,1.0117000198037505
1762247882.59783,5.960551436545214,4.441599127288938,0.0,0.0,6.727742560516938,-1.012594638628544,1.012594638628544
1762247882.690286,5.965313173165035,4.440444926525748,0.0,0.0,6.723588190886224,-1.0133853826154966,1.0133853826154966
1762247882.7172666,5.964643781563202,4.439818905970757,0.0,0.0,6.723908006563381,-1.012548023773987,1.012548023773987
1762247882.7370727,5.971782400813671,4.44293620030791,0.0,0.0,6.719308429509594,-1.0182022477263437,1.0182022477263437
1762247882.7601817,5.9732512940120515,4.443550397972224,0.0,0.0,6.718353807035768,-1.019341133806238,1.019341133806238
1762247882.789865,5.983640436163733,4.439890761543644,0.0,0.0,6.708921998965119,-1.0200370867359367,1.0200370867359367
1762247882.821329,5.987931147146977,4.438180317185813,0.0,0.0,6.704961339979673,-1.0201465304637152,1.0201465304637152
1762247882.8581786,5.99646175281232,4.43918406892229,0.0,0.0,6.698575123100147,-1.024422080232015,1.024422080232015
1762247882.888986,5.998168279055335,4.440940819428006,0.0,0.0,6.697823315219111,-1.0267086748819336,1.0267086748819336
1762247882.9069104,6.00207553891597,4.442733126337175,0.0,0.0,6.695351851630313,-1.02989484849187,1.02989484849187
1762247882.931607,5.9906274774408095,4.437935574770861,0.0,0.0,6.702752521203412,-1.0209802465666589,1.0209802465666589
1762247882.9544194,5.995745638176441,4.442074897062099,0.0,0.0,6.700113533209819,-1.0267981365077472,1.0267981365077472
1762247882.9759307,6.00512284921751,4.448928673477319,0.0,0.0,6.69504357939758,-1.0367898882187059,1.0367898882187059
1762247882.9978836,6.0117080435626535,4.4520629110870225,0.0,0.0,6.690925665928461,-1.0422670584738858,1.0422670584738858
1762247883.0217667,6.004142194474079,4.450394680935555,0.0,0.0,6.69630850196521,-1.0377510215838832,1.0377510215838832
1762247883.051743,6.007340383356497,4.451610007215023,0.0,0.0,6.694204075929518,-1.04012815343619,1.04012815343619
1762247883.082605,6.005652449722944,4.453786304953032,0.0,0.0,6.696263482618414,-1.0414633307276135,1.0414633307276135
1762247883.1085682,6.009812890059354,4.455316779608762,0.0,0.0,6.693510489890562,-1.0445094539306776,1.0445094539306776
1762247883.1348681,6.020081776155416,4.449863673222094,0.0,0.0,6.683610006783327,-1.043556577333491,1.043556577333491
1762247883.1572776,6.02829748315386,4.4503387716208245,0.0,0.0,6.677327567439158,-1.0472486539969725,1.0472486539969725
1762247883.1793947,6.043598302879355,4.437412297541555,0.0,0.0,6.6609514244846135,-1.0414810176952194,1.0414810176952194
1762247883.2090952,6.06534886525746,4.426620121649561,0.0,0.0,6.640811371583855,-1.0403149740262163,1.0403149740262163
1762247883.237353,6.080660048579619,4.42062183553727,0.0,0.0,6.626794803752567,-1.0410074146903583,1.0410074146903583
1762247883.2645943,6.099199552480287,4.412837188394192,0.0,0.0,6.6096527539124565,-1.04142217680292,1.04142217680292
1762247883.2924619,6.123119690681093,4.410495719660688,0.0,0.0,6.590243427382493,-1.0490676612785408,1.0490676612785408
1762247883.3228762,6.146210791044297,4.405797316876182,0.0,0.0,6.570699028733293,-1.0543004742694047,1.0543004742694047
1762247883.3464904,6.156469372079789,4.405354781749771,0.0,0.0,6.562607405602059,-1.0581467227629044,1.0581467227629044
1762247883.369428,6.173938000207237,4.40160393553891,0.0,0.0,6.547794258637266,-1.0620028622060853,1.0620028622060853
1762247883.3922472,6.190695572718619,4.3987913546054855,0.0,0.0,6.534544312105168,-1.0664574959601434,1.0664574959601434
1762247883.4168396,6.213853446391364,4.391850187797599,0.0,0.0,6.514283593595239,-1.0699107759566395,1.0699107759566395
1762247883.4646225,6.22949348969711,4.389134195962311,0.0,0.0,6.501326646842686,-1.0740763405722746,1.0740763405722746
1762247883.4831586,6.242110656233089,4.388565875496622,0.0,0.0,6.4914724954508936,-1.078930190726876,1.078930190726876
1762247883.5069022,6.248863464159306,4.388107694057319,0.0,0.0,6.486149407560376,-1.0813970954290457,1.0813970954290457
1762247883.5353203,6.249565748524727,4.388217707220111,0.0,0.0,6.48565288061682,-1.081796545112182,1.081796545112182
1762247883.5889227,6.261750892357826,4.384815171329486,0.0,0.0,6.475128922536676,-1.0839370490597149,1.0839370490597149
1762247883.6278687,6.274904665673804,4.383468607941362,0.0,0.0,6.464622059105448,-1.08837354855025,1.08837354855025
1762247883.6595073,6.281316703993197,4.383168306908479,0.0,0.0,6.459635131408088,-1.090865907140474,1.090865907140474
1762247883.6847813,6.288051369669124,4.383305918122604,0.0,0.0,6.454566085429318,-1.0938978576270744,1.0938978576270744
1762247883.7041113,6.285285680009955,4.383676819927848,0.0,0.0,6.456802287582089,-1.0930375923509446,1.0930375923509446
1762247883.7238557,6.289807702762192,4.380808837458526,0.0,0.0,6.452324776390737,-1.0924056011613497,1.0924056011613497
1762247883.7434855,6.294986977425692,4.383167263113392,0.0,0.0,6.4492488898315505,-1.0967732337267442,1.0967732337267442
1762247883.7677212,6.306038715761483,4.382004505512119,0.0,0.0,6.441227291335296,-1.1005191806899526,1.1005191806899526
1762247883.7929308,6.306329865696543,4.380381950436899,0.0,0.0,6.440413031165629,-1.0991843173609512,1.0991843173609512
1762247883.8220627,6.3067187803518445,4.381820402698139,0.0,0.0,6.440645322050728,-1.1006488536510026,1.1006488536510026
1762247883.8451855,6.311389972109869,4.382697632226457,0.0,0.0,6.43743334319673,-1.1034698907540754,1.1034698907540754
1762247883.9065344,6.31037499503594,4.383276313503916,0.0,0.0,6.438412711577217,-1.1035494528432581,1.1035494528432581
1762247883.9360468,6.310097275129466,4.386426497506829,0.0,0.0,6.439775658249825,-1.1062655268041914,1.1062655268041914
1762247883.9551418,6.315003178895252,4.384885068773395,0.0,0.0,6.435503470234069,-1.1070118419389223,1.1070118419389223
1762247883.973784,6.316517874478532,4.381757997643579,0.0,0.0,6.433213044506111,-1.1048567339651734,1.1048567339651734
1762247884.0358565,6.310339248250944,4.38294600338532,0.0,0.0,6.43831880148016,-1.1032364714408351,1.1032364714408351
1762247884.0826511,6.31089741892817,4.385025464937516,0.0,0.0,6.438658035749657,-1.105351731911385,1.105351731911385
1762247884.1255913,6.299756089985922,4.392269298622947,0.0,0.0,6.448937642525198,-1.10704280105206,1.10704280105206
1762247884.1456814,6.282781422741589,4.402511332777929,0.0,0.0,6.465523161808473,-1.1089522914407566,1.1089522914407566
1762247884.1723883,6.274104034318,4.4093823645897325,0.0,0.0,6.474590974201439,-1.1114281440006004,1.1114281440006004
1762247884.2022038,6.261443922434384,4.417423704394403,0.0,0.0,6.487103806451276,-1.1132779647639233,1.1132779647639233
1762247884.2330236,6.244215850215527,4.422288150142053,0.0,0.0,6.501959549129621,-1.1103443946176101,1.1103443946176101
1762247884.2558331,6.218535738923073,4.431046726393909,0.0,0.0,6.5246733575765115,-1.107425092292048,1.107425092292048
1762247884.2847197,6.20726788846105,4.434547091062855,0.0,0.0,6.534529140619337,-1.1058670357699685,1.1058670357699685
1762247884.3090703,6.203729325740051,4.4379892066895765,0.0,0.0,6.538454597818746,-1.1075093716706639,1.1075093716706639
1762247884.328017,6.1904476759293985,4.444656354221404,0.0,0.0,6.5502425088094505,-1.1080180868228338,1.1080180868228338
1762247884.346132,6.18308584679362,4.451462513686575,0.0,0.0,6.558275658831145,-1.111143319674138,1.111143319674138
1762247884.3670003,6.172284252822274,4.4553644752093415,0.0,0.0,6.567933997572841,-1.1102139139914973,1.1102139139914973
1762247884.6096318,6.1050445686988155,4.4516955110383485,0.0,0.0,6.618562635314269,-1.079298469818577,1.079298469818577
1762247884.7192109,6.095938177896672,4.4552526519452265,0.0,0.0,6.626851067102152,-1.0788586041577246,1.0788586041577246
1762247884.7479498,6.091709011568544,4.455110401374313,0.0,0.0,6.6300847805534975,-1.0770178713654521,1.0770178713654521
1762247884.7712736,6.090814592856697,4.458531613038635,0.0,0.0,6.631954504138384,-1.0797859001268113,1.0797859001268113
1762247884.791778,6.081225485505325,4.457763408522331,0.0,0.0,6.63913934156588,-1.0752149084315885,1.0752149084315885
1762247884.8109832,6.070630718056513,4.456351126991812,0.0,0.0,6.646282965818722,-1.0696605274173394,1.0696605274173394
1762247884.8381195,6.078901803885485,4.457187034195767,0.0,0.0,6.640748177757321,-1.073751600219218,1.073751600219218
1762247884.8601348,6.083016527204857,4.455860248220054,0.0,0.0,6.637094605120201,-1.0741948710583176,1.0741948710583176
1762247884.8829255,6.081201337039571,4.456840149027808,0.0,0.0,6.63884156920958,-1.0743601494745847,1.0743601494745847
1762247884.9187515,6.078538050561256,4.455329058193783,0.0,0.0,6.6403941777114115,-1.0719044047494946,1.0719044047494946
1762247884.955771,6.076599130092144,4.4546085241790445,0.0,0.0,6.641655271433426,-1.070464357297431,1.070464357297431
1762247884.9760447,6.080477232122752,4.4571951586154155,0.0,0.0,6.639526159854928,-1.0743934049262929,1.0743934049262929
1762247885.0074046,6.0823568203408325,4.456695105984906,0.0,0.0,6.637893713708803,-1.0746929926497355,1.0746929926497355
1762247885.0732808,6.079370990417979,4.454985980608943,0.0,0.0,6.639628814361025,-1.071925783250033,1.071925783250033
1762247885.1230788,6.085128460045562,4.455225143871441,0.0,0.0,6.635235428125172,-1.074465410931817,1.074465410931817
1762247885.1447418,6.078847626573433,4.456446588749083,0.0,0.0,6.640536526121382,-1.073051998392934,1.073051998392934
1762247885.1785436,6.081482895026679,4.458116485122546,0.0,0.0,6.63906031529507,-1.0756417623906933,1.0756417623906933
1762247885.2271178,6.089599066374147,4.460626733206438,0.0,0.0,6.63361725797967,-1.0812117603954925,1.0812117603954925
1762247885.276008,6.103702701062273,4.461105039594263,0.0,0.0,6.622843680188354,-1.0873544417436216,1.0873544417436216
1762247885.3021958,6.096249091473256,4.4572890374259035,0.0,0.0,6.627310160950863,-1.0808466008743989,1.0808466008743989
1762247885.4940953,6.0970870636944,4.459680456508346,0.0,0.0,6.627482268506863,-1.0833725703986394,1.0833725703986394
1762247885.697674,6.086110613438482,4.463426652504285,0.0,0.0,6.637285611414649,-1.0823665310121589,1.0823665310121589
1762247885.7621315,6.0830851724305814,4.462318116979935,0.0,0.0,6.639255281393975,-1.0801328586634054,1.0801328586634054
1762247885.7907763,6.081952016722678,4.463339691944155,0.0,0.0,6.640485420700716,-1.0806116073116985,1.0806116073116985
1762247885.8194795,6.088777063663932,4.46572216713421,0.0,0.0,6.636002627913933,-1.085542312701964,1.085542312701964
1762247885.843532,6.089368998549927,4.465447254297437,0.0,0.0,6.635449078362306,-1.0855295141686003,1.0855295141686003
1762247885.8730156,6.089121324104733,4.466652897314579,0.0,0.0,6.636054454589498,-1.0865328337372233,1.0865328337372233
1762247885.9004288,6.090304858183021,4.465867361513213,0.0,0.0,6.634866960727851,-1.086291479495277,1.086291479495277
1762247885.920006,6.08226354161707,4.464470669314819,0.0,0.0,6.640630703151807,-1.081772296922041,1.081772296922041
1762247885.9424129,6.0800153048902095,4.463479670453962,0.0,0.0,6.642037986103352,-1.0799602415010288,1.0799602415010288
1762247885.9634624,6.074162078999452,4.462957589290159,0.0,0.0,6.645782519096059,-1.0771290500314712,1.0771290500314712
1762247885.9839845,6.08338568254822,4.458950015634267,0.0,0.0,6.637867458659119,-1.0771713178782631,1.0771713178782631
1762247886.019844,6.082688069307752,4.456954513186625,0.0,0.0,6.6377252415168275,-1.0750639013162784,1.0750639013162784
1762247886.0507586,6.079217141570784,4.454023699234103,0.0,0.0,6.639418453168233,-1.0709830373797753,1.0709830373797753
1762247886.0788255,6.077237494229457,4.454945530998766,0.0,0.0,6.641274218015583,-1.0710297802765756,1.0710297802765756
1762247886.101285,6.06892993103715,4.4526450376366675,0.0,0.0,6.646345568631435,-1.0655833983834107,1.0655833983834107
1762247886.1292534,6.068536181115143,4.453439336531966,0.0,0.0,6.646923350367406,-1.0661527329049074,1.0661527329049074
1762247886.1487288,6.069024451749588,4.455434424639324,0.0,0.0,6.64722257692578,-1.0681759981782355,1.0681759981782355
1762247886.1679924,6.065635472739092,4.452811091631162,0.0,0.0,6.6489714432672145,-1.0644131075972594,1.0644131075972594
1762247886.1971343,6.07218533807137,4.451482512206493,0.0,0.0,6.643411119348304,-1.065826971550037,1.065826971550037
1762247886.2212188,6.070498112352305,4.449084187097119,0.0,0.0,6.64390807110972,-1.062952693638118,1.062952693638118
1762247886.2429566,6.075446137242531,4.445163101658574,0.0,0.0,6.639312173379148,-1.06135407622287,1.06135407622287
1762247886.2792895,6.07887147276506,4.4470967311697605,0.0,0.0,6.6373098860761655,-1.064504009185752,1.064504009185752
1762247886.3035467,6.0807330346487385,4.450123860569527,0.0,0.0,6.636901168526035,-1.0680247191652394,1.0680247191652394
1762247886.3223548,6.0804211122971985,4.448830053101711,0.0,0.0,6.636699502789266,-1.0667149693417888,1.0667149693417888
1762247886.3413348,6.081642556816897,4.448693403290324,0.0,0.0,6.635702444446229,-1.0670825049758692,1.0670825049758692
1762247886.3597534,6.080173293586093,4.452053529670598,0.0,0.0,6.6379989223974665,-1.069565060229931,1.069565060229931
1762247886.3794672,6.078991020565237,4.449457574837122,0.0,0.0,6.638027546820503,-1.0667127866979678,1.0667127866979678
1762247886.4226277,6.084233566555848,4.449706036530528,0.0,0.0,6.634035467833138,-1.0690544847607835,1.0690544847607835
1762247886.4569416,6.08642504958635,4.452494326868699,0.0,0.0,6.63329009310305,-1.0724901442167853,1.0724901442167853
1762247887.5946271,6.0812442647126215,4.462123414004011,0.0,0.0,6.64061872755305,-1.0792133147877896,1.0792133147877896
1762247887.7135794,6.060043341805274,4.456146406202679,0.0,0.0,6.654469722882854,-1.0652277427430614,1.0652277427430614
1762247887.9233,6.04869280949972,4.454423210668805,0.0,0.0,6.662748595985045,-1.0591114616597284,1.0591114616597284
1762247888.5728545,6.059702718564186,4.453918983599165,0.0,0.0,6.653977888671088,-1.0630502630552956,1.0630502630552956
1762247888.8658352,6.0424094371034665,4.4484851641352625,0.0,0.0,6.665646742796961,-1.0511601514021247,1.0511601514021247
1762247889.4767156,6.051689902261593,4.457255816315433,0.0,0.0,6.661368419429872,-1.0629049362582648,1.0629049362582648
1762247889.7892544,6.061999598304073,4.460053515870542,0.0,0.0,6.654271972767377,-1.0695912579207538,1.0695912579207538
1762247889.9771025,6.087425687507666,4.455834358647625,0.0,0.0,6.633659857783851,-1.0759498663897658,1.0759498663897658
1762247890.2447326,6.081933967090183,4.447782220473147,0.0,0.0,6.635162714936339,-1.0663663040736393,1.0663663040736393
1762247890.4803777,6.081426970903,4.456260579847302,0.0,0.0,6.638467434596819,-1.0739206078350643,1.0739206078350643
1762247890.8889947,6.120069385425513,4.454087670980766,0.0,0.0,6.607751779136204,-1.0875969828302579,1.0875969828302579
1762247890.9609842,6.127403228996718,4.452942527042911,0.0,0.0,6.601683936656636,-1.0895452932953158,1.0895452932953158
1762247891.1492617,6.13975798782511,4.442173534114011,0.0,0.0,6.588399660274087,-1.084783720428455,1.084783720428455
1762247891.3154054,6.241922947538861,4.424916673771726,0.0,0.0,6.504645538663602,-1.1117514834655038,1.1117514834655038
1762247891.635245,6.337320729554512,4.4144822179582235,0.0,0.0,6.42951092223428,-1.1433770854866034,1.1433770854866034
1762247891.7780626,6.34505245418901,4.4102227291146106,0.0,0.0,6.4221447480237694,-1.142924094198699,1.142924094198699
1762247891.9670286,6.36341875372735,4.4129980874761445,0.0,0.0,6.409386969273993,-1.1534733330420486,1.1534733330420486
1762247892.104251,6.389469739470168,4.413499324200927,0.0,0.0,6.390094263155782,-1.165416235715545,1.165416235715545
1762247892.3521903,6.399767022529264,4.407339083372012,0.0,0.0,6.380141313824771,-1.1644624995923483,1.1644624995923483
1762247892.4903953,6.402246428546201,4.4076529306488155,0.0,0.0,6.378408922403628,-1.16584573784611,1.16584573784611
1762247892.7523646,6.41714622979633,4.405904871152343,0.0,0.0,6.366667689773313,-1.1709201612256441,1.1709201612256441
1762247892.8684092,6.420385645079908,4.400562588759775,0.0,0.0,6.362277921036891,-1.1675888203286398,1.1675888203286398
1762247892.9071927,6.4269731556220275,4.399051826200705,0.0,0.0,6.356818885784135,-1.169187283767772,1.169187283767772
1762247892.9268491,6.425771130309845,4.4007805939482605,0.0,0.0,6.358354231100279,-1.1701942731808719,1.1701942731808719
1762247892.9484441,6.429637584682121,4.401347270583908,0.0,0.0,6.355691465527711,-1.1724335390783074,1.1724335390783074
1762247892.9718618,6.428324638082265,4.4008040871956,0.0,0.0,6.356465238042488,-1.1713594189524446,1.1713594189524446
1762247893.017004,6.430498234703966,4.396046378868539,0.0,0.0,6.353082257342694,-1.1680819103894398,1.1680819103894398
1762247893.049695,6.432576564645288,4.401168128731218,0.0,0.0,6.353442013872385,-1.1735916521245031,1.1735916521245031
1762247893.144667,6.424300222758995,4.407325780672843,0.0,0.0,6.361874998656482,-1.175388703440993,1.175388703440993
1762247893.1728013,6.421938952271992,4.405041255960135,0.0,0.0,6.36278341867481,-1.1722893097720724,1.1722893097720724
1762247893.2004309,6.422963391588573,4.403144181191936,0.0,0.0,6.361318428734937,-1.1710508462727713,1.1710508462727713
1762247893.2275255,6.422257675418497,4.40310495687332,0.0,0.0,6.361828586923946,-1.170700038048893,1.170700038048893
1762247893.2484775,6.416943141489348,4.402848595068555,0.0,0.0,6.365686604991238,-1.1680949566367103,1.1680949566367103
1762247893.274391,6.414896110807327,4.404513253518675,0.0,0.0,6.367826569894255,-1.1686703463853498,1.1686703463853498
1762247893.3027256,6.420052992721734,4.402846800855502,0.0,0.0,6.3633724058717425,-1.1694831597103483,1.1694831597103483
1762247893.327937,6.414470719306798,4.402626147065416,0.0,0.0,6.36744422800698,-1.1667918048279626,1.1667918048279626
1762247893.3540819,6.410575464160892,4.406987539578209,0.0,0.0,6.371958464006625,-1.1689577372547304,1.1689577372547304
1762247893.5033793,6.401178587354344,4.405804942792381,0.0,0.0,6.378522212500716,-1.1637156738925694,1.1637156738925694
1762247893.5241196,6.402774077643401,4.406398963382557,0.0,0.0,6.377552360876809,-1.1649572451713293,1.1649572451713293
1762247893.5478141,6.406878253304968,4.406360202280537,0.0,0.0,6.374479865452209,-1.1667490262436666,1.1667490262436666
1762247893.5822375,6.416508388302996,4.4058323509541575,0.0,0.0,6.367115354181488,-1.1705704634596437,1.1705704634596437
1762247893.612189,6.4121157799238775,4.405743332749075,0.0,0.0,6.370351402630247,-1.168530732818841,1.168530732818841
1762247893.6366165,6.413151029182859,4.406889017751755,0.0,0.0,6.37000478457458,-1.1700178721607994,1.1700178721607994
1762247893.678534,6.406073279283904,4.406548006553698,0.0,0.0,6.375148976332317,-1.1665587921661105,1.1665587921661105
1762247893.707951,6.414436244844571,4.403271563296242,0.0,0.0,6.367708965072646,-1.1673539525649974,1.1673539525649974
1762247893.735126,6.410857566660906,4.403850088037455,0.0,0.0,6.37058747914248,-1.1662750734274445,1.1662750734274445
1762247893.7598336,6.416427412206399,4.404753867469509,0.0,0.0,6.366776194537336,-1.1695693031935233,1.1695693031935233
1762247893.788372,6.41677686280868,4.402631530774565,0.0,0.0,6.3657298976588,-1.167826475316945,1.167826475316945
1762247893.8206968,6.411438352844036,4.406235835329374,0.0,0.0,6.371037957617864,-1.1686694991036866,1.1686694991036866
1762247893.8575325,6.4040538549527755,4.407941170758601,0.0,0.0,6.37716845880954,-1.1669077441632631,1.1669077441632631
1762247893.8907983,6.406780830129719,4.405926438505095,0.0,0.0,6.374392052509312,-1.1663172585060937,1.1663172585060937
1762247893.9165363,6.4036493848534075,4.403769740671997,0.0,0.0,6.375928045110438,-1.162992021911197,1.162992021911197
1762247893.9388993,6.410118678198285,4.405771248398189,0.0,0.0,6.371848635382302,-1.167665345735754,1.167665345735754
1762247893.9627552,6.410919027595431,4.40619685510357,0.0,0.0,6.371410173083196,-1.1684030848380145,1.1684030848380145
1762247893.9939408,6.412372741556961,4.404400517202405,0.0,0.0,6.3696630851435625,-1.1674434843932466,1.1674434843932466
1762247894.0194738,6.413277624785386,4.401805866537525,0.0,0.0,6.368028542522379,-1.1655252069201794,1.1655252069201794
1762247894.035996,6.419938169982334,4.4014937358765085,0.0,0.0,6.362956125506115,-1.168221543243745,1.168221543243745
1762247894.0570729,6.427780577428719,4.399456362375912,0.0,0.0,6.3563690339562875,-1.169910798882712,1.169910798882712
1762247894.0733964,6.418633809209455,4.394742668360048,0.0,0.0,6.361421610521785,-1.1616000309713401,1.1616000309713401
1762247894.1598642,6.428315952820634,4.3985829492847905,0.0,0.0,6.355646721998955,-1.169370074939553,1.169370074939553
1762247894.1840963,6.42129871866785,4.398682057294883,0.0,0.0,6.360900981371826,-1.1663154789748904,1.1663154789748904
1762247894.2124574,6.427700751841724,4.395606099683409,0.0,0.0,6.354997756351143,-1.1664334204042777,1.1664334204042777
1762247894.232574,6.4354629831272705,4.395077677588823,0.0,0.0,6.349033823539774,-1.1694460930101793,1.1694460930101793
1762247894.3058543,6.447032063123737,4.399039623723686,0.0,0.0,6.342965665226691,-1.1781904915208152,1.1781904915208152
1762247894.329468,6.4451776341190925,4.39953456421593,0.0,0.0,6.343484379910115,-1.1777969876548031,1.1777969876548031
1762247894.5099561,6.452543543712488,4.407507899310793,0.0,0.0,6.342062648052853,-1.1882339050605477,1.1882339050605477
1762247894.5373793,6.44088280431907,4.413628822176207,0.0,0.0,6.351905849930809,-1.1884548474982848,1.1884548474982848
1762247894.5630863,6.419190284348582,4.419360205200891,0.0,0.0,6.370124434473416,-1.1838735028463778,1.1838735028463778
1762247894.5983176,6.393224320916955,4.424359687128983,0.0,0.0,6.39128963044788,-1.1768166373328652,1.1768166373328652
1762247894.638864,6.365571161758812,4.432689561280446,0.0,0.0,6.414985765255038,-1.1721096006545628,1.1721096006545628
1762247894.658181,6.343372172004575,4.436732728458916,0.0,0.0,6.433079900368203,-1.1660394763102195,1.1660394763102195
1762247894.6829498,6.320141469100211,4.438396552149555,0.0,0.0,6.450218694952742,-1.1574485361280984,1.1574485361280984
1762247894.705521,6.296535095992095,4.442233382580924,0.0,0.0,6.46940762784685,-1.150728074154793,1.150728074154793
1762247894.729265,6.279516389273065,4.443951512650496,0.0,0.0,6.4828942432428835,-1.1449843175079768,1.1449843175079768
1762247894.785566,6.263230136364884,4.444460120729081,0.0,0.0,6.495419168978233,-1.1384962381581234,1.1384962381581234
1762247894.8241224,6.249257412487419,4.445697864236422,0.0,0.0,6.506470593863928,-1.1336820305697533,1.1336820305697533
1762247894.8436477,6.239715288034153,4.44722802878351,0.0,0.0,6.514271102283232,-1.131029830339082,1.131029830339082
1762247894.8713715,6.230743542158129,4.449336166732908,0.0,0.0,6.521849304765443,-1.129154883267171,1.129154883267171
1762247894.8982544,6.221299650254436,4.450734334778864,0.0,0.0,6.529541921717258,-1.126449294401855,1.126449294401855
1762247894.9618719,6.195765736911923,4.45279219803991,0.0,0.0,6.549017000501921,-1.1176302442766413,1.1176302442766413
1762247894.9806898,6.19544691244307,4.45007042723666,0.0,0.0,6.548307379797772,-1.1150234873916194,1.1150234873916194
1762247895.0017438,6.195213211675571,4.452862026107796,0.0,0.0,6.549464835977129,-1.1174633446021396,1.1174633446021396
1762247895.0294778,6.201013941900888,4.451427952616335,0.0,0.0,6.5445185858695405,-1.1185807099488132,1.1185807099488132
1762247895.0495765,6.1918256286348745,4.452521686381183,0.0,0.0,6.551942041743766,-1.1157423326516296,1.1157423326516296
1762247895.0779552,6.1919135762606095,4.453009559271972,0.0,0.0,6.5520454532797645,-1.1162225050772059,1.1162225050772059
1762247895.1015606,6.1772982553775,4.45231438044445,0.0,0.0,6.56301731581047,-1.1095156743988062,1.1095156743988062
1762247895.1200113,6.185076441548466,4.453634204611965,0.0,0.0,6.557507530851076,-1.113945837867837,1.113945837867837
1762247895.1359608,6.179002910375205,4.452455931905758,0.0,0.0,6.56175758003113,-1.1103516653168193,1.1103516653168193
1762247895.1667168,6.185540150227142,4.452868761258949,0.0,0.0,6.556884057649286,-1.1134424139269659,1.1134424139269659
1762247895.1876307,6.1870804479287935,4.4544362524864285,0.0,0.0,6.556250715738945,-1.1155084175976444,1.1155084175976444
1762247895.212382,6.1802110868500355,4.456064428721758,0.0,0.0,6.562090482662713,-1.114136174837712,1.114136174837712
1762247895.2520716,6.185151466916903,4.4555643316137,0.0,0.0,6.5581247707949695,-1.1157325744516582,1.1157325744516582
1762247895.2803793,6.182329620036015,4.455761829658566,0.0,0.0,6.56035885161022,-1.1147401551428786,1.1147401551428786
1762247895.3044968,6.1757971533322955,4.453959894125829,0.0,0.0,6.564744979428998,-1.1103906836012132,1.1103906836012132
1762247895.3290412,6.168871308681592,4.451758152499758,0.0,0.0,6.569299569163494,-1.105518418260836,1.105518418260836
1762247895.3670986,6.160687426044829,4.453884199024776,0.0,0.0,6.576336597535167,-1.104072748954306,1.104072748954306
1762247895.3931289,6.14993030962583,4.450968876570076,0.0,0.0,6.583608348777861,-1.0969835699636377,1.0969835699636377
1762247895.409552,6.149244473944397,4.450854124379401,0.0,0.0,6.584097202884219,-1.0965967751657626,1.0965967751657626
1762247895.4650664,6.142045410908726,4.449859702806466,0.0,0.0,6.589304962445945,-1.0927311943239773,1.0927311943239773
1762247895.4885268,6.148690230916642,4.44932136922725,0.0,0.0,6.583991534401184,-1.0949717292302894,1.0949717292302894
1762247895.5121896,6.146381023154253,4.449500854880877,0.0,0.0,6.585834964209647,-1.0941855220642955,1.0941855220642955
1762247895.5611174,6.143827659076572,4.450875664362539,0.0,0.0,6.588282563665748,-1.0943894914371914,1.0943894914371914
1762247895.587109,6.136764273032917,4.450892394842821,0.0,0.0,6.593740639663666,-1.0915062552351409,1.0915062552351409
1762247895.6260502,6.132464979296074,4.449250233142732,0.0,0.0,6.596492308408256,-1.088246785799783,1.088246785799783
1762247895.6536205,6.138589707112597,4.449220464813838,0.0,0.0,6.591750735750157,-1.0907299518706917,1.0907299518706917
1762247895.682092,6.131831991053084,4.448525706575193,0.0,0.0,6.596730236730268,-1.0873265917980515,1.0873265917980515
1762247895.7069323,6.123730736824037,4.451037549113865,0.0,0.0,6.603864416155718,-1.0863062721745618,1.0863062721745618
1762247895.7265644,6.11515009976516,4.450391432885387,0.0,0.0,6.610282069993337,-1.082216852785026,1.082216852785026
1762247895.7451696,6.115621999381903,4.451603797737941,0.0,0.0,6.6103356063853145,-1.0835163016844613,1.0835163016844613
1762247895.7714732,6.10419784998169,4.447568904067059,0.0,0.0,6.617795699701023,-1.0751836004956177,1.0751836004956177
1762247895.7905807,6.107453257939727,4.446524105058577,0.0,0.0,6.6149102884428945,-1.075551897671595,1.075551897671595
1762247895.8168545,6.102712503462347,4.446526134301856,0.0,0.0,6.618588139054166,-1.0736274960008774,1.0736274960008774
1762247895.838418,6.094829590768572,4.444958326866493,0.0,0.0,6.624167078518408,-1.0689971739032513,1.0689971739032513
1762247895.8601918,6.100138028759084,4.44993109534218,0.0,0.0,6.621759929064027,-1.075694850604054,1.075694850604054
1762247895.8888042,6.112448684174487,4.4518611677278095,0.0,0.0,6.612882015376623,-1.0824594449080713,1.0824594449080713
1762247895.9136055,6.108692998717498,4.451090793527517,0.0,0.0,6.6155259219968094,-1.0802281646422744,1.0802281646422744
1762247895.9362245,6.1023204607945205,4.454914815801347,0.0,0.0,6.621784217461538,-1.0811354199761936,1.0811354199761936
1762247895.9605587,6.104444404200931,4.455568528024251,0.0,0.0,6.620362816804616,-1.0825944947983446,1.0825944947983446
1762247895.9906554,6.1082194201985285,4.456604972434462,0.0,0.0,6.617794694398176,-1.0850741784972338,1.0850741784972338
1762247896.0183842,6.107648468810093,4.45773507117289,0.0,0.0,6.618626439665097,-1.0858750422295522,1.0858750422295522
1762247896.0477457,6.098528634023119,4.45998623640505,0.0,0.0,6.626469452166147,-1.0842356196777636,1.0842356196777636
1762247896.0709977,6.104484479535752,4.459794434216295,0.0,0.0,6.6217869334873,-1.0864733645031115,1.0864733645031115
1762247896.0965133,6.109372314345208,4.463311641641494,0.0,0.0,6.619212017421585,-1.0916712165144022,1.0916712165144022
1762247896.1163301,6.103566347536651,4.460976926580962,0.0,0.0,6.62290525741555,-1.0871820539881953,1.0871820539881953
1762247896.1388025,6.10540838750838,4.456775487579276,0.0,0.0,6.620031482991251,-1.0840887854021566,1.0840887854021566
1762247896.160376,6.103287198036568,4.455672187450032,0.0,0.0,6.621295560279337,-1.0822197852247637,1.0822197852247637
1762247896.187626,6.109506158260914,4.452776161242368,0.0,0.0,6.6154773997001275,-1.0820985523991213,1.0820985523991213
1762247896.2132533,6.116341507505541,4.451154749311614,0.0,0.0,6.6096233402765145,-1.0833993164525175,1.0833993164525175
1762247896.2491155,6.109250352591701,4.4487820282406165,0.0,0.0,6.614296894451613,-1.0783454922353466,1.0783454922353466
1762247896.2816656,6.097096166163231,4.449812419390787,0.0,0.0,6.624079718115602,-1.0743533337230458,1.0743533337230458
1762247896.323868,6.095538721508093,4.44741757145855,0.0,0.0,6.62446383548212,-1.0715328490505052,1.0715328490505052
1762247896.3570354,6.1011367124849505,4.450235875152533,0.0,0.0,6.621090148982997,-1.0763784895191533,1.0763784895191533
1762247896.3748968,6.099667112298992,4.449662651964263,0.0,0.0,6.622032814143012,-1.075258506630621,1.075258506630621
1762247896.400111,6.10239101210446,4.450193624949279,0.0,0.0,6.6201025827674735,-1.0768487628868537,1.0768487628868537
1762247896.4186513,6.103708792936507,4.447173223635269,0.0,0.0,6.618038513177947,-1.0746233991716996,1.0746233991716996
1762247896.4391756,6.09895519309251,4.445386967328769,0.0,0.0,6.621111176415903,-1.0710615167167805,1.0710615167167805
1762247896.5072494,6.098106359465842,4.448726046341028,0.0,0.0,6.622921303744764,-1.0737695639478857,1.0737695639478857
1762247896.5342846,6.106122055674066,4.4494591876925735,0.0,0.0,6.616955779817777,-1.0776925462565257,1.0776925462565257
1762247896.5571325,6.100007041250063,4.453002850157594,0.0,0.0,6.622919874543316,-1.0784496949589566,1.0784496949589566
1762247896.5794654,6.10681116119708,4.454094861423881,0.0,0.0,6.618020572530835,-1.0822084622150006,1.0822084622150006
1762247896.603847,6.103621148603757,4.449741312544961,0.0,0.0,6.6189924810838745,-1.076934671271456,1.076934671271456
1762247896.6324265,6.110976313074691,4.451118386477128,0.0,0.0,6.613766147576467,-1.0811818781504714,1.0811818781504714
1762247896.662178,6.108257350605357,4.453233522237835,0.0,0.0,6.6166028258993315,-1.0820088823806042,1.0820088823806042
1762247896.6829607,6.114165409008345,4.451843108622562,0.0,0.0,6.611546187051092,-1.0831417058992228,1.0831417058992228
1762247896.7134204,6.117083679999891,4.450355539221407,0.0,0.0,6.608772467068218,-1.0829719103643953,1.0829719103643953
1762247896.7369444,6.113431089842531,4.447702077667252,0.0,0.0,6.610684021484335,-1.0790605269786444,1.0790605269786444
1762247896.7570648,6.113550534674339,4.448591769553885,0.0,0.0,6.610899016634249,-1.07992174094078,1.07992174094078
1762247896.78274,6.1129064956094235,4.4465459884614775,0.0,0.0,6.610690803184694,-1.077791010213583,1.077791010213583
1762247896.805012,6.115220697806045,4.446022075320674,0.0,0.0,6.608716618023168,-1.07825540845896,1.07825540845896
1762247896.8530953,6.123051609900034,4.4477350103756885,0.0,0.0,6.6032464826712545,-1.0830143379086552,1.0830143379086552
1762247896.895791,6.120707342900564,4.446910740976613,0.0,0.0,6.604775397821383,-1.0813047128241846,1.0813047128241846
1762247896.9195485,6.13181573092527,4.449664988429886,0.0,0.0,6.59713786689397,-1.0883593513985943,1.0883593513985943
1762247896.9436834,6.129715212460408,4.451021712028677,0.0,0.0,6.599231553705887,-1.0887376777231494,1.0887376777231494
1762247896.9693859,6.126598258977727,4.44618513232911,0.0,0.0,6.599965515105971,-1.0830492923030133,1.0830492923030133
1762247896.9966695,6.120690030892751,4.445680612329166,0.0,0.0,6.6043628455815115,-1.080174685095312,1.080174685095312
1762247897.0226347,6.127001738819816,4.447120955556676,0.0,0.0,6.599977808773814,-1.084068287258863,1.084068287258863
1762247897.0439584,6.125322844518868,4.448275169036959,0.0,0.0,6.601676379104321,-1.0844352880086667,1.0844352880086667
1762247897.0695143,6.114442196155067,4.446606230099286,0.0,0.0,6.60952177621981,-1.0784716081782064,1.0784716081782064
1762247897.1147506,6.116635881987057,4.448671983044561,0.0,0.0,6.608537067394835,-1.0812520266326344,1.0812520266326344
1762247897.1608386,6.123316802131999,4.448567551848981,0.0,0.0,6.603329583325379,-1.0838825858513386,1.0838825858513386
1762247897.2015526,6.123736343733633,4.450576091260812,0.0,0.0,6.603700361241956,-1.0858873313385795,1.0858873313385795
1762247897.2223923,6.123400589643882,4.451896690022934,0.0,0.0,6.604417098098259,-1.0869557422280915,1.0869557422280915
1762247897.241827,6.1199568312657435,4.451198960453681,0.0,0.0,6.606840141912602,-1.0849134839499373,1.0849134839499373
1762247897.2591662,6.118009903942271,4.4503399238993575,0.0,0.0,6.6080500093808645,-1.083335202878988,1.083335202878988
1762247897.2924018,6.119416166559235,4.448151430311086,0.0,0.0,6.606204350472806,-1.0819104876431356,1.0819104876431356
1762247897.325252,6.115135500144691,4.448299241015892,0.0,0.0,6.6095701592686655,-1.0803001992469545,1.0803001992469545
1762247897.344826,6.121110149003298,4.447885225807823,0.0,0.0,6.60480097524502,-1.0823587384398046,1.0823587384398046
1762247897.5826907,6.122602625965715,4.443652741941648,0.0,0.0,6.602179669117491,-1.0791048281251734,1.0791048281251734
1762247897.622744,6.124535102910947,4.442530817647688,0.0,0.0,6.600294864609081,-1.078870806406306,1.078870806406306
1762247897.6426709,6.129142422926247,4.4413888317109445,0.0,0.0,6.596333450535896,-1.0797141642435966,1.0797141642435966
1762247897.6664138,6.136000889201256,4.445652699459845,0.0,0.0,6.592511519857489,-1.0864142533721202,1.0864142533721202
1762247897.749747,6.14784093925056,4.449605713834508,0.0,0.0,6.5847453864076595,-1.0948814991860094,1.0948814991860094
1762247897.771147,6.156399475250883,4.449747856907638,0.0,0.0,6.578198019715231,-1.0985358985195792,1.0985358985195792
1762247897.7917352,6.161505959913214,4.449882318687264,0.0,0.0,6.574312396911317,-1.1007656978300135,1.1007656978300135
1762247897.8121629,6.1648787666484175,4.448879198791304,0.0,0.0,6.571366592302684,-1.1012459119223992,1.1012459119223992
1762247897.830479,6.163368452164215,4.450332572854727,0.0,0.0,6.573035744055602,-1.1019451034539407,1.1019451034539407
1762247897.8467731,6.177523943572242,4.450913129589773,0.0,0.0,6.56235438749664,-1.1083342864827517,1.1083342864827517
1762247897.910004,6.151922167550013,4.449676899066641,0.0,0.0,6.581623450725777,-1.0966261475230148,1.0966261475230148
1762247897.9404988,6.1549596932169095,4.451793767802597,0.0,0.0,6.58001940543663,-1.0998063744123967,1.0998063744123967
1762247897.962973,6.1572973688056525,4.453423390510585,0.0,0.0,6.578786037755689,-1.1022546703156293,1.1022546703156293
1762247897.9911752,6.1585705947582765,4.453610454797308,0.0,0.0,6.577870801159581,-1.1029501038910372,1.1029501038910372
1762247898.0154567,6.158011026313841,4.45651741502542,0.0,0.0,6.579313064596501,-1.1053677610558317,1.1053677610558317
1762247898.0356598,6.153696596359942,4.456279494129303,0.0,0.0,6.582552455933251,-1.103373683870655,1.103373683870655
1762247898.0552487,6.143331680604094,4.453770148255926,0.0,0.0,6.589670337264471,-1.0968249445963807,1.0968249445963807
1762247898.09076,6.143889990159727,4.4545133333887605,0.0,0.0,6.5894976485977175,-1.0977318295120984,1.0977318295120984
1762247898.11173,6.133251783461163,4.454748127680017,0.0,0.0,6.597790060697443,-1.093584948271269,1.093584948271269
1762247898.1343782,6.133252598194445,4.452503002003215,0.0,0.0,6.597011478903482,-1.0915368811383406,1.0915368811383406
1762247898.1703527,6.135691097018072,4.451966413320927,0.0,0.0,6.594941965447017,-1.0920461117473486,1.0920461117473486
1762247898.1991043,6.1485760261936475,4.453899474557771,0.0,0.0,6.585671053427258,-1.0990976436910407,1.0990976436910407
1762247898.2167637,6.150696053575219,4.452404007837728,0.0,0.0,6.583517104775613,-1.0986066692108811,1.0986066692108811
1762247898.2387414,6.144790305307067,4.454981893084797,0.0,0.0,6.588965917904406,-1.0985287623871853,1.0985287623871853
1762247898.2634232,6.14738663097002,4.4571423248581645,0.0,0.0,6.587714087315935,-1.101565011636825,1.101565011636825
1762247898.292007,6.140091498162678,4.455204451346003,0.0,0.0,6.592667938109396,-1.0968033959034487,1.0968033959034487
1762247898.3166716,6.140326906752703,4.456887212853764,0.0,0.0,6.593069818759329,-1.0984347031542536,1.0984347031542536
1762247898.348399,6.136275373341692,4.454097950479112,0.0,0.0,6.595229850807232,-1.094229915780897,1.094229915780897
1762247898.3746696,6.1333547410105025,4.4551156312284315,0.0,0.0,6.597837849719271,-1.0939623998193766,1.0939623998193766
1762247898.4106479,6.125034066902669,4.45616770445467,0.0,0.0,6.604631296318778,-1.0915214954016907,1.0915214954016907
1762247898.442093,6.133979332821141,4.458306584287047,0.0,0.0,6.598460563415642,-1.0971295237265777,1.0971295237265777
1762247898.4939775,6.131107663736507,4.460543764168157,0.0,0.0,6.6014519540207495,-1.0979967068886682,1.0979967068886682
1762247898.5198078,6.135175907218391,4.460532138937216,0.0,0.0,6.598307263467168,-1.0996498569624629,1.0996498569624629
1762247898.5422006,6.13825716862458,4.460428100230173,0.0,0.0,6.595893585908791,-1.1008164002470724,1.1008164002470724
1762247898.571968,6.136314682442902,4.457262578378824,0.0,0.0,6.596296183195286,-1.0971329852176956,1.0971329852176956
1762247898.594892,6.141639860040203,4.458910004724924,0.0,0.0,6.592758247727141,-1.100817995610705,1.100817995610705
1762247898.6195455,6.137825283790941,4.45743466317151,0.0,0.0,6.595189899129191,-1.0979087309587428,1.0979087309587428
1762247898.6524045,6.1438717027251295,4.45777588255663,0.0,0.0,6.590643805155757,-1.1006993093272617,1.1006993093272617
1762247898.6761162,6.135231559042348,4.456008550564019,0.0,0.0,6.596697899993864,-1.095545387487766,1.095545387487766
1762247898.7087777,6.141655059379328,4.455819136900243,0.0,0.0,6.591674756546894,-1.0980053235247353,1.0980053235247353
1762247898.7351112,6.132989336634866,4.455766890874812,0.0,0.0,6.598345629830468,-1.0944070865645408,1.0944070865645408
1762247898.7760339,6.124294818745034,4.459060343863475,0.0,0.0,6.606202592618054,-1.0938606185339963,1.0938606185339963
1762247898.805188,6.121906738950132,4.457758781032932,0.0,0.0,6.607599166665858,-1.0916982288722865,1.0916982288722865
1762247898.829236,6.114228293751312,4.458735697874497,0.0,0.0,6.613876537647372,-1.0894633323761023,1.0894633323761023
1762247898.8542519,6.120972370359895,4.459472199217425,0.0,0.0,6.608913441020592,-1.0928819227897582,1.0928819227897582
1762247898.8764453,6.112547342898155,4.459155314295226,0.0,0.0,6.615322334386012,-1.0891631181891568,1.0891631181891568
1762247898.9017441,6.115449900834733,4.462399725914368,0.0,0.0,6.6141946277063415,-1.0933074579171016,1.0933074579171016
1762247898.9227028,6.110983308956447,4.457264731943168,0.0,0.0,6.615881429439436,-1.0868000073857593,1.0868000073857593
1762247898.9494486,6.11294213581275,4.456063510673346,0.0,0.0,6.613950370678335,-1.0864990378186405,1.0864990378186405
1762247898.9809306,6.119590476356086,4.456029591010752,0.0,0.0,6.608793294215111,-1.0891750018202202,1.0891750018202202
1762247899.0167522,6.130691876595881,4.458788268216737,0.0,0.0,6.601165838614149,-1.096224602478479,1.096224602478479
1762247899.0398495,6.129351457120612,4.464507017321262,0.0,0.0,6.60417784593214,-1.100896781514897,1.100896781514897
1762247899.0738475,6.1329490920273635,4.464346432404755,0.0,0.0,6.601345186489591,-1.1022198785733712,1.1022198785733712
1762247899.0959063,6.141839146427666,4.4651868983163805,0.0,0.0,6.594778893748318,-1.1066249731160656,1.1066249731160656
1762247899.129826,6.142539816567317,4.45963389300015,0.0,0.0,6.592315120787213,-1.1018472917506026,1.1018472917506026
1762247899.1583562,6.138420877991863,4.460124365080619,0.0,0.0,6.59566209376973,-1.1006063703827318,1.1006063703827318
1762247899.1883953,6.148270691349106,4.461344916053495,0.0,0.0,6.588491063476657,-1.1057597817412999,1.1057597817412999
1762247899.2117069,6.146157466333417,4.460853055505024,0.0,0.0,6.589948888059859,-1.1044435379942041,1.1044435379942041
1762247899.237036,6.144020330926126,4.458403079506142,0.0,0.0,6.590746735762366,-1.1013322502204737,1.1013322502204737
1762247899.2798731,6.144208467467159,4.456989077908255,0.0,0.0,6.590111174682584,-1.1001200632748636,1.1001200632748636
1762247899.3085525,6.14520147513162,4.455283431351403,0.0,0.0,6.588753509181427,-1.0989725614647965,1.0989725614647965
1762247899.3346372,6.150070539248865,4.455136532166676,0.0,0.0,6.5849489322486265,-1.1008398685217,1.1008398685217
1762247899.3607457,6.139883715380787,4.457120954536037,0.0,0.0,6.593492793618769,-1.0984661882295557,1.0984661882295557
1762247899.3832142,6.137683809468576,4.456098606748967,0.0,0.0,6.594836074145957,-1.0966320030738328,1.0966320030738328
1762247899.4091825,6.137756735391512,4.4563561844986905,0.0,0.0,6.594869062407257,-1.0968968462885589,1.0968968462885589
1762247899.4319396,6.13852049669535,4.456185870258113,0.0,0.0,6.594220573955853,-1.0970544788585639,1.0970544788585639
1762247899.4667404,6.140869119891987,4.455234512650292,0.0,0.0,6.592078337266234,-1.0971497467071516,1.0971497467071516
1762247899.492624,6.133611171098224,4.45501989188276,0.0,0.0,6.597606640849783,-1.0939800043534118,1.0939800043534118
1762247899.5166245,6.136278903024224,4.455565433630139,0.0,0.0,6.595735765456458,-1.0955700610674977,1.0955700610674977
1762247899.5613537,6.125901485219581,4.456821282396294,0.0,0.0,6.604186779809428,-1.0924722519094805,1.0924722519094805
1762247899.5834723,6.120456431457146,4.456484375523113,0.0,0.0,6.60828054318044,-1.089943259745238,1.089943259745238
1762247899.612547,6.116521604313172,4.460014506916791,0.0,0.0,6.612543051738172,-1.0915645913484435,1.0915645913484435
1762247899.6371276,6.117699877567114,4.460036271463775,0.0,0.0,6.611639055264624,-1.0920640854549184,1.0920640854549184
1762247899.671703,6.111274782832063,4.457667473182769,0.0,0.0,6.6157945913077505,-1.0872864520470011,1.0872864520470011
1762247899.6960182,6.109769297299191,4.457034969293268,0.0,0.0,6.616742390644306,-1.0860967140339055,1.0860967140339055
1762247899.7202399,6.115318845192557,4.45500478672906,0.0,0.0,6.611744979864498,-1.0864990900901734,1.0864990900901734
1762247899.7477448,6.109927301208219,4.455367686975414,0.0,0.0,6.616045116827312,-1.0846375159498154,1.0846375159498154
1762247899.7690854,6.111807424292168,4.455561289350986,0.0,0.0,6.614655743412299,-1.085578738789225,1.085578738789225
1762247899.7982569,6.120566156515546,4.452167190146121,0.0,0.0,6.606703470903488,-1.0860460439317574,1.0860460439317574
1762247899.8285875,6.123353748437139,4.450158479097463,0.0,0.0,6.603851779863828,-1.0853498913064046,1.0853498913064046
1762247899.8575747,6.124381914840888,4.45026111447385,0.0,0.0,6.603091957797393,-1.0858634792897606,1.0858634792897606
1762247899.8817837,6.127161922437728,4.451202841473116,0.0,0.0,6.60126813422026,-1.087858921019233,1.087858921019233
1762247899.919747,6.127219809618317,4.452433626477694,0.0,0.0,6.601649550544666,-1.0890058713368465,1.0890058713368465
1762247899.9411228,6.133598246816804,4.451205590645605,0.0,0.0,6.5962947043261595,-1.0904947537019734,1.0904947537019734
1762247899.9611864,6.138737363371549,4.454732736850049,0.0,0.0,6.593549387177504,-1.0958179280254086,1.0958179280254086
1762247899.9841275,6.136418815495453,4.452290871088594,0.0,0.0,6.5944925100304745,-1.092640277218694,1.092640277218694
1762247900.0184977,6.136707693627327,4.449887752491763,0.0,0.0,6.593435745999214,-1.0905667181420104,1.0905667181420104
1762247900.0414038,6.134018699639029,4.44876714172121,0.0,0.0,6.595124150824419,-1.0884424845611151,1.0884424845611151
1762247900.0691013,6.131767576460384,4.450317412769805,0.0,0.0,6.597401272368528,-1.0889348891235755,1.0889348891235755
1762247900.1005926,6.12962634896369,4.449189706128283,0.0,0.0,6.5986653638188875,-1.087029643637416,1.087029643637416
1762247900.1363213,6.140199603484591,4.449826771263132,0.0,0.0,6.590718281526438,-1.091943440040456,1.091943440040456
1762247900.158257,6.134515412956271,4.455843039752471,0.0,0.0,6.597193512344252,-1.0951011780673696,1.0951011780673696
1762247900.191557,6.12678422668897,4.4534597716853686,0.0,0.0,6.602341502115554,-1.0897644415182068,1.0897644415182068
1762247900.2158825,6.123549804961568,4.45669464931816,0.0,0.0,6.6059609878711205,-1.0913968133757992,1.0913968133757992
1762247900.241621,6.133397593344872,4.456065340879593,0.0,0.0,6.598133700727662,-1.0948464697426195,1.0948464697426195
1762247900.2631423,6.132612236854885,4.454424832253501,0.0,0.0,6.598172049693766,-1.0930282267869582,1.0930282267869582
1762247900.29098,6.119000227030166,4.453466786381344,0.0,0.0,6.608364460659596,-1.0865941631688332,1.0865941631688332
1762247900.3126192,6.110517914348524,4.455012982759026,0.0,0.0,6.615465299327702,-1.0845535052712656,1.0845535052712656
1762247900.5497165,6.129131671060731,4.457070854369,0.0,0.0,6.601776898849842,-1.0940195064053249,1.0940195064053249
1762247900.5700219,6.134528157203517,4.4581570024419035,0.0,0.0,6.597985064418902,-1.0972176312459752,1.0972176312459752
1762247900.590531,6.132267269552224,4.45745743751085,0.0,0.0,6.599488610937608,-1.0956542752540952,1.0956542752540952
1762247900.6234362,6.12571441045769,4.455477764630691,0.0,0.0,6.603866747127652,-1.0911694470015978,1.0911694470015978
1762247900.6486917,6.11651013316331,4.455934406140053,0.0,0.0,6.611143874165078,-1.0878332009921499,1.0878332009921499
1762247900.6729584,6.122806612651932,4.455836822275026,0.0,0.0,6.6062391379436605,-1.0903104150237157,1.0903104150237157
1762247900.6967335,6.127290359648974,4.455194124452223,0.0,0.0,6.602550451709776,-1.0915542255840576,1.0915542255840576
1762247900.7173166,6.125826897161398,4.456245616631828,0.0,0.0,6.604045361100893,-1.0919163020080382,1.0919163020080382
1762247900.7352006,6.130774920445693,4.452497388229511,0.0,0.0,6.598923832103812,-1.0905177386886589,1.0905177386886589
1762247900.753707,6.129949265703163,4.454817621894796,0.0,0.0,6.600365365177461,-1.0922973402756928,1.0922973402756928
1762247900.7703238,6.1266076105298914,4.453240355184071,0.0,0.0,6.602402099082797,-1.0894920139767033,1.0894920139767033
1762247900.7933223,6.117788238797184,4.454991163241457,0.0,0.0,6.609829034153342,-1.0874923141923454,1.0874923141923454
1762247900.8162587,6.111117724433871,4.4545378620615885,0.0,0.0,6.614836810856522,-1.0843632896470916,1.0843632896470916
1762247900.8423536,6.111568852253808,4.452910571596912,0.0,0.0,6.6139258158155885,-1.0830601205988573,1.0830601205988573
1762247900.8753035,6.110107693045523,4.451713225775413,0.0,0.0,6.6146444972639005,-1.0813720136414966,1.0813720136414966
1762247900.897271,6.113868995194485,4.455690996114162,0.0,0.0,6.613104233768118,-1.0865358111964172,1.0865358111964172
1762247900.921763,6.119878193854256,4.454438325081985,0.0,0.0,6.6080208901851405,-1.0878392194617417,1.0878392194617417
1762247900.941719,6.1109132577848575,4.4525067520307955,0.0,0.0,6.614294281448573,-1.0824245610336538,1.0824245610336538
1762247900.9670284,6.120489465560504,4.45273992777701,0.0,0.0,6.60696085327578,-1.0865376956611863,1.0865376956611863
1762247900.9854233,6.124631486052149,4.451640490047847,0.0,0.0,6.603376402826961,-1.0872244891200826,1.0872244891200826
1762247901.0196195,6.131712835108877,4.456915406566881,0.0,0.0,6.599729186887335,-1.0949328881804377,1.0949328881804377
1762247901.0415182,6.129004112070619,4.457753231622515,0.0,0.0,6.602111518351354,-1.0945901840765409,1.0945901840765409
1762247901.069965,6.1206118467986625,4.456294636372675,0.0,0.0,6.608094779075284,-1.0898333590777884,1.0898333590777884
1762247901.1030464,6.1181930760118615,4.456505869398349,0.0,0.0,6.610038908503035,-1.0890405537585197,1.0890405537585197
1762247901.1344419,6.1125667850502206,4.456989630344606,0.0,0.0,6.614560468349782,-1.0871924428558524,1.0871924428558524
1762247901.164189,6.096522017042501,4.453524386420265,0.0,0.0,6.625803378705928,-1.0775146348075992,1.0775146348075992
1762247901.1837676,6.098218794509148,4.452123171067983,0.0,0.0,6.624004316632429,-1.0769207745213734,1.0769207745213734
1762247901.1995173,6.0993717132964065,4.453121861921425,0.0,0.0,6.623453716560382,-1.0783009872961182,1.0783009872961182
1762247901.2171,6.1105636041160585,4.4526754744581805,0.0,0.0,6.614623390177456,-1.082436504896653,1.082436504896653
1762247901.2349477,6.11078208998833,4.454653060872063,0.0,0.0,6.61513651917085,-1.084332069079313,1.084332069079313
1762247901.2538805,6.103260642916047,4.452262078090287,0.0,0.0,6.62014119093153,-1.0790921468673826,1.0790921468673826
1762247901.2722147,6.1059848332417905,4.451707439299533,0.0,0.0,6.617837792625548,-1.079691203712191,1.079691203712191
1762247901.2957785,6.104655593822687,4.451234959972296,0.0,0.0,6.6187054074191884,-1.0787196564495098,1.0787196564495098
1762247901.3206022,6.1031107978106345,4.451606227654161,0.0,0.0,6.620031320665708,-1.0784319169072514,1.0784319169072514
1762247901.365224,6.105215185229312,4.452747335794415,0.0,0.0,6.618793036151469,-1.0803289694612785,1.0803289694612785
1762247901.38472,6.109989685860662,4.4551746375786845,0.0,0.0,6.615930213676103,-1.0844864863937227,1.0844864863937227
1762247901.4847581,6.132114790529928,4.454029043428008,0.0,0.0,6.598419210901191,-1.0924635328358634,1.0924635328358634
1762247901.5030646,6.131450669789279,4.4530780941903325,0.0,0.0,6.5986028658759,-1.0913240914597369,1.0913240914597369
1762247901.525052,6.1364896541237455,4.453671036347533,0.0,0.0,6.594916398761001,-1.0939282736469746,1.0939282736469746
1762247901.5470035,6.122620533886602,4.450981562728623,0.0,0.0,6.604703871425314,-1.0858019001347834,1.0858019001347834
1762247901.571361,6.116796743509248,4.451359058378397,0.0,0.0,6.609341504658466,-1.0837713854760516,1.0837713854760516
1762247901.6021907,6.112239047706844,4.450837083668846,0.0,0.0,6.612690746761026,-1.0814386806450744,1.0814386806450744
1762247901.6339147,6.121581574884468,4.450979994506931,0.0,0.0,6.60550715753586,-1.0853764248742126,1.0853764248742126
1762247901.6669614,6.117825698343991,4.449895146997504,0.0,0.0,6.608038811231127,-1.0828539691229244,1.0828539691229244
1762247901.7053475,6.121359842439463,4.452008713059448,0.0,0.0,6.606034567024386,-1.0862251332713893,1.0862251332713893
1762247901.7507484,6.124666762001502,4.45376686312456,0.0,0.0,6.604084908803997,-1.0891798938263335,1.0891798938263335
1762247901.7900958,6.120662616154816,4.453311459572314,0.0,0.0,6.60702448860858,-1.0871301518825256,1.0871301518825256
1762247901.8213491,6.115571983774033,4.453006413877292,0.0,0.0,6.610858902004692,-1.0847769439211743,1.0847769439211743
1762247901.8471267,6.111090844434052,4.45238068173331,0.0,0.0,6.61411319287028,-1.0823816165441473,1.0823816165441473
1762247901.9023118,6.1128976749011565,4.4533426731123775,0.0,0.0,6.613045781598365,-1.0839954515626429,1.0839954515626429
1762247901.9440167,6.122057199956894,4.456651821260896,0.0,0.0,6.6071003468711575,-1.090748847957136,1.090748847957136
1762247901.9732308,6.134114098762937,4.456773450476323,0.0,0.0,6.597825652420638,-1.0957857987461703,1.0957857987461703
1762247902.0113196,6.133163340081285,4.456661113174569,0.0,0.0,6.598520917514747,-1.0952942196147455,1.0952942196147455
1762247902.030719,6.13783874377276,4.456863326858167,0.0,0.0,6.594981527684305,-1.0973930648781196,1.0973930648781196
1762247902.0497062,6.139823017455069,4.457206309242928,0.0,0.0,6.593569214049757,-1.0985191569612263,1.0985191569612263
1762247902.0676322,6.140168520791626,4.456676714814559,0.0,0.0,6.593119038609842,-1.0981777709572316,1.0981777709572316
1762247902.091957,6.139016334445183,4.454857370042849,0.0,0.0,6.593377296601655,-1.096045975473612,1.096045975473612
1762247902.1281374,6.144858562638945,4.457933170603431,0.0,0.0,6.589937432383044,-1.1012478103894463,1.1012478103894463
1762247902.1496794,6.149431277429897,4.459370216418566,0.0,0.0,6.586911718086197,-1.1044363188178021,1.1044363188178021
1762247902.1936069,6.1540401489760885,4.46089318694966,0.0,0.0,6.583890751348298,-1.107719883712699,1.107719883712699
1762247902.225108,6.159245396293873,4.459523628038127,0.0,0.0,6.579408465453305,-1.108615510881778,1.108615510881778
1762247902.255461,6.153098462233144,4.456584029954328,0.0,0.0,6.583119007198391,-1.103405006060719,1.103405006060719
1762247902.2829103,6.160057012589293,4.457975224090486,0.0,0.0,6.57824548269601,-1.1075394242613592,1.1075394242613592
1762247902.3254013,6.167445550852203,4.4573024939472665,0.0,0.0,6.572328540743488,-1.1099768861584187,1.1099768861584187
1762247902.3709123,6.173479927143352,4.459385617175318,0.0,0.0,6.568417461019274,-1.1143693086877895,1.1143693086877895
1762247902.405279,6.169155211762913,4.462260444690745,0.0,0.0,6.572740944871065,-1.1151981949846537,1.1151981949846537
1762247902.4253283,6.167225176187685,4.463082367908557,0.0,0.0,6.5745099592513085,-1.115149437485183,1.115149437485183
1762247902.4497416,6.158449536804123,4.4625361360097004,0.0,0.0,6.581067750668169,-1.1110324623776766,1.1110324623776766
1762247902.5361109,6.147565183186271,4.462086644637756,0.0,0.0,6.589291874253924,-1.1061463290775961,1.1061463290775961
1762247902.7697814,6.139243911666019,4.460426452322332,0.0,0.0,6.595131786059495,-1.1012191138625003,1.1012191138625003
1762247902.8252177,6.147896832530202,4.459398175790804,0.0,0.0,6.588103771203908,-1.103831298080493,1.103831298080493
1762247902.921303,6.1526056082645795,4.456134856505635,0.0,0.0,6.583342558142884,-1.102792793185558,1.102792793185558
1762247902.9405243,6.153408943287372,4.453262798194813,0.0,0.0,6.58172518352098,-1.1005061362856223,1.1005061362856223
1762247902.9667552,6.141813153983331,4.452876300573642,0.0,0.0,6.590531648186921,-1.0953865277186525,1.0953865277186525
1762247902.9878004,6.147380380941259,4.4536820002018676,0.0,0.0,6.586517285287276,-1.0984078366114693,1.0984078366114693
1762247903.0160468,6.151259483509965,4.453299083970441,0.0,0.0,6.5833940591800735,-1.0996543084492538,1.0996543084492538
1762247903.0390246,6.154358251420616,4.452008537961233,0.0,0.0,6.580557488911563,-1.0997542472725206,1.0997542472725206
1762247903.067001,6.151385923507461,4.455592909981561,0.0,0.0,6.584093899917073,-1.1017969569494865,1.1017969569494865
1762247903.1583385,6.190780505892074,4.4470802181822044,0.0,0.0,6.550837037432527,-1.1103601495968465,1.1103601495968465
1762247903.1766446,6.215776076607766,4.444224073399412,0.0,0.0,6.531452931989572,-1.1182210953500586,1.1182210953500586
1762247903.2010715,6.234702119806748,4.43804608281928,0.0,0.0,6.514825509001548,-1.1205895410355955,1.1205895410355955
1762247903.223259,6.256419908275252,4.4313523580624885,0.0,0.0,6.49591086310851,-1.1237364530778056,1.1237364530778056
1762247903.2429123,6.262697620610805,4.425549844679498,0.0,0.0,6.489063770451919,-1.121161900135145,1.121161900135145
1762247903.2854142,6.279335084853369,4.417918763751082,0.0,0.0,6.473692601334048,-1.1213832659052803,1.1213832659052803
1762247903.3263712,6.2941918002729,4.416575535355632,0.0,0.0,6.461948773511123,-1.126559612767272,1.126559612767272
1762247903.5872014,6.362188449365931,4.405310552090511,0.0,0.0,6.4074866744149,-1.1460280120662116,1.1460280120662116
1762247903.7035248,6.369205297181135,4.386414284898902,0.0,0.0,6.395266130549014,-1.132161434537105,1.132161434537105
1762247903.7465956,6.373238246122086,4.3839442317052315,0.0,0.0,6.391329791652952,-1.1317294900153154,1.1317294900153154
1762247903.7786517,6.374165922888795,4.383774620158609,0.0,0.0,6.390571729480778,-1.1319879897980676,1.1319879897980676
1762247903.8021932,6.367759225286955,4.3836446589228615,0.0,0.0,6.39532777958418,-1.1290378829552532,1.1290378829552532
1762247903.8238516,6.379368675768659,4.381715143502162,0.0,0.0,6.385911275956361,-1.1324467221007057,1.1324467221007057
1762247903.8487303,6.39639178242325,4.380385985450824,0.0,0.0,6.372680940301508,-1.1388228886112615,1.1388228886112615
1762247903.8945282,6.392681861717387,4.38155034164185,0.0,0.0,6.375886473995465,-1.1382133276657653,1.1382133276657653
1762247903.9342558,6.395576541591342,4.380614473449923,0.0,0.0,6.373375110568304,-1.1386642391210513,1.1386642391210513
1762247903.9618554,6.387418782622259,4.380508816741699,0.0,0.0,6.379437132094758,-1.1349396445343012,1.1349396445343012
1762247903.987326,6.386574742280853,4.382912959358052,0.0,0.0,6.3809598190693935,-1.136718346123613,1.136718346123613
1762247904.0158763,6.386936230937551,4.381565707559786,0.0,0.0,6.380190038221144,-1.1356719746057524,1.1356719746057524
1762247904.085546,6.384168276488402,4.379441097822575,0.0,0.0,6.381474393741426,-1.1325388654694422,1.1325388654694422
1762247904.1103456,6.385471712752214,4.379476312473576,0.0,0.0,6.380511624102914,-1.1331494334642587,1.1331494334642587
1762247904.1451685,6.383675356613514,4.37762132699616,0.0,0.0,6.381168839311911,-1.130689515744114,1.130689515744114
1762247904.1895137,6.36928129622268,4.378561047845372,0.0,0.0,6.392306595955126,-1.1251511181373754,1.1251511181373754
1762247904.2170172,6.367299159635136,4.376455904177609,0.0,0.0,6.3930153577664415,-1.1223863603290198,1.1223863603290198
1762247904.2436118,6.3634079450569905,4.377182595130235,0.0,0.0,6.3962057239001355,-1.1213182576395309,1.1213182576395309
1762247904.2930622,6.354812680190703,4.3782477530818,0.0,0.0,6.4030578518354515,-1.1184819718067551,1.1184819718067551
1762247904.4883225,6.360013402814346,4.380354881019141,0.0,0.0,6.399927399552379,-1.1226661975961352,1.1226661975961352
1762247904.5435264,6.365296747404808,4.380206685259202,0.0,0.0,6.3959053602333755,-1.1248656724661694,1.1248656724661694
1762247904.5741947,6.359530461460428,4.380234621681025,0.0,0.0,6.400245782742239,-1.122345236380993,1.122345236380993
1762247904.676343,6.35231174167529,4.377686452150818,0.0,0.0,6.40473135038483,-1.116876397694504,1.116876397694504
1762247904.70529,6.355409721832091,4.3766906910969645,0.0,0.0,6.4020340967402065,-1.1173474111014092,1.1173474111014092
1762247904.7280302,6.343623487756822,4.377831847162191,0.0,0.0,6.411323534393701,-1.1131856210373616,1.1131856210373616
1762247904.7582035,6.339880951759819,4.377482757060506,0.0,0.0,6.41401390813089,-1.1112287208301888,1.1112287208301888
1762247904.7836258,6.336932988137509,4.3756076191377336,0.0,0.0,6.415544973870408,-1.1082503175233835,1.1082503175233835
1762247904.8061144,6.341682004510939,4.373978886702427,0.0,0.0,6.411365677408473,-1.1088714578479195,1.1088714578479195
1762247904.8375168,6.3441429503845175,4.374378044218435,0.0,0.0,6.409659022282513,-1.110311416919894,1.110311416919894
1762247904.8652787,6.343220177645435,4.376702568397647,0.0,0.0,6.411211065169378,-1.1119939707440638,1.1119939707440638
1762247904.9114475,6.337055084119684,4.378899229144429,0.0,0.0,6.416664838815734,-1.1112621002757863,1.1112621002757863
1762247904.9311013,6.340188973916427,4.379523212777091,0.0,0.0,6.414533259216869,-1.1131973920031444,1.1131973920031444
1762247904.9598022,6.346271133942436,4.382734178079519,0.0,0.0,6.411136512684064,-1.1187526965358272,1.1187526965358272
1762247904.9825344,6.342011465630151,4.383232593710602,0.0,0.0,6.414526131004114,-1.1173302942059082,1.1173302942059082
1762247905.007926,6.337213093586264,4.382397802607452,0.0,0.0,6.417832938299607,-1.1144759211468234,1.1144759211468234
1762247905.0318048,6.334645323671369,4.38355991434326,0.0,0.0,6.420195078091606,-1.1143957956081123,1.1143957956081123
1762247905.0703707,6.33537895662781,4.383097207612716,0.0,0.0,6.4194721320376065,-1.1143010841536414,1.1143010841536414
1762247905.119527,6.3381947348065255,4.378460647279697,0.0,0.0,6.4156445571450735,-1.1113676854523642,1.1113676854523642
1762247905.1540353,6.314477923362068,4.388201361781932,0.0,0.0,6.437114510011206,-1.1097689151129797,1.1097689151129797
1762247905.1788526,6.290555837385484,4.397366535503088,0.0,0.0,6.457762528147242,-1.1076610270912597,1.1076610270912597
1762247905.2119517,6.2740867682851205,4.407377845036231,0.0,0.0,6.473882028061055,-1.1096100585108404,1.1096100585108404
1762247905.238105,6.2487670904975285,4.414558195474285,0.0,0.0,6.495726113581035,-1.105282174216941,1.105282174216941
1762247905.2694807,6.230686269679305,4.419460970512835,0.0,0.0,6.511269320628049,-1.1020494164873973,1.1020494164873973
1762247905.2945676,6.2082749062690095,4.425653040745752,0.0,0.0,6.530605270019134,-1.098216885221384,1.098216885221384
1762247905.3220396,6.183374279318674,4.4336785442057085,0.0,0.0,6.5518219661731125,-1.095091377576315,1.095091377576315
1762247905.3490098,6.164913218146363,4.437658433148972,0.0,0.0,6.567421006464747,-1.0910449241924955,1.0910449241924955
1762247905.3728309,6.144363561895427,4.442060437994173,0.0,0.0,6.58480354715737,-1.0865737322130822,1.0865737322130822
1762247905.400951,6.119205671546275,4.4427108201586964,0.0,0.0,6.604483556279202,-1.076857660780099,1.076857660780099
1762247905.4297824,6.10785243638054,4.443477957480472,0.0,0.0,6.6135482147198,-1.0729314222080493,1.0729314222080493
1762247905.4878373,6.097204762222687,4.444932300312924,0.0,0.0,6.622313446688609,-1.0699360438018672,1.0699360438018672
1762247905.5127738,6.084848007803691,4.443806059144724,0.0,0.0,6.631528800048416,-1.0639050534514911,1.0639050534514911
1762247905.5393076,6.0727459630069935,4.441340092467101,0.0,0.0,6.6401023784872475,-1.056767363612403,1.056767363612403
1762247905.5602565,6.075744762779728,4.443823269918795,0.0,0.0,6.638619469105237,-1.0602480708310194,1.0602480708310194
1762247905.5830376,6.084384296706627,4.44978185457348,0.0,0.0,6.633944331680895,-1.0691846907294693,1.0691846907294693
1762247905.6026833,6.086340440485473,4.449700152519531,0.0,0.0,6.632395592044814,-1.0698997385804478,1.0698997385804478
1762247905.6310475,6.093812293330881,4.4509725311211215,0.0,0.0,6.627028564879145,-1.0740842986579997,1.0740842986579997
1762247905.6560051,6.099282585253285,4.45242621942364,0.0,0.0,6.623283293414387,-1.0776289149185247,1.0776289149185247
1762247905.6901546,6.096186474192244,4.450954808000094,0.0,0.0,6.625179273197037,-1.0750292922291962,1.0750292922291962
1762247905.7122986,6.104059864389141,4.450393516811612,0.0,0.0,6.618877176586985,-1.0777088182868055,1.0777088182868055
1762247905.7435808,6.100144296112054,4.453063530688374,0.0,0.0,6.62283430322349,-1.0785608041139734,1.0785608041139734
1762247905.7682402,6.096727050882962,4.4552068490021846,0.0,0.0,6.626223194120528,-1.0791360475526934,1.0791360475526934
1762247905.7891843,6.102223256992049,4.4552654951098605,0.0,0.0,6.621980360120402,-1.081416554102996,1.081416554102996
1762247905.8120475,6.107934720885379,4.456320215049149,0.0,0.0,6.617917104797908,-1.0846983354296298,1.0846983354296298
1762247905.8331778,6.102949409414953,4.457858954704228,0.0,0.0,6.622310370828766,-1.084081688235475,1.084081688235475
1762247905.8595207,6.100580309169088,4.460277642324028,0.0,0.0,6.624978979543294,-1.0853328223604497,1.0853328223604497
1762247905.8815942,6.102745550598533,4.460484428487097,0.0,0.0,6.623371868872278,-1.0863991394889523,1.0863991394889523
1762247905.908274,6.105040412763923,4.459523895092242,0.0,0.0,6.621263059217635,-1.0864515454939758,1.0864515454939758
1762247905.9338531,6.111119663709911,4.459862362653618,0.0,0.0,6.6166712701345824,-1.0892288719414063,1.0892288719414063
1762247905.9569507,6.111613519369596,4.459676397609133,0.0,0.0,6.616224851234468,-1.0892596400154304,1.0892596400154304
1762247905.98275,6.113140975029513,4.459827442147158,0.0,0.0,6.61509455274208,-1.0900185375261118,1.0900185375261118
1762247906.0081062,6.104131567900931,4.460211227535174,0.0,0.0,6.622203829231658,-1.0867112484771295,1.0867112484771295
1762247906.033457,6.1032497481428925,4.460806680348655,0.0,0.0,6.623092012516302,-1.0868980899343241,1.0868980899343241
1762247906.0562854,6.1007799215838805,4.46068060447498,0.0,0.0,6.6249628196832235,-1.0857821010960702,1.0857821010960702
1762247906.081891,6.092802101392311,4.459694550338744,0.0,0.0,6.630811311427006,-1.0816527063155768,1.0816527063155768
1762247906.1063716,6.083808861097991,4.457494088664197,0.0,0.0,6.6370393562158405,-1.076009482698258,1.076009482698258
1762247906.129903,6.0812148753571105,4.462437398407476,0.0,0.0,6.640749094806524,-1.0794888998964183,1.0794888998964183
1762247906.1593204,6.083204654545543,4.46376361202581,0.0,0.0,6.6396576286759155,-1.0815040453944067,1.0815040453944067
1762247906.1807184,6.077823279822414,4.462132606510577,0.0,0.0,6.6426516323635685,-1.077845182957586,1.077845182957586
1762247906.2001722,6.088471728407376,4.462153245273038,0.0,0.0,6.6350160371441635,-1.0821534757615354,1.0821534757615354
1762247906.2185779,6.0892152723201765,4.462630790673921,0.0,0.0,6.6346026803371565,-1.0828904379221878,1.0828904379221878
1762247906.2360835,6.078216494503674,4.460731104226536,0.0,0.0,6.642494993442943,-1.0767202270284442,1.0767202270284442
1762247906.258787,6.071208794685258,4.4578677570661185,0.0,0.0,6.646349243197724,-1.0712816354074797,1.0712816354074797
1762247906.2756917,6.062048165775894,4.451975133773768,0.0,0.0,6.651485642307789,-1.0622088096320355,1.0622088096320355
1762247906.3123596,6.063626959714817,4.454606472458849,0.0,0.0,6.651149682690431,-1.0652523430512177,1.0652523430512177
1762247906.3337271,6.063881567947974,4.454447484242541,0.0,0.0,6.650896934202919,-1.0652087536623025,1.0652087536623025
1762247906.3562248,6.057120342815369,4.453290604760867,0.0,0.0,6.655780149411557,-1.0614407668568728,1.0614407668568728
1762247906.3813431,6.054308321551279,4.454402545137308,0.0,0.0,6.658354171955506,-1.0613352944690426,1.0613352944690426
1762247906.4005704,6.052240050761924,4.457925103110348,0.0,0.0,6.661165910960286,-1.0637382206376087,1.0637382206376087
1762247906.4216244,6.050613038428092,4.460062394186422,0.0,0.0,6.663161796705406,-1.065048478834516,1.065048478834516
1762247906.4515858,6.0427275343485665,4.4584184615766915,0.0,0.0,6.6687666992547925,-1.0603979940018549,1.0603979940018549
1762247906.4930964,6.035853064930292,4.458626671678546,0.0,0.0,6.674214491278723,-1.0578551169451318,1.0578551169451318
1762247906.51366,6.0357860766191,4.45808961673901,0.0,0.0,6.674085219562697,-1.0573356496096717,1.0573356496096717
1762247906.5583522,6.043258127058004,4.4582374391176955,0.0,0.0,6.668290516628669,-1.0604431942039196,1.0604431942039196
1762247906.5863736,6.0570946995220165,4.4569063275746705,0.0,0.0,6.657029409270182,-1.0647443191069557,1.0647443191069557
1762247906.6278,6.059922962330403,4.456827702217892,0.0,0.0,6.654795335801189,-1.0658038796231164,1.0658038796231164
1762247906.6778452,6.064365559708918,4.454179231731878,0.0,0.0,6.650428043306311,-1.0651570505937797,1.0651570505937797
1762247906.704663,6.066316263994771,4.45316789799081,0.0,0.0,6.648562002177587,-1.0650130842350685,1.0650130842350685
1762247906.7246742,6.076757851670468,4.452749875433755,0.0,0.0,6.640894595264168,-1.068826784861712,1.068826784861712
1762247906.7453387,6.079595544985995,4.453571035856571,0.0,0.0,6.638968908344055,-1.0707211471031053,1.0707211471031053
1762247906.7747395,6.075345163597379,4.453513175589063,0.0,0.0,6.642255440962888,-1.0689570246707483,1.0689570246707483
1762247906.795889,6.0664174163785365,4.454852307646006,0.0,0.0,6.649056925653629,-1.0665965594734335,1.0665965594734335
1762247906.821954,6.064895041496237,4.453103976560134,0.0,0.0,6.649648801302711,-1.0643843800036947,1.0643843800036947
1762247906.8446076,6.062781002737812,4.455039447502159,0.0,0.0,6.651957027017093,-1.065309971784771,1.065309971784771
1762247906.8718314,6.060095973776081,4.455232926109893,0.0,0.0,6.654117957866943,-1.0644117409073341,1.0644117409073341
1762247906.8935611,6.057214145054046,4.453856717095442,0.0,0.0,6.6558994386368,-1.061997119497831,1.061997119497831
1762247906.9257514,6.0600433980485215,4.4543669871743,0.0,0.0,6.653864408548088,-1.0635971978944907,1.0635971978944907
1762247906.9496174,6.0575263541453195,4.452944791237464,0.0,0.0,6.6553455029947495,-1.0612863202308633,1.0612863202308633
1762247906.9811165,6.056484939411933,4.452524136992159,0.0,0.0,6.656015635295857,-1.0604840921062848,1.0604840921062848
1762247907.0035498,6.048995060000567,4.452564611337978,0.0,0.0,6.661881260898918,-1.05752794404747,1.05752794404747
1762247907.0295546,6.0360428172096965,4.449133795270956,0.0,0.0,6.670851009771099,-1.049219986248242,1.049219986248242
1762247907.0564802,6.03213741143715,4.449077919603121,0.0,0.0,6.673891352849155,-1.047616102580724,1.047616102580724
1762247907.080712,6.027421932992541,4.450376817426441,0.0,0.0,6.678026757690589,-1.0469362189078635,1.0469362189078635
1762247907.10108,6.032743455721745,4.447986031222466,0.0,0.0,6.673046508765844,-1.0468549615792415,1.0468549615792415
1762247907.1275408,6.035979598780874,4.4481361309773595,0.0,0.0,6.670562237737666,-1.0482795136589025,1.0482795136589025
1762247907.1511157,6.034416319061277,4.450818454745947,0.0,0.0,6.672695809848465,-1.0501189525843146,1.0501189525843146
1762247907.1882982,6.023349996289884,4.449716740763942,0.0,0.0,6.680996407503331,-1.04471592138915,1.04471592138915
1762247907.206078,6.032345782467389,4.452033824271378,0.0,0.0,6.674729205063557,-1.050411538224473,1.050411538224473
1762247907.240308,6.02387487862352,4.449934560890423,0.0,0.0,6.680658390404934,-1.0451238931963334,1.0451238931963334
1762247907.2629387,6.030316504430637,4.449324241338796,0.0,0.0,6.675401679646851,-1.0471188919587582,1.0471188919587582
1762247907.2870977,6.029947509025625,4.446619239690325,0.0,0.0,6.67477462269463,-1.0444898069363437,1.0444898069363437
1762247907.3110888,6.03197360794521,4.448266379770014,0.0,0.0,6.6737447474650535,-1.0468062881743145,1.0468062881743145
1762247907.333001,6.034124901886815,4.448063968039985,0.0,0.0,6.671990588764712,-1.047475644727915,1.047475644727915
1762247907.599867,6.018650067085621,4.455884251637208,0.0,0.0,6.686765984713248,-1.0485197596550477,1.0485197596550477
1762247907.7387447,6.030035574626104,4.4566734352634025,0.0,0.0,6.678108386786694,-1.0537530233182588,1.0537530233182588
1762247907.7762575,6.026600366541218,4.455364949624977,0.0,0.0,6.680357420524129,-1.051189755674269,1.051189755674269
1762247907.9652207,5.9994944803220225,4.4561680427591,0.0,0.0,6.701905488147567,-1.041230345681505,1.041230345681505
1762247908.0023699,6.00712683823021,4.455461449488253,0.0,0.0,6.695668960820297,-1.0435838070225787,1.0435838070225787
1762247908.0277212,6.000775087144866,4.4557890218083935,0.0,0.0,6.700771129000509,-1.0413852013342677,1.0413852013342677
1762247908.048279,5.994831662830392,4.456878815232344,0.0,0.0,6.705811987000562,-1.0400530223591482,1.0400530223591482
1762247908.066028,5.998352584046615,4.455500485339178,0.0,0.0,6.702579171818804,-1.0401677949313037,1.0401677949313037
1762247908.1144507,5.994391600732981,4.451160258362806,0.0,0.0,6.704237204201597,-1.0346206473203086,1.0346206473203086
1762247908.1336856,5.9976439549164935,4.450956891727042,0.0,0.0,6.701609012614716,-1.035711237492285,1.035711237492285
1762247908.1500301,6.00064444191562,4.452904355531367,0.0,0.0,6.699903720871845,-1.038681544063528,1.038681544063528
1762247908.1681633,6.011007986050858,4.451874809515681,0.0,0.0,6.691412045407354,-1.041817952048243,1.041817952048243
1762247908.193241,6.012463039622777,4.449947733579939,0.0,0.0,6.689619298114931,-1.0406217434720892,1.0406217434720892
1762247908.2108276,6.009547533249716,4.452135715392186,0.0,0.0,6.692647133352192,-1.041481534827205,1.041481534827205
1762247908.2499769,6.015439154693057,4.449505486775537,0.0,0.0,6.687132997409498,-1.0413912605919609,1.0413912605919609
1762247908.2716954,6.014252997983489,4.449193595026466,0.0,0.0,6.687959075727049,-1.0406359862000178,1.0406359862000178
1762247908.314682,6.012400131534845,4.4503847542040855,0.0,0.0,6.6898161451894635,-1.0409984108090238,1.0409984108090238
1762247908.3343606,6.0220001869230915,4.451045942736666,0.0,0.0,6.682504494790448,-1.0454017439575258,1.0454017439575258
1762247908.3592176,6.020465328096275,4.452096197855877,0.0,0.0,6.684063326805279,-1.0457586097174623,1.0457586097174623
1762247908.6129668,6.020065392284758,4.450571001244544,0.0,0.0,6.68386185927715,-1.044199660179088,1.044199660179088
1762247908.7432425,5.995384265511336,4.4499135958866525,0.0,0.0,6.703036606683025,-1.0338639768452922,1.0338639768452922
1762247908.7715204,5.9941614511995045,4.451614638894792,0.0,0.0,6.7045711105044665,-1.0349481897359445,1.0349481897359445
1762247908.80435,5.99802049699292,4.454193669012286,0.0,0.0,6.702401150981193,-1.038835592529328,1.038835592529328
1762247908.8217366,5.997564714346136,4.455873720998884,0.0,0.0,6.7033242986769555,-1.0402015358534897,1.0402015358534897
1762247908.8745291,6.001818622762804,4.459185997383083,0.0,0.0,6.70109259281614,-1.044918906178026,1.044918906178026
1762247908.903694,6.006647121820758,4.457971079716877,0.0,0.0,6.696890350376095,-1.0457016569393476,1.0457016569393476
1762247908.9257083,5.997469522690919,4.45851150165344,0.0,0.0,6.704285188582,-1.0425900453011445,1.0425900453011445
1762247908.9596677,6.002322540467866,4.455605414481782,0.0,0.0,6.699492822386633,-1.041824933660123,1.041824933660123
1762247908.979114,6.004472408118573,4.457489098791284,0.0,0.0,6.698436712641809,-1.0444025390009224,1.0444025390009224
1762247909.001156,6.007669100671291,4.458536199644286,0.0,0.0,6.696277801866242,-1.0466235717998462,1.0466235717998462
1762247909.0474238,6.009560338614431,4.456632863382583,0.0,0.0,6.694152015055714,-1.0456193870299029,1.0456193870299029
1762247909.0830333,6.0104986271971335,4.455881103174938,0.0,0.0,6.693162085102887,-1.0452984461078538,1.0452984461078538
1762247909.112968,6.02615014342604,4.457600302288428,0.0,0.0,6.681465386057667,-1.053063755377785,1.053063755377785
1762247909.1308842,6.024232863579086,4.457378616055768,0.0,0.0,6.682893004591051,-1.0521008875981828,1.0521008875981828
1762247909.1584775,6.020927613641441,4.459627124265606,0.0,0.0,6.686242472609524,-1.0528581397948529,1.0528581397948529
1762247909.1817968,6.020109410266425,4.456228191078111,0.0,0.0,6.685737450250696,-1.0494126994241157,1.0494126994241157
1762247909.219624,6.02370346452095,4.457780638590286,0.0,0.0,6.683443644687928,-1.0522604869424317,1.0522604869424317
1762247909.2684183,6.019931486934067,4.458378007722576,0.0,0.0,6.686602194596171,-1.0513169572392833,1.0513169572392833
1762247909.2964506,6.017265305311068,4.458399866408361,0.0,0.0,6.688700462182285,-1.050283398238905,1.050283398238905
1762247909.3360023,6.020911024231892,4.45795407309797,0.0,0.0,6.685691176926951,-1.0513149008494147,1.0513149008494147
1762247909.3827384,6.032368942515037,4.458797921515482,0.0,0.0,6.676999438221817,-1.0566289104155429,1.0566289104155429
1762247909.4208364,6.0307364861364094,4.4577193041748036,0.0,0.0,6.677913006033579,-1.054991123465641,1.054991123465641
1762247909.4444208,6.038940485982703,4.4572072343134845,0.0,0.0,6.671318362158791,-1.0577798618758962,1.0577798618758962
1762247909.6139836,6.035440155451215,4.462678513561586,0.0,0.0,6.675907606648788,-1.0614097513676821,1.0614097513676821
1762247909.7920232,6.024266784726421,4.4566986595639975,0.0,0.0,6.682636833899157,-1.0514899313401158,1.0514899313401158
1762247909.9253216,6.010444753795001,4.454689381385656,0.0,0.0,6.69280294876596,-1.0441820612945332,1.0441820612945332
1762247909.9557374,6.010114420421746,4.457022437605995,0.0,0.0,6.693848114860584,-1.0461958359412116,1.0461958359412116
1762247909.9795582,6.014715693360908,4.456676330087582,0.0,0.0,6.690119809996911,-1.04769307664824,1.04769307664824
1762247910.0066836,6.006361729801526,4.458790727515835,0.0,0.0,6.697390229397204,-1.046342738485679,1.046342738485679
1762247910.0258894,6.005279854896769,4.457010059987084,0.0,0.0,6.697641158611177,-1.0442799579086965,1.0442799579086965
1762247910.045283,6.006333207258032,4.457283395015821,0.0,0.0,6.696905576592563,-1.0449459211053171,1.0449459211053171
1762247910.0697296,6.004007528779777,4.457152643447654,0.0,0.0,6.698688851591679,-1.0439102976681884,1.0439102976681884
1762247910.1034284,6.008053375045518,4.455511036459483,0.0,0.0,6.694957825378747,-1.043994439282769,1.043994439282769
1762247910.1266742,6.001687902914774,4.451750971374274,0.0,0.0,6.698695013367611,-1.0380316349451084,1.0380316349451084
1762247910.1504266,6.0104388153618205,4.451232993981617,0.0,0.0,6.6916427126098315,-1.0410036271046121,1.0410036271046121
1762247910.1893435,6.008348748937641,4.450048347395133,0.0,0.0,6.692885383402573,-1.039090572258007,1.039090572258007
1762247910.2067592,6.003597517127315,4.449482409483919,0.0,0.0,6.696429488788342,-1.0366979654195925,1.0366979654195925
1762247910.2380953,6.010482920307151,4.4507998358923695,0.0,0.0,6.691462016287203,-1.0406230183302847,1.0406230183302847
1762247910.2566538,6.013040867735013,4.450795633968808,0.0,0.0,6.689451574074878,-1.0416289132287133,1.0416289132287133
1762247910.2897418,6.012536920043514,4.449445409754864,0.0,0.0,6.689391779621946,-1.0401894217039813,1.0401894217039813
1762247910.3229387,6.014059678113849,4.450040100128238,0.0,0.0,6.6883966050427945,-1.0413372345546212,1.0413372345546212
1762247910.362557,6.006705956474858,4.450843492128741,0.0,0.0,6.694444380884571,-1.03917363016004,1.03917363016004
1762247910.3820755,6.004889277518463,4.451667955014335,0.0,0.0,6.696150017511391,-1.039215623492514,1.039215623492514
1762247910.4091163,5.995809984482341,4.4504814859938335,0.0,0.0,6.702892472584644,-1.034553448140487,1.034553448140487
1762247910.4278052,6.002605461088861,4.452914605613486,0.0,0.0,6.6983651378447835,-1.0394624533349273,1.0394624533349273
1762247910.4600518,5.999231945049894,4.451249167496758,0.0,0.0,6.700457905109353,-1.0366042482011546,1.0366042482011546
1762247910.5079448,6.01965767152268,4.449949601680329,0.0,0.0,6.683971826460246,-1.043467635170669,1.043467635170669
1762247910.5335255,6.027321478524906,4.451376641658151,0.0,0.0,6.678443769000422,-1.047814184704973,1.047814184704973
1762247910.5575187,6.022451894382624,4.450902300685164,0.0,0.0,6.682101639594753,-1.045448728357968,1.045448728357968
1762247910.5841684,6.0294675112048886,4.4497797377186945,0.0,0.0,6.676221285605141,-1.0471998825065802,1.0471998825065802
1762247910.6075587,6.038605518984439,4.451404187855209,0.0,0.0,6.669614283315248,-1.0523225877763818,1.0523225877763818
1762247910.6406147,6.043137440971442,4.452040926334856,0.0,0.0,6.666283960501773,-1.0547114531624755,1.0547114531624755
1762247910.6610858,6.038103054093129,4.453026588611077,0.0,0.0,6.67055749655433,-1.053611082916643,1.053611082916643
1762247910.6801305,6.045303929744996,4.453218699701022,0.0,0.0,6.6649891279074325,-1.0566551808575348,1.0566551808575348
1762247910.7041607,6.051686098153574,4.458928635719158,0.0,0.0,6.661939118999962,-1.0644371520252425,1.0644371520252425
1762247910.7267697,6.052751349374485,4.461447895662432,0.0,0.0,6.661961993907522,-1.0671722195489242,1.0671722195489242
1762247910.7576704,6.044071331488659,4.459782022493792,0.0,0.0,6.668178069733086,-1.0621838558187637,1.0621838558187637
1762247910.7790375,6.045360541032288,4.460005576335292,0.0,0.0,6.667246163628949,-1.0629023765738894,1.0629023765738894
1762247910.8058887,6.0453826216007975,4.459360676275437,0.0,0.0,6.667010384691933,-1.062319653807125,1.062319653807125
1762247910.8264523,6.051322088187837,4.459740910274018,0.0,0.0,6.662498988067354,-1.0650366345432765,1.0650366345432765
1762247910.846839,6.053067255405261,4.458946988777971,0.0,0.0,6.660866775906038,-1.0650054155042588,1.0650054155042588
1762247910.8814912,6.057687043068966,4.459384106026533,0.0,0.0,6.657408929071242,-1.067252223211448,1.067252223211448
1762247910.9086816,6.056643994344537,4.4581610328111365,0.0,0.0,6.657807526113034,-1.0657141167234596,1.0657141167234596
1762247910.9350252,6.048492561151534,4.455753671058151,0.0,0.0,6.6633566719647375,-1.0602515285537653,1.0602515285537653
1762247910.9682114,6.041215216715766,4.455954308660426,0.0,0.0,6.66911450801336,-1.0575354752990762,1.0575354752990762
1762247910.9979694,6.036494950068675,4.456542764356448,0.0,0.0,6.673006974561279,-1.0561978552635445,1.0561978552635445
1762247911.0282664,6.0353737224023645,4.458126701853408,0.0,0.0,6.6744204750422105,-1.0572058700023688,1.0572058700023688
1762247911.050716,6.034121074231096,4.4583692357797124,0.0,0.0,6.675482926239318,-1.0569309618139897,1.0569309618139897
1762247911.0808275,6.032882776018959,4.456117733591458,0.0,0.0,6.675690776284568,-1.0543728721648138,1.0543728721648138
1762247911.1011083,6.034086170983052,4.457751834764285,0.0,0.0,6.675301426447931,-1.0563504629806963,1.0563504629806963
1762247911.1212065,6.03654876549768,4.457414821734387,0.0,0.0,6.67326002307664,-1.0570194693434585,1.0570194693434585
1762247911.1481402,6.033536522085487,4.458062083857223,0.0,0.0,6.67583661540637,-1.056416964919777,1.056416964919777
1762247911.1750622,6.03884182270265,4.459304838772047,0.0,0.0,6.672105639997729,-1.0596652519423897,1.0596652519423897
1762247911.2083616,6.035014236288129,4.457921549921394,0.0,0.0,6.674632421874144,-1.056874802219719,1.056874802219719
1762247911.257746,6.037750720448571,4.4577304588901345,0.0,0.0,6.672426343907234,-1.0577868555796308,1.0577868555796308
1762247911.2965918,6.033483086891851,4.456920399856279,0.0,0.0,6.675492296439359,-1.0553479114896922,1.0553479114896922
1762247911.3363516,6.029238788760024,4.454746929388799,0.0,0.0,6.6780811734807335,-1.0516685043752472,1.0516685043752472
1762247911.3617983,6.028614938194847,4.453913623247985,0.0,0.0,6.678288164061807,-1.0506561033070811,1.0506561033070811
1762247911.3838542,6.022559532760672,4.451505941701699,0.0,0.0,6.682221230989273,-1.0460456412052954,1.0460456412052954
1762247911.4012644,6.019026820216834,4.449807315430491,0.0,0.0,6.684418800456715,-1.043087322092476,1.043087322092476
1762247911.422467,6.020059114383119,4.447802548212888,0.0,0.0,6.682931143805313,-1.0416548573289464,1.0416548573289464
1762247911.4413958,6.0203339997317915,4.446191274526698,0.0,0.0,6.6821705623064815,-1.0402841364129123,1.0402841364129123
1762247911.487162,6.031680317748802,4.449088293251394,0.0,0.0,6.674253026920665,-1.0474440231851714,1.0474440231851714
1762247911.5131772,6.038266676496203,4.452174695754487,0.0,0.0,6.670140707741512,-1.0528946204156269,1.0528946204156269
1762247911.7900124,6.015586878154487,4.452826358869908,0.0,0.0,6.688137851192113,-1.0445001918592272,1.0445001918592272
1762247911.94158,6.02071603478698,4.45321421908329,0.0,0.0,6.684244262466541,-1.0468845760067174,1.0468845760067174
1762247911.958778,6.027320838672008,4.454094598618482,0.0,0.0,6.679363430328287,-1.0503090609886883,1.0503090609886883
1762247911.982596,6.030977769754786,4.458696146932027,0.0,0.0,6.678054238545734,-1.0559835347473492,1.0559835347473492
1762247912.0023594,6.030343713258271,4.456206172273497,0.0,0.0,6.677709065743919,-1.0534463363954594,1.0534463363954594
1762247912.020564,6.02554582946612,4.45632753398268,0.0,0.0,6.681509051542519,-1.051655719114956,1.051655719114956
1762247912.041597,6.031352294486157,4.458213104406059,0.0,0.0,6.677597715508394,-1.0556887054789987,1.0556887054789987
1762247912.0814805,6.028316885782783,4.459313140185861,0.0,0.0,6.680346475835954,-1.055494929390905,1.055494929390905
1762247912.12061,6.034032383821484,4.456742810180712,0.0,0.0,6.6750021945250975,-1.0554030550252969,1.0554030550252969
1762247912.1504815,6.046112522398987,4.4600919966235555,0.0,0.0,6.66668778157988,-1.063281226464955,1.063281226464955
1762247912.1803846,6.044580504226714,4.457069928157223,0.0,0.0,6.666860975438096,-1.0598989887213426,1.0598989887213426
1762247912.200528,6.042125224714708,4.455071679806486,0.0,0.0,6.6681035733979765,-1.0570881264142309,1.0570881264142309
1762247912.2275848,6.044690006843171,4.453879528306258,0.0,0.0,6.665693423793361,-1.0570164922659395,1.0570164922659395
1762247912.245703,6.045314585320723,4.453896382810525,0.0,0.0,6.665210742579797,-1.057280924550777,1.057280924550777
1762247912.2663054,6.051485127006578,4.455421796467065,0.0,0.0,6.6609057099073485,-1.0611417020406102,1.0611417020406102
1762247912.2993352,6.050283361163309,4.455683804547804,0.0,0.0,6.6619335912580455,-1.0609021107933834,1.0609021107933834
1762247912.3186166,6.045395553700021,4.455363904814261,0.0,0.0,6.665645267626673,-1.0586590815096364,1.0586590815096364
1762247912.3482735,6.039884035812365,4.455324391083081,0.0,0.0,6.66994242786612,-1.0564277928448411,1.0564277928448411
1762247912.3767715,6.042587812112777,4.4571951473583065,0.0,0.0,6.66846148054863,-1.059220187638167,1.059220187638167
1762247912.401836,6.040170956354997,4.455107565664102,0.0,0.0,6.669644484001683,-1.0563430573882693,1.0563430573882693
1762247912.4312098,6.045682731807264,4.456458032035694,0.0,0.0,6.665791827482539,-1.0597770044233952,1.0597770044233952
1762247912.453019,6.0435993241537815,4.45739708552711,0.0,0.0,6.667738985209275,-1.0598082250990088,1.0598082250990088
1762247912.4747455,6.033996044937536,4.453210001236074,0.0,0.0,6.673834949203039,-1.052146504217406,1.052146504217406
1762247912.4972832,6.026296235432355,4.448743392286263,0.0,0.0,6.678356585432502,-1.04499027493714,1.04499027493714
1762247912.5198348,6.027698407818574,4.449736088759919,0.0,0.0,6.677593200400434,-1.0464577469247816,1.0464577469247816
1762247912.549751,6.030965105975181,4.452299830725906,0.0,0.0,6.675900843007706,-1.0501074086925724,1.0501074086925724
1762247912.5843735,6.021092302234072,4.451477505599554,0.0,0.0,6.683362486908453,-1.0454385950463811,1.0454385950463811
1762247912.6096635,6.021790408248177,4.451896963094918,0.0,0.0,6.682956610987458,-1.0461001511189483,1.0461001511189483
1762247912.6351342,6.018170743998405,4.451661219946946,0.0,0.0,6.68571675432554,-1.0444513488978542,1.0444513488978542
1762247912.6689382,6.023383211821139,4.453093227435382,0.0,0.0,6.682111670336623,-1.0478293490415125,1.0478293490415125
1762247912.6947243,6.030037681112383,4.451373201804929,0.0,0.0,6.676313862784427,-1.048888756835716,1.048888756835716
1762247912.7164555,6.025508050771634,4.4513895859944155,0.0,0.0,6.679869765197083,-1.0471070395229836,1.0471070395229836
1762247912.7366369,6.030392643012428,4.454116572927997,0.0,0.0,6.676964040642401,-1.0515476829803738,1.0515476829803738
1762247912.757104,6.033807267459241,4.453580282609748,0.0,0.0,6.674108142388345,-1.05241130377869,1.05241130377869
1762247912.7756836,6.028180353852472,4.452503331094149,0.0,0.0,6.678151731587738,-1.04918911923317,1.04918911923317
1762247912.79103,6.021227004743632,4.453503988922899,0.0,0.0,6.683941347345624,-1.0473529000689248,1.0473529000689248
1762247912.8125699,6.013280370861083,4.451148820528663,0.0,0.0,6.689382654743749,-1.04204797517543,1.04204797517543
1762247912.8432965,6.013101973033112,4.4508050679717135,0.0,0.0,6.689406772216007,-1.0416617116021878,1.0416617116021878
1762247912.9015777,6.01839283889166,4.4519481508106775,0.0,0.0,6.685639356666998,-1.0448027228781178,1.0448027228781178
1762247912.9237502,6.030010833499232,4.454901389416735,0.0,0.0,6.677528589836889,-1.0521165691597654,1.0521165691597654
1762247912.9486353,6.026779198510614,4.455989445940248,0.0,0.0,6.680428308509713,-1.0518339890449726,1.0518339890449726
1762247912.9748769,6.020266921693241,4.45522538926842,0.0,0.0,6.68527550235316,-1.0485539667288581,1.0485539667288581
1762247912.9950297,6.027690173815024,4.45416447230086,0.0,0.0,6.679097624172059,-1.050519645731767,1.050519645731767
1762247913.0216048,6.023479979169553,4.454282088799631,0.0,0.0,6.68243745063094,-1.0489593334955223,1.0489593334955223
1762247913.042199,6.017686246277873,4.451437436880474,0.0,0.0,6.686021407662352,-1.0440542074869996,1.0440542074869996
1762247913.0620837,6.013897930914507,4.451332779713294,0.0,0.0,6.6889598108914035,-1.0424608849621695,1.0424608849621695
1762247913.0862923,6.01005067998246,4.450311087315256,0.0,0.0,6.691636764257033,-1.0400033719379655,1.0400033719379655
1762247913.1113584,6.0100824864757785,4.451547087127589,0.0,0.0,6.692028504834043,-1.0411516551737936,1.0411516551737936
1762247913.1414342,6.016821934349419,4.450933551763212,0.0,0.0,6.686529634679677,-1.0432496358200867,1.0432496358200867
1762247913.1607163,6.021499527416889,4.45293201284031,0.0,0.0,6.683534424083337,-1.0469354939909912,1.0469354939909912
1762247913.1909666,6.026565265816529,4.454556679917174,0.0,0.0,6.680111765164064,-1.050433766848313,1.050433766848313
1762247913.2125037,6.028327846684421,4.457032446723776,0.0,0.0,6.679567401137531,-1.0534053981572975,1.0534053981572975
1762247913.2396538,6.04087890220968,4.4594460309772135,0.0,0.0,6.670560229884597,-1.0606049745452677,1.0606049745452677
1762247913.2719154,6.042973442382711,4.458906790891082,0.0,0.0,6.668739859194555,-1.0609438555111588,1.0609438555111588
1762247913.303988,6.049980150726568,4.460191775114277,0.0,0.0,6.663699986320423,-1.0649146326940173,1.0649146326940173
1762247913.33759,6.044046066480746,4.460166989672809,0.0,0.0,6.668328220986885,-1.0625269264763708,1.0625269264763708
1762247913.36445,6.06000225043094,4.458728552771203,0.0,0.0,6.655379665418766,-1.067577573859333,1.067577573859333
1762247913.3823755,6.057252893143658,4.460390110893242,0.0,0.0,6.658089387994934,-1.0680007349530285,1.0680007349530285
1762247913.4065447,6.054912534131756,4.461408291515297,0.0,0.0,6.660261505312162,-1.0679988749930671,1.0679988749930671
1762247913.4311574,6.050570718477081,4.460324386571189,0.0,0.0,6.663283703819424,-1.065271831367609,1.065271831367609
1762247913.4483447,6.043706886305141,4.459449319983432,0.0,0.0,6.6683502509574755,-1.06173354808995,1.06173354808995
1762247913.5361297,6.037108189836214,4.452239037796313,0.0,0.0,6.671069364144278,-1.0524927723632274,1.0524927723632274
1762247913.558342,6.026675875508745,4.4499589549533,0.0,0.0,6.678470248842766,-1.0462567138193999,1.0462567138193999
1762247913.5823715,6.0247523652624855,4.4508821431198164,0.0,0.0,6.680290689014688,-1.0463416355342283,1.0463416355342283
1762247913.6076443,6.047429607659497,4.4525432318164775,0.0,0.0,6.663097781763106,-1.0568835863134007,1.0568835863134007
1762247913.685135,6.059474915469582,4.449826363293564,0.0,0.0,6.652762672105178,-1.0592089837487986,1.0592089837487986
1762247913.711265,6.0619044568119405,4.451050182106185,0.0,0.0,6.651282795273639,-1.0613038063459506,1.0613038063459506
1762247913.7341375,6.062621236474782,4.450930039250005,0.0,0.0,6.650682439026696,-1.0614810810982354,1.0614810810982354
1762247913.756536,6.060193421723256,4.450446597487381,0.0,0.0,6.6524128930780275,-1.060065121589484,1.060065121589484
1762247913.78164,6.06056604330382,4.453460379751065,0.0,0.0,6.653148001969123,-1.062975782342452,1.062975782342452
1762247913.8074281,6.055607736745692,4.452072843899487,0.0,0.0,6.656547236489066,-1.0597195574998766,1.0597195574998766
1762247913.8291702,6.0789593583781265,4.452639335865484,0.0,0.0,6.639144090411707,-1.0696121100897147,1.0696121100897147
1762247913.8522646,6.092823101120209,4.454361020488501,0.0,0.0,6.628962217732615,-1.0767829244584437,1.0767829244584437
1762247913.8951464,6.091588696190981,4.456205449398148,0.0,0.0,6.63055451822356,-1.0779708501840601,1.0779708501840601
1762247913.919166,6.094511686032657,4.457313829408499,0.0,0.0,6.628666730142011,-1.0801663868586429,1.0801663868586429
1762247913.9577243,6.10243004527952,4.455512530199565,0.0,0.0,6.621905103184971,-1.0817262209016603,1.0817262209016603
1762247913.984275,6.095681041487522,4.451855851934179,0.0,0.0,6.6258818044450924,-1.0756484814155007,1.0756484814155007
1762247914.0153215,6.103638521262158,4.448114226674829,0.0,0.0,6.618417727165602,-1.0754547837530732,1.0754547837530732
1762247914.0367146,6.097993404753102,4.452213736112711,0.0,0.0,6.624210397237939,-1.0769122523560963,1.0769122523560963
1762247914.0555205,6.106864105919762,4.452934312171969,0.0,0.0,6.617579361473098,-1.0811694507912497,1.0811694507912497
1762247914.0785184,6.115218036917549,4.453536546982638,0.0,0.0,6.611316029094484,-1.0851170048613628,1.0851170048613628
1762247914.1025443,6.106087994194767,4.457644253582068,0.0,0.0,6.619804124437178,-1.0851585955953504,1.0851585955953504
1762247914.1373832,6.105126644063885,4.462566960905151,0.0,0.0,6.62224346790541,-1.0892681178923826,1.0892681178923826
1762247914.1584442,6.096123392497457,4.460612081043062,0.0,0.0,6.6285498333643025,-1.0838346930416298,1.0838346930416298
1762247914.189147,6.108588793800767,4.458521401663916,0.0,0.0,6.61816899768603,-1.0869754564705973,1.0869754564705973
1762247914.2206478,6.103744149807937,4.455969100056359,0.0,0.0,6.621043597697779,-1.0826765268560599,1.0826765268560599
1762247914.243337,6.100297100459593,4.4529004657355555,0.0,0.0,6.622659608251463,-1.078473682446154,1.078473682446154
1762247914.276677,6.0906040611167285,4.453353515782332,0.0,0.0,6.630338875208718,-1.0749642744082029,1.0749642744082029
1762247914.300686,6.0881355558758,4.455095251770343,0.0,0.0,6.6328546318927435,-1.075560276775493,1.075560276775493
1762247914.3185537,6.081574280047945,4.45551674416204,0.0,0.0,6.638097803829862,-1.0732991927868338,1.0732991927868338
1762247914.3369513,6.059612695796306,4.453630288946362,0.0,0.0,6.653949930552097,-1.062749675869087,1.062749675869087
1762247914.3574247,6.053250923128894,4.45144131684128,0.0,0.0,6.658173605506465,-1.0581982649733352,1.0581982649733352
1762247914.3823926,6.0465402995302036,4.451047479905122,0.0,0.0,6.663285245006596,-1.0551572261126052,1.0551572261126052
1762247914.5080428,6.028923323556643,4.455219308245652,0.0,0.0,6.678488044941298,-1.0519770112205789,1.0519770112205789
1762247914.533084,6.028940580319809,4.455041423693685,0.0,0.0,6.6784143816584525,-1.051820559832924,1.051820559832924
1762247914.5620587,6.025421185463995,4.454524270529954,0.0,0.0,6.680997507446522,-1.0499506283308235,1.0499506283308235
1762247914.5878758,6.016171586071961,4.451380646470687,0.0,0.0,6.687191033769103,-1.0434032253433345,1.0434032253433345
1762247914.6170218,6.0192641773437225,4.449982560375961,0.0,0.0,6.684291741539627,-1.043342185241837,1.043342185241837
1762247914.63837,6.01843051649345,4.451605406880636,0.0,0.0,6.68549406182226,-1.0445028274519275,1.0445028274519275
1762247914.6572497,6.026838186169876,4.45219677281229,0.0,0.0,6.6790999955221455,-1.048375416171693,1.048375416171693
1762247914.6761265,6.027594540038338,4.4536112227878855,0.0,0.0,6.678985506696164,-1.0499738275683383,1.0499738275683383
1762247914.7066777,6.026478698245302,4.455167532302399,0.0,0.0,6.680386053975207,-1.0509602850185722,1.0509602850185722
1762247914.7350183,6.026860282735505,4.45664334276954,0.0,0.0,6.680585707141281,-1.0524664806092674,1.0524664806092674
1762247914.767666,6.0270749205938285,4.456695914809856,0.0,0.0,6.680435293178016,-1.0525998076178007,1.0525998076178007
1762247914.8025227,6.026356225379661,4.456310003295742,0.0,0.0,6.680868059008935,-1.0519606915218418,1.0519606915218418
1762247914.8264747,6.02609455050709,4.4546479944907755,0.0,0.0,6.680511541743108,-1.0503310483419979,1.0503310483419979
1762247914.8457072,6.025605075152828,4.455946632339814,0.0,0.0,6.681333950748607,-1.0513294510807865,1.0513294510807865
1762247914.8713415,6.020406334061045,4.45304192965491,0.0,0.0,6.6844290075906825,-1.046603800357003,1.046603800357003
1762247914.9009848,6.024207525922536,4.454237941241474,0.0,0.0,6.681852141765059,-1.0492069327754296,1.0492069327754296
1762247914.9193509,6.018385031162339,4.453984644683867,0.0,0.0,6.686332928609514,-1.0466701345413145,1.0466701345413145
1762247914.940238,6.014151911286324,4.452685042957428,0.0,0.0,6.689216586023613,-1.0438035176865446,1.0438035176865446
1762247914.9592214,6.012882285850094,4.452466006775372,0.0,0.0,6.690139513752626,-1.0431009408187946,1.0431009408187946
1762247914.983732,6.0108682424630535,4.45074509870352,0.0,0.0,6.691140882930436,-1.040724779835529,1.040724779835529
1762247915.0153651,6.015685196006411,4.449798505331929,0.0,0.0,6.687038758151359,-1.0417576704195115,1.0417576704195115
1762247915.0411205,6.019457550923723,4.447488008319491,0.0,0.0,6.683296939835786,-1.0411278633310328,1.0411278633310328
1762247915.0746195,6.018221066321912,4.4474398028379545,0.0,0.0,6.684251212836529,-1.0405942095158591,1.0405942095158591
1762247915.0963397,6.0244008021171895,4.447632404400755,0.0,0.0,6.679467138197545,-1.0432187527381156,1.0432187527381156
1762247915.1193109,6.023468785457901,4.447158311445122,0.0,0.0,6.680037841710438,-1.0424140395702628,1.0424140395702628
1762247915.168397,6.0172063720359406,4.445121619812622,0.0,0.0,6.684264263833417,-1.0380637222737867,1.0380637222737867
1762247915.186843,6.013590461746707,4.444124469728481,0.0,0.0,6.686767408442749,-1.0357177256922354,1.0357177256922354
1762247915.2109966,6.017623025978383,4.445789318950043,0.0,0.0,6.684162832274972,-1.0388417961216418,1.0388417961216418
1762247915.2366202,6.021652716151914,4.445163853830219,0.0,0.0,6.6807879920548405,-1.0398631700905874,1.0398631700905874
1762247915.2700157,6.020024569911356,4.443508287470894,0.0,0.0,6.681505787945233,-1.0376980219035814,1.0376980219035814
1762247915.297351,6.022958066729805,4.443897859496068,0.0,0.0,6.6793350457314,-1.0392182603191804,1.0392182603191804
1762247915.3220925,6.020035716255187,4.4459884181742595,0.0,0.0,6.68233607727473,-1.0399797384017275,1.0399797384017275
1762247915.3463814,6.020948480478869,4.447991083435461,0.0,0.0,6.682296956977709,-1.042180142057145,1.042180142057145
1762247915.3703194,6.015838944407921,4.451026844706319,0.0,0.0,6.6873327242947695,-1.0429467563460322,1.0429467563460322
1762247915.3920345,6.018074127762255,4.45016489744246,0.0,0.0,6.685287264606746,-1.043038826461497,1.043038826461497
1762247915.4202523,6.023041595043308,4.452161145334839,0.0,0.0,6.682064592135826,-1.0468381868417882,1.0468381868417882
1762247915.4508672,6.01457593651399,4.453315114794399,0.0,0.0,6.689096241597626,-1.0445498356250096,1.0445498356250096
1762247915.5582554,6.0215437624978225,4.452705559725928,0.0,0.0,6.683423237116945,-1.0467450466502874,1.0467450466502874
1762247915.5843031,6.009936220289934,4.449974681873799,0.0,0.0,6.691613246130644,-1.0396490981388629,1.0396490981388629
1762247915.6162524,6.005558748718836,4.45147130878943,0.0,0.0,6.69555755545708,-1.0392985933275187,1.0392985933275187
1762247915.6375995,6.003166294545263,4.4523036310166395,0.0,0.0,6.697718556499883,-1.0391215225614538,1.0391215225614538
1762247915.6577039,6.004871247935264,4.456560918562871,0.0,0.0,6.697811117574901,-1.0437062365939784,1.0437062365939784
1762247915.6790576,6.007562304384096,4.455490035469499,0.0,0.0,6.695336497405128,-1.0437816423723372,1.0437816423723372
1762247915.7011151,6.014242194936325,4.456653797892816,0.0,0.0,6.69048379174096,-1.0474854487163858,1.0474854487163858
1762247915.721842,6.0110497395350215,4.453436281326395,0.0,0.0,6.691905611976922,-1.0432692122772553,1.0432692122772553
1762247915.7543938,6.011470502845928,4.453125613269662,0.0,0.0,6.691470479060802,-1.043149765967413,1.043149765967413
1762247915.77111,6.006399224111092,4.451945219608349,0.0,0.0,6.695056615820204,-1.0400653182639272,1.0400653182639272
1762247915.813915,6.007333701561932,4.451371692818352,0.0,0.0,6.694129028458988,-1.039906500589097,1.039906500589097
1762247915.854718,6.015077413752599,4.453931947353065,0.0,0.0,6.688910665160606,-1.045314586153861,1.045314586153861
1762247915.886192,6.019219193636462,4.454611627443325,0.0,0.0,6.685890141274148,-1.0475758657101044,1.0475758657101044
1762247915.919136,6.032773510542937,4.456194073850694,0.0,0.0,6.675802155736678,-1.0543995558903396,1.0543995558903396
1762247915.9569297,6.024746839907006,4.453209709304007,0.0,0.0,6.681081880805699,-1.0484764684085168,1.0484764684085168
1762247915.9880013,6.029772761993081,4.454666791301784,0.0,0.0,6.677635749027296,-1.0518067709203982,1.0518067709203982
1762247916.0136688,6.033735311642142,4.451795743315032,0.0,0.0,6.67356022246838,-1.0507450834488334,1.0507450834488334
1762247916.0440962,6.035794643109326,4.452998296636553,0.0,0.0,6.6723549510151825,-1.0526670773747853,1.0526670773747853
1762247916.070595,6.031025440539773,4.4523615618991785,0.0,0.0,6.675874468392784,-1.050188019843544,1.050188019843544
1762247916.0960197,6.026947755403448,4.4537018977192595,0.0,0.0,6.679523052397273,-1.0498006289857438,1.0498006289857438
1762247916.145825,6.030207051708851,4.454800002144819,0.0,0.0,6.677340592894012,-1.0521013572582463,1.0521013572582463
1762247916.1703374,6.0360448169236625,4.457490108582326,0.0,0.0,6.673679879051079,-1.056888295492809,1.056888295492809
1762247916.2119021,6.034913533139578,4.4590834732431235,0.0,0.0,6.675104253813163,-1.0579011572122712,1.0579011572122712
1762247916.2375,6.028607693813771,4.457128075497745,0.0,0.0,6.6793804955409195,-1.0536041368527718,1.0536041368527718
1762247916.2671287,6.034268643700125,4.456406976192557,0.0,0.0,6.674703613854189,-1.0551886801521517,1.0551886801521517
1762247916.296158,6.040501970399587,4.457261203538293,0.0,0.0,6.6701151564914145,-1.0584505525350505,1.0584505525350505
1762247916.3205235,6.035567337098365,4.4580691016789755,0.0,0.0,6.674249462912974,-1.0572299230756745,1.0572299230756745
1762247916.341902,6.027392315286411,4.4593341774589,0.0,0.0,6.6810777679319235,-1.0551478733303628,1.0551478733303628
1762247916.3608236,6.0313583558516,4.4600736762518665,0.0,0.0,6.6782217667473205,-1.0573990225722283,1.0573990225722283
1762247916.390936,6.034109159919981,4.462037637857575,0.0,0.0,6.676732395757028,-1.0602932001350533,1.0602932001350533
1762247916.432015,6.037859566767791,4.461992694801573,0.0,0.0,6.673783249331744,-1.061741262623169,1.061741262623169
1762247916.4666927,6.0299752449051125,4.461302751579603,0.0,0.0,6.679719787895392,-1.057978894099123,1.057978894099123
1762247916.505514,6.02975767943683,4.46161792065776,0.0,0.0,6.679996554048252,-1.0581820033338187,1.0581820033338187
1762247916.5253065,6.025025700099065,4.461880618325135,0.0,0.0,6.683791073647566,-1.0565489849435492,1.0565489849435492
1762247916.5558894,6.033421339507769,4.461572049597907,0.0,0.0,6.6771133072426725,-1.0595928837695037,1.0595928837695037
1762247916.5797346,6.0336852715676805,4.461370406730164,0.0,0.0,6.676838620215723,-1.0595125369980654,1.0595125369980654
1762247916.6135142,6.03370626721185,4.4568743868970815,0.0,0.0,6.6753020090781465,-1.055394303182463,1.055394303182463
1762247916.6497762,6.035077025717594,4.4551698795355525,0.0,0.0,6.673652098633732,-1.054374545869391,1.054374545869391
1762247916.6772199,6.021528533121165,4.454770477773022,0.0,0.0,6.6841325366018065,-1.0486353213948725,1.0486353213948725
1762247916.7126024,6.023503901896885,4.454556107355959,0.0,0.0,6.682511256825588,-1.049220425689342,1.049220425689342
1762247916.7395418,6.03063220666168,4.45454631511452,0.0,0.0,6.676921749232022,-1.052037206818182,1.052037206818182
1762247916.7642097,6.043194132761754,4.451115408149969,0.0,0.0,6.665925559958903,-1.0538852014693025,1.0538852014693025
1762247916.7831073,6.038755783911241,4.453725606760317,0.0,0.0,6.6702835222502195,-1.0545120885390369,1.0545120885390369
1762247916.8056788,6.024813146882194,4.454438133879145,0.0,0.0,6.681445018125475,-1.0496306459541438,1.0496306459541438
1762247916.8238404,6.030649652777452,4.454464312356296,0.0,0.0,6.676880344553539,-1.0519688614357126,1.0519688614357126
1762247916.8422494,6.021260511425107,4.456946552781205,0.0,0.0,6.685077221669416,-1.0505277791411873,1.0505277791411873
1762247916.8657103,6.029865481951284,4.4543801637347835,0.0,0.0,6.677466171942567,-1.0515804547224121,1.0515804547224121
1762247916.8957691,6.022155128510567,4.452465558816956,0.0,0.0,6.682862662468812,-1.0467666841871894,1.0467666841871894
1762247916.9185967,6.039501790535838,4.452877071696757,0.0,0.0,6.6694121268588615,-1.054030505514779,1.054030505514779
1762247916.9407837,6.030232611879706,4.451370002081796,0.0,0.0,6.676160036182877,-1.0489631987729295,1.0489631987729295
1762247916.988052,6.025702194286055,4.452148863609582,0.0,0.0,6.679974299973299,-1.047881076175095,1.047881076175095
1762247917.0139768,6.027035306206524,4.4508429909836495,0.0,0.0,6.678487563146182,-1.047210801439434,1.047210801439434
1762247917.0341008,6.032250267474153,4.449951356602971,0.0,0.0,6.674098809824918,-1.048462482831444,1.048462482831444
1762247917.0551937,6.037593721083475,4.44819875839683,0.0,0.0,6.669319386985838,-1.0489792801549775,1.0489792801549775
1762247917.088013,6.037662235263577,4.449786122411959,0.0,0.0,6.669804103981122,-1.0504627789937777,1.0504627789937777
1762247917.122671,6.056528737146576,4.452927144081813,0.0,0.0,6.656118501221336,-1.060870961775392,1.060870961775392
1762247917.1684728,6.05612442790544,4.449669462991819,0.0,0.0,6.655325974160762,-1.057723667578806,1.057723667578806
1762247917.2029681,6.065154187790847,4.450434886911461,0.0,0.0,6.648537142983333,-1.0620434492874526,1.0620434492874526
1762247917.2299695,6.064607875060427,4.446835000912509,0.0,0.0,6.6477359825882525,-1.0585269328411278,1.0585269328411278
1762247917.2625048,6.0679483013138,4.446179451827928,0.0,0.0,6.6449054733626784,-1.0592681031701705,1.0592681031701705
1762247917.2963479,6.076448169995745,4.4451853563995005,0.0,0.0,6.6385396282451685,-1.061778115606816,1.061778115606816
1762247917.3199084,6.072179228742776,4.442707568002064,0.0,0.0,6.641013589794758,-1.0577909548581752,1.0577909548581752
1762247917.3433957,6.072343402809719,4.441425198512531,0.0,0.0,6.640445283584642,-1.0566831790130629,1.0566831790130629
1762247917.3869808,6.068196042883352,4.440336662248738,0.0,0.0,6.642716181627085,-1.054017794749934,1.054017794749934
1762247917.4179852,6.0709931706200075,4.441812433365364,0.0,0.0,6.641630451774084,-1.0564941604368654,1.0564941604368654
1762247917.4418023,6.067759468276379,4.439877085189172,0.0,0.0,6.642899880999539,-1.053421448922539,1.053421448922539
1762247917.4703307,6.074390275744881,4.438423126427426,0.0,0.0,6.637818669854062,-1.0547599619979946,1.0547599619979946
1762247917.4905646,6.078775318927762,4.435340571338779,0.0,0.0,6.633341600029601,-1.0537081224506324,1.0537081224506324
1762247917.509202,6.076999201953882,4.434780020137544,0.0,0.0,6.634532336312333,-1.052478368360663,1.052478368360663
1762247917.5434997,6.08696645054199,4.433186325713746,0.0,0.0,6.626220998067931,-1.0550492743913698,1.0550492743913698
1762247917.6004071,6.086762876982907,4.428080197417348,0.0,0.0,6.624616513719488,-1.0502981279475703,1.0502981279475703
1762247917.6402612,6.098762434086563,4.427522161931438,0.0,0.0,6.615086729194552,-1.0546579160273344,1.0546579160273344
1762247917.6754396,6.105368194064998,4.426365042123486,0.0,0.0,6.6095515561085465,-1.0562895963345131,1.0562895963345131
1762247917.6965892,6.112106263918979,4.423285509548248,0.0,0.0,6.603249001504656,-1.056226679067084,1.056226679067084
1762247917.7195325,6.115369867236756,4.420783885419132,0.0,0.0,6.599845360338738,-1.0552773624154217,1.0552773624154217
1762247917.7428486,6.09358926099155,4.428740754006504,0.0,0.0,6.619531797248378,-1.0536699330434838,1.0536699330434838
1762247917.7650428,6.08773424316701,4.430199486447207,0.0,0.0,6.624592268173658,-1.0526292354016387,1.0526292354016387
1762247917.7896812,6.0797013964892175,4.433679121776205,0.0,0.0,6.632047894176116,-1.0525621389981221,1.0525621389981221
1762247917.8142605,6.075943994676874,4.439147230271625,0.0,0.0,6.6368571459603745,-1.0560489324004259,1.0560489324004259
1762247917.8494306,6.0690971147610355,4.439155629601577,0.0,0.0,6.642196113065473,-1.053298990730349,1.053298990730349
1762247917.8749413,6.06018969834995,4.439849829707099,0.0,0.0,6.648802880182461,-1.0503558722918431,1.0503558722918431
1762247917.8969617,6.060035935212842,4.446317705180404,0.0,0.0,6.651129201742905,-1.056219179544395,1.056219179544395
1762247917.9276516,6.0602793662531305,4.449548184478512,0.0,0.0,6.652039819198232,-1.0592764179913998,1.0592764179913998
1762247917.9500768,6.055216953211212,4.44967049394337,0.0,0.0,6.656035251159839,-1.0573614885927367,1.0573614885927367
1762247917.9705102,6.044321672212387,4.447504428473466,0.0,0.0,6.663817316957726,-1.0510232409124565,1.0510232409124565
1762247917.998024,6.039724497930316,4.445265692731352,0.0,0.0,6.666655384568868,-1.047137379411765,1.047137379411765
1762247918.0232308,6.022415148231591,4.445182727903165,0.0,0.0,6.680196035017418,-1.0401826474436744,1.0401826474436744
1762247918.0417655,6.018503022929852,4.449144529133248,0.0,0.0,6.684605956761518,-1.0422713724543822,1.0422713724543822
1762247918.0577433,6.010505250799762,4.451190466689076,0.0,0.0,6.69157618875528,-1.040990763986291,1.040990763986291
1762247918.16467,6.008776828105797,4.44609628075734,0.0,0.0,6.691216024038553,-1.0356279235537804,1.0356279235537804
1762247918.194124,6.007797917943405,4.446003849538262,0.0,0.0,6.691954324251602,-1.0351567357887395,1.0351567357887395
1762247918.2160158,6.012847210273727,4.444902075899406,0.0,0.0,6.687614096287646,-1.0361382353578343,1.0361382353578343
1762247918.2433414,6.006307997090988,4.44272300677755,0.0,0.0,6.692018711764403,-1.0315542076446822,1.0315542076446822
1762247918.329247,6.012357511760822,4.451400513187592,0.0,0.0,6.690192248550982,-1.0419148197540087,1.0419148197540087
1762247918.3617566,6.017983894926518,4.454707948836077,0.0,0.0,6.686891711285165,-1.0471759242356473,1.0471759242356473
1762247918.571723,6.025534486082021,4.454188087756473,0.0,0.0,6.680795091616006,-1.049686855479957,1.049686855479957
1762247918.7635396,6.024587244328297,4.448619488030867,0.0,0.0,6.679654877902538,-1.0441988685145411,1.0441988685145411
1762247918.7844336,6.014139879662966,4.450366652341131,0.0,0.0,6.688443836049151,-1.0416689074529781,1.0416689074529781
1762247918.8045087,6.0145045927822025,4.449511786753921,0.0,0.0,6.687868923275729,-1.0410276996204846,1.0410276996204846
1762247918.8247538,6.0101673522997565,4.4493525199111845,0.0,0.0,6.6912218315761995,-1.0391686292461122,1.0391686292461122
1762247918.8762276,6.021765953076122,4.453016751041042,0.0,0.0,6.683354089879227,-1.047118772198276,1.047118772198276
1762247918.9107733,6.020477680314819,4.451337330571218,0.0,0.0,6.683797291832629,-1.0450665903758278,1.0450665903758278
1762247918.9468677,6.014273769212555,4.4478844370726565,0.0,0.0,6.687500760486055,-1.0394415939794428,1.0394415939794428
1762247918.9722645,6.015242556899446,4.449456987777855,0.0,0.0,6.687270980837526,-1.041269004336657,1.041269004336657
1762247918.9937468,6.019303308716642,4.45019786259718,0.0,0.0,6.684333772878638,-1.043555398551084,1.043555398551084
1762247919.0188508,6.013688445973287,4.4507412366415355,0.0,0.0,6.688924709306525,-1.0418346983624218,1.0418346983624218
1762247919.0436866,6.01491466174016,4.4516858786066535,0.0,0.0,6.688280713705541,-1.0431869104972387,1.0431869104972387
1762247919.0684054,6.014739015358508,4.447178581144294,0.0,0.0,6.68689699534832,-1.0389771070519636,1.0389771070519636
1762247919.0982428,6.0057249872679925,4.447063098010211,0.0,0.0,6.693941301414236,-1.0353126401384818,1.0353126401384818
1762247919.1355722,6.011109286409291,4.447511427731036,0.0,0.0,6.6898606171350155,-1.037848864672839,1.037848864672839
1762247919.156165,6.0135007263936675,4.44692763921633,0.0,0.0,6.68778483274111,-1.0382571819878377,1.0382571819878377
1762247919.1896255,6.010855155070064,4.445928258404262,0.0,0.0,6.689525917346336,-1.0362939998225857,1.0362939998225857
1762247919.2156656,6.016621042829842,4.446298407104678,0.0,0.0,6.685121669667381,-1.0389129054550936,1.0389129054550936
1762247919.2405171,6.019975792064706,4.446052296858551,0.0,0.0,6.682404717317617,-1.0400146646484776,1.0400146646484776
1762247919.2682853,6.025235664439431,4.447756554333775,0.0,0.0,6.678854332475344,-1.0436637511780629,1.0436637511780629
1762247919.3139143,6.027479423617728,4.449399479228793,0.0,0.0,6.677650949752314,-1.0460618827700594,1.0460618827700594
1762247919.3360808,6.033533087579171,4.450765327403848,0.0,0.0,6.673369597255311,-1.0497191594657724,1.0497191594657724
1762247919.3576932,6.030004911639395,4.448641935241357,0.0,0.0,6.675414817176171,-1.046368955018953,1.046368955018953
1762247919.3820226,6.025010209375733,4.4467242852904425,0.0,0.0,6.678681789739842,-1.0426267133000038,1.0426267133000038
1762247919.4039397,6.023772352771919,4.444368983100886,0.0,0.0,6.678855567600539,-1.0399736401124056,1.0399736401124056
1762247919.5365953,6.017652826269465,4.440713890702605,0.0,0.0,6.682422623201394,-1.0341927760866962,1.0341927760866962
1762247919.8425896,6.042820279102846,4.451083787862812,0.0,0.0,6.666207312062322,-1.0537072076308036,1.0537072076308036
1762247919.9481337,6.045141023855495,4.452120708418983,0.0,0.0,6.664743892546706,-1.0555832890815868,1.0555832890815868
1762247920.05331,6.0396941178087,4.452443554920794,0.0,0.0,6.669114652763145,-1.0537093638564101,1.0537093638564101
1762247920.2432883,6.019644609807091,4.448808141615961,0.0,0.0,6.683596350652679,-1.0424142136889711,1.0424142136889711
1762247920.3090012,6.0220955596917936,4.449455676166577,0.0,0.0,6.681892142654338,-1.043979272807543,1.043979272807543
1762247920.7296007,5.995539028071198,4.4494811757532355,0.0,0.0,6.702769344695717,-1.0335271134917536,1.0335271134917536
1762247920.9043849,5.988640373612181,4.447979695160894,0.0,0.0,6.707698207960893,-1.02943859242383,1.02943859242383
1762247921.0478418,5.995449946256358,4.450047417829939,0.0,0.0,6.70302990674774,-1.034012842177457,1.034012842177457
1762247921.2585673,5.984329742498593,4.448925014187924,0.0,0.0,6.71141356634307,-1.028619411774108,1.028619411774108
1762247921.3000693,5.986338152807259,4.448406327709697,0.0,0.0,6.709656053652639,-1.0289287609801914,1.0289287609801914
1762247921.5471618,5.976003019097659,4.445666123408545,0.0,0.0,6.71689005511884,-1.0223635416028558,1.0223635416028558
1762247921.5754907,5.972793825210787,4.446412245898583,0.0,0.0,6.719674534716624,-1.021797370547971,1.021797370547971
1762247921.607565,5.9791543095068,4.44665571357371,0.0,0.0,6.714734474491509,-1.02450607100624,1.02450607100624
1762247921.7173202,5.983215948144964,4.444820614407049,0.0,0.0,6.7109137918819055,-1.0244066178237028,1.0244066178237028
1762247921.745265,5.993754619457973,4.446812940170015,0.0,0.0,6.7032768353190475,-1.0303724178303417,1.0303724178303417
1762247921.7986293,6.002139994392364,4.4431216399395135,0.0,0.0,6.695432155298185,-1.0302773319863157,1.0302773319863157
1762247921.822361,6.001423850562136,4.443885038613394,0.0,0.0,6.696253112027912,-1.0306969032418871,1.0306969032418871
1762247921.844204,6.00713835473533,4.444558875740424,0.0,0.0,6.691985317965138,-1.0335687568321281,1.0335687568321281
1762247921.8884087,6.008286430257565,4.4443531293533125,0.0,0.0,6.691013228770081,-1.033832725730636,1.033832725730636
1762247921.9393847,6.013099722602591,4.444896384513863,0.0,0.0,6.687413778193654,-1.036232802189613,1.036232802189613
1762247921.9742703,6.01761492433033,4.447140863632255,0.0,0.0,6.684626028469111,-1.0400798269440656,1.0400798269440656
1762247922.010319,6.014584620676723,4.447653763031065,0.0,0.0,6.687178735957499,-1.0393525607341254,1.0393525607341254
1762247922.0396016,6.011104352185612,4.447266236979571,0.0,0.0,6.689781742404507,-1.0376216485444087,1.0376216485444087
1762247922.0982428,6.013584060306849,4.446542132201074,0.0,0.0,6.687589182430368,-1.0379359859951678,1.0379359859951678
1762247922.150451,6.010521266690987,4.4466039734252405,0.0,0.0,6.690016384236089,-1.0367829688877268,1.0367829688877268
1762247922.2659807,6.016132810957022,4.447789321123044,0.0,0.0,6.686008786135063,-1.0400891525883083,1.0400891525883083
1762247922.3589437,6.017709840749841,4.448132802730999,0.0,0.0,6.68488671373185,-1.0410283838515406,1.0410283838515406
1762247922.4070275,6.017886916975254,4.450037898589414,0.0,0.0,6.685391301849723,-1.0428481345641047,1.0428481345641047
1762247922.4558551,6.022921960300573,4.450799566349067,0.0,0.0,6.681698223273406,-1.0455405783816416,1.0455405783816416
1762247922.534818,6.030915292829404,4.453007151381092,0.0,0.0,6.676179244859446,-1.05073683006187,1.05073683006187
1762247922.5753248,6.041476201535043,4.455012663446329,0.0,0.0,6.668591235333424,-1.0567755629142497,1.0567755629142497
1762247922.6212041,6.037830172386996,4.454504220429836,0.0,0.0,6.6712717073080645,-1.0548582343562574,1.0548582343562574
1762247922.6675067,6.038983293176823,4.4543667660393895,0.0,0.0,6.670322740841438,-1.0551908336894626,1.0551908336894626
1762247922.6962996,6.036021920113663,4.455000421658917,0.0,0.0,6.672855060858849,-1.0545945625379107,1.0545945625379107
1762247922.7175195,6.039024174779665,4.4553689393028595,0.0,0.0,6.670630282870622,-1.056126543362311,1.056126543362311
1762247922.7435296,6.034060770244156,4.453309961311779,0.0,0.0,6.6738181097557,-1.0522639524391353,1.0522639524391353
1762247922.7642112,6.029434513226249,4.451903776219022,0.0,0.0,6.67696606512336,-1.049136359672585,1.049136359672585
1762247922.826887,6.041413922022235,4.451586841241512,0.0,0.0,6.667478340605705,-1.0536083005980548,1.0536083005980548
1762247922.8650298,6.048227579381392,4.451970990149004,0.0,0.0,6.662279605947882,-1.0566773201874295,1.0566773201874295
1762247922.900737,6.052039053238918,4.455692811992802,0.0,0.0,6.660565015215235,-1.0616113839452876,1.0616113839452876
1762247922.9763432,6.0551394299802315,4.453800500398719,0.0,0.0,6.657500439324995,-1.0611157334734174,1.0611157334734174
1762247923.0182068,6.045732817246893,4.453973624477354,0.0,0.0,6.664909929702613,-1.057518506428472,1.057518506428472
1762247923.0362701,6.053122835025963,4.453041170062034,0.0,0.0,6.658817523170374,-1.0596135592613773,1.0596135592613773
1762247923.0531983,6.063621899725238,4.4539950710475775,0.0,0.0,6.650945473339169,-1.0646901878769612,1.0646901878769612
1762247923.0749087,6.053127693371739,4.450998784950234,0.0,0.0,6.658119423888359,-1.057743369425162,1.057743369425162
1762247923.1016598,6.066182501766938,4.450273824325496,0.0,0.0,6.64767995577923,-1.062308615183895,1.062308615183895
1762247923.1221347,6.060901356620855,4.449517646036632,0.0,0.0,6.651543805221993,-1.0594977033103257,1.0594977033103257
1762247923.1796777,6.05655846004506,4.450834446839639,0.0,0.0,6.6553833888469605,-1.0589649909400758,1.0589649909400758
1762247923.2122931,6.066532082860917,4.452228360445198,0.0,0.0,6.648073509188322,-1.0642391215746034,1.0642391215746034
1762247923.2504354,6.079301219457277,4.450369395302303,0.0,0.0,6.6380992259340506,-1.0676722961073555,1.0676722961073555
1762247923.2877467,6.073688229159334,4.450224347900715,0.0,0.0,6.642417555904878,-1.06527948811277,1.06527948811277
1762247923.4608278,6.019161011793444,4.4497099121195465,0.0,0.0,6.684280583747681,-1.04305096808592,1.04305096808592
1762247923.4983406,6.018867863399599,4.449815477526472,0.0,0.0,6.684546302836374,-1.043031922476622,1.043031922476622
1762247923.5380096,6.029723541047472,4.451499302768664,0.0,0.0,6.676602701676067,-1.0488798102437888,1.0488798102437888
1762247923.5723553,6.023139148779093,4.452622507765204,0.0,0.0,6.682143996054076,-1.047300459781657,1.047300459781657
1762247923.6103666,6.019489488335865,4.4491972913046895,0.0,0.0,6.683849596448404,-1.0427101886875394,1.0427101886875394
1762247923.6409647,6.017221604287643,4.445558252016786,0.0,0.0,6.684399914603123,-1.0384707437499658,1.0384707437499658
1762247923.6783957,6.019812782552341,4.446940739627478,0.0,0.0,6.682833100537372,-1.0407659443979058,1.0407659443979058
1762247923.719183,6.0150470328040235,4.444384823523176,0.0,0.0,6.685711116646999,-1.0365327984748307,1.0365327984748307
1762247923.7504487,6.006273306309317,4.441939582044493,0.0,0.0,6.691781544143975,-1.030820645103534,1.030820645103534
1762247923.7789094,6.004972075829889,4.442359513714826,0.0,0.0,6.692946821761997,-1.0306932464513827,1.0306932464513827
1762247923.8111966,6.0105651383923115,4.443822719812801,0.0,0.0,6.689042878440226,-1.0342450840163027,1.0342450840163027
1762247923.8511047,6.01471672203068,4.445949416148336,0.0,0.0,6.6864992841092885,-1.0378392598091781,1.0378392598091781
1762247923.8782306,6.0174369604452185,4.445390845335926,0.0,0.0,6.684174217587818,-1.0384022194875644,1.0384022194875644
1762247923.9005342,6.02860728293219,4.448700419222794,0.0,0.0,6.6765301384489755,-1.0458677793634052,1.0458677793634052
1762247924.3408003,6.0668623630099425,4.454438142818214,0.0,0.0,6.6485688724487755,-1.0663957106954296,1.0663957106954296
1762247924.554474,6.074751368795315,4.449880816716701,0.0,0.0,6.641472143420577,-1.0653927819867726,1.0653927819867726
1762247924.9157033,6.053373844732484,4.458206452599462,0.0,0.0,6.66037599925665,-1.0644489473891048,1.0644489473891048
1762247925.0741274,6.044647113108822,4.457775240656158,0.0,0.0,6.667047982212502,-1.0605724478299068,1.0605724478299068
1762247925.1075118,6.041733602322144,4.455312003052881,0.0,0.0,6.668491352922145,-1.0571526371820772,1.0571526371820772
1762247925.1505651,6.041665702937226,4.455524053794078,0.0,0.0,6.668616333489142,-1.0573201220008852,1.0573201220008852
1762247925.1723917,6.040303609048203,4.453355265074059,0.0,0.0,6.668946795994554,-1.0547883465679395,1.0547883465679395
1762247925.2027054,6.041114787910878,4.45357791632206,0.0,0.0,6.668387602790985,-1.0553155452205274,1.0553155452205274
1762247925.2650838,6.0459067172202285,4.4528147717742526,0.0,0.0,6.664380686073167,-1.0565251146324817,1.0565251146324817
1762247925.2896528,6.045973397059677,4.452693126117053,0.0,0.0,6.664287257154654,-1.0564401531506404,1.0564401531506404
1762247925.3235183,6.05075645856874,4.456401670565224,0.0,0.0,6.661807656107634,-1.061749154204513,1.061749154204513
1762247925.376037,6.064080425420734,4.456025156465759,0.0,0.0,6.6512788724072704,-1.0667338345219868,1.0667338345219868
1762247925.4364617,6.069371246841088,4.456851442293171,0.0,0.0,6.647435007412324,-1.0696130394813606,1.0696130394813606
1762247925.472974,6.067814520878858,4.451141321806186,0.0,0.0,6.646702697586915,-1.0637583366891687,1.0637583366891687
1762247925.5031915,6.073110518244883,4.4489335898533255,0.0,0.0,6.642424713323495,-1.0638653758112417,1.0638653758112417
1762247925.527498,6.067253576554722,4.447367172399647,0.0,0.0,6.645852896158898,-1.0600766503044226,1.0600766503044226
1762247925.5551853,6.062797168864105,4.4468053286659766,0.0,0.0,6.649139323876631,-1.057773163224032,1.057773163224032
1762247925.5974174,6.058186286142007,4.446910663302641,0.0,0.0,6.652775970223797,-1.056021239983082,1.056021239983082
1762247925.6386726,6.060236939633289,4.447585290263447,0.0,0.0,6.651404221574307,-1.0574610476296826,1.0574610476296826
1762247925.6701205,6.061699932631743,4.449431262987649,0.0,0.0,6.650890949408559,-1.05973866647897,1.05973866647897
1762247925.707824,6.0513941907727276,4.448264227014548,0.0,0.0,6.6585442727029776,-1.0545438477919467,1.0545438477919467
1762247925.7469926,6.051942960278976,4.447362629755636,0.0,0.0,6.657808586013561,-1.053936801716205,1.053936801716205
1762247925.7947984,6.0460547411826635,4.44571336031494,0.0,0.0,6.661852630820314,-1.0500725038454934,1.0500725038454934
1762247925.8304095,6.048886387192876,4.445991298643865,0.0,0.0,6.659732067345381,-1.0514581441270663,1.0514581441270663
1762247925.8617465,6.046744999954642,4.446965363266089,0.0,0.0,6.661738231121717,-1.051495971000363,1.051495971000363
1762247925.8957458,6.045801965036885,4.4437977331341125,0.0,0.0,6.661399042616168,-1.0482152401980471,1.0482152401980471
1762247925.9419188,6.04469426500225,4.443485230849678,0.0,0.0,6.662159677145674,-1.0474865241518934,1.0474865241518934
1762247925.9763167,6.047567297024694,4.446310607186397,0.0,0.0,6.660872402710202,-1.0512239912094388,1.0512239912094388
1762247926.012706,6.0400467422901345,4.446456797683964,0.0,0.0,6.666807506003084,-1.048358251049149,1.048358251049149
1762247926.0405114,6.036261713605186,4.447614870421756,0.0,0.0,6.670164495853058,-1.047913530737584,1.047913530737584
1762247926.0735207,6.038889668945698,4.450285676626758,0.0,0.0,6.669012584230006,-1.0514095961468246,1.0514095961468246
1762247926.1054742,6.039063379550792,4.451688067855284,0.0,0.0,6.669352152756435,-1.0527652446176994,1.0527652446176994
1762247926.1435616,6.040008769316202,4.4498097499867315,0.0,0.0,6.667975164188953,-1.051418597543102,1.051418597543102
1762247926.1721041,6.0435745924995015,4.445606766583197,0.0,0.0,6.663757189658561,-1.048985084525817,1.048985084525817
1762247926.2300992,6.042554465602045,4.442964334607988,0.0,0.0,6.663657621854104,-1.0461550606308931,1.0461550606308931
1762247926.2740173,6.0415909662283935,4.447251696902733,0.0,0.0,6.665868521397553,-1.0497026706332848,1.0497026706332848
1762247926.3121312,6.045637720051267,4.447450536073739,0.0,0.0,6.662769340046066,-1.0514988797707256,1.0514988797707256
1762247926.3839772,6.02483872250798,4.442433723412308,0.0,0.0,6.677363342381765,-1.0386201345246515,1.0386201345246515
1762247926.648786,6.0341300800296,4.437233366384769,0.0,0.0,6.668310480083056,-1.037541399493637,1.037541399493637
1762247926.6679544,6.023768032603788,4.437580870118687,0.0,0.0,6.676558822633851,-1.03374087078205,1.03374087078205
1762247926.7548804,6.023310338520844,4.4367926468903125,0.0,0.0,6.6766508861624105,-1.0328357320932016,1.0328357320932016
1762247926.8015268,6.012104771443209,4.4354354960782505,0.0,0.0,6.684996605451586,-1.0271495202921916,1.0271495202921916
1762247926.826697,6.005931028579088,4.43608285504777,0.0,0.0,6.690072421023314,-1.0253042844876006,1.0253042844876006
1762247926.859952,6.0038535417276515,4.438084795971819,0.0,0.0,6.692383810161436,-1.026323900012992,1.026323900012992
1762247926.8797235,6.006471281714303,4.436539641070418,0.0,0.0,6.689801679566174,-1.025937267769318,1.025937267769318
1762247926.9130569,5.99779151001512,4.434703019969122,0.0,0.0,6.696015676115417,-1.0208264337569308,1.0208264337569308
1762247926.9348366,5.995566019988932,4.437243927156818,0.0,0.0,6.6986266229691065,-1.0222859897363366,1.0222859897363366
1762247927.0959473,5.9943994550816075,4.430302098523305,0.0,0.0,6.697203500975314,-1.0154453312365788,1.0154453312365788
1762247927.1325715,5.994262431507896,4.43145317369594,0.0,0.0,6.697700212516809,-1.0164495167318868,1.0164495167318868
1762247927.1599565,5.9916533166009565,4.428941882097964,0.0,0.0,6.698910258600746,-1.0131140783596653,1.0131140783596653
1762247927.2959292,5.982563498895355,4.433440274051239,0.0,0.0,6.707601568137087,-1.0136807074178913,1.0136807074178913
1762247927.5475686,5.989927737844071,4.443120443985057,0.0,0.0,6.705049749629153,-1.0254738833332473,1.0254738833332473
1762247927.7682724,5.97836866665324,4.4411499939767936,0.0,0.0,6.713506516749654,-1.0191316283455127,1.0191316283455127
1762247927.812077,5.967335495701514,4.4397212055603985,0.0,0.0,6.721746027003378,-1.0135071811014125,1.0135071811014125
1762247927.8342419,5.9710700285784215,4.440550439621651,0.0,0.0,6.7190713438269185,-1.0157276747127313,1.0157276747127313
1762247927.8740597,5.966387960294528,4.439979485992579,0.0,0.0,6.722582040483876,-1.0133756135167231,1.0133756135167231
1762247927.9282918,5.972182300153998,4.438399099133677,0.0,0.0,6.717470297151557,-1.0141814108877356,1.0141814108877356
1762247927.968781,5.974072405518554,4.4406074847091395,0.0,0.0,6.7167177992847575,-1.0169526800454856,1.0169526800454856
1762247928.0021286,5.968688372311602,4.439241034967378,0.0,0.0,6.7205151242995065,-1.0135926913749895,1.0135926913749895
1762247928.0231204,5.967938023790942,4.439632633360619,0.0,0.0,6.721239815864582,-1.0136605879202902,1.0136605879202902
1762247928.0585802,5.9754446216486565,4.442135413889288,0.0,0.0,6.716146552304099,-1.0188953240933338,1.0188953240933338
1762247928.0777223,5.975677562099778,4.44328482714882,0.0,0.0,6.716348266485782,-1.0200443707838676,1.0200443707838676
1762247928.1191244,5.966162146200347,4.442585874919852,0.0,0.0,6.72363392634309,-1.0156879196293533,1.0156879196293533
1762247928.1792681,5.964349893792862,4.443802134831077,0.0,0.0,6.7254744806772155,-1.016102258480315,1.016102258480315
1762247928.2332807,5.96090045646178,4.4450541623137845,0.0,0.0,6.728622216725353,-1.0159133800174869,1.0159133800174869
1762247928.2816098,5.9601877378931825,4.443759399271838,0.0,0.0,6.728753167813189,-1.0144433703328724,1.0144433703328724
1762247928.3323426,5.95877788492563,4.44607224929954,0.0,0.0,6.730642216493203,-1.0160263132763174,1.0160263132763174
1762247928.3675718,5.967803134076006,4.445437300585641,0.0,0.0,6.7232914282272365,-1.0189533950230225,1.0189533950230225
1762247928.411206,5.9740689937458376,4.442734780160723,0.0,0.0,6.71743427860768,-1.0189096095508323,1.0189096095508323
1762247928.4304533,5.970722372217587,4.443849052097978,0.0,0.0,6.720452105061342,-1.0186290920186096,1.0186290920186096
1762247928.4534802,5.969627699793001,4.442437531786496,0.0,0.0,6.720844186701626,-1.0169023723433055,1.0169023723433055
1762247928.4843411,5.966969830052714,4.4418462500439695,0.0,0.0,6.722747421385646,-1.0153215309567474,1.0153215309567474
1762247928.5158389,5.973977163479224,4.444365376735026,0.0,0.0,6.718053708989689,-1.0203748474736134,1.0203748474736134
1762247928.5513735,5.982228445075741,4.445859854852069,0.0,0.0,6.71204179922703,-1.0249762859539684,1.0249762859539684
1762247928.5689726,5.976909416657352,4.442873250667028,0.0,0.0,6.715237350962244,-1.0201469948642892,1.0201469948642892
1762247928.658214,5.969824972109593,4.44107519806585,0.0,0.0,6.720231524777381,-1.0157249401903203,1.0157249401903203
1762247928.8966472,5.945904272187641,4.43670266300606,0.0,0.0,6.737712603698643,-1.0023955617102358,1.0023955617102358
1762247928.9259086,5.953612713077983,4.43912864686447,0.0,0.0,6.732411305781104,-1.0076216265819466,1.0076216265819466
1762247928.9493873,5.950619223183933,4.44084024575619,0.0,0.0,6.735355764327045,-1.0080374056499068,1.0080374056499068
1762247929.0141776,5.966709832367181,4.441329822051183,0.0,0.0,6.722779993261634,-1.0147446066811956,1.0147446066811956
1762247929.1613538,5.979264610774981,4.435098201463736,0.0,0.0,6.710764891731333,-1.0139133373450533,1.0139133373450533
1762247929.1868927,5.980320921112286,4.434318277794477,0.0,0.0,6.709668159878631,-1.0136094937350228,1.0136094937350228
1762247929.2620087,5.973737703122739,4.437661785327205,0.0,0.0,6.7159933775771625,-1.0141103945247179,1.0141103945247179
1762247929.2960317,5.971966592044408,4.440138539754603,0.0,0.0,6.718224522840418,-1.0156984845415709,1.0156984845415709
1762247929.5449302,5.965798156891054,4.441321488524504,0.0,0.0,6.723498247994764,-1.014381638083358,1.014381638083358
1762247929.6719122,5.976655236094458,4.442604172640845,0.0,0.0,6.715347759126746,-1.0197999644694926,1.0197999644694926
1762247929.6992,5.9766028216721985,4.441741151308202,0.0,0.0,6.715099466330849,-1.018985132012342,1.018985132012342
1762247929.7313159,5.973053348742512,4.440455216221953,0.0,0.0,6.717471922384458,-1.0164144226575205,1.0164144226575205
1762247929.7638295,5.9743750419950645,4.439465624205003,0.0,0.0,6.71609539384923,-1.0160198556321627,1.0160198556321627
1762247929.8682177,5.980270129627316,4.440403778259825,0.0,0.0,6.711754576448465,-1.019189022453937,1.019189022453937
1762247929.9295623,5.979040289204272,4.440486842637198,0.0,0.0,6.712753458039094,-1.018784115785053,1.018784115785053
1762247929.9502795,5.99053072275901,4.44367205262737,0.0,0.0,6.704760079874741,-1.0262179054429255,1.0262179054429255
1762247929.974607,5.998395855673948,4.448221929394556,0.0,0.0,6.7000970207854555,-1.0334921104370827,1.0334921104370827
1762247930.009696,6.004798996143084,4.450762621251215,0.0,0.0,6.695916067589764,-1.0383479180909203,1.0383479180909203
1762247930.0347042,6.002808958341807,4.448415042080601,0.0,0.0,6.6966900677659105,-1.0354063081933171,1.0354063081933171
1762247930.076596,6.005862308850545,4.448594212172594,0.0,0.0,6.694349501187584,-1.0367739135434881,1.0367739135434881
1762247930.0987256,6.012781245431797,4.446734236765216,0.0,0.0,6.688284705190528,-1.0377952308317515,1.0377952308317515
1762247930.121293,6.010998324603198,4.446553416633346,0.0,0.0,6.689624452868026,-1.0369248868086727,1.0369248868086727
1762247930.1407406,6.008088095233296,4.445176762399543,0.0,0.0,6.691447129856968,-1.034511242360775,1.034511242360775
1762247930.1790617,6.009794973153123,4.446559633480798,0.0,0.0,6.690572175172433,-1.0364555060113148,1.0364555060113148
1762247930.2297843,6.003929540715196,4.4446046961185415,0.0,0.0,6.694524342333375,-1.0323455666979886,1.0323455666979886
1762247930.2581835,6.007832911198992,4.443418730754653,0.0,0.0,6.691054385187093,-1.0327951888576852,1.0327951888576852
1762247930.2828355,6.009171650732276,4.442337085140176,0.0,0.0,6.689636550957712,-1.0323298881908556,1.0323298881908556
1762247930.307934,6.012135338672401,4.447255807820391,0.0,0.0,6.688968219025319,-1.0380192240928914,1.0380192240928914
1762247930.3339698,6.004964996453024,4.447753354551175,0.0,0.0,6.6947715745732825,-1.0356474684017551,1.0356474684017551
1762247930.3549607,5.995900182003937,4.447217814657088,0.0,0.0,6.7017235434046425,-1.0315877066514667,1.0315877066514667
1762247930.3722322,5.99030351662339,4.445863621549249,0.0,0.0,6.705676295103753,-1.0281444597487222,1.0281444597487222
1762247930.470226,5.97461028138307,4.442238816803585,0.0,0.0,6.716840294357168,-1.0186645000382664,1.0186645000382664
1762247930.629754,5.978086949947679,4.441926423758078,0.0,0.0,6.713989695882248,-1.0197359991771646,1.0197359991771646
1762247930.7802799,5.989152179602523,4.444319492612568,0.0,0.0,6.706064409746725,-1.0262724077000789,1.0262724077000789
1762247930.8151262,5.997504168353591,4.447656369990924,0.0,0.0,6.700608454826544,-1.0326214791036161,1.0326214791036161
1762247930.8747575,5.986543621547836,4.447244963046338,0.0,0.0,6.709104003150782,-1.027940770968737,1.027940770968737
1762247930.946265,5.981899948306845,4.4462837246793185,0.0,0.0,6.712443251004969,-1.0252377712586271,1.0252377712586271
1762247931.0335543,5.999794365385888,4.448756214082617,0.0,0.0,6.699176401462073,-1.03453340974884,1.03453340974884
1762247931.3748593,6.0206198713451835,4.448929640072628,0.0,0.0,6.682872109087257,-1.0429118639428685,1.0429118639428685
1762247931.4039354,6.015114315803747,4.448656121166242,0.0,0.0,6.687101264840917,-1.0404826639921254,1.0404826639921254
1762247931.652631,5.986863771555267,4.443628043452277,0.0,0.0,6.7076360360855825,-1.0247388035647116,1.0247388035647116
1762247931.8622952,5.997422569578377,4.442178777983954,0.0,0.0,6.698827829696812,-1.0275532786125467,1.0275532786125467
1762247932.0665665,5.982479503533424,4.440283258059792,0.0,0.0,6.709970139306529,-1.0199433231159907,1.0199433231159907
1762247932.2075255,5.9432290137594626,4.439271687522987,0.0,0.0,6.740693064897698,-1.0037281198244414,1.0037281198244414
1762247932.412441,5.932806552731098,4.440297307069429,0.0,0.0,6.7488551027456,-1.0006471468305331,1.0006471468305331
1762247932.7140088,5.909648361963187,4.436467374390468,0.0,0.0,6.76603858992919,-0.9882092324195391,0.9882092324195391
1762247932.7486894,5.902666960295383,4.4357840258249315,0.0,0.0,6.7713877396750854,-0.9849060997501217,0.9849060997501217
1762247932.7731564,5.911211140266361,4.439220135214476,0.0,0.0,6.765701344539632,-0.9913506909024806,0.9913506909024806
1762247932.7991707,5.911569580036525,4.440779290537266,0.0,0.0,6.765930565375882,-0.9929281997139802,0.9929281997139802
1762247932.8353705,5.914763820563589,4.442194679839048,0.0,0.0,6.763851039331571,-0.9954597908645502,0.9954597908645502
1762247932.8890676,5.922597817183583,4.4374370788880055,0.0,0.0,6.756033430643741,-0.994075502844311,0.994075502844311
1762247932.9097178,5.918271275705467,4.435245993286186,0.0,0.0,6.758755805856415,-0.9903895819120565,0.9903895819120565
1762247933.0764344,5.909690457124653,4.432075761811596,0.0,0.0,6.764552600146839,-0.984169021152255,0.984169021152255
1762247933.2871506,5.887440799916469,4.439186183312229,0.0,0.0,6.7846841206296435,-0.9822455620274856,0.9822455620274856
1762247933.5481753,5.888684194935482,4.432558263630291,0.0,0.0,6.781507122771952,-0.976589430652237,0.976589430652237
1762247933.7701147,5.876769914306212,4.432917906283891,0.0,0.0,6.791171999247618,-0.972394125227482,0.972394125227482
1762247934.1501555,5.884844825105528,4.433452014798743,0.0,0.0,6.784876063428018,-0.9759549964105304,0.9759549964105304
1762247934.3849444,5.883339896306328,4.440585632988216,0.0,0.0,6.788426903073376,-0.9819816343739511,0.9819816343739511
1762247934.5679314,5.9115441076611575,4.44152404342782,0.0,0.0,6.766196898750178,-0.9936063733266357,0.9936063733266357
1762247934.913619,5.932728310634725,4.443643000603562,0.0,0.0,6.750026956594956,-1.0037038967259122,1.0037038967259122
1762247935.0816002,5.90905276694431,4.438989252799493,0.0,0.0,6.76734725760026,-0.9903106859786978,0.9903106859786978
1762247935.2583997,5.9156532072558266,4.440502802178239,0.0,0.0,6.7625827366490325,-0.9942384079439326,0.9942384079439326
1762247935.4177072,5.899387164741139,4.437880563137645,0.0,0.0,6.774700183483616,-0.9855905563403109,0.9855905563403109
1762247935.722409,5.877283900620567,4.432336514769581,0.0,0.0,6.790568758691484,-0.9720511816963009,0.9720511816963009
1762247935.9587526,5.868870271051062,4.434816024970288,0.0,0.0,6.798131481009206,-0.9711584480181674,0.9711584480181674
1762247936.133763,5.88939469271515,4.442353077534865,0.0,0.0,6.784162129677251,-0.9859175927284629,0.9859175927284629
1762247936.4290962,5.904036335811403,4.444365187672174,0.0,0.0,6.773124867135665,-0.993359222634926,0.993359222634926
1762247936.5976396,5.917501386365753,4.442579959398527,0.0,0.0,6.761796396778662,-0.9968657118491687,0.9968657118491687
1762247936.9256885,5.919891314161033,4.436148346512548,0.0,0.0,6.7577632320718735,-0.991845206154943,0.991845206154943
1762247937.2259083,5.924569823938346,4.436617602009611,0.0,0.0,6.754190911264009,-0.9940778713300795,0.9940778713300795
1762247937.3929725,5.980871319538176,4.420852529146511,0.0,0.0,6.704695116767382,-1.0014382909755002,1.0014382909755002
1762247937.6321092,6.187093195792991,4.386451619043469,0.0,0.0,6.532919688518026,-1.0537448620242675,1.0537448620242675
1762247937.6536202,6.202791958483241,4.388581458796442,0.0,0.0,6.521605192778477,-1.062279175390117,1.062279175390117
1762247937.8907611,6.263299216847515,4.38552565779144,0.0,0.0,6.474205453131758,-1.0852430018202708,1.0852430018202708
1762247937.9441643,6.257730858030728,4.382982998299227,0.0,0.0,6.477532701535993,-1.0805584513912843,1.0805584513912843
1762247937.9675915,6.256976482433025,4.378902435672607,0.0,0.0,6.476633470223144,-1.0765483133361735,1.0765483133361735
1762247938.2266154,6.2805267626162316,4.387788572246318,0.0,0.0,6.461910457927408,-1.094694010816494,1.094694010816494
1762247938.4186034,6.278946030994135,4.388782512636617,0.0,0.0,6.463472275361697,-1.0949098662300163,1.0949098662300163
1762247938.8662436,6.264155957522094,4.3858493276082005,0.0,0.0,6.473669503316765,-1.0859029610746969,1.0859029610746969
1762247939.0291178,6.268042793233115,4.384595959288564,0.0,0.0,6.470254902835946,-1.0864399496142079,1.0864399496142079
1762247939.1551843,6.268023341292418,4.3875230356824195,0.0,0.0,6.471328319940158,-1.0890748429929487,1.0890748429929487
1762247939.482689,6.260458784412551,4.380771421164696,0.0,0.0,6.474652371628359,-1.079729941550616,1.079729941550616
1762247939.7255552,6.271995085584914,4.38561019884976,0.0,0.0,6.467612243084621,-1.0890546609310656,1.0890546609310656
1762247939.949967,6.280149113872289,4.381697921373165,0.0,0.0,6.459989826142253,-1.0890357154064536,1.0890357154064536
1762247940.0836697,6.287121651208126,4.384057809756351,0.0,0.0,6.455545396304066,-1.0941742027061025,1.0941742027061025
1762247940.2149866,6.279305461225657,4.384536291777662,0.0,0.0,6.4616606824163,-1.0912329339004647,1.0912329339004647
1762247940.2676651,6.281029861800222,4.3846750085335415,0.0,0.0,6.460399594117877,-1.092101550371172,1.092101550371172
1762247940.4348443,6.26313687310073,4.384330352801091,0.0,0.0,6.473897134360307,-1.0840936506551508,1.0840936506551508
1762247940.6031687,6.262346501901661,4.386232705106617,0.0,0.0,6.475187109907739,-1.0854730403509587,1.0854730403509587
1762247940.6353028,6.26800944326285,4.384438875710604,0.0,0.0,6.47022347662662,-1.0862837753717987,1.0862837753717987
1762247940.671936,6.275729601558508,4.385914097432445,0.0,0.0,6.464880061569488,-1.0909359455685128,1.0909359455685128
1762247940.8564258,6.2872568670960165,4.38384403679386,0.0,0.0,6.455365069267515,-1.094039828031077,1.094039828031077
1762247941.089533,6.191307552580822,4.427318855710493,0.0,0.0,6.543489752756313,-1.0926212851198007,1.0926212851198007
1762247941.287028,6.148757384669869,4.435268964333969,0.0,0.0,6.579044572531944,-1.0821940928801557,1.0821940928801557
1762247941.3087277,6.141698173417282,4.438955206736107,0.0,0.0,6.585780924375656,-1.0826470978653273,1.0826470978653273
1762247941.572628,6.0554923015350965,4.441510834152549,0.0,0.0,6.653040940801867,-1.0499944269362875,1.0499944269362875
1762247941.7038875,6.030328021620671,4.4485613572337135,0.0,0.0,6.675134285422853,-1.0464233111133912,1.0464233111133912
1762247941.879723,5.9936457811506045,4.44905102599831,0.0,0.0,6.704115299761788,-1.0323879629078352,1.0323879629078352
1762247941.9130127,5.994339657049744,4.449360997146844,0.0,0.0,6.703673173539672,-1.0329455046167877,1.0329455046167877
1762247941.9607744,5.993686368492738,4.450425565958609,0.0,0.0,6.7045454638986826,-1.033668069942594,1.033668069942594
1762247941.984676,5.994398734078883,4.450800621482124,0.0,0.0,6.704110694324156,-1.0342926917616673,1.0342926917616673
1762247942.0100574,5.988922096969011,4.450490130268741,0.0,0.0,6.708319541714121,-1.031858508053222,1.031858508053222
1762247942.0418124,5.975133008961833,4.446492506658562,0.0,0.0,6.71785409671366,-1.0227844501115466,1.0227844501115466
1762247942.0690124,5.969013379588289,4.448843925791189,0.0,0.0,6.723475397659148,-1.0225623364560825,1.0225623364560825
1762247942.091911,5.976581371816742,4.449259154885236,0.0,0.0,6.7176380627766665,-1.0258970322508296,1.0258970322508296
1762247942.1268828,5.975838998538836,4.451288910029549,0.0,0.0,6.718904026945099,-1.027475793088843,1.027475793088843
1762247942.1496704,5.983699962057722,4.452452295575091,0.0,0.0,6.713093518691403,-1.0316188178364647,1.0316188178364647
1762247942.1745632,5.986973818985671,4.455434569641364,0.0,0.0,6.711513754781324,-1.0356445168844408,1.0356445168844408
1762247942.2218397,5.987793530291923,4.45590520487953,0.0,0.0,6.711025903372283,-1.0363985267606768,1.0363985267606768
1762247942.2642455,5.991982410292347,4.457051106446649,0.0,0.0,6.708112084938662,-1.0390940233788533,1.0390940233788533
1762247942.2944438,5.988443852315998,4.4567721276304475,0.0,0.0,6.710804456381558,-1.037450877736177,1.037450877736177
1762247942.3353581,5.982425973028584,4.456237281258641,0.0,0.0,6.7153663948458755,-1.034604110430249,1.034604110430249
1762247942.3643312,5.981341048905791,4.454576233177778,0.0,0.0,6.715665149124298,-1.032651134904719,1.032651134904719
1762247942.3939402,5.969675566127896,4.453176862400107,0.0,0.0,6.72440185444519,-1.0268108981566888,1.0268108981566888
1762247942.4277618,5.966251877097726,4.452215406273352,0.0,0.0,6.726785053902334,-1.0245923283463405,1.0245923283463405
1762247942.461618,5.967117453932655,4.452135001295929,0.0,0.0,6.726074240338436,-1.024855155888828,1.024855155888828
1762247942.490315,5.963626182402619,4.453132014798758,0.0,0.0,6.729166424095517,-1.0244154237928393,1.0244154237928393
1762247942.5117388,5.9564313176067945,4.451254459728442,0.0,0.0,6.73422977877225,-1.0198907573571456,1.0198907573571456
1762247942.5376277,5.954954471234919,4.451262960600236,0.0,0.0,6.735401382190137,-1.0193256826917416,1.0193256826917416
1762247942.5696652,5.964761896656391,4.451981582631967,0.0,0.0,6.7278844118553085,-1.023797217487478,1.023797217487478
1762247942.602843,5.96546713522479,4.451701837529809,0.0,0.0,6.727233540799176,-1.0238138751939931,1.0238138751939931
1762247942.631006,5.957214452645692,4.452526561233266,0.0,0.0,6.73403458867083,-1.0213670660220295,1.0213670660220295
1762247942.679751,5.95427948480472,4.452068074432024,0.0,0.0,6.736204154711499,-1.0198060547553407,1.0198060547553407
1762247942.7022183,5.960097602081929,4.447488223750798,0.0,0.0,6.7300711734809315,-1.017843850444244,1.017843850444244
1762247942.7298136,5.954166194680414,4.437839962965302,0.0,0.0,6.731541709940659,-1.0066490457163053,1.0066490457163053
1762247942.7602053,5.961862353844592,4.431671517706964,0.0,0.0,6.723378199942821,-1.0039607891017348,1.0039607891017348
1762247942.7931964,5.958473314831485,4.426104927302786,0.0,0.0,6.724195591931189,-0.9975136620670472,0.9975136620670472
1762247942.819583,5.9631933407994016,4.421910105977824,0.0,0.0,6.7190449842535775,-0.9954914780339335,0.9954914780339335
1762247942.894432,5.973593716835362,4.421324401382223,0.0,0.0,6.710611100632815,-0.999018857591861,0.999018857591861
1762247942.9343383,5.972932900198955,4.419507668472892,0.0,0.0,6.710521779432917,-0.9970884465550404,0.9970884465550404
1762247942.9593432,5.968210479767052,4.418871233848705,0.0,0.0,6.714046920775925,-0.9946545081933238,0.9946545081933238
1762247942.9858751,5.973105086555096,4.417592992515829,0.0,0.0,6.709739850328067,-0.9953942260357069,0.9953942260357069
1762247943.0157425,5.979102470675046,4.415670168185135,0.0,0.0,6.704344196241127,-0.9959775659944222,0.9959775659944222
1762247943.0485766,5.982340720656416,4.417010509830607,0.0,0.0,6.702235710302143,-0.9984820780789012,0.9984820780789012
1762247943.0757594,5.987051757659495,4.416384372192315,0.0,0.0,6.698299904800652,-0.9997589310879323,0.9997589310879323
1762247943.1063285,5.989578107173985,4.417776192818452,0.0,0.0,6.696774725187746,-1.002032888671278,1.002032888671278
1762247943.1338615,5.989196262814687,4.415097308268328,0.0,0.0,6.6961697916806076,-0.9994201149860347,0.9994201149860347
1762247943.1660907,5.991294041297455,4.4176680729653235,0.0,0.0,6.695382867718387,-1.0026093864799217,1.0026093864799217
1762247943.1934073,5.985927997949375,4.417380916704687,0.0,0.0,6.699525043558508,-1.0002329648578219,1.0002329648578219
1762247943.2207756,5.975470247470047,4.418957997218773,0.0,0.0,6.708328145303735,-0.997576917582605,0.997576917582605
1762247943.2747252,5.970341607233025,4.418598977949211,0.0,0.0,6.71226721796236,-0.9952377550219491,0.9952377550219491
1762247943.3090286,5.9740628069007755,4.418359699620513,0.0,0.0,6.709240275071974,-0.9964748781875152,0.9964748781875152
1762247943.3546073,5.97789716758357,4.416872878410329,0.0,0.0,6.705704030442369,-0.996610677347629,0.996610677347629
1762247943.4228745,5.9895043803461485,4.418829951569354,0.0,0.0,6.697189437497363,-1.0029724957892094,1.0029724957892094
1762247943.4448242,5.988155187689278,4.416747008359089,0.0,0.0,6.697550654154795,-1.0005266036455445,1.0005266036455445
1762247943.5426118,5.988867250039539,4.41388870633003,0.0,0.0,6.6960206015964925,-0.998179622711012,0.998179622711012
1762247943.7481263,6.009475842839584,4.41541122578201,0.0,0.0,6.68027445418573,-1.0077209541653362,1.0077209541653362
1762247943.770722,6.0092659855641655,4.416957153400515,0.0,0.0,6.680965123207344,-1.0090571562116877,1.0090571562116877
1762247943.798689,6.010766660238531,4.414849818078507,0.0,0.0,6.6790664557606645,-1.0077172561202252,1.0077172561202252
1762247943.8208535,6.00454752191369,4.4124443085714775,0.0,0.0,6.683151678606614,-1.0030445714582752,1.0030445714582752
1762247943.8444953,6.011503504888103,4.411877183718771,0.0,0.0,6.677474699539574,-1.0052807204153165,1.0052807204153165
1762247943.9155734,6.025007448626427,4.4140674107312385,0.0,0.0,6.66758864041414,-1.0126587092702573,1.0126587092702573
1762247943.9381285,6.0179513048806275,4.420159611720807,0.0,0.0,6.675214681588298,-1.0154420934991943,1.0154420934991943
1762247943.9638863,6.015381363093173,4.426296483209094,0.0,0.0,6.67932167394154,-1.0200554223023899,1.0200554223023899
1762247943.9947834,6.008930626695307,4.432403780935968,0.0,0.0,6.686467395468049,-1.0231096480439104,1.0231096480439104
1762247944.0158691,6.00203675008274,4.436426296564434,0.0,0.0,6.693253861372131,-1.0240833121443356,1.0240833121443356
1762247944.0403707,5.989293652685692,4.43835368205652,0.0,0.0,6.703945131835395,-1.0208408821128252,1.0208408821128252
1762247944.0670497,5.99111820076279,4.44075683302329,0.0,0.0,6.7033158360590255,-1.0237674931394622,1.0237674931394622
1762247944.0905254,5.984103767779866,4.442493189686439,0.0,0.0,6.709431379769696,-1.0226129453554607,1.0226129453554607
1762247944.1209881,5.980346887213772,4.445404353307499,0.0,0.0,6.713373430913398,-1.0238208202433858,1.0238208202433858
1762247944.1581843,5.976323531019012,4.444161627662728,0.0,0.0,6.716132323516617,-1.0211038820589982,1.0211038820589982
1762247944.1848164,5.969603875681214,4.443103723097208,0.0,0.0,6.721086302266097,-1.0175065047766698,1.0175065047766698
1762247944.2042887,5.957070156482949,4.440052858041921,0.0,0.0,6.729981446186367,-1.0098163970007221,1.0098163970007221
1762247944.2242727,5.9610293637537195,4.440847269685233,0.0,0.0,6.727112632118126,-1.0120879587323164,1.0120879587323164
1762247944.2597482,5.954784427243754,4.442535587969886,0.0,0.0,6.732621965005654,-1.0112162175144985,1.0112162175144985
1762247944.2860363,5.945907171217988,4.445628202415791,0.0,0.0,6.740689008412895,-1.010625780349912,1.010625780349912
1762247944.3080919,5.941136771787282,4.446974510030089,0.0,0.0,6.744450203508358,-1.0100225977078667,1.0100225977078667
1762247944.3326876,5.938156832474435,4.4461066631806,0.0,0.0,6.7465291790654955,-1.008071161586959,1.008071161586959
1762247944.3563018,5.934380577539944,4.445049218289492,0.0,0.0,6.749179498319988,-1.0056384807449077,1.0056384807449077
1762247944.3746545,5.940085954429817,4.448167041448267,0.0,0.0,6.745680285754699,-1.0107166403729875,1.0107166403729875
1762247944.5119717,5.938482542634741,4.442167782168174,0.0,0.0,6.744963234220517,-1.0045636429893727,1.0045636429893727
1762247944.5358796,5.947927798384187,4.441957401210864,0.0,0.0,6.737862404199912,-1.008023867026568,1.008023867026568
1762247944.5631664,5.9566133333623945,4.441608654320637,0.0,0.0,6.730863600136436,-1.0110723973877835,1.0110723973877835
1762247944.5889854,5.959699770476846,4.438595454568601,0.0,0.0,6.727411322800236,-1.0094962583929445,1.0094962583929445
1762247944.6130345,5.95561272125954,4.438908117616666,0.0,0.0,6.73075291422274,-1.008195259050242,1.008195259050242
1762247944.6916833,5.941288452188333,4.442334873133987,0.0,0.0,6.7427893509963654,-1.0058021578369845,1.0058021578369845
1762247944.7293713,5.933414359757237,4.441909561057438,0.0,0.0,6.748906555609832,-1.0023690818584652,1.0023690818584652
1762247944.751498,5.928050226394327,4.440858599971042,0.0,0.0,6.752825589930842,-0.9993319266816352,0.9993319266816352
1762247944.7850156,5.921762739141765,4.439794225807744,0.0,0.0,6.757479430393336,-0.9959303300879232,0.9959303300879232
1762247944.8134003,5.9121990937173505,4.4391530120643194,0.0,0.0,6.7648910316842805,-0.9916672957892378,0.9916672957892378
1762247944.8456464,5.91411171516822,4.437157154532572,0.0,0.0,6.76270547533012,-0.9905573849203124,0.9905573849203124
1762247944.906962,5.902138482775883,4.4384755780007445,0.0,0.0,6.772698205432988,-0.9871913242371964,0.9871913242371964
1762247944.941525,5.899684946250415,4.4384595130914954,0.0,0.0,6.774653137684582,-0.9862393410234214,0.9862393410234214
1762247944.9747913,5.892045103987715,4.43760924252606,0.0,0.0,6.78048107786185,-0.9825397533220015,0.9825397533220015
1762247945.0020597,5.884337639312198,4.436527736351159,0.0,0.0,6.786294181201638,-0.9786069866070402,0.9786069866070402
1762247945.0225265,5.878651805538021,4.435480794252343,0.0,0.0,6.790505421244949,-0.9754793562324275,0.9754793562324275
1762247945.0453918,5.876630648597375,4.437676800512472,0.0,0.0,6.792846680909792,-0.9767448066242778,0.9767448066242778
1762247945.070607,5.878687866170444,4.435675140514123,0.0,0.0,6.790540371999399,-0.9756728524796999,0.9756728524796999
1762247945.1046932,5.886217738332268,4.436537748773449,0.0,0.0,6.784792000993085,-0.9793309940519764,0.9793309940519764
1762247945.1314287,5.891078078843409,4.439509188125815,0.0,0.0,6.781880096688543,-0.9839282718094049,0.9839282718094049
1762247945.154648,5.904724328390829,4.440408554367856,0.0,0.0,6.771270863417215,-0.9899658739606092,0.9899658739606092
1762247945.1834865,5.904614162264544,4.440476792161748,0.0,0.0,6.771381334745179,-0.9899868106659079,0.9899868106659079
1762247945.2452285,5.920048540335171,4.442285659319994,0.0,0.0,6.759669570356439,-0.9975718446702309,0.9975718446702309
1762247945.269785,5.914170445637216,4.442568577604735,0.0,0.0,6.764447646163963,-0.9955776211544317,0.9955776211544317
1762247945.5167642,5.992618369160861,4.428503176560054,0.0,0.0,6.6980007730258535,-1.0130905316563155,1.0130905316563155
1762247945.5591,5.998336413453673,4.4283195408121045,0.0,0.0,6.6934296155066155,-1.0151743072155788,1.0151743072155788
1762247945.6894608,6.00662726111571,4.423956556347617,0.0,0.0,6.685419386618044,-1.0144401143186286,1.0144401143186286
1762247945.7317598,6.011056204200523,4.42232877816939,0.0,0.0,6.681379100835762,-1.0146984789490894,1.0146984789490894
1762247945.7709546,6.01124337862243,4.422715465835155,0.0,0.0,6.681362972964953,-1.015127679437888,1.015127679437888
1762247945.7947402,6.02574625719734,4.4223968429748535,0.0,0.0,6.6698458108444445,-1.0205936963858684,1.0205936963858684
1762247945.817702,6.041775988663493,4.4214296511658056,0.0,0.0,6.656929444616841,-1.0261019164135439,1.0261019164135439
1762247945.8428667,6.045351615660293,4.420749796233815,0.0,0.0,6.653892792166656,-1.0269098174065225,1.0269098174065225
1762247945.8757765,6.053820201896496,4.418791909741992,0.0,0.0,6.646585193055916,-1.0285121291668036,1.0285121291668036
1762247945.9115617,6.057867887210472,4.419280038542386,0.0,0.0,6.643582271129314,-1.0305854879665286,1.0305854879665286
1762247945.9347095,6.057056353076667,4.418439073403867,0.0,0.0,6.643929446417607,-1.029489226498266,1.029489226498266
1762247945.9579015,6.068182439119126,4.419973807582696,0.0,0.0,6.636308838823142,-1.0353736574978025,1.0353736574978025
1762247945.980297,6.066259858501192,4.418946756644623,0.0,0.0,6.6374566032366555,-1.0336586539195474,1.0336586539195474
1762247946.0010304,6.063630704362907,4.418332238476658,0.0,0.0,6.63929938329963,-1.0320368531864443,1.0320368531864443
1762247946.0352216,6.073540805343688,4.417130909254699,0.0,0.0,6.631143370470821,-1.0349356280294695,1.0349356280294695
1762247946.065529,6.071120966640594,4.415057292642867,0.0,0.0,6.632316777333996,-1.0320611950256646,1.0320611950256646
1762247946.0993972,6.077056720996874,4.414255646723127,0.0,0.0,6.627404869497902,-1.033727592417026,1.033727592417026
1762247946.1358836,6.086216017438684,4.413840758134836,0.0,0.0,6.620115910871395,-1.0370598153555308,1.0370598153555308
1762247946.1599348,6.0912861247698835,4.414031095727255,0.0,0.0,6.616230189555848,-1.0392926908874565,1.0392926908874565
1762247946.2101433,6.087870488352324,4.415615593648235,0.0,0.0,6.619441201450007,-1.0393533683777552,1.0393533683777552
1762247946.2468343,6.088534143824569,4.418658212154754,0.0,0.0,6.619978011702113,-1.0424034805186517,1.0424034805186517
1762247946.2877495,6.0929728134815635,4.418935158870603,0.0,0.0,6.616616722080437,-1.0444589963011064,1.0444589963011064
1762247946.3179028,6.088586083409911,4.418222347864041,0.0,0.0,6.619786593881926,-1.0420262007099415,1.0420262007099415
1762247946.344553,6.080441152182022,4.417260523546723,0.0,0.0,6.625803346667189,-1.0378452322060865,1.0378452322060865
1762247946.3633165,6.08742410180921,4.4183934231802935,0.0,0.0,6.620751248842392,-1.0417110672572385,1.0417110672572385
1762247946.4188976,6.082777194170751,4.417709954021051,0.0,0.0,6.62413696490699,-1.0392023149326157,1.0392023149326157
1762247946.4447632,6.076288144349817,4.416364327058999,0.0,0.0,6.628733889878997,-1.035345094996703,1.035345094996703
1762247946.4903083,6.066465285422524,4.420342067631833,0.0,0.0,6.63777713265448,-1.0350184077993814,1.0350184077993814
1762247946.6603036,6.069706513850095,4.41769635622827,0.0,0.0,6.634332767409589,-1.0339045767832935,1.0339045767832935
1762247946.699264,6.076159713040972,4.416155895147385,0.0,0.0,6.628762083344472,-1.0351025278487391,1.0351025278487391
1762247946.730022,6.073773778543924,4.4151654874543285,0.0,0.0,6.630282408187263,-1.0332320069152758,1.0332320069152758
1762247946.8827307,6.072792187390588,4.410960640869014,0.0,0.0,6.629595349367927,-1.028989244087539,1.028989244087539
1762247946.9152634,6.067059003199175,4.41314514493946,0.0,0.0,6.634830292868317,-1.0286720234533944,1.0286720234533944
1762247946.971714,6.049559913466358,4.415092503577097,0.0,0.0,6.648656836658158,-1.023413735749148,1.023413735749148
1762247947.000717,6.04343561486505,4.417068965692266,0.0,0.0,6.654136926301753,-1.0227697536254743,1.0227697536254743
1762247947.0286753,6.043531189184404,4.416477630013744,0.0,0.0,6.653859664453841,-1.0222661615455015,1.0222661615455015
1762247947.0525486,6.04124871192709,4.415413361028394,0.0,0.0,6.655286797439671,-1.0203771630241538,1.0203771630241538
1762247947.0753016,6.045741245931966,4.4151386155655725,0.0,0.0,6.6516675558786895,-1.0219246503193786,1.0219246503193786
1762247947.0969691,6.048685488868414,4.413349227016622,0.0,0.0,6.648745234461942,-1.021466087672839,1.021466087672839
1762247947.1178715,6.051801410093509,4.411015279665929,0.0,0.0,6.6455013786969515,-1.0205795001125346,1.0205795001125346
1762247947.1391609,6.048364853862924,4.410913036480503,0.0,0.0,6.648161682905319,-1.0191059795109705,1.0191059795109705
1762247947.1693735,6.041037755928755,4.411626154782141,0.0,0.0,6.654156552248996,-1.016822183441943,1.016822183441943
1762247947.2031806,6.039473420368837,4.413379087508723,0.0,0.0,6.655984687752266,-1.017802463053668,1.017802463053668
1762247947.2534568,6.0401389729349955,4.410925540897486,0.0,0.0,6.6546224899403965,-1.0158203376537835,1.0158203376537835
1762247947.3032923,6.037236719100883,4.4154032586348775,0.0,0.0,6.6584331481323265,-1.0187632341076907,1.0187632341076907
1762247947.3417428,6.0415981632840525,4.415822053069785,0.0,0.0,6.655152304673756,-1.0208915542146655,1.0208915542146655
1762247947.381869,6.034669247046526,4.416161691558223,0.0,0.0,6.660708742469935,-1.0184326749789006,1.0184326749789006
1762247947.4197965,6.034321013785964,4.414864130283419,0.0,0.0,6.66053910511098,-1.0171040128693951,1.0171040128693951
1762247947.4461381,6.034000430716243,4.414469583008949,0.0,0.0,6.6606561919894975,-1.0166142621765886,1.0166142621765886
1762247947.491263,6.043440713583042,4.414634083774115,0.0,0.0,6.653299866168053,-1.020540675466879,1.020540675466879
1762247947.5412176,6.03946868766053,4.413568782188871,0.0,0.0,6.656053290305674,-1.0179744193165987,1.0179744193165987
1762247947.5808115,6.025413192680055,4.4119641058162475,0.0,0.0,6.66655196629816,-1.0108911564936789,1.0108911564936789
1762247947.910181,6.013998352870832,4.415501292437744,0.0,0.0,6.67674218422926,-1.0095972845769265,1.0095972845769265
1762247948.152835,6.010374060540314,4.415334737791092,0.0,0.0,6.679540661961801,-1.008006774516345,1.008006774516345
1762247948.2739427,6.014025448038557,4.415585912229196,0.0,0.0,6.676749629282108,-1.0096857081323594,1.0096857081323594
1762247948.4449697,6.030157567443816,4.412772845122551,0.0,0.0,6.663096884874587,-1.0135245503021377,1.0135245503021377
1762247948.474537,6.0304454504023,4.414068744075687,0.0,0.0,6.663313049665794,-1.0148276963932061,1.0148276963932061
1762247948.5141625,6.035137889919241,4.415831325290771,0.0,0.0,6.6602277933661815,-1.0183169830450045,1.0183169830450045
1762247948.5529728,6.039473806633707,4.415014549855764,0.0,0.0,6.656543712579396,-1.0193014999334618,1.0193014999334618
1762247948.6027966,6.044884205097188,4.4138507094288055,0.0,0.0,6.651899015815772,-1.020401225318387,1.020401225318387
1762247948.626251,6.052416690093416,4.4110018195862,0.0,0.0,6.645014307462586,-1.0208143786763455,1.0208143786763455
1762247948.6520586,6.054585519913985,4.411251831555051,0.0,0.0,6.6433998019111815,-1.0219150442341414,1.0219150442341414
1762247948.677479,6.058221016691653,4.413954830593379,0.0,0.0,6.642021354454428,-1.0258520173402204,1.0258520173402204
1762247948.7083952,6.065371016355127,4.416141322938623,0.0,0.0,6.637183696097631,-1.0307329521426885,1.0307329521426885
1762247948.742541,6.04086956106211,4.421725365380853,0.0,0.0,6.657741515202315,-1.0260104821473064,1.0260104821473064
1762247948.7786174,6.005113036911881,4.423380314048097,0.0,0.0,6.686417006711387,-1.0133120355478158,1.0133120355478158
1762247948.822806,5.9705276651950445,4.42159074599958,0.0,0.0,6.713127839138852,-0.9980637528136393,0.9980637528136393
1762247948.8505993,5.937483364775637,4.4220358225100105,0.0,0.0,6.739498408477404,-0.9856118901801956,0.9856118901801956
1762247948.8907764,5.896371082894345,4.421132758384437,0.0,0.0,6.771580995725004,-0.9689608577901028,0.9689608577901028
1762247948.9281251,5.871826101881266,4.421133207633508,0.0,0.0,6.791263806866156,-0.9596148636030857,0.9596148636030857
1762247948.9498851,5.8585643775439395,4.41985609571682,0.0,0.0,6.801503275288112,-0.9534127541997423,0.9534127541997423
1762247948.98332,5.837836800161771,4.421091988803038,0.0,0.0,6.818591240473533,-0.9467542422792345,0.9467542422792345
1762247949.0186663,5.829531326587751,4.419476526121786,0.0,0.0,6.824757872599413,-0.9421442416098678,0.9421442416098678
1762247949.0443516,5.823446659290934,4.4206957860608105,0.0,0.0,6.830061173617823,-0.9410003103840716,0.9410003103840716
1762247949.0686135,5.821958088567857,4.420119116209872,0.0,0.0,6.83107443331251,-0.9399095486170641,0.9399095486170641
1762247949.0949652,5.820160143550365,4.419897921484588,0.0,0.0,6.832453061504517,-0.9390333508580239,0.9390333508580239
1762247949.1513138,5.828757835508679,4.417793655693426,0.0,0.0,6.824833403295341,-0.9402941899721486,0.9402941899721486
1762247949.183902,5.826221562796778,4.418783372316758,0.0,0.0,6.827201100611574,-0.9402633245729369,0.9402633245729369
1762247949.2146792,5.825802149085908,4.419591169881192,0.0,0.0,6.827802223238012,-0.9408557574096851,0.9408557574096851
1762247949.245553,5.82141312073799,4.419904959112425,0.0,0.0,6.831444469728895,-0.9395074495124792,0.9395074495124792
1762247949.2840598,5.8161875698653756,4.4192981673130545,0.0,0.0,6.8354641174893995,-0.9369956250779681,0.9369956250779681
1762247949.3160539,5.8179404610245316,4.416371442728871,0.0,0.0,6.833098725698192,-0.9349333987193017,0.9349333987193017
1762247949.3472366,5.8153238408441155,4.417928184953257,0.0,0.0,6.835716690711531,-0.9354024623946176,0.9354024623946176
1762247949.3769636,5.821330825484145,4.41838193161518,0.0,0.0,6.831015859033531,-0.9380637868778751,0.9380637868778751
1762247949.4145706,5.821098924687736,4.418826850708586,0.0,0.0,6.831347590201224,-0.9383899815297239,0.9383899815297239
1762247949.439204,5.817196237245674,4.42067485384204,0.0,0.0,6.8350968668799,-0.9386490367365387,0.9386490367365387
1762247949.5748258,5.867368617080558,4.421711229841284,0.0,0.0,6.795035026305809,-0.9584602765869656,0.9584602765869656
1762247949.7065923,5.911419117520395,4.4212418719709765,0.0,0.0,6.759582186562214,-0.9748277313147381,0.9748277313147381
1762247949.9741602,5.912159989487732,4.415857600540165,0.0,0.0,6.757202396028405,-0.9701415495558484,0.9701415495558484
1762247950.072829,5.917896116054314,4.419401782379776,0.0,0.0,6.753798130014688,-0.9756196959571112,0.9756196959571112
1762247950.0999668,5.915864403832917,4.418636093864149,0.0,0.0,6.755166018888417,-0.9741310568804326,0.9741310568804326
1762247950.1323006,5.914149548489387,4.418449976639633,0.0,0.0,6.756473921633441,-0.9732996258673721,0.9732996258673721
1762247950.1572254,5.894260093243797,4.418238972568605,0.0,0.0,6.772314053181445,-0.9654799349762005,0.9654799349762005
1762247950.188529,5.883209153488048,4.416106005922366,0.0,0.0,6.780468111691187,-0.9592918987396832,0.9592918987396832
1762247950.2658727,5.844345914124385,4.41873883503965,0.0,0.0,6.812579997388841,-0.9470185200939644,0.9470185200939644
1762247950.298956,5.847176415312957,4.417562784331349,0.0,0.0,6.809915910318482,-0.9469940187697119,0.9469940187697119
1762247950.6057029,5.7660343314530325,4.422330340504794,0.0,0.0,6.876648937551131,-0.921282864097783,0.921282864097783
1762247950.75952,5.737296564578057,4.422211055924766,0.0,0.0,6.899939311096185,-0.9106963162841386,0.9106963162841386
1762247950.9458785,5.660441988315889,4.428011993400523,0.0,0.0,6.964750875700173,-0.8885979402874038,0.8885979402874038
1762247951.1693451,5.594890657692554,4.432332176979529,0.0,0.0,7.02073449533039,-0.8697182368571708,0.8697182368571708
1762247951.3588555,5.463230916325164,4.450278139181134,0.0,0.0,7.131037311908279,-0.842427876628201,0.842427876628201
1762247951.4238584,5.382137110272823,4.459275872174139,0.0,0.0,7.194761462438042,-0.8254045466826054,0.8254045466826054
1762247951.6115198,5.177790704874788,4.476549841445204,0.0,0.0,7.356784044923916,-0.7841764616976026,0.7841764616976026
1762247951.8395753,5.057646253360838,4.485849391637111,0.0,0.0,7.454594584311651,-0.76351256655624,0.76351256655624
1762247951.8783643,5.032743835201404,4.486677479702989,0.0,0.0,7.475057188081556,-0.7585593728402681,0.7585593728402681
1762247951.95373,5.0146869868522215,4.487330233245057,0.0,0.0,7.489948028916712,-0.7551016375967395,0.7551016375967395
1762247951.9950373,4.989999931951534,4.488763608673788,0.0,0.0,7.51046570648426,-0.7510141746104921,0.7510141746104921
1762247952.05899,4.945810377557973,4.493432288500207,0.0,0.0,7.547042862386871,-0.7460772736967957,0.7460772736967957
1762247952.096475,4.918583150375491,4.496275377048393,0.0,0.0,7.57011594793457,-0.7432112745319492,0.7432112745319492
1762247952.1320276,4.899525816850368,4.495569685654541,0.0,0.0,7.585846329559645,-0.738657908480727,0.738657908480727
1762247952.1570358,4.876295155356528,4.494194780109583,0.0,0.0,7.604999556081488,-0.7327001731302385,0.7327001731302385
1762247952.1984153,4.855712687211069,4.495268627541828,0.0,0.0,7.622411470980231,-0.7297589110845426,0.7297589110845426
1762247952.2196326,4.832730828549405,4.495406197462232,0.0,0.0,7.641227662890091,-0.7255331602272839,0.7255331602272839
1762247952.2412868,4.797424131514391,4.495955224284169,0.0,0.0,7.671141441476493,-0.7195748402749951,0.7195748402749951
1762247952.2629976,4.769218894970689,4.497406927169761,0.0,0.0,7.695300713436444,-0.7159859100413909,0.7159859100413909
1762247952.2964585,4.740316460880978,4.498822322994202,0.0,0.0,7.720142668260134,-0.7123963678977553,0.7123963678977553
1762247952.3473935,4.7332975429100905,4.502266667620358,0.0,0.0,7.726644479872661,-0.7146050097484996,0.7146050097484996
1762247952.3972485,4.704036504144432,4.504230266594106,0.0,0.0,7.751623358811677,-0.7116969139031327,0.7116969139031327
1762247952.5336542,4.649493822406852,4.509133865393102,0.0,0.0,7.7993261591837975,-0.7079272989165033,0.7079272989165033
1762247952.7747924,4.588758753539498,4.514004549592418,0.0,0.0,7.852511962566833,-0.7037743560155116,0.7037743560155116
1762247953.0290947,4.526100834160901,4.517086049262087,0.0,0.0,7.907904014430258,-0.6982213319045951,0.6982213319045951
1762247953.132745,4.502177175386558,4.515230789965401,0.0,0.0,7.928837162908631,-0.6932614121449431,0.6932614121449431
1762247953.1554894,4.500583812103916,4.517587954377796,0.0,0.0,7.930519587407398,-0.6953943647635628,0.6953943647635628
1762247953.174174,4.508481467373016,4.517744805156237,0.0,0.0,7.923546552179928,-0.6965680595276383,0.6965680595276383
1762247953.2581782,4.498198634801422,4.517089925437325,0.0,0.0,7.932575674084991,-0.6945948136099085,0.6945948136099085
1762247953.2893798,4.496785004045581,4.5169436090126185,0.0,0.0,7.933811800260684,-0.6942689618801443,0.6942689618801443
1762247953.4757903,4.4920933171703865,4.511468979699028,0.0,0.0,7.937348042679222,-0.6882410538199064,0.6882410538199064
1762247953.501281,4.500861864261152,4.510343761675887,0.0,0.0,7.9294402720393355,-0.6882458464695747,0.6882458464695747
1762247953.5301063,4.4981715984219965,4.510375569345365,0.0,0.0,7.931829557426087,-0.6879322473867597,0.6879322473867597
1762247953.5557437,4.506908045013099,4.510127626912525,0.0,0.0,7.924057427484149,-0.6888112757553674,0.6888112757553674
1762247953.5831199,4.488896978649208,4.51099025485339,0.0,0.0,7.940131669092545,-0.6873605817746993,0.6873605817746993
1762247953.6134913,4.485624964703111,4.513500587513817,0.0,0.0,7.943159257439375,-0.6894372290063183,0.6894372290063183
1762247953.630233,4.491292621597744,4.512852036356109,0.0,0.0,7.938216454447023,-0.689511160156057,0.689511160156057
1762247953.6725483,4.49141383709306,4.5142706633617635,0.0,0.0,7.938270473465737,-0.6909336953724269,0.6909336953724269
1762247953.7120423,4.48810625628087,4.512722929112222,0.0,0.0,7.941030851683865,-0.6889792231260434,0.6889792231260434
1762247953.7362397,4.486015919827379,4.512372155412019,0.0,0.0,7.942684608990255,-0.6883671361094192,0.6883671361094192
1762247953.770743,4.490353426032171,4.511213817042114,0.0,0.0,7.938863674983339,-0.6877669757225804,0.6877669757225804
1762247953.7942967,4.498492616684951,4.50950887665305,0.0,0.0,7.93144530058867,-0.687113826420907,0.687113826420907
1762247953.8206487,4.488757441725071,4.512197758144559,0.0,0.0,7.940392873991047,-0.6885406920005214,0.6885406920005214
1762247953.842899,4.491347248880279,4.51218033162773,0.0,0.0,7.938091426571004,-0.6888518321934594,0.6888518321934594
1762247953.8676963,4.48782647479594,4.51238204827289,0.0,0.0,7.941076447978828,-0.6886056899237643,0.6886056899237643
1762247953.8974667,4.4996408573079165,4.511998880807532,0.0,0.0,7.930713130982067,-0.6897305022225,0.6897305022225
1762247953.9301915,4.490380172979389,4.510723822108311,0.0,0.0,7.938784122246862,-0.6872843350995383,0.6872843350995383
1762247953.9571207,4.495425574018284,4.510543978913732,0.0,0.0,7.934284958851653,-0.6877481246202032,0.6877481246202032
1762247953.9867463,4.493412587024308,4.509875706410231,0.0,0.0,7.935995054475599,-0.6868286168442882,0.6868286168442882
1762247954.100443,4.509631303637824,4.513325597694675,0.0,0.0,7.922017033454308,-0.6923352411138471,0.6923352411138471
1762247954.1975791,4.509544430367987,4.514800294222855,0.0,0.0,7.922264964328837,-0.693786194263921,0.693786194263921
1762247954.2353895,4.513295807537851,4.513360772179985,0.0,0.0,7.918779017556047,-0.6928467772322575,0.6928467772322575
1762247954.5142634,4.501976174049739,4.513950673700225,0.0,0.0,7.928867876066817,-0.6919660764236215,0.6919660764236215
1762247954.7711394,4.492646835360631,4.512158304951908,0.0,0.0,7.936935378999451,-0.6889951751916777,0.6889951751916777
1762247954.9366822,4.501725240692728,4.516245103819526,0.0,0.0,7.929354195896686,-0.6942092082078444,0.6942092082078444
1762247954.9612486,4.49921435430192,4.51664341818292,0.0,0.0,7.931624419449667,-0.6942820352222363,0.6942820352222363
1762247954.98729,4.501280240169461,4.518578336226757,0.0,0.0,7.9300165436466274,-0.6964659457690104,0.6964659457690104
1762247955.0091662,4.509745872570084,4.5164336331045085,0.0,0.0,7.922276129371935,-0.6954318632632825,0.6954318632632825
1762247955.1483848,4.534125932952568,4.515461247799895,0.0,0.0,7.900635621400232,-0.6976777366939233,0.6976777366939233
1762247955.3318179,4.5277115300889355,4.518083447778513,0.0,0.0,7.90660086435093,-0.6994232029428898,0.6994232029428898
1762247955.4699695,4.5186141778498286,4.515120164161135,0.0,0.0,7.914282974922327,-0.6952864648454439,0.6952864648454439
1762247955.6979523,4.526294517105635,4.515744673551518,0.0,0.0,7.907575062305987,-0.6969173756950052,0.6969173756950052
1762247955.986351,4.518641861655905,4.51483363107408,0.0,0.0,7.914224988465792,-0.6950060377837809,0.6950060377837809
1762247956.292515,4.480785688539249,4.5150519623449785,0.0,0.0,7.947636294260901,-0.690367798014848,0.690367798014848
1762247956.4070687,4.494839316446955,4.515698107796577,0.0,0.0,7.9353944423695815,-0.6927853543249549,0.6927853543249549
1762247956.5633006,4.531938357046873,4.511453696033064,0.0,0.0,7.902088509912711,-0.6934140950607137,0.6934140950607137
1762247956.6953936,4.523706197016583,4.512663740769774,0.0,0.0,7.9094969691731745,-0.6935213746731309,0.6935213746731309
1762247956.7236383,4.513762050711515,4.5101079446013514,0.0,0.0,7.917987532786776,-0.6896825474491088,0.6896825474491088
1762247956.7532277,4.512081963208304,4.51055659680538,0.0,0.0,7.919526467231306,-0.689908350349703,0.689908350349703
1762247956.7718856,4.507884835202861,4.511651076142916,0.0,0.0,7.923368871999995,-0.6904483873525401,0.6904483873525401
1762247956.7931366,4.507907948173216,4.513565040206467,0.0,0.0,7.923570133097207,-0.6923492192652858,0.6923492192652858
1762247956.8151329,4.499656302423727,4.5112748130537925,0.0,0.0,7.930616223085533,-0.6890143989460612,0.6890143989460612
1762247956.850793,4.496366140975445,4.514221279854112,0.0,0.0,7.933871584096683,-0.6915154292744645,0.6915154292744645
1762247956.8819757,4.4872394033850025,4.51515007462401,0.0,0.0,7.94191039344566,-0.6912773064423388,0.6912773064423388
1762247956.906496,4.483940557115832,4.51615425957563,0.0,0.0,7.944954926673893,-0.6918575826213778,0.6918575826213778
1762247956.9420602,4.495352481533424,4.514529702971956,0.0,0.0,7.9348058021327015,-0.6916919301061546,0.6916919301061546
1762247956.962097,4.502330319334317,4.512954572809421,0.0,0.0,7.928439382988343,-0.6910238073428132,0.6910238073428132
1762247956.9858587,4.504222269384368,4.513235135139477,0.0,0.0,7.926795619091749,-0.6915457459572878,0.6915457459572878
1762247957.013617,4.501036778379211,4.510863572804798,0.0,0.0,7.929345039441604,-0.688783825475967,0.688783825475967
1762247957.0418007,4.49460383569069,4.510201684223359,0.0,0.0,7.934974997252767,-0.6873037702551957,0.6873037702551957
1762247957.072468,4.496248019521967,4.509323039529593,0.0,0.0,7.933415328696759,-0.6866422458449596,0.6866422458449596
1762247957.1099148,4.492163729741002,4.5085377787206555,0.0,0.0,7.93695103619108,-0.685342606999753,0.685342606999753
1762247957.130851,4.497630629431978,4.508800827240042,0.0,0.0,7.93212867642085,-0.6863011940804665,0.6863011940804665
1762247957.1637568,4.504155060400735,4.507266340818539,0.0,0.0,7.926165821977634,-0.6856181629256758,0.6856181629256758
1762247957.2007947,4.503599905931523,4.507455661909043,0.0,0.0,7.926679838847661,-0.6857342736633969,0.6857342736633969
1762247957.243215,4.5035287568788105,4.50829426285988,0.0,0.0,7.926839766146593,-0.686556695864187,0.686556695864187
1762247957.2851586,4.515004740032591,4.508419724122519,0.0,0.0,7.916690989188312,-0.6881710988193186,0.6881710988193186
1762247957.3375993,4.504870847892946,4.512363003475367,0.0,0.0,7.926120436080011,-0.6907645812638201,0.6907645812638201
1762247957.412425,4.50770344935464,4.51429049653923,0.0,0.0,7.923835154092382,-0.6930420850614957,0.6930420850614957
1762247957.4488282,4.508516160115947,4.515210483362746,0.0,0.0,7.923222405085855,-0.6940595902285012,0.6940595902285012
1762247957.6869607,4.506173935840249,4.51490165098393,0.0,0.0,7.925259814053899,-0.6934502625978711,0.6934502625978711
1762247957.9491994,4.51478103246954,4.518954180229325,0.0,0.0,7.9181173101556634,-0.6985861118778987,0.6985861118778987
1762247958.0786965,4.504885957152579,4.5149414003602635,0.0,0.0,7.926404767114882,-0.693323367191045,0.693323367191045
1762247958.2120492,4.491495935333044,4.514272156017157,0.0,0.0,7.938197785082256,-0.6909456013685593,0.6909456013685593
1762247958.233136,4.476798404498603,4.5137684920708,0.0,0.0,7.95104043864432,-0.6885956957304717,0.6885956957304717
1762247958.450649,4.456497431551948,4.514647374118472,0.0,0.0,7.969235283028538,-0.6869652715429928,0.6869652715429928
1762247958.6627727,4.436497572538246,4.517413747936532,0.0,0.0,7.987416604640881,-0.6873056142658175,0.6873056142658175
1762247958.9134533,4.436538962575995,4.51561710528716,0.0,0.0,7.987187097286996,-0.6855266259057955,0.6855266259057955
1762247959.1490517,4.4298441778612405,4.514830878927545,0.0,0.0,7.993102109594964,-0.6839532571854356,0.6839532571854356
1762247959.2748103,4.454184866349067,4.51254597099716,0.0,0.0,7.971071119342467,-0.6845982088521764,0.6845982088521764
1762247959.3125334,4.458721379328274,4.512393431624351,0.0,0.0,7.967002894211678,-0.6849993754875755,0.6849993754875755
1762247959.5982676,4.471803557196651,4.515711445301049,0.0,0.0,7.95570381134838,-0.6899022061420911,0.6899022061420911
1762247959.8687263,4.4552482648393275,4.5169035377166225,0.0,0.0,7.970597027916845,-0.689052700954179,0.689052700954179
1762247960.1501944,4.532142437589992,4.513324843901757,0.0,0.0,7.902130545183557,-0.6952957474003839,0.6952957474003839
1762247960.293085,4.726300373617237,4.504175060319673,0.0,0.0,7.732904202488418,-0.7153135964622112,0.7153135964622112
1762247960.4127562,5.110544285367464,4.470091032827584,0.0,0.0,7.409460269876029,-0.7609075240940605,0.7609075240940605
1762247960.5124743,5.421224956776969,4.4341137074640455,0.0,0.0,7.158325544374288,-0.8136627743322511,0.8136627743322511
1762247960.6759953,5.610132939346686,4.420798446016149,0.0,0.0,7.004546327643774,-0.8641921619976438,0.8641921619976438
1762247961.0476635,5.723120764606353,4.418927327390168,0.0,0.0,6.910460077163912,-0.9025043721428581,0.9025043721428581
1762247961.5223844,5.792640948370433,4.420339364391658,0.0,0.0,6.854466852415218,-0.9292227999765721,0.9292227999765721
1762247961.8602984,5.825215140854504,4.4214680394565775,0.0,0.0,6.828886069176251,-0.942377264790647,0.942377264790647
1762247962.1853464,5.8166133973676,4.420777573373395,0.0,0.0,6.835600533404701,-0.9385271615207356,0.9385271615207356
1762247962.4834282,5.819544813745942,4.418872753338155,0.0,0.0,6.8326165236694765,-0.9378526338949356,0.9378526338949356
1762247962.7864575,5.825564874966775,4.416969414872512,0.0,0.0,6.82714033666779,-0.9383353989516297,0.9383353989516297
1762247962.8761125,5.826094979273378,4.416028101220222,0.0,0.0,6.826406177652718,-0.9376606116738228,0.9376606116738228
1762247963.077005,5.837634105273941,4.417809301960396,0.0,0.0,6.817683066724433,-0.9436353886600799,0.9436353886600799
1762247963.37448,5.857947131028003,4.420818196718036,0.0,0.0,6.802315340866105,-0.9540704523318435,0.9540704523318435
1762247963.5381265,5.8449781665021945,4.420025073822359,0.0,0.0,6.81249149601435,-0.9484481124432533,0.9484481124432533
1762247963.5696387,5.842120907732225,4.420388848589316,0.0,0.0,6.814911146231426,-0.9477110842477623,0.9477110842477623
1762247963.6036503,5.842173805925264,4.420284076594415,0.0,0.0,6.8148343163289695,-0.947633866317461,0.947633866317461
1762247963.726056,5.832198762002856,4.418727265061957,0.0,0.0,6.822363312716789,-0.9424482736214982,0.9424482736214982
1762247963.7835877,5.834784778922789,4.4202505909329055,0.0,0.0,6.820775729093647,-0.9448296747305118,0.9448296747305118
1762247963.83195,5.833333374791364,4.420099996488824,0.0,0.0,6.8218962723705046,-0.9441461085460646,0.9441461085460646
1762247963.8885694,5.825139142340875,4.419060946191888,0.0,0.0,6.828164438334042,-0.9401161526916088,0.9401161526916088
1762247963.9146767,5.827997312885149,4.421145697616836,0.0,0.0,6.826538030913339,-0.9431182908116228,0.9431182908116228
1762247963.9490037,5.826207610284633,4.421922064811333,0.0,0.0,6.828233488203706,-0.9431692657094376,0.9431692657094376
1762247964.1901371,5.839944414415231,4.417872629050752,0.0,0.0,6.815842212359636,-0.944561521393035,0.944561521393035
1762247964.3552928,5.832392180784436,4.412227255182479,0.0,0.0,6.820086689256514,-0.936494542404472,0.936494542404472
1762247964.7978687,6.892441245227063,-0.1390265339404059,0.0,0.0,1.7987545109908987,1.2501421645926794,1.2501421645926794
1762247964.9636066,6.897402188349227,-0.1510614751834669,0.0,0.0,1.7803051982063594,1.243694666877178,1.243694666877178
1762247965.2344303,6.903088985647797,-0.1385539405269759,0.0,0.0,1.8016462085365532,1.2396330762851526,1.2396330762851526
1762247965.4377003,6.896922778161508,-0.13040540589374738,0.0,0.0,1.8135800753741704,1.2467327398413977,1.2467327398413977
1762247965.6375422,6.904066212700486,-0.12644308770640725,0.0,0.0,1.8213470108398608,1.2400986812844863,1.2400986812844863
1762247965.791886,6.913262537251277,-0.1205235570365553,0.0,0.0,1.832591949408301,1.2316285011115389,1.2316285011115389
1762247965.9062579,6.91525856356827,-0.10567325543617453,0.0,0.0,1.864599839882249,1.2312187537972847,1.2312187537972847
1762247965.937893,6.914707610905929,-0.10762385499194346,0.0,0.0,1.861389306408134,1.231567789000439,1.231567789000439
1762247966.1122549,6.914050838167172,-0.1110964452217309,0.0,0.0,1.8557215709263821,1.2318609217957852,1.2318609217957852
1762247966.1469083,6.911391078119183,-0.11018728838870258,0.0,0.0,1.8567545635681544,1.2346011844694402,1.2346011844694402
1762247966.1947098,6.910100379432056,-0.10974889228756832,0.0,0.0,1.857252174816863,1.2359305718912241,1.2359305718912241
1762247966.2237966,6.910782008418108,-0.1162378185526433,0.0,0.0,1.8390138916719951,1.2345632762639343,1.2345632762639343
1762247966.2492232,6.9115865512332855,-0.11803258112246684,0.0,0.0,1.8362799215362673,1.2335682795003444,1.2335682795003444
1762247966.3233628,6.917682888143865,-0.12520321939789783,0.0,0.0,1.82591558937494,1.2267121495750992,1.2267121495750992
1762247966.509718,6.9157202864896234,-0.13660118553951303,0.0,0.0,1.8072758888250944,1.2273316126473384,1.2273316126473384
1762247966.8534353,6.913591904880074,-0.14290234585543835,0.0,0.0,1.7967486502855632,1.2286744612233418,1.2286744612233418
1762247967.0641859,6.915824687424496,-0.1403070150890846,0.0,0.0,1.8013555499008627,1.2267785729468599,1.2267785729468599
1762247967.2918594,6.905291361662015,-0.143200857168997,0.0,0.0,1.7946019800497204,1.2368732316577917,1.2368732316577917
1762247967.4049613,6.907051983330367,-0.1446757002275061,0.0,0.0,1.7925834889240129,1.2349416793348849,1.2349416793348849
1762247967.7234888,6.906443898226808,-0.13374974160128786,0.0,0.0,1.8100433693777724,1.2368825161565866,1.2368825161565866
1762247967.949028,6.913181202113631,-0.1311341218196629,0.0,0.0,1.81555194777521,1.2305012003609417,1.2305012003609417
1762247968.2747426,6.9314600111678555,-0.14628537206314915,0.0,0.0,1.7949077028807532,1.2105242342949671,1.2105242342949671
1762247968.617533,6.922333360773498,-0.1289668549994439,0.0,0.0,1.8207707328644307,1.221662472725929,1.221662472725929
1762247968.8576767,6.914059120922767,-0.1281898634082298,0.0,0.0,1.8204435214294057,1.2299711525506445,1.2299711525506445
1762247969.0581634,6.9188802380322825,-0.1309551020454147,0.0,0.0,1.8169323648473985,1.2248620729052915,1.2248620729052915
1762247969.085359,6.919590777400372,-0.12824113848808688,0.0,0.0,1.821411816721015,1.2244703159015895,1.2244703159015895
1762247969.1315475,6.918447240351017,-0.12879439419071026,0.0,0.0,1.82030919063532,1.2255425955868966,1.2255425955868966
1762247969.1564972,6.9162393848753885,-0.12179488848429931,0.0,0.0,1.8311060811861473,1.2285289682251705,1.2285289682251705
1762247969.2811959,6.91610527454267,-0.11505821100180785,0.0,0.0,1.8418760768708002,1.2293980499181747,1.2293980499181747
1762247969.474073,6.913447035837321,-0.11792546399381812,0.0,0.0,1.8367939383212084,1.2317306079024213,1.2317306079024213
1762247969.9432397,6.912344402115489,-0.1154907464573348,0.0,0.0,1.8404985429924903,1.2330906850144943,1.2330906850144943
1762247970.1832354,6.911243608489732,-0.11683891629758038,0.0,0.0,1.8381332800109256,1.2340392199296568,1.2340392199296568
1762247970.5095234,6.917849378106844,-0.13155069879206382,0.0,0.0,1.81578110063087,1.2258163441097947,1.2258163441097947
1762247970.6382303,6.914897631400185,-0.13107574010211193,0.0,0.0,1.8159755437090799,1.2288033819370554,1.2288033819370554
1762247970.809516,6.919029900395647,-0.12411922899491407,0.0,0.0,1.8279035304651252,1.2254960115556943,1.2254960115556943
1762247970.9846811,6.914560386370586,-0.11491127145131165,0.0,0.0,1.8418311984912337,1.2309497958152378,1.2309497958152378
1762247971.255586,6.912005082968261,-0.12078545490660454,0.0,0.0,1.8319382648429086,1.23284920271798,1.23284920271798
1762247971.504572,6.9122001221586045,-0.11453430299077379,0.0,0.0,1.8420071905690094,1.2333368811688477,1.2333368811688477
1762247971.8887873,6.914930157841396,-0.1180164443410887,0.0,0.0,1.836920373511375,1.2302464049774304,1.2302464049774304
1762247972.011094,6.915949402100197,-0.1167062051084149,0.0,0.0,1.8392069940977314,1.2293755181251838,1.2293755181251838
1762247972.3372521,6.9169757833905585,-0.13262161958957497,0.0,0.0,1.8138975565578197,1.226558262354026,1.226558262354026
1762247972.6120226,6.912722975540738,-0.12252050318922399,0.0,0.0,1.8292873563534786,1.2319424788829247,1.2319424788829247
1762247972.9642878,6.9167126333714055,-0.13948862134286702,0.0,0.0,1.8028427673868128,1.225997199960473,1.225997199960473
1762247973.2382886,6.914757474244198,-0.12739930370671848,0.0,0.0,1.8218440926511796,1.229368308310271,1.229368308310271
1762247973.3737137,6.914272823658687,-0.12777816169523118,0.0,0.0,1.8211445051539916,1.229806251289891,1.229806251289891
1762247973.7647886,6.9171832666998005,-0.11430365564466945,0.0,0.0,1.8432800532963152,1.2284069318415658,1.2284069318415658
1762247973.9746795,6.918181784720466,-0.1261795103839399,0.0,0.0,1.8244459664371468,1.2261057118838885,1.2261057118838885
1762247974.0857728,6.914766459709524,-0.1275106777879185,0.0,0.0,1.821667205048262,1.2293466044086858,1.2293466044086858
1762247974.1116736,6.913759815673403,-0.13050700579901903,0.0,0.0,1.8166693026104868,1.2299998232918041,1.2299998232918041
1762247974.3418133,6.9114423613604155,-0.1301234681088357,0.0,0.0,1.816840075170998,1.232346192734506,1.232346192734506
1762247974.4780998,6.91378535830747,-0.13516435066736757,0.0,0.0,1.809202414723197,1.229424735342446,1.229424735342446
1762247974.7776713,6.91343556301375,-0.13178222482668478,0.0,0.0,1.8145609960182183,1.2301726113221945,1.2301726113221945
1762247974.9150424,6.915957192307209,-0.12191787713145233,0.0,0.0,1.8308565415768379,1.2287957231353073,1.2287957231353073
1762247975.0585058,6.914942100438007,-0.1359569796459654,0.0,0.0,1.8081567226122355,1.2281814768251393,1.2281814768251393
1762247975.1186328,6.913619272664982,-0.13825244201372924,0.0,0.0,1.8042152158582883,1.2292178959940867,1.2292178959940867
1762247975.1451445,6.913561261195438,-0.13301840275748997,0.0,0.0,1.8126018523980674,1.229902177288576,1.229902177288576
1762247975.4535806,6.908415068455248,-0.14737906641995463,0.0,0.0,1.7885110772704615,1.2332476835105934,1.2332476835105934
1762247975.5301418,6.912094811303946,-0.1475611080609845,0.0,0.0,1.7889677478805146,1.2295746546591693,1.2295746546591693
1762247975.6511953,6.913669447144313,-0.1672884619942575,0.0,0.0,1.7576105286573012,1.2253907901039773,1.2253907901039773
1762247975.6939793,6.911171629067633,-0.17524840160111063,0.0,0.0,1.7359890322490805,1.2267361259293592,1.2267361259293592
1762247975.7209725,6.915300198145303,-0.18430356174059206,0.0,0.0,1.7224288549200337,1.2213226533541717,1.2213226533541717
1762247975.762294,6.914179058316629,-0.19053342629818726,0.0,0.0,1.7121257764918683,1.2214876643781736,1.2214876643781736
1762247975.7938821,6.9150581526711195,-0.19990369643409595,0.0,0.0,1.6972713225188734,1.2191555067818989,1.2191555067818989
1762247975.8205144,6.918200660704107,-0.20679304638105525,0.0,0.0,1.6870119032476154,1.2149444876652256,1.2149444876652256
1762247975.842848,6.914945020980037,-0.20773470105869363,0.0,0.0,1.6846404902452958,1.2180023870733956,1.2180023870733956
1762247975.8644063,6.914361110769179,-0.20572460861625738,0.0,0.0,1.6877216593236921,1.2189067967718454,1.2189067967718454
1762247975.895205,6.913046499298953,-0.20986130235777972,0.0,0.0,1.680714268865178,1.2195247380704568,1.2195247380704568
1762247975.9203515,6.91190603065106,-0.2157879423844844,0.0,0.0,1.670862512304048,1.219657247901719,1.219657247901719
1762247975.956363,6.914244650025412,-0.21721797140629223,0.0,0.0,1.669191896473368,1.2171099842819049,1.2171099842819049
1762247975.999548,6.910486249065817,-0.2226938002777695,0.0,0.0,1.6593469712822184,1.2198717034740847,1.2198717034740847
1762247976.0252109,6.91277169468121,-0.22178770766048456,0.0,0.0,1.6614341047745125,1.217777871110406,1.217777871110406
1762247976.0622659,6.9141032975188805,-0.2236189042550764,0.0,0.0,1.6588514756394086,1.21614889292834,1.21614889292834
1762247976.1233563,6.914155971071258,-0.23210023744110306,0.0,0.0,1.6366543329102883,1.214598295635355,1.214598295635355
1762247976.1560996,6.918084367302806,-0.2399987837232368,0.0,0.0,1.6251494582720556,1.2093001755057882,1.2093001755057882
1762247976.1887608,6.919053445765712,-0.2507666268179025,0.0,0.0,1.6081580190246447,1.2063321235797164,1.2063321235797164
1762247976.369339,6.915378776143345,-0.2638939054687347,0.0,0.0,1.585906272605722,1.207378089615876,1.207378089615876
1762247976.8692849,6.915501630627243,-0.2704756843939477,0.0,0.0,1.5753798500138134,1.2059329766355518,1.2059329766355518
1762247977.0566025,6.914956188229945,-0.26144927367280496,0.0,0.0,1.5896972270605532,1.2082774918922343,1.2082774918922343
1762247977.1684783,6.919098466970519,-0.2209825478386536,0.0,0.0,1.6644558460141878,1.2116844424192925,1.2116844424192925
1762247977.3035088,6.932049212053126,-0.1771277272911886,0.0,0.0,1.7380111719317635,1.2058052828208687,1.2058052828208687
1762247977.552134,6.9282325660866695,-0.05317621847454168,0.0,0.0,1.9575773225127606,1.2227836427575616,1.2227836427575616
1762247977.968549,6.917060342790563,0.030927438266062427,0.0,0.0,2.097879156994096,1.2377518272090335,1.2377518272090335
1762247977.9863822,6.916273481247264,0.040156005958273504,0.0,0.0,2.1125185374862703,1.2387080023118904,1.2387080023118904
1762247978.0909624,6.926801006886071,0.06428818434243337,0.0,0.0,2.1578148560234,1.228393738794262,1.228393738794262
1762247978.1195722,6.925314523459502,0.07446263017553062,0.0,0.0,2.173857415969404,1.2298699117384673,1.2298699117384673
1762247978.146459,6.923955413137546,0.0858313052703271,0.0,0.0,2.191780045196966,1.231148895256659,1.231148895256659
1762247978.2247884,6.920729799965776,0.11186509325371394,0.0,0.0,2.2328180540716174,1.2339192518975637,1.2339192518975637
1762247978.2658803,6.920185175144077,0.11536164923845364,0.0,0.0,2.238333017984574,1.2343739619989678,1.2343739619989678
1762247978.5468218,6.91884201948767,0.1610193291631349,0.0,0.0,2.316589262938928,1.2339224726284637,1.2339224726284637
1762247978.7211273,6.9170022059410305,0.17918094421541264,0.0,0.0,2.3515211716456537,1.2347301998912246,1.2347301998912246
1762247978.7504292,6.918115155630354,0.18039893406760354,0.0,0.0,2.353300482950445,1.2335438318768468,1.2335438318768468
1762247978.8930492,6.922338895684554,0.1680874609118263,0.0,0.0,2.327337038074685,1.2300517583221027,1.2300517583221027
1762247979.0555012,6.921057833171446,0.18620806152957423,0.0,0.0,2.362018170740692,1.230236247215232,1.230236247215232
1762247979.2923656,6.917985923136119,0.20413463859771896,0.0,0.0,2.3901938291930196,1.2320423275177455,1.2320423275177455
1762247979.3356755,6.918146843508247,0.20735661268082073,0.0,0.0,2.3951723114762307,1.2316374162287478,1.2316374162287478
1762247979.6479776,6.914096730689967,0.227037657637069,0.0,0.0,2.4261844075391963,1.234059691280604,1.234059691280604
1762247979.7756119,6.9112189597036,0.2264695798272511,0.0,0.0,2.4256824565574426,1.2369760461704016,1.2369760461704016
1762247980.0085912,6.911569317546291,0.2259315874268381,0.0,0.0,2.424802251659202,1.2366738130456358,1.2366738130456358
1762247980.2000854,6.9204235013975754,0.23298265942820465,0.0,0.0,2.434537446627014,1.2272304329916142,1.2272304329916142
1762247980.3919554,6.925080033313694,0.2438754380514727,0.0,0.0,2.4566907276046583,1.2215821872519659,1.2215821872519659
1762247980.8815324,6.919336759035909,0.2857521794885197,0.0,0.0,2.5218330916058984,1.222825435007328,1.222825435007328
1762247981.0274928,6.923530463291104,0.30310784679390607,0.0,0.0,2.5532704370770603,1.2165476677663565,1.2165476677663565
1762247981.127533,6.922147727977726,0.3169101164497218,0.0,0.0,2.5745058286609037,1.2161275683767443,1.2161275683767443
1762247981.2874968,6.918175851976036,0.3426840234484325,0.0,0.0,2.6143921890490507,1.2164554760381987,1.2164554760381987
1762247981.3379362,6.920117021350574,0.3481121234101682,0.0,0.0,2.6221606720947834,1.2137338817475722,1.2137338817475722
1762247981.558839,6.9189179527987426,0.3742657866000704,0.0,0.0,2.6672552576783257,1.210851983657167,1.210851983657167
1762247981.6720471,6.915931550989891,0.37017756736890867,0.0,0.0,2.6618660247850108,1.2144580269269956,1.2144580269269956
1762247981.7101083,6.918168558864512,0.37676270945488544,0.0,0.0,2.6711876515094297,1.211185340120616,1.211185340120616
1762247981.7391741,6.917320710302091,0.38105578443657534,0.0,0.0,2.677837253280495,1.211316129485537,1.211316129485537
1762247981.7772424,6.916894509887856,0.37754268586450024,0.0,0.0,2.67267888488308,1.212314715382105,1.212314715382105
1762247981.8057528,6.916839213062219,0.37699477482753907,0.0,0.0,2.671871112990364,1.212458913450524,1.212458913450524
1762247981.8311083,6.916205974168931,0.3740485396667913,0.0,0.0,2.6676099796032697,1.2135633274829074,1.2135633274829074
1762247981.8688045,6.917660653131,0.37514428572570124,0.0,0.0,2.66888854126706,1.2119500875531413,1.2119500875531413
1762247981.8869383,6.920069425658778,0.37623930515248893,0.0,0.0,2.669924363362367,1.209395257625554,1.209395257625554
1762247981.9176025,6.920952817096877,0.3768316076503427,0.0,0.0,2.670589426794944,1.2084271503006434,1.2084271503006434
1762247981.958169,6.91892356451573,0.3752740052865152,0.0,0.0,2.668765606798218,1.2106828806734409,1.2106828806734409
1762247981.99118,6.917495840067478,0.3712709745480045,0.0,0.0,2.663117787096505,1.2127385773255905,1.2127385773255905
1762247982.1990483,6.9166774605149595,0.35265933189172277,0.0,0.0,2.6298029079879566,1.2164513362940086,1.2164513362940086
1762247982.2189744,6.914076065758471,0.34007073528644793,0.0,0.0,2.6113444664318717,1.2208927229349513,1.2208927229349513
1762247982.2414184,6.913454418740271,0.3315656231138166,0.0,0.0,2.5985849279730084,1.222726988120152,1.222726988120152
1762247982.3363833,6.9119383471200715,0.2662573031154708,0.0,0.0,2.4932121625568415,1.2323758508504623,1.2323758508504623
1762247982.3533247,6.911589192967334,0.24059267720023092,0.0,0.0,2.453716382631605,1.235324290688425,1.235324290688425
1762247982.520813,6.915013954942761,0.13712075740075846,0.0,0.0,2.279458831054121,1.2388292271966634,1.2388292271966634
1762247982.7296708,6.928895568103463,0.19980969709922275,0.0,0.0,2.3822231435173733,1.2214808741139025,1.2214808741139025
1762247982.971199,6.925288585347081,0.2825195809409463,0.0,0.0,2.5158422684155712,1.217291082339368,1.217291082339368
1762247983.2067692,6.920862617111189,0.3230926279186507,0.0,0.0,2.584149405525449,1.2165670354752725,1.2165670354752725
1762247983.334812,6.919391714037115,0.3332847172590683,0.0,0.0,2.5999040895983514,1.2166062262566724,1.2166062262566724
1762247983.8415003,6.919653223796416,0.381772533624771,0.0,0.0,2.6783173270907126,1.2088971586554063,1.2088971586554063
1762247984.2018623,6.918066396857997,0.3900046245381231,0.0,0.0,2.6910429887439573,1.209081521746822,1.209081521746822
1762247984.33796,6.915877253987599,0.4032646184035458,0.0,0.0,2.7114319263701976,1.2089438655591864,1.2089438655591864
1762247984.6647584,6.923059218083854,0.4347221994313268,0.0,0.0,2.7612893524396256,1.1961121276859377,1.1961121276859377
1762247984.7198908,6.922008487096193,0.4333489976564252,0.0,0.0,2.7595675454697313,1.1974050942832015,1.1974050942832015
1762247984.7606964,6.923004379280928,0.4352775499239403,0.0,0.0,2.7621254077799806,1.196059994792549,1.196059994792549
1762247984.7932837,6.921145455496698,0.4354301705648283,0.0,0.0,2.762894569755142,1.1978555174873422,1.1978555174873422
1762247984.9602761,6.918692130769995,0.4189993038761108,0.0,0.0,2.7341190476708706,1.2033440102051516,1.2033440102051516
1762247985.1167278,6.921128619377057,0.42815928928603975,0.0,0.0,2.7521498652857357,1.1992496525418366,1.1992496525418366
1762247985.2785866,6.917307738270437,0.4075287371664087,0.0,0.0,2.7174126256056668,1.2067802875129918,1.2067802875129918
1762247985.300193,6.918063254799675,0.40769671631176074,0.0,0.0,2.717460902953469,1.2060069293615159,1.2060069293615159
1762247985.651074,6.923968372687199,0.4269215926923455,0.0,0.0,2.7444330373074,1.1966918762784815,1.1966918762784815
1762247985.8000762,6.92065503069783,0.4261378472454396,0.0,0.0,2.744185048107254,1.2000933083440628,1.2000933083440628
1762247985.9143083,6.923925016454799,0.4227533111520041,0.0,0.0,2.738264050890898,1.197509150368456,1.197509150368456
1762247985.9371777,6.920984726371445,0.4216447935708019,0.0,0.0,2.7374238240703885,1.200603619488911,1.200603619488911
1762247985.978027,6.920952409660052,0.42077366142910483,0.0,0.0,2.7361387376611326,1.2007960147600822,1.2007960147600822
1762247986.0165935,6.919522436918334,0.4196725229505751,0.0,0.0,2.734893258508142,1.2024041775651062,1.2024041775651062
1762247986.0416245,6.9196308243729945,0.41202952880547344,0.0,0.0,2.7234944007830295,1.2036883915727559,1.2036883915727559
1762247986.060481,6.919351741592068,0.41678911893366705,0.0,0.0,2.73065228968946,1.2030999826667468,1.2030999826667468
1762247986.0919085,6.921004358492885,0.41293508594492073,0.0,0.0,2.7244718802474264,1.202174095070284,1.202174095070284
1762247986.120158,6.919974324984132,0.4147344772681748,0.0,0.0,2.727427057020679,1.2028615678277226,1.2028615678277226
1762247986.1480007,6.919477730201375,0.4158445000410285,0.0,0.0,2.729212948539538,1.2031482184023508,1.2031482184023508
1762247986.1841512,6.9153424873490765,0.41621747832678363,0.0,0.0,2.7308919429302643,1.2071462382745846,1.2071462382745846
1762247986.203896,6.91185704621616,0.42072140435821936,0.0,0.0,2.738555437184282,1.2097447550687102,1.2097447550687102
1762247986.2409177,6.909688128897763,0.4228899591444355,0.0,0.0,2.742385144586081,1.2114735340125724,1.2114735340125724
1762247986.2803574,6.908607595214955,0.42345779986980314,0.0,0.0,2.743530619936992,1.2124292962779268,1.2124292962779268
1762247986.3145494,6.908362152068047,0.4087838478182681,0.0,0.0,2.7216905836122955,1.2153570716743214,1.2153570716743214
1762247986.3426025,6.908851018493652,0.4083885460833797,0.0,0.0,2.720967729565688,1.214947081370502,1.214947081370502
1762247986.3617952,6.9114246333501965,0.41302312086669696,0.0,0.0,2.7271941982600647,1.211579859649784,1.211579859649784
1762247986.3963118,6.910248798259228,0.41303678872215543,0.0,0.0,2.7275338378679255,1.2127337104035811,1.2127337104035811
1762247986.5573497,6.905765245279108,0.4012467306673706,0.0,0.0,2.7111053323727488,1.2192532235865612,1.2192532235865612
1762247986.5827532,6.907659452329225,0.39526008107678,0.0,0.0,2.701629736663227,1.2184336500984807,1.2184336500984807
1762247986.6785107,6.9113550568696605,0.3866577332452445,0.0,0.0,2.6877654349166464,1.216262312733524,1.216262312733524
1762247986.7065275,6.911480969204024,0.38633491852149254,0.0,0.0,2.6872487156114224,1.2161926117385904,1.2161926117385904
1762247986.737099,6.9106705234033035,0.39000135952162507,0.0,0.0,2.6929570846393265,1.2163702928009053,1.2163702928009053
1762247986.7623024,6.910929565491617,0.39198568693467994,0.0,0.0,2.695864053952844,1.2157761694107805,1.2157761694107805
1762247986.7949255,6.910270024898031,0.39637562254092107,0.0,0.0,2.702613939351273,1.2156692726225191,1.2156692726225191
1762247986.8471303,6.910895273420472,0.40618784536888985,0.0,0.0,2.717128529068755,1.213329056748394,1.213329056748394
1762247986.9411616,6.910747642459318,0.4044856019133819,0.0,0.0,2.71462338244918,1.2137768321463276,1.2137768321463276
1762247986.971178,6.91041591009132,0.39912712134891254,0.0,0.0,2.7066952288566326,1.215046608440706,1.215046608440706
1762247986.996771,6.911987769179174,0.398121543671495,0.0,0.0,2.704774780220347,1.2136742591088738,1.2136742591088738
1762247987.024564,6.913393090321663,0.3987651785188406,0.0,0.0,2.705366667504455,1.2121782945623334,1.2121782945623334
1762247987.0441756,6.910857823543754,0.40698908015688934,0.0,0.0,2.718336026967227,1.213223046355769,1.213223046355769
1762247987.0731792,6.911386085031986,0.4029858195159945,0.0,0.0,2.712210479281689,1.213413789109119,1.213413789109119
1762247987.1000848,6.907264203547314,0.4085914293782988,0.0,0.0,2.7216991959003645,1.2164717265162013,1.2164717265162013
1762247987.1543746,6.906028871068376,0.41001010057226506,0.0,0.0,2.724155337560151,1.2174315662038289,1.2174315662038289
1762247987.1724696,6.908215850676972,0.4081586805307251,0.0,0.0,2.7207952698685807,1.2156131728310025,1.2156131728310025
1762247987.1912773,6.9088392787393,0.4173421443063324,0.0,0.0,2.7343448703897093,1.2133336459516149,1.2133336459516149
1762247987.2077022,6.9099237884333,0.4204222254787658,0.0,0.0,2.738641538004661,1.2116999945292657,1.2116999945292657
1762247987.2299929,6.904754049682378,0.4212072430341393,0.0,0.0,2.741239573513969,1.2166345286122797,1.2166345286122797
1762247987.2470994,6.906510811947946,0.4214186298765489,0.0,0.0,2.7410693362384015,1.214869078169099,1.214869078169099
1762247987.2761078,6.906703505837973,0.42556761063662146,0.0,0.0,2.75249049661929,1.2139048655037592,1.2139048655037592
1762247987.2960296,6.906218910299565,0.42556229078090274,0.0,0.0,2.752623614303687,1.2143818344469146,1.2143818344469146
1762247987.3219907,6.907378851324925,0.4296648163766475,0.0,0.0,2.758383562239948,1.2124681977662894,1.2124681977662894
1762247987.3481472,6.9079169000131815,0.4270604811606429,0.0,0.0,2.754356561472987,1.2124322744163927,1.2124322744163927
1762247987.3705285,6.910669961691747,0.41576328463898704,0.0,0.0,2.7314883618640877,1.2118231410587672,1.2118231410587672
1762247987.4109545,6.916684250222802,0.4112516829263049,0.0,0.0,2.723129824258298,1.2067268730623744,1.2067268730623744
1762247987.4509218,6.91708083768424,0.4108013262262927,0.0,0.0,2.7223518291187694,1.2064177767897573,1.2064177767897573
1762247987.527044,6.918996387230697,0.4092779409969558,0.0,0.0,2.7195672919736973,1.2048064696859868,1.2048064696859868
1762247987.5511098,6.919096277375457,0.4079307916576812,0.0,0.0,2.717533418137151,1.2049487275013175,1.2049487275013175
1762247987.5713236,6.916068343980812,0.40477361783085497,0.0,0.0,2.713633597324137,1.2084892530208549,1.2084892530208549
1762247987.5947163,6.915530885680942,0.4048637676555553,0.0,0.0,2.7139114085719225,1.2090022645132055,1.2090022645132055
1762247987.6187778,6.918993963736098,0.40935750894443435,0.0,0.0,2.7196864762110544,1.2047946191779275,1.2047946191779275
1762247987.6388361,6.915662643239403,0.40953227809326637,0.0,0.0,2.7208415625915774,1.208040769312841,1.208040769312841
1762247987.6623302,6.9144300129735745,0.4148015586263714,0.0,0.0,2.72903043743322,1.2083014469418434,1.2083014469418434
1762247987.6834612,6.914376239357304,0.4087343119056569,0.0,0.0,2.7199970092015757,1.2094493235607096,1.2094493235607096
1762247987.7143815,6.914397877157394,0.41321498144773894,0.0,0.0,2.726674158282705,1.2086210848492558,1.2086210848492558
1762247987.7499514,6.91507965426059,0.40778896299600464,0.0,0.0,2.7183976075049987,1.208926237473944,1.208926237473944
1762247987.774076,6.91519894686971,0.4082428097982271,0.0,0.0,2.719042745555288,1.2087277995861327,1.2087277995861327
1762247987.799502,6.91279606114373,0.4100067578014495,0.0,0.0,2.7223213404602564,1.2107755911744136,1.2107755911744136
1762247987.8305645,6.913680114357089,0.4127277617068591,0.0,0.0,2.7261420858327456,1.2094152093375392,1.2094152093375392
1762247987.8623009,6.912113838900805,0.41009011439809073,0.0,0.0,2.7226297877561003,1.2114317036199673,1.2114317036199673
1762247987.889218,6.910633201165922,0.40845333332509104,0.0,0.0,2.7205843799978378,1.2131821571171686,1.2131821571171686
1762247987.917989,6.914925129429249,0.40731222031486847,0.0,0.0,2.717727632359851,1.2091633358208984,1.2091633358208984
1762247987.9384487,6.916320326141443,0.40851645594833835,0.0,0.0,2.719150041764774,1.2075755669207644,1.2075755669207644
1762247987.9658594,6.913473839416343,0.4112830755791559,0.0,0.0,2.7240429620296496,1.2098790893412106,1.2098790893412106
1762247987.9921417,6.9175681511943035,0.41183772480015096,0.0,0.0,2.723764722134701,1.2057518657890933,1.2057518657890933
1762247988.0202181,6.919923485531187,0.4102163313414252,0.0,0.0,2.7207161682950183,1.2037263206260156,1.2037263206260156
1762247988.0407224,6.918174512917999,0.40295554277562,0.0,0.0,2.7103607784910664,1.2067369338367844,1.2067369338367844
1762247988.0961154,6.915825402913148,0.40824037566601007,0.0,0.0,2.718871048026056,1.2081118607445582,1.2081118607445582
1762247988.1166072,6.912880387235115,0.4134344409219664,0.0,0.0,2.727412849257156,1.2100736466280773,1.2100736466280773
1762247988.152499,6.911754083290626,0.4166116400418083,0.0,0.0,2.7324578003098816,1.2106021605418216,1.2106021605418216
1762247988.180417,6.909273387299381,0.42221198450765324,0.0,0.0,2.741489218792759,1.2120071795215837,1.2120071795215837
1762247988.1995547,6.906866862635044,0.4287231915053262,0.0,0.0,2.7571342051747085,1.2131493661664605,1.2131493661664605
1762247988.2280688,6.906345391400945,0.42800207348726466,0.0,0.0,2.75621477141459,1.2137978390619124,1.2137978390619124
1762247988.2520723,6.905452898625428,0.4346837849501503,0.0,0.0,2.7664052997731368,1.2134000725124021,1.2134000725124021
1762247988.282,6.900745646914211,0.43026132887750507,0.0,0.0,2.7612184231458765,1.2188669332245041,1.2188669332245041
1762247988.303645,6.900316095086067,0.4226589264591118,0.0,0.0,2.7500173342416,1.2207242787226034,1.2207242787226034
1762247988.329256,6.898792009606154,0.4241477531839618,0.0,0.0,2.7526817087014996,1.2219422629702983,1.2219422629702983
1762247988.3695617,6.898616300732352,0.4236786346434749,0.0,0.0,2.7520332809622565,1.222202936475737,1.222202936475737
1762247988.516235,6.8989654472007516,0.427071910035411,0.0,0.0,2.7569907192526224,1.221220524725056,1.221220524725056
1762247988.549433,6.902137218727331,0.4358954980183315,0.0,0.0,2.7691878269328494,1.2164200776758116,1.2164200776758116
1762247988.5680242,6.904546692319035,0.43153154969349516,0.0,0.0,2.761989029164547,1.21489338207133,1.21489338207133
1762247988.5888107,6.902652647131153,0.43998558857043035,0.0,0.0,2.775110588605355,1.2151205359303532,1.2151205359303532
1762247988.6176503,6.903466527770733,0.44045022479734286,0.0,0.0,2.775557238969547,1.2142316373412696,1.2142316373412696
1762247988.6325593,6.9049970758387635,0.4420038747009735,0.0,0.0,2.7774048378494376,1.2124268973634824,1.2124268973634824
1762247988.658276,6.906552415990637,0.44503743070314594,0.0,0.0,2.781435325241269,1.2103059886866365,1.2103059886866365
1762247988.6836283,6.905234118826667,0.4446045602897551,0.0,0.0,2.781189832097081,1.211683732476743,1.211683732476743
1762247988.7300804,6.909872672385235,0.44446210430742894,0.0,0.0,2.7795878006573687,1.207163855049651,1.207163855049651
1762247988.7635245,6.902996444525476,0.4462996879591385,0.0,0.0,2.7843765589289107,1.2135425584116624,1.2135425584116624
1762247988.7947721,6.898944273866097,0.43919844815847026,0.0,0.0,2.7750495322743034,1.2189112179012282,1.2189112179012282
1762247988.821944,6.899807835987884,0.4334349252424309,0.0,0.0,2.766219053325243,1.219179933383361,1.219179933383361
1762247988.8621194,6.899607953740641,0.4343150883152103,0.0,0.0,2.767588072895303,1.2192067099391657,1.2192067099391657
1762247988.9062436,6.901146491753255,0.4288706623853075,0.0,0.0,2.759030139244854,1.2187380073897172,1.2187380073897172
1762247988.9394228,6.902690974890095,0.43495791105451315,0.0,0.0,2.7676300083902206,1.2160575968924683,1.2160575968924683
1762247988.9652236,6.900851015747135,0.44530715114444464,0.0,0.0,2.783551336362622,1.215841960852209,1.215841960852209
1762247988.9938612,6.902193421716834,0.4488742379421425,0.0,0.0,2.7884364793228755,1.2138181601656624,1.2138181601656624
1762247989.0202274,6.901623013765994,0.45479153637451575,0.0,0.0,2.7973777567931184,1.2131893184533689,1.2131893184533689
1762247989.0574365,6.903792975951491,0.45038365257378354,0.0,0.0,2.7901880959770353,1.211949553026522,1.211949553026522
1762247989.086383,6.9041750751700075,0.4501367561129489,0.0,0.0,2.7897064893407917,1.2116244778562282,1.2116244778562282
1762247989.1421182,6.901853506000789,0.4558033656897222,0.0,0.0,2.79880541362919,1.2127588503962707,1.2127588503962707
1762247989.2058403,6.9013755341739165,0.45357571745297437,0.0,0.0,2.795652584014519,1.2136771179927597,1.2136771179927597
1762247989.3764002,6.900522800759744,0.43346169179323035,0.0,0.0,2.7660471698392866,1.2184731512533131,1.2184731512533131
1762247989.6090176,6.923074824383806,0.41356066633767496,0.0,0.0,2.7248441086038366,1.2000247143433929,1.2000247143433929
1762247989.7443123,6.926537830905611,0.4196203260781949,0.0,0.0,2.7329041250754424,1.1955174346354556,1.1955174346354556
1762247989.839343,6.927167508884669,0.40646432653547737,0.0,0.0,2.7132009506016264,1.1972660477680421,1.1972660477680421
1762247989.8683043,6.925832074711661,0.40766228221023704,0.0,0.0,2.715336732963313,1.1983681041040708,1.1983681041040708
1762247989.8947396,6.9259714228253335,0.39819945189608824,0.0,0.0,2.7012179602484307,1.1998892924369526,1.1998892924369526
1762247989.9277253,6.927404641121668,0.3972751451508849,0.0,0.0,2.6994673107789926,1.19863723416319,1.19863723416319
1762247989.9520135,6.92706275469708,0.3915937135994339,0.0,0.0,2.691091377689414,1.1999459795730394,1.1999459795730394
1762247989.9832778,6.926302307917467,0.35959273693820304,0.0,0.0,2.638054795594447,1.2058799999432352,1.2058799999432352
1762247990.0051496,6.9240365241277795,0.32587196611217645,0.0,0.0,2.58768741419109,1.2130421496065542,1.2130421496065542
1762247990.1071022,6.924189706059312,0.3264635836472615,0.0,0.0,2.588550225675927,1.2128089130487056,1.2128089130487056
1762247990.1359286,6.930858950914701,0.32946906147258787,0.0,0.0,2.5916735116989593,1.2057878022399433,1.2057878022399433
1762247990.1822715,6.933466031177352,0.32709271299944515,0.0,0.0,2.587535428785578,1.2035343619623666,1.2035343619623666
1762247990.2297711,6.922743758360547,0.32939757875014014,0.0,0.0,2.5932984358731686,1.2138339129209976,1.2138339129209976
1762247990.2474139,6.916045464908289,0.32658649052549693,0.0,0.0,2.5904716303486417,1.2208579686163983,1.2208579686163983
1762247990.276978,6.918165945147418,0.33198058063067526,0.0,0.0,2.59819432640273,1.2180040652875896,1.2180040652875896
1762247990.299656,6.91721449978403,0.2997413563183343,0.0,0.0,2.5435979821948633,1.2232362463796054,1.2232362463796054
1762247990.3220098,6.921027263960207,0.3035979455798007,0.0,0.0,2.554517595239613,1.218968806209139,1.218968806209139
1762247990.367728,6.919355804708728,0.3117787011878488,0.0,0.0,2.567292609021833,1.2195728508506405,1.2195728508506405
1762247990.4616416,6.905586338761897,0.26430975836851245,0.0,0.0,2.4912800997147078,1.2389006370183602,1.2389006370183602
1762247990.4914057,6.910333211188689,0.2529474829471937,0.0,0.0,2.4729785170409504,1.2353643679531006,1.2353643679531006
1762247990.509638,6.912524242383934,0.25432332966283233,0.0,0.0,2.4747455562585596,1.2330450204533776,1.2330450204533776
1762247990.5309424,6.916313274051304,0.2569770577377038,0.0,0.0,2.4782159739680614,1.2290042272455475,1.2290042272455475
1762247990.5754573,6.922481642760045,0.22731220610306663,0.0,0.0,2.425508779776463,1.2256827593698065,1.2256827593698065
1762247990.5959508,6.65341953204572,0.31728583263679255,0.0,0.0,2.63665143364796,1.482023652385472,1.482023652385472
1762247990.706765,6.589664564243782,0.3247883316894977,0.0,0.0,2.6769605046440352,1.543765973348484,1.543765973348484
1762247990.7484937,6.576722145426438,0.32944371030705455,0.0,0.0,2.688586190756306,1.555751212178425,1.555751212178425
1762247990.7876875,6.575788609983307,0.3371566013859386,0.0,0.0,2.701916129945915,1.5553523520786268,1.5553523520786268
1762247990.816014,6.561657111368678,0.3308255462299374,0.0,0.0,2.6953693012591247,1.5703626707490288,1.5703626707490288
1762247990.8399875,6.718385034633927,0.40603399043504274,0.0,0.0,2.780120889541222,1.402469484876946,1.402469484876946
1762247990.9320598,6.864760460369218,0.5134710650521153,0.0,0.0,2.901545332474442,1.2363911464179267,1.2363911464179267
1762247990.9538872,6.913817464620357,0.5286080405111478,0.0,0.0,2.906436333034383,1.185153951372813,1.185153951372813
1762247990.9838283,6.961050377862549,0.5446889592499887,0.0,0.0,2.9131232199375168,1.1354609664787327,1.1354609664787327
1762247991.0066009,7.00392854809113,0.5510106210327961,0.0,0.0,2.907397410646065,1.0923018299190628,1.0923018299190628
1762247991.03152,6.9779423281705855,0.5494799125387385,0.0,0.0,2.9141002700398495,1.1179148287360325,1.1179148287360325
1762247991.0544784,7.027038547834085,0.5544608893022706,0.0,0.0,2.9044412390711463,1.0690273683239662,1.0690273683239662
1762247991.077501,6.97552990593985,0.5567010937532327,0.0,0.0,2.925137655682875,1.1185329120938698,1.1185329120938698
1762247991.0990024,7.070629961543807,0.5368605222958794,0.0,0.0,2.865873265620184,1.0306036822682423,1.0306036822682423
1762247991.1196058,7.1457664058808055,0.5118344729341912,0.0,0.0,2.806323854582198,0.9625460522418451,0.9625460522418451
1762247991.1414058,7.1913762117992555,0.4798117282638617,0.0,0.0,2.7507698855140075,0.9241096833867537,0.9241096833867537
1762247991.1621916,7.25359061181772,0.4370931531821487,0.0,0.0,2.676570446895657,0.8704090833233685,0.8704090833233685
1762247991.1869292,7.316354973765856,0.37924195714915565,0.0,0.0,2.5856830178598598,0.8171114861982768,0.8171114861982768
1762247991.2055693,7.384057663080254,0.3367536573470407,0.0,0.0,2.5176685064582682,0.7553279682051836,0.7553279682051836
1762247991.2628624,7.456374492955981,0.28436471220359505,0.0,0.0,2.440009711968429,0.6888274300108452,0.6888274300108452
1762247991.288783,7.4812617607650465,0.2603760887878266,0.0,0.0,2.407084671780893,0.6660953692510309,0.6660953692510309
1762247991.5032122,7.614406920271477,0.1283570457601981,0.0,0.0,2.2341689151443695,0.5400458093405553,0.5400458093405553
1762247991.5209992,7.635800104206309,0.09407608551946414,0.0,0.0,2.192401829224046,0.5192569047617325,0.5192569047617325
1762247991.5482547,7.692347735425798,0.05004729207592219,0.0,0.0,2.139466199899211,0.46278803314027805,0.46278803314027805
1762247991.58467,7.732377794179083,0.014966144693318221,0.0,0.0,2.099075586848498,0.42227871957809804,0.42227871957809804
1762247991.6199,7.770620675554043,-0.011171611591085146,0.0,0.0,2.070031552443634,0.38338267825955136,0.38338267825955136
1762247991.6584299,7.802155853254458,-0.07569248402608504,0.0,0.0,1.9978909885408975,0.3491279406260503,0.3491279406260503
1762247991.685249,7.828216220835776,-0.14158540467260392,0.0,0.0,1.9255942072218941,0.31870043109136076,0.31870043109136076
1762247991.7083342,7.841009061969442,-0.1790710043398757,0.0,0.0,1.8850581763922987,0.30271384788805716,0.30271384788805716
1762247991.734322,7.856791996973235,-0.2031532551983429,0.0,0.0,1.8601153078932653,0.2846523231999016,0.2846523231999016
1762247991.7567847,7.869065040440721,-0.22725014182059405,0.0,0.0,1.8349751032290715,0.2698850719272214,0.2698850719272214
1762247991.7942657,7.877842019414672,-0.25184631768993443,0.0,0.0,1.8091959686801795,0.2583327106146418,0.2583327106146418
1762247991.8246546,7.882965105869575,-0.2810932192255162,0.0,0.0,1.7780635089732029,0.2495905205492254,0.2495905205492254
1762247991.8562968,7.874962596425928,-0.3040967502721657,0.0,0.0,1.7518755278769889,0.25441104650335045,0.25441104650335045
1762247991.9178047,7.935339170389923,-0.32970449124533224,0.0,0.0,1.7336782392974224,0.1909940352201453,0.1909940352201453
1762247991.9381857,7.940936553186674,-0.35935539881531203,0.0,0.0,1.7032016948473803,0.18096897960881436,0.18096897960881436
1762247991.9721622,7.9295481746936405,-0.38337027419850506,0.0,0.0,1.6758530263936688,0.18832314863893138,0.18832314863893138
1762247992.001678,7.92022125122098,-0.40363323399424733,0.0,0.0,1.6527042124883968,0.1940536696171633,0.1940536696171633
1762247992.030005,7.86624871113474,-0.4245644615711893,0.0,0.0,1.6197125441588598,0.24335487202884887,0.24335487202884887
1762247992.0546463,7.839347111311685,-0.43674191305710797,0.0,0.0,1.6009022556435322,0.2674525186729652,0.2674525186729652
1762247992.076528,7.815011044022656,-0.44757067772650677,0.0,0.0,1.5837754049957218,0.28918672635345843,0.28918672635345843
1762247992.102214,7.774115858206046,-0.4636302915992841,0.0,0.0,1.5566871077413817,0.32593553464157493,0.32593553464157493
1762247992.1363504,7.736698813025337,-0.47626020222111115,0.0,0.0,1.5332780636545085,0.35979395971823547,0.35979395971823547
1762247992.1609845,7.709667920590086,-0.48750634802012777,0.0,0.0,1.5136837021249363,0.38366796069201103,0.38366796069201103
1762247992.1952045,7.689174617031257,-0.4965144414969338,0.0,0.0,1.4980208290016246,0.4015741537754901,0.4015741537754901
1762247992.2283587,7.677141440699752,-0.5029523420195541,0.0,0.0,1.4874023120583448,0.4117829494175778,0.4117829494175778
1762247992.257596,7.675043929341102,-0.4993587339357104,0.0,0.0,1.4909359426915776,0.4146617250694476,0.4146617250694476
1762247992.2902846,7.67500179883344,-0.48936142211667594,0.0,0.0,1.502373270586499,0.4170105699687776,0.4170105699687776
1762247992.321849,7.675825786269893,-0.47981485348714714,0.0,0.0,1.5135426239309646,0.41837295845840167,0.41837295845840167
1762247992.3569553,7.6949405835840095,-0.46753652849750915,0.0,0.0,1.5325747315774765,0.40244974378102494,0.40244974378102494
1762247992.3920984,7.714844423666185,-0.4423913206654689,0.0,0.0,1.5664627188513554,0.3883246135649383,0.3883246135649383
1762247992.4146903,7.65755355377801,-0.4080735558817306,0.0,0.0,1.5925135443023937,0.451347445200348,0.451347445200348
1762247992.4522278,7.678897338774233,-0.42587489524485195,0.0,0.0,1.5768466909814378,0.4268846352298343,0.4268846352298343
1762247992.636565,7.696227417657315,-0.4838229304710729,0.0,0.0,1.5143438129732893,0.3975923650282566,0.3975923650282566
1762247992.8429887,7.007460785120625,-0.39317323368561113,0.0,0.0,1.4029927870149408,1.0877687104620397,1.0877687104620397
1762247993.0282874,7.169123678035311,-0.35194432575839646,0.0,0.0,1.5287368104363686,0.9408186895629247,0.9408186895629247
1762247993.124112,7.268755979362053,-0.43357705093820803,0.0,0.0,1.445398248330709,0.8248471862483603,0.8248471862483603
1762247993.1507325,7.296047747161677,-0.46681759890032926,0.0,0.0,1.4104646403763828,0.7899731078896947,0.7899731078896947
1762247993.1747148,7.366818216086537,-0.5146407722552858,0.0,0.0,1.373594438463338,0.7089567503828311,0.7089567503828311
1762247993.1983216,7.446919858857222,-0.5705882163959746,0.0,0.0,1.3311768415353622,0.6162944221192437,0.6162944221192437
1762247993.343157,7.609278515534908,-0.6875397334717568,0.0,0.0,1.2541657283413745,0.42598122251670856,0.42598122251670856
1762247993.3667772,7.607127099909568,-0.7153745821493471,0.0,0.0,1.2213497015914436,0.4189522513834678,0.4189522513834678
1762247993.6634164,7.9341478947492226,-0.2471773892411287,0.0,0.0,1.82143866687772,0.20296605651019994,0.20296605651019994
1762247993.794675,7.893797844278999,-0.0033635528798112817,0.0,0.0,2.0826330242185276,0.26047459492543834,0.26047459492543834
1762247993.817632,7.900334326203558,0.04190267301813844,0.0,0.0,2.1322721885146767,0.2547416228303068,0.2547416228303068
1762247993.8363676,7.898720979808989,0.07410981424844586,0.0,0.0,2.167514058135049,0.25646853780405277,0.25646853780405277
1762247993.9629104,8.027637040164239,0.24938856946612153,0.0,0.0,2.349870439117187,0.1218781725933507,0.1218781725933507
1762247993.9861543,8.068316524485043,0.263722083429213,0.0,0.0,2.3619583087934877,0.0803628899552016,0.0803628899552016
1762247994.0238101,8.078341078665224,0.25719657913530664,0.0,0.0,2.3546161145481928,0.07078310689367492,0.07078310689367492
1762247994.043257,8.09541426284493,0.21947784762990252,0.0,0.0,2.3151691552673563,0.055900377158475074,0.055900377158475074
1762247994.0679257,8.097718497051643,0.15052315376820535,0.0,0.0,2.2448876444043804,0.05631858880878833,0.05631858880878833
1762247994.1369128,8.058590397183186,-0.010337841682902643,0.0,0.0,2.0798595506169026,0.09555495075767523,0.09555495075767523
1762247994.2592673,8.119473682361207,-0.08340338172856165,0.0,0.0,2.007681878773168,0.03184815370570127,0.03184815370570127
1762247994.3088372,8.131123433892897,-0.12941068263464936,0.0,0.0,1.9620627526506826,0.017493097020127375,0.017493097020127375
1762247994.5457153,8.125129556586854,-0.4208619602002388,0.0,0.0,1.6714802940981521,-0.010774497138158704,0.010774497138158704
1762247994.701633,8.090216889962973,-0.6532052089067627,0.0,0.0,1.438479117547648,-0.025439262498421576,0.025439262498421576
1762247994.9189432,8.029024841753419,-0.8759151613319422,0.0,0.0,1.2101100091541652,-0.03233767778505166,0.03233767778505166
1762247994.9396071,8.034001685832411,-0.8924241501824273,0.0,0.0,1.1964692286072747,-0.04261099589501928,0.04261099589501928
1762247994.9711008,8.050786871827128,-0.9039087611364678,0.0,0.0,1.1915265317883472,-0.06231268694773015,0.06231268694773015
1762247994.9944592,8.06352788034762,-0.9141151067036252,0.0,0.0,1.1864709312711983,-0.0777875014827002,0.0777875014827002
1762247995.0947638,8.120020313399921,-0.966685812094609,0.0,0.0,1.1583210662496015,-0.1491203066989781,0.1491203066989781
1762247995.4312701,8.018786977774397,-1.1066208896819691,0.0,0.0,0.9986693627214648,-0.10978181262189615,0.10978181262189615
1762247995.5641046,7.845120936476733,-1.2487975836083267,0.0,0.0,0.7983890999805714,-0.0192381382434404,0.0192381382434404
1762247995.8929071,7.062836607508071,-1.4784736705817507,0.0,0.0,0.04422280730490463,0.4520347316669867,0.4520347316669867
1762247996.0364704,6.7278082548234925,-1.4480760480659327,0.0,0.0,37.94394821530892,0.6763991883257477,0.6763991883257477
1762247996.1268797,6.665453251558593,-1.4497314697942494,0.0,0.0,37.851139206787884,0.7054382154687265,0.7054382154687265
1762247996.147862,6.662690100274271,-1.4534324209018108,0.0,0.0,37.8445495078262,0.7034389958761293,0.7034389958761293
1762247996.171897,6.6668592753495535,-1.4526636857252355,0.0,0.0,37.85090252583832,0.7021884564118445,0.7021884564118445
1762247996.192833,6.6720044804866125,-1.4477265164195723,0.0,0.0,37.861727419815296,0.7041433868148619,0.7041433868148619
1762247996.2255397,6.669460169345497,-1.4461640768076276,0.0,0.0,37.85937607059094,0.7067189276493009,0.7067189276493009
1762247996.2572722,6.660259501503734,-1.4485936683300684,0.0,0.0,37.84476446193946,0.7088534732369656,0.7088534732369656
1762247996.2925491,6.675172706429758,-1.4590015203748423,0.0,0.0,37.85765971024734,0.6927018618557165,0.6927018618557165
1762247996.3230572,6.7121153896906876,-1.4436932511813623,0.0,0.0,37.927500155779455,0.6881435012201907,0.6881435012201907
1762247996.3708735,6.686505221918307,-1.3802151108687961,0.0,0.0,37.94430016672613,0.7558401167749838,0.7558401167749838
1762247996.4735112,6.722486097335224,-1.3260882761029469,0.0,0.0,38.0539625085638,0.7820209402487082,0.7820209402487082
1762247996.509504,6.76180061784872,-1.299387971134685,0.0,0.0,38.13401924361514,0.7805837026850933,0.7805837026850933
1762247996.5413144,6.7954002571134415,-1.2733775907619422,0.0,0.0,38.19457633484609,0.7804700066645724,0.7804700066645724
1762247996.565902,6.849033701160136,-1.243261800584945,0.0,0.0,0.02961034648040073,0.7697061979623562,0.7697061979623562
1762247996.5932555,6.909298242780225,-1.2082412341718007,0.0,0.0,0.13511534342495465,0.7560911930920937,0.7560911930920937
1762247996.6212146,6.8953359254386335,-1.1964927891938457,0.0,0.0,0.1312933165958551,0.7742080595900604,0.7742080595900604
1762247996.648555,6.881686095486226,-1.1808725553838089,0.0,0.0,0.1321626101304598,0.7949413077754538,0.7949413077754538
1762247996.6746216,6.877250388751014,-1.1612497164778164,0.0,0.0,0.1642706634894126,0.8122520318689126,0.8122520318689126
1762247996.743552,6.923865190991862,-1.1127639892495362,0.0,0.0,0.29741706820122016,0.8115102955701694,0.8115102955701694
1762247996.7693439,6.882528707619791,-1.124475124590437,0.0,0.0,0.22307620778031134,0.8343980023753677,0.8343980023753677
1762247996.8029456,6.9996462483265836,-1.0727820354486528,0.0,0.0,0.4020046222923032,0.7790110504637172,0.7790110504637172
1762247996.8331406,7.050410852495282,-1.0436820496268322,0.0,0.0,0.4685885059591966,0.7576974422078879,0.7576974422078879
1762247996.8531303,7.137181273801102,-1.0082075073819845,0.0,0.0,0.5879015797594476,0.7098213414286783,0.7098213414286783
1762247996.8703315,7.211615494000919,-1.0078429892780845,0.0,0.0,0.6586903883744547,0.6483965516501596,0.6483965516501596
1762247996.8928275,7.261417083817695,-1.0117897466884094,0.0,0.0,0.6922198045428712,0.6042446666825584,0.6042446666825584
1762247996.9205241,7.319802149984589,-1.0234177790677537,0.0,0.0,0.7204890513526481,0.5483805812552736,0.5483805812552736
1762247996.9443145,7.404731227587817,-1.0458138888025434,0.0,0.0,0.7526413323221242,0.4638986471998742,0.4638986471998742
1762247996.959712,7.480994232866044,-1.0765141144475445,0.0,0.0,0.7666523481833263,0.3825164384154963,0.3825164384154963
1762247997.0166786,7.6587821427925,-1.1512858844647564,0.0,0.0,0.7923112543253719,0.19099073793612598,0.19099073793612598
1762247997.0399292,7.759015865785612,-1.1594157671152894,0.0,0.0,0.8359189973172699,0.09924446366881318,0.09924446366881318
1762247997.1409588,8.129277625754463,-1.0936289034688302,0.0,0.0,1.0519322729848395,-0.20545578028914696,0.20545578028914696
1762247997.1673665,8.208917230276265,-1.1030199818710213,0.0,0.0,1.0724586900764925,-0.2823921042627066,0.2823921042627066
1762247997.1914947,8.288795719242277,-1.1140280057113348,0.0,0.0,1.0906537003234382,-0.36035021356656477,0.36035021356656477
1762247997.2171183,8.372772663096084,-1.1271968877248753,0.0,0.0,1.1075289505902737,-0.4430665362957942,0.4430665362957942
1762247997.2426608,8.45098768411652,-1.1323774960178814,0.0,0.0,1.1279821658845575,-0.517613919435594,0.517613919435594
1762247997.2707844,8.539411968673269,-1.1292424385810287,0.0,0.0,1.1555079497962617,-0.5989065137774754,0.5989065137774754
1762247997.293859,8.655458434249672,-1.1303626168819099,0.0,0.0,1.187159964078232,-0.7079806826809418,0.7079806826809418
1762247997.323906,8.741981566507912,-1.1347660985575145,0.0,0.0,1.2071382918536588,-0.7908213084890064,0.7908213084890064
1762247997.343978,8.836776160336306,-1.1288747152398062,0.0,0.0,1.2361506655819066,-0.8782839709996896,0.8782839709996896
1762247997.367512,8.933108903738272,-1.1315975033178436,0.0,0.0,1.2556140950993233,-0.9703394576080672,0.9703394576080672
1762247997.5804887,9.688433355037224,-1.1056470846668913,0.0,0.0,1.420561002127392,-1.6862233339389854,1.6862233339389854
1762247997.6802292,9.962340657168557,-0.9885005562621532,0.0,0.0,1.5238842963960268,-1.9240075323576038,1.9240075323576038
1762247997.8556483,9.859901565327473,-0.9130056133408847,0.0,0.0,1.5583319464162417,-1.807704679992852,1.807704679992852
1762247997.8882246,9.781488486620695,-0.8739676978128396,0.0,0.0,1.5703624171171615,-1.7228990202507122,1.7228990202507122
1762247997.9404771,9.71524581387612,-0.8507829389694237,0.0,0.0,1.5733615551996731,-1.6533197518291622,1.6533197518291622
1762247997.9823241,9.628374057592106,-0.8235684704800229,0.0,0.0,1.576733919510621,-1.5627383791067133,1.5627383791067133
1762247998.01879,9.580863426583583,-0.8022658533572041,0.0,0.0,1.5846266617597644,-1.5119309147402564,1.5119309147402564
1762247998.0423203,9.550888247583504,-0.7911308295901659,0.0,0.0,1.5884977584548747,-1.48034585224406,1.48034585224406
1762247998.0739272,9.4817230554821,-0.7851626087440231,0.0,0.0,1.582859526609369,-1.41136942025542,1.41136942025542
1762247998.0954442,9.45089555030545,-0.7520799395778216,0.0,0.0,1.6027316727050542,-1.374656863644255,1.374656863644255
1762247998.1229122,9.372720012579043,-0.7008273625287894,0.0,0.0,1.6283711363844358,-1.288217704072461,1.288217704072461
1762247998.1485927,9.314731426594587,-0.6445778844179801,0.0,0.0,1.6582201668487042,-1.22110855964152,1.22110855964152
1762247998.1772718,9.289302949368572,-0.5930873006841832,0.0,0.0,1.6888788599921327,-1.1874162804011645,1.1874162804011645
1762247998.2022395,9.277679415679918,-0.5402491804056117,0.0,0.0,1.726938948364001,-1.1677211917145787,1.1677211917145787
1762247998.2225568,9.257426601823127,-0.49706773147330113,0.0,0.0,1.7541908009130116,-1.1414546946452055,1.1414546946452055
1762247998.2471304,9.23391255651274,-0.4653801626555577,0.0,0.0,1.7718868708903728,-1.1138582693584138,1.1138582693584138
1762247998.2719517,9.216017340606301,-0.43267506272683764,0.0,0.0,1.7949317748767497,-1.0919137861832948,1.0919137861832948
1762247998.2975676,9.194090367532997,-0.40172464465981317,0.0,0.0,1.8163775126439239,-1.0664020562136256,1.0664020562136256
1762247998.3226368,9.17626665126999,-0.3719179279031536,0.0,0.0,1.8370326564409631,-1.0452967060673997,1.0452967060673997
1762247998.3469183,9.17414468430357,-0.34302406326798807,0.0,0.0,1.8562497922053223,-1.0400994492176245,1.0400994492176245
1762247998.369243,9.169694873002022,-0.31804055764562694,0.0,0.0,1.8734159035795432,-1.0331696255702214,1.0331696255702214
1762247998.4139564,8.469591963618049,-0.33424775978220916,0.0,0.0,1.7993864787066964,-0.33904485033184933,0.33904485033184933
1762247998.4675162,8.379985366608661,-0.3045715431786137,0.0,0.0,1.8163524371471171,-0.24652125662891936,0.24652125662891936
1762247998.5000203,8.288825190860193,-0.2816847662833843,0.0,0.0,1.8277773106370527,-0.15333095338567518,0.15333095338567518
1762247998.5166156,8.224426559593402,-0.25678412462652134,0.0,0.0,1.8447101918599258,-0.0865783387737318,0.0865783387737318
1762247998.5356987,8.184015296818984,-0.2322967794989796,0.0,0.0,1.864414454939899,-0.04384001710622607,0.04384001710622607
1762247998.5811844,8.155007353155064,-0.21156331141450893,0.054627319126663014,0.0,1.8820460662672522,-0.0129483284893984,0.0129483284893984
1762247998.6146789,8.139489596176778,-0.1874866005650601,0.24430406357616122,0.0,1.9045846167235674,0.004687048396224376,0.004687048396224376
1762247998.6365879,8.129274064241248,-0.1592854037736732,0.2633919781725764,0.0,1.9319546434598815,0.01718147045830414,0.01718147045830414
1762247998.6682155,8.119494133029306,-0.12120376461291066,0.24148718256084983,0.0,1.9695474214679336,0.029636801162553718,0.029636801162553718
1762247998.6950147,8.126753089202248,-0.0863910690861552,-2.349450644827092e-06,0.0,2.0050509918016717,0.02442347221248979,0.02442347221248979
1762247998.7327127,8.12807879011424,-0.051763629287428094,-2.712289303146209e-06,0.0,2.0399930027959114,0.024706564990744796,0.024706564990744796
1762247998.7639818,8.127704668076941,-0.020841853580191468,-2.7797287337249338e-06,0.0,2.071149309881873,0.026169458053368802,0.026169458053368802
1762247998.7927442,8.133668998697804,0.008849422826848391,-2.5168431792818733e-06,0.0,2.1012171808689746,0.020945780945087644,0.020945780945087644
1762247998.8158445,8.122063638663436,0.044893461895876334,-9.19033238017403e-06,0.0,2.1374243417428596,0.033045881732237235,0.033045881732237235
1762247998.8388093,8.114467654201267,0.0784489924344864,-3.177984721218383e-06,0.0,2.171380622898757,0.04070981895073789,0.04070981895073789
1762247998.8658986,8.111252536829534,0.10553926111499826,-2.557472391894805e-06,0.0,2.198880214993021,0.04370274496538274,0.04370274496538274
1762247998.889812,8.114918295605628,0.12211684659773882,-4.162614416540862e-05,0.0,2.2156293262803217,0.039779988933767295,0.039779988933767295
1762247998.913672,8.121681578174359,0.1379693272987192,0.0574445413996515,0.0,2.2315262112683927,0.032686532735616274,0.032686532735616274
1762247998.939258,8.13081242174594,0.16332304727316196,0.06763546135308583,0.0,2.256847579781679,0.022856630724105306,0.022856630724105306
1762247998.9629714,8.130894444547902,0.1841865856485103,0.2631137996676674,0.0,2.2778488958832015,0.02203793318220832,0.02203793318220832
1762247998.9992907,8.131632435413886,0.20632028310937892,-3.1260532526718965e-06,0.0,2.3000846067100023,0.020362457849129097,0.020362457849129097
1762247999.0452232,8.131928046306868,0.22221764323411133,0.24620688231559873,0.0,2.316051369096779,0.019294317202108224,0.019294317202108224
1762247999.072295,8.13983408291253,0.2400296647457329,0.3569569734811143,0.0,2.3334936813945095,0.010437026088468403,0.010437026088468403
1762247999.092573,8.139157325848817,0.25354344857609695,0.45261170184105043,0.0,2.3470690171319553,0.010314107173882649,0.010314107173882649
1762247999.1096642,8.139630505504032,0.27079080192039373,0.5358657852057558,0.0,2.3643031092767317,0.008736725883319753,0.008736725883319753
1762247999.17435,8.139554866192473,0.34093669709909413,0.7518052039674618,0.0,2.4343752841847506,0.003329690913279407,0.003329690913279407
1762247999.1944292,8.13914676176325,0.3630703757204836,0.7798118584134592,0.0,2.4564679607009845,0.0016791709431245756,0.0016791709431245756
1762247999.2165027,8.14721320416452,0.38251302312227653,0.8328218851717596,0.0,2.4749921581206804,-0.008280041905088577,0.008280041905088577
1762247999.2380292,8.14061831926604,0.40409528554592433,0.7135181588521404,0.0,2.4971070332097067,-0.004006944087836338,0.004006944087836338
1762247999.2568014,8.14781912414551,0.4277050770227722,0.5909240562766379,0.0,2.5196875109895434,-0.01382828917427838,0.01382828917427838
1762247999.3006344,8.118262589222498,0.4499647612015996,0.26552492532110494,0.0,2.5453428955796733,0.012829397019918917,0.012829397019918917
1762247999.3255887,8.118925904968071,0.4586184647055744,0.26751695958647864,0.0,2.5538761272516286,0.011081576791090099,0.011081576791090099
1762247999.5904746,8.129635156931819,0.5004047126916246,0.3393939664682706,0.0,2.593894378684431,-0.0051122367835663455,0.0051122367835663455
1762247999.7964857,8.131139549556698,0.6158525251498415,1.0579356240805173,0.0,2.7071403211500917,-0.024766335839558718,0.024766335839558718
1762247999.9615104,8.121441219479324,0.8284303503326486,1.511280221937095,0.0,2.9145117649003818,-0.05911665819309982,0.05911665819309982
1762247999.9851918,8.109447209102164,0.872520013397639,1.556153140890307,0.0,2.959395543980672,-0.058228367809187415,0.058228367809187415
1762248000.0054348,8.104692937584016,0.9149426126010605,1.5945791686751498,0.0,3.0008510579593386,-0.06450703008274093,0.06450703008274093
1762248000.035721,8.102434521032249,0.9625120588314119,1.6309776754089214,0.0,3.0463211288738097,-0.07512569379959476,0.07512569379959476
1762248000.0563917,8.099740626740491,0.9981214123376729,1.6504210293744592,0.0,3.0804505662469093,-0.08252543152286833,0.08252543152286833
1762248000.1402886,8.069700774549592,1.184807453486851,1.9394163079938211,0.0,3.2620091198313372,-0.11205086183549587,0.11205086183549587
1762248000.1602125,8.059449011905093,1.23241283509287,1.9873795136183994,0.0,3.308667747012178,-0.1187400710738411,0.1187400710738411
1762248000.1788409,8.043884092619487,1.2754324856014199,2.060347317224427,0.0,3.3528706901028955,-0.11947349636952193,0.11947349636952193
1762248000.1977084,8.029600662215287,1.3170423916793557,2.1514452681130267,0.0,3.395331992470672,-0.1214589603497453,0.1214589603497453
1762248000.2200189,8.023259215087078,1.3542300591730492,2.238266514853874,0.0,3.4308694115622314,-0.12962670422064684,0.12962670422064684
1762248000.2494256,7.99649444364399,1.422676075068875,2.266612534120918,0.0,3.5016596432552514,-0.13181250651577694,0.13181250651577694
1762248000.281876,7.978466777340976,1.4646577539957755,2.2280987286509113,0.0,3.5456808019746267,-0.13242425877388286,0.13242425877388286
1762248000.485152,7.710136350636575,1.8739310577370847,2.1695585257258925,0.0,4.018963657414539,-0.08881114964489471,0.08881114964489471
1762248000.5352721,7.647279536245309,1.9496242087901787,2.079324565138864,0.0,4.1144431969760795,-0.07665861183778278,0.07665861183778278
1762248000.566539,7.582662129121274,2.027821560802211,2.1217256319528452,0.0,4.213487666590614,-0.0670488500887339,0.0670488500887339
1762248000.637219,7.516275734852217,2.1313078709234348,2.2677847866274226,0.0,4.33395235870066,-0.07383295462722564,0.07383295462722564
1762248000.6660717,7.448124196367731,2.218154605662758,2.3113137937114727,0.0,4.442222683048555,-0.07283994610982293,0.07283994610982293
1762248000.6842651,7.425213301695544,2.2747356242529775,2.316059807919602,0.0,4.499421704624444,-0.0905061046486999,0.0905061046486999
1762248000.7033224,7.405653817863823,2.3104202786823897,2.346372020345601,0.0,4.53842529428768,-0.09817410288894754,0.09817410288894754
1762248000.7207336,7.367365715081447,2.3447948110765298,2.386880201704897,0.0,4.588180339532811,-0.0911611966664942,0.0911611966664942
1762248000.7407656,7.341271495737232,2.374106627537889,2.4300392124094032,0.0,4.626528479332411,-0.09062876160671254,0.09062876160671254
1762248000.7650533,7.299209630801198,2.4182856911315334,2.492696608658769,0.0,4.686140614081345,-0.08851976449578289,0.08851976449578289
1762248000.7942648,7.233827659603171,2.473236685632031,2.576368694803332,0.0,4.769146091234829,-0.07763687490526727,0.07763687490526727
1762248000.8187237,7.16961667460523,2.52439447273697,2.6644056818036077,0.0,4.849120303735596,-0.06665835178630294,0.06665835178630294
1762248000.8503568,7.069989622654009,2.604577318880899,2.7459789336374723,0.0,4.974522625154121,-0.05328744024819963,0.05328744024819963
1762248000.9111688,6.997824769135275,2.6695088088487093,2.7421972317566174,0.0,5.070372644711398,-0.05102212138138436,0.05102212138138436
1762248000.9353101,6.83828037644829,2.753378232806818,2.5718054223820292,0.0,5.244236057207597,-0.00825053583027241,0.00825053583027241
1762248000.956911,6.763144563300396,2.7790898468936565,2.60498056891118,0.0,5.318556862720617,0.020006211724880867,0.020006211724880867
1762248000.981905,6.697380286055016,2.8225230119698597,2.613567414427864,0.0,5.397480576124651,0.02720504867708856,0.02720504867708856
1762248001.0115786,6.632266997439266,2.8824003334972352,2.548035772231043,0.0,5.486077010877106,0.019426679995204747,0.019426679995204747
1762248001.0395706,6.525900159351123,2.9336549281496476,2.5667533938770384,0.0,5.602981200923563,0.040898848574953954,0.040898848574953954
1762248001.064447,6.492792770881463,2.9793904134523235,2.5579431936426085,0.0,5.656746655786061,0.02251968192554561,0.02251968192554561
1762248001.1159196,6.4202668789172375,3.0178182820938053,2.613605234372761,0.0,5.738810385419294,0.031563467229467485,0.031563467229467485
1762248001.17036,6.242903754591531,3.122182596176808,2.8011530231909494,0.0,5.9460265257982385,0.03870833548394558,0.03870833548394558
1762248001.2177236,6.120581349763862,3.202206829828125,2.836245492769869,0.0,6.093066344944871,0.03149354501900221,0.03149354501900221
1762248001.2416098,6.017483219000582,3.254831235777571,2.939857445195419,0.0,6.2095167071817565,0.03518108074983043,0.03518108074983043
1762248001.2769895,5.952334158358871,3.28239687496127,2.9950237520616687,0.0,6.280514413149883,0.04122086383937492,0.04122086383937492
1762248001.4194214,5.520559217078102,3.5291617276639693,3.533376630764416,0.0,6.7779881234553585,-0.0010760712597251037,0.0010760712597251037
1762248001.4736018,5.517894592931923,3.5912958061158182,3.59406380811036,0.0,6.803900422974277,-0.057554885349787206,0.057554885349787206
1762248001.498874,5.3115960274450025,3.665152588538345,3.698495383572563,0.0,7.021101647835362,-0.0519039769081668,0.0519039769081668
1762248001.518305,5.244260662041444,3.686195789165448,3.731765987573926,0.0,7.090898301294182,-0.04881200554311155,0.04881200554311155
1762248001.5445704,5.166727849554664,3.7191833925829982,3.7520169789229314,0.0,7.173787718993023,-0.054970193412479294,0.054970193412479294
1762248001.5940666,5.098017590484072,3.729287873826933,3.78435199987723,0.0,7.241299008163388,-0.04383279516275548,0.04383279516275548
1762248001.6503787,5.0539878019809406,3.830338310138441,3.802963337747456,0.0,7.310360097846782,-0.12833119995017805,0.12833119995017805
1762248001.6966794,4.811510828305896,3.9039280701445755,3.81957442871897,0.0,7.5544946229836505,-0.14152001766222116,0.14152001766222116
1762248001.7297812,4.670405645481581,3.9347244379894164,3.7398928769329585,0.0,7.694076238825378,-0.14469458184457906,0.14469458184457906
1762248001.7562666,4.603444522239043,3.954318486589381,3.661614225898436,0.0,7.761176304823445,-0.15275428349733006,0.15275428349733006
1762248001.7750998,4.474330248145937,3.948636211862396,3.814910950979302,0.0,7.884554223361093,-0.12796932573361225,0.12796932573361225
1762248001.797344,4.385030634156571,4.047200303812834,3.7976120149408206,0.0,7.982816745721956,-0.21430979847005835,0.21430979847005835
1762248002.0099833,3.554075199837168,4.136178376317931,3.7560267625807255,0.0,8.80767049687329,-0.2350684353926797,0.2350684353926797
1762248002.2359087,2.6027608170488254,4.23495630739892,3.709424773557656,0.0,9.76576766962627,-0.2500037717746874,0.2500037717746874
1762248002.3906977,2.027082090224951,4.240432927172034,3.6930402688897495,0.0,10.336130719426166,-0.2157758348301013,0.2157758348301013
1762248002.5816202,1.254654499139413,4.318385670193937,3.6831539954362347,0.0,11.109429442903917,-0.25177733045671696,0.25177733045671696
1762248002.677198,0.6223162596717866,4.335811841802325,3.6536627889847737,0.0,11.741808661598618,-0.23684232642285524,0.23684232642285524
1762248002.699251,0.5233386069264109,4.340362072165488,3.649788397231872,0.0,11.840734978002622,-0.23640164782237919,0.23640164782237919
1762248002.7483492,0.37500781544279205,4.349200018638452,3.6514460745690633,0.0,11.988997352068344,-0.2379044080006748,0.2379044080006748
1762248002.782454,0.2746963644821311,4.356303244575201,3.7065063869439996,0.0,12.089251063606955,-0.24017601359030524,0.24017601359030524
1762248002.811466,0.08894011751144489,4.357846836635829,3.719351197579137,0.0,12.274232913520507,-0.2331421865523139,0.2331421865523139
1762248002.8412273,-0.04798994828070734,4.354338668077752,3.7186545169327103,0.0,12.410316274601055,-0.22367576974116213,0.22367576974116213
1762248002.8668125,-0.24789243748929407,4.361804475022288,3.7125749994058137,0.0,12.609394295724929,-0.22310240704678022,0.22310240704678022
1762248002.8918273,-0.3540066638625977,4.363082790058401,3.7175199739984235,0.0,12.714903033815636,-0.22048835231533517,0.22048835231533517
1762248002.9114485,-0.5223681492631184,4.36053797553523,3.6668217418752183,0.0,12.882087780368922,-0.2123752171321687,0.2123752171321687
1762248002.9479551,-0.6328183670450265,4.356667482314513,3.6766137011599658,0.0,12.991680423339993,-0.20529539148318948,0.20529539148318948
1762248002.974437,-0.7976620026248968,4.350504303654145,3.668930535700207,0.0,13.155231114635807,-0.1950625680302183,0.1950625680302183
1762248003.0013118,-0.9272629429417282,4.352390454834568,3.6803089677952165,0.0,13.283922447890006,-0.19440735202392645,0.19440735202392645
1762248003.0286615,-1.0126717697878302,4.348548387994344,3.643303640942009,0.0,13.368611218161998,-0.18924003660976765,0.18924003660976765
1762248003.071442,-1.082768734586034,4.352211960135553,3.6401349931263742,0.0,13.43816877352115,-0.19204003853120474,0.19204003853120474
1762248003.1105013,-1.2964029161412707,4.351699549892747,3.623014811507834,0.0,13.649621217419792,-0.19039597736882266,0.19039597736882266
1762248003.1494274,-1.4375016549799793,4.352639012639986,3.6797161947513026,0.0,13.788799022819921,-0.19208970074145626,0.19208970074145626
1762248003.1786652,-1.593573169169231,4.351190891161917,3.699464219468462,0.0,13.945365958548997,-0.1924128956223605,0.1924128956223605
1762248003.2250211,-1.784110406960409,4.352706610331312,3.7073167832623133,0.0,14.138893255756297,-0.1938714580695041,0.1938714580695041
1762248003.2616694,-1.870879227490014,4.34930296310007,3.7205961722003424,0.0,14.226682788778863,-0.18957890012666961,0.18957890012666961
1762248003.2910123,-2.086240550915706,4.35631697065479,3.7146911043529545,0.0,14.443761303500768,-0.19275010413340696,0.19275010413340696
1762248003.31222,-2.168945741028326,4.35315792014835,3.721201628537764,0.0,14.526565663979023,-0.18776727971201063,0.18776727971201063
1762248003.336198,-2.237651862572128,4.353062980611485,3.7147707936614665,0.0,14.595192454380413,-0.1861371135790146,0.1861371135790146
1762248003.5138512,-3.0478855974291372,4.32825379586948,3.712954222689157,0.0,15.41971644994157,-0.151532807522052,0.151532807522052
1762248003.5378768,-3.1493402218805553,4.331786678555602,3.716640327195794,0.0,15.51554954362815,-0.14394908644381235,0.14394908644381235
1762248003.7194357,-3.8831093848087064,4.288562779878704,3.6980199449350923,0.0,16.197334816935253,-0.20808491950717956,0.20808491950717956
1762248003.746394,-3.9886224001545596,4.270091008943196,3.66620865093992,0.0,16.30113886418884,-0.21636411800155106,0.21636411800155106
1762248003.7703793,-4.097889442604994,4.269114158628315,3.5968755316790797,0.0,16.40373343789724,-0.2439910149473094,0.2439910149473094
1762248003.8052897,-4.323240957352997,4.23125928402235,3.3879776835447104,0.0,16.6229155784559,-0.2712228025963678,0.2712228025963678
1762248003.8315046,-4.386323711528615,4.181470246130748,3.3662889215170857,0.0,16.6846256462149,-0.24426173649337996,0.24426173649337996
1762248003.853717,-4.450395572215053,4.169592737891514,3.347224188047872,0.0,16.735882276801625,-0.2571920749253109,0.2571920749253109
1762248003.874937,-4.516364976817236,4.153335931148906,3.2733386916298493,0.0,16.782455375395518,-0.2710156314640676,0.2710156314640676
1762248003.8987486,-4.593678983465506,4.121553545991804,3.3725933355881006,0.0,16.85111750655968,-0.28108393742001236,0.28108393742001236
1762248003.925085,-4.626752276745967,4.103582722102149,3.4536662514210037,0.0,16.887357073928833,-0.2825786894643396,0.2825786894643396
1762248003.959341,-4.734821444180263,4.026635667172367,3.520759736021456,0.0,17.054830763058334,-0.2646452696494899,0.2646452696494899
1762248004.0033097,-4.910488910697978,3.961141437497768,3.5071904770337996,0.0,17.24197466971155,-0.2708415512083582,0.2708415512083582
1762248004.0287957,-5.011268439517606,3.918870180804405,3.4601805864004915,0.0,17.346758108073107,-0.27278955075249806,0.27278955075249806
1762248004.0494707,-5.051394856194032,3.9051339279437305,3.4281070043811344,0.0,17.386780639383954,-0.27692126941344997,0.27692126941344997
1762248004.0739555,-5.151834095573448,3.841865294654373,3.302132131713926,0.0,17.498823447298623,-0.2627326462975948,0.2627326462975948
1762248004.0953376,-5.229208922868489,3.7997641200818553,3.202187574629995,0.0,17.582558662391307,-0.2594556145853722,0.2594556145853722
1762248004.117327,-5.2619075581053885,3.774966359426955,3.201676938422844,0.0,17.62097925982079,-0.2522869152404338,0.2522869152404338
1762248004.1596174,-5.3400869521333005,3.7193017311954018,3.0962897355529195,0.0,17.711561102945176,-0.23961595619151196,0.23961595619151196
1762248004.185955,-5.465357121167298,3.622132937975751,3.005172251018242,0.0,17.860339441038075,-0.2163529254032128,0.2163529254032128
1762248004.2143924,-5.519789767276782,3.5710303643332435,2.998235320111285,0.0,17.92936938161974,-0.20055073671399928,0.20055073671399928
1762248004.2442,-5.621705916848327,3.4869302956550747,2.875079580937457,0.0,18.055840809799506,-0.18394051022907887,0.18394051022907887
1762248004.2714903,-5.68953622636188,3.4314686054499206,2.7871695688329288,0.0,18.141237436221644,-0.17451877348282163,0.17451877348282163
1762248004.2963603,-5.747470425632542,3.3860805357764736,2.715973149269868,0.0,18.211241345543904,-0.1691739756340896,0.1691739756340896
1762248004.319127,-5.800095766986451,3.34701619690776,2.6546817166256984,0.0,18.27106229772275,-0.16788021839365216,0.16788021839365216
1762248004.3438623,-5.8497360203527675,3.3017175568602353,2.5772160038105767,0.0,18.331995741648594,-0.1622427848946228,0.1622427848946228
1762248004.3660424,-5.886028415712238,3.2650286374977178,2.5098287969379305,0.0,18.379749097881238,-0.1567973707841131,0.1567973707841131
1762248004.3861077,-5.942368406526168,3.2237076686749173,2.4355305718646365,0.0,18.447667781333855,-0.16175109377940688,0.16175109377940688
1762248004.4227893,-5.988487719946893,3.1881965385533872,2.37197858194733,0.0,18.506991642406998,-0.16450999950211914,0.16450999950211914
1762248004.4663584,-6.072847903864455,3.113551818497096,2.277964893737178,0.0,18.618858806351117,-0.16156092559770865,0.16156092559770865
1762248004.5447042,-6.204538428476875,2.996691732609116,2.3796449217767237,0.0,18.77870037020633,-0.1658737024133347,0.1658737024133347
1762248004.5739508,-6.31362075573163,2.8858743263392377,2.4458892862420565,0.0,18.923066227473893,-0.17316594778273592,0.17316594778273592
1762248004.5979726,-6.329957168067563,2.856260647809268,2.438951475368067,0.0,18.95491592292572,-0.16663641035906152,0.16663641035906152
1762248004.618477,-6.357671882131678,2.8069891647790732,2.459871004605654,0.0,19.00913962600074,-0.15666224320100308,0.15666224320100308
1762248004.6384,-6.382782478058499,2.767556029247345,2.512298648706756,0.0,19.05514123564848,-0.15120159440763226,0.15120159440763226
1762248004.6564858,-6.413798161060306,2.73326129150218,2.5410843837938177,0.0,19.101296833862058,-0.153612987746256,0.153612987746256
1762248004.6765227,-6.442987814976088,2.68817067679421,2.604163082062793,0.0,19.154441649499542,-0.14783800185407753,0.14783800185407753
1762248004.6956506,-6.476971742353599,2.6394598493309656,2.656649271069683,0.0,19.212813849856452,-0.1437018706246171,0.1437018706246171
1762248004.717479,-6.507445927722219,2.582256470839788,2.6856441154693993,0.0,19.274471780020548,-0.1321801742796222,0.1321801742796222
1762248004.7506223,-6.56437976875471,2.5190218927812884,2.778787711157507,0.0,19.35572470187341,-0.13949785306548226,0.13949785306548226
1762248004.7870007,-6.627549742821573,2.41258233550969,2.870570443283975,0.0,19.474574432103235,-0.12955252917029952,0.12955252917029952
1762248004.8133562,-6.707730490586036,2.2842036524977467,2.972691724589894,0.0,19.621562718820254,-0.12575847039578292,0.12575847039578292
1762248004.8348017,-6.710467938944145,2.1784328493896905,2.972449331378757,0.0,19.710674818817044,-0.07231773934354373,0.07231773934354373
1762248004.8549972,-6.77667747690558,2.0489038788273435,3.0855517956039322,0.0,19.853331037008488,-0.06468306069059875,0.06468306069059875
1762248004.8765137,-6.786927093192804,1.9617480237493328,3.1788034602864337,0.0,19.933829716654444,-0.032324306186958175,0.032324306186958175
1762248004.9033532,-6.821938368281081,1.9386736540191687,3.2080457618033567,0.0,19.970009590753634,-0.052775109521803726,0.052775109521803726
1762248004.9345644,-6.83780941010636,1.8907751706693652,3.279847506886915,0.0,20.01925878357002,-0.045390947893935746,0.045390947893935746
1762248004.968946,-6.888356214915648,1.7787965538383124,3.38914837084283,0.0,20.14062240566991,-0.04300905724027506,0.04300905724027506
1762248004.989758,-6.937300030770694,1.7151586071371459,3.4400404938838536,0.0,20.217481820442224,-0.062061951931486885,0.062061951931486885
1762248005.020226,-6.987954676858657,1.6262357453362954,3.452368203715554,0.0,20.317036529518184,-0.07500491617503205,0.07500491617503205
1762248005.0570438,-7.041962594881926,1.5067436078498149,3.517224195875151,0.0,20.44489144925,-0.0837379206435789,0.0837379206435789
1762248005.089913,-7.095972266209882,1.3768251793681154,3.565774036899575,0.0,20.581554157326213,-0.0943338311926431,0.0943338311926431
1762248005.122458,-7.164253667283023,1.2126856968291464,3.5972046826884077,0.0,20.752468971839683,-0.11602776959434127,0.11602776959434127
1762248005.146811,-7.197447018650005,1.154747497799443,3.619972794397843,0.0,20.81411699499748,-0.13477374404430226,0.13477374404430226
1762248005.1776512,-7.2187799735311895,1.0808817912382764,3.6303611607830164,0.0,20.887601560876668,-0.1399148432732647,0.1399148432732647
1762248005.234748,-7.294829644834001,0.8201498980184272,3.641811510081103,0.0,21.14397025064497,-0.17332064602703542,0.17332064602703542
1762248005.2592273,-7.344147140148465,0.6900954757563019,3.647549295020718,0.0,21.2699434590276,-0.20986266282426003,0.20986266282426003
1762248005.3032181,-7.380934595858078,0.5206418177148255,3.6533268195674147,0.0,21.428488352987685,-0.23857788265873606,0.23857788265873606
1762248005.3213377,-7.3981901642010435,0.44107011185362766,3.6626481092398566,0.0,21.501771022133283,-0.25531000009560423,0.25531000009560423
1762248005.3424385,-7.409028585253298,0.3210420267965465,3.654747818422684,0.0,21.61111874059783,-0.26929097978336175,0.26929097978336175
1762248005.3714294,-7.425500839456155,0.19902320929438003,3.659821159621493,0.0,21.72042395785287,-0.2937744954591253,0.2937744954591253
1762248005.3958085,-7.428867005283335,0.10793856333615302,3.660713622262911,0.0,21.801832110443748,-0.30630104907982064,0.30630104907982064
1762248005.4209895,-7.436216660012919,0.01700946799890762,3.6579017125424764,0.0,21.88166128666421,-0.3254354436082661,0.3254354436082661
1762248005.4421701,-7.435827633959048,-0.08373768728099147,3.6520263922406957,0.0,21.97012377505425,-0.3412932758327554,0.3412932758327554
1762248005.623142,-7.238372664570884,-0.848069692451033,3.6203077414493725,0.0,22.66596249728923,-0.38522432181196864,0.38522432181196864
1762248005.7908983,-6.911830605827964,-1.3526250137439997,3.601492527642835,0.0,23.190568075518584,-0.36151196540848,0.36151196540848
1762248006.0198097,-6.181034621560575,-1.9076927527866794,3.4894642483416543,0.0,24.032278750112187,-0.21055256307374642,0.21055256307374642
1762248006.177972,-5.474413501380526,-2.29680781301925,3.615084524143772,0.0,24.76464804551648,-0.21570837770563428,0.21570837770563428
1762248006.3209534,-5.025200507039691,-2.5084600654785145,3.2780480797903575,0.0,25.205401708758792,-0.3180041375977417,0.3180041375977417
1762248006.3464022,-4.878818434102995,-2.5330683734179806,3.230569811765644,0.0,25.33867725198774,-0.3239952834696261,0.3239952834696261
1762248006.6412838,-3.9097167869577536,-2.7119992530182144,3.2659401463315554,0.0,26.193863250943878,-0.5357074916422457,0.5357074916422457
1762248006.8282263,-3.2129662032765136,-2.75889961080084,3.5061044160940678,0.0,26.779337113320505,-0.7374825407701651,0.7374825407701651
1762248006.942868,-2.8359008527888308,-2.6931465108844432,3.5678789822570955,0.0,27.112927176929194,-0.7933510534270242,0.7933510534270242
1762248006.9634435,-2.7260802684972063,-2.6807358220035287,3.5743805052958115,0.0,27.20843963713114,-0.819884618744811,0.819884618744811
1762248006.983887,-2.645171615114247,-2.673942378300455,3.5793724833725538,0.0,27.278151828068843,-0.8425966646416824,0.8425966646416824
1762248007.0133336,-2.5322531039200915,-2.6572616508804265,3.624245524901523,0.0,27.377643012371184,-0.8688917990024259,0.8688917990024259
1762248007.0348651,-2.3822756061098023,-2.6249073342880354,3.638570319258667,0.0,27.51352805637188,-0.8966540655958118,0.8966540655958118
1762248007.0583544,-2.323599862421067,-2.609303026234624,3.6444013590602578,0.0,27.56801716783322,-0.9054855863916735,0.9054855863916735
1762248007.1350088,-2.025685716375924,-2.512483352385474,3.6731328977450404,0.0,27.853699330702955,-0.9396857611203954,0.9396857611203954
1762248007.1677268,-1.9553380442278023,-2.494089102400627,3.683423527296761,0.0,27.92020343168584,-0.9529773251430294,0.9529773251430294
1762248007.3564527,-1.1952251048877847,-2.2572569153338153,3.289962434493505,0.0,28.685130028937778,-1.0776716195301521,1.0776716195301521
1762248007.4905028,-0.8037083431139901,-2.007535484750149,3.491568496192457,0.0,29.178078985671238,-1.024093243734835,1.024093243734835
1762248007.9595768,1.0398168729329942,-1.1272229389437094,3.4152611188884,0.0,31.603707208874706,-0.497823071391257,0.497823071391257
1762248008.075326,1.5199990561202448,-1.1939889304179696,3.0365528876060273,0.0,32.15175382064332,-0.4599548126528188,0.4599548126528188
1762248008.194117,1.9189112458191049,-1.2136407952863797,3.2221223917415935,0.0,32.56874394784945,-0.3519865646907934,0.3519865646907934
1762248008.3934827,2.6029468480699376,-1.3700989935263623,3.4757447136789,0.0,33.28474002320929,-0.2229291758968488,0.2229291758968488
1762248008.4174097,2.6777203275853996,-1.3968973170056975,3.4959550252065066,0.0,33.365009892352326,-0.21441242727289392,0.21441242727289392
1762248008.6351926,3.4711298172633107,-1.688397104523734,2.9975575913839902,0.0,34.206756177544634,-0.11869502365648378,0.11869502365648378
1762248008.8358557,4.041360216268282,-1.9118076341126706,2.479835390734143,0.0,34.81415158634408,-0.07412087481227125,0.07412087481227125
1762248008.9887033,4.465069292864995,-2.07750982547328,2.400749462527339,0.0,35.26513920237776,-0.06268985859131791,0.06268985859131791
1762248009.1351478,4.815182217658215,-2.1881395650405073,2.5773889531090672,0.0,35.62849223558628,-0.051711877831221706,0.051711877831221706
1762248009.1591673,4.903993594689576,-2.21629670302019,2.6146209816254222,0.0,35.72063093062282,-0.053088950908596215,0.053088950908596215
1762248009.179587,4.979348612227793,-2.2349396024191335,2.692024111461435,0.0,35.79732678050152,-0.05065520704873441,0.05065520704873441
1762248009.1991115,5.029318912424983,-2.269124739098526,2.7509001431561395,0.0,35.85357130785271,-0.07092378421124469,0.07092378421124469
1762248009.2185671,5.113364954157352,-2.280900558673439,2.8059759664140858,0.0,35.936636617602055,-0.06222685011258456,0.06222685011258456
1762248009.2501144,5.200713123489031,-2.3003961505546053,2.900919170239899,0.0,36.024733306981375,-0.06215179725137184,0.06215179725137184
1762248009.3397062,5.557262247000317,-2.374206987204495,3.164077319323237,0.0,36.38168732224557,-0.07802537461908092,0.07802537461908092
1762248009.3645766,5.651694101238938,-2.363825031068609,3.234978545463914,0.0,36.47281481596896,-0.058578668186423696,0.058578668186423696
1762248009.524362,6.1800161002818825,-2.3826294191665314,2.8833820242672936,0.0,36.98977242505598,-0.07817667510038173,0.07817667510038173
1762248009.6949446,6.649603749249048,-2.325153230920048,2.7279321904526,0.0,37.44516264206926,-0.10696248293386687,0.10696248293386687
1762248009.7206724,6.783483395240537,-2.285347839442521,2.519838286860236,0.0,37.57802006233282,-0.10996942056826697,0.10996942056826697
1762248009.7638988,6.874045463241426,-2.2528695763665927,2.4931756831079914,0.0,37.66922009936332,-0.1119020698488905,0.1119020698488905
1762248009.8093705,7.071070284828728,-2.1549126500143805,2.349043572240336,0.0,37.876829007534816,-0.1077470724726109,0.1077470724726109
1762248009.8424244,7.166900224262835,-2.093810418050045,2.2414650797481275,0.0,37.983755618194685,-0.10370657087028123,0.10370657087028123
1762248009.9028678,7.29915276346226,-2.033507696226356,2.0359146716607177,0.0,38.11791891220183,-0.12912255138931678,0.12912255138931678
1762248009.9271903,7.3145084174652615,-1.9941212395870622,2.0071619346197034,0.0,38.1520829180039,-0.10702411395944936,0.10702411395944936
1762248009.966871,7.417722240050757,-1.873666176183138,1.8248808896320445,0.0,0.057795092854595435,-0.07897349619422529,0.07897349619422529
1762248009.9924517,7.39957783599696,-1.855989814479011,1.8158275056644468,0.0,0.05563660678426049,-0.05373972212841985,0.05373972212841985
1762248010.0163717,7.440915599940115,-1.870327135269202,1.6768531635215354,0.0,0.07676724551988875,-0.0916641071200977,0.0916641071200977
1762248010.0354533,7.479217891698946,-1.7979884906142916,1.589028299266323,0.0,0.15062107964537344,-0.06398969069152449,0.06398969069152449
1762248010.0674846,7.485415998489703,-1.7666825400359127,1.5500628259754812,0.0,0.17591263233800802,-0.045801345511111306,0.045801345511111306
1762248010.0872142,7.499768730549346,-1.73269083333364,1.450452716611032,0.0,0.20920532078904028,-0.032062307483356534,0.032062307483356534
1762248010.1084206,7.5132006732461,-1.6991261130151414,1.3617251960336225,0.0,0.24224746269468025,-0.01877122719120119,0.01877122719120119
1762248010.1480217,7.5252755113200624,-1.70030338855268,1.3103000628892538,0.0,0.24945082735540655,-0.02845385630864265,0.02845385630864265
1762248010.1800036,7.553609921908709,-1.6679906483282578,1.2390551004647015,0.0,0.2917636434390374,-0.028034842915484283,0.028034842915484283
1762248010.2196305,7.541608286819113,-1.6850404128703258,1.2152312828639515,0.0,0.271350150015756,-0.030330472161638554,0.030330472161638554
1762248010.3836193,7.708834723868778,-1.4316015678011573,1.326978412805254,0.0,0.5720831024411042,-0.0014585831401739548,0.0014585831401739548
1762248010.5796993,7.799894750892856,-1.1873786911696826,1.4705246431746948,0.0,0.8306061011043526,0.04998634086292003,0.04998634086292003
1762248011.0190182,7.97611209589385,-0.46854201309032895,1.6848719704753492,0.0,1.5959221331548537,0.12711519882135006,0.12711519882135006
1762248011.3092933,8.028330414132022,0.08415933245563571,2.2871937196614978,0.0,2.1776702429535875,0.1268194470068451,0.1268194470068451
1762248011.5242212,7.990621798549797,0.7036760999730005,2.1272083875352132,0.0,2.821590275167554,0.09627358978706135,0.09627358978706135
1762248011.851674,7.847116780776609,1.3801181122137625,1.4125251027857704,0.0,3.522718542062277,0.022029921419719496,0.022029921419719496
1762248011.9959953,7.749716134796375,1.6480880950973325,1.6295120820673554,0.0,3.806691336714239,-0.009348231475805092,0.009348231475805092
1762248012.1550927,7.630104232870848,1.8238096267511517,1.4582397816240373,0.0,4.018647002468117,0.005619752841044684,0.005619752841044684
1762248012.4400854,7.3384123010314894,2.2460328192455976,1.9276008470374555,0.0,4.532138222350592,-0.005294717834346768,0.005294717834346768
1762248012.6522322,6.985822843610148,2.6175449717120873,1.5161198001222942,0.0,5.044018683684299,-0.004757768048976892,0.004757768048976892
1762248012.975808,6.4748611196891535,2.971070706897864,1.7258025452967258,0.0,5.6668229464033635,0.03956716624635662,0.03956716624635662
1762248013.3191814,5.826446436981978,3.391838939127535,2.4506739569069453,0.0,6.442688701829763,-0.00032248872055736937,0.00032248872055736937
1762248013.463592,5.512079183673028,3.5343835393757366,2.9070279616985504,0.0,6.787814183408363,-0.002677674957038497,0.002677674957038497
1762248013.7970724,4.556510872884522,3.8815228714798513,3.671269021853135,0.0,7.795263370964324,-0.07348094552620481,0.07348094552620481
1762248013.9477913,3.978364900075358,4.040246164840558,3.7115568409489534,0.0,8.37842486687732,-0.1690025233853369,0.1690025233853369
1762248014.0672948,3.4792354171008952,4.074080644183485,3.716294827612088,0.0,8.878400995868969,-0.16771946562319476,0.16771946562319476
1762248014.114679,3.384420861643519,4.0759257561743345,3.716509280049959,0.0,8.973955107074929,-0.16231801006996657,0.16231801006996657
1762248014.3104327,2.54653163468238,4.125439127826405,3.4311559818854973,0.0,9.812917201369391,-0.13643460526574053,0.13643460526574053
1762248014.339187,2.419725838637735,4.1202572895062035,3.4462907521346984,0.0,9.938374681817699,-0.1217981877428033,0.1217981877428033
1762248014.6151695,1.4709701348540907,4.118744980423889,3.3471397273953225,0.0,10.883314257670625,-0.06346074184124023,0.06346074184124023
1762248014.7833521,0.7888610192458091,4.13512315393634,3.136559135247019,0.0,11.565337497400717,-0.04491929927908885,0.04491929927908885
1762248014.9647696,-0.07994741834602492,4.152863738906108,3.490041424793769,0.0,12.43371892293694,-0.021035463296630905,0.021035463296630905
1762248015.1331844,-0.8906880968564755,4.161779777523007,3.725430016736705,0.0,13.24408165784814,-0.004484325840347033,0.004484325840347033
1762248015.1575243,-0.980287719138715,4.161967109757331,3.72291487402133,0.0,13.333658242422695,-0.003148774891148477,0.003148774891148477
1762248015.384817,-1.9366077628678322,4.214781976753718,3.7446469059064516,0.0,14.290847640934505,-0.05410982175436985,0.05410982175436985
1762248015.5840979,-2.796443658792813,4.252177074184901,3.7097246409602933,0.0,15.147782515304456,-0.08133145661564062,0.08133145661564062
1762248015.8271859,-3.7846955937849662,4.200555840788149,3.306045721555736,0.0,16.12395379913548,-0.09924595884078267,0.09924595884078267
1762248016.0079818,-4.601157233371967,4.060879867571459,2.913981005303829,0.0,16.8872824724126,-0.23279280013100448,0.23279280013100448
1762248016.2580013,-5.151413106642877,3.7588287727436085,2.6456194357820344,0.0,17.533522611081516,-0.1880057822390171,0.1880057822390171
1762248016.4393601,-5.558000380251737,3.4048527326260496,2.9398840027839666,0.0,18.04695304745108,-0.08043034292064978,0.08043034292064978
1762248016.589835,-5.929100510948372,3.098464242824203,3.3587992419159542,0.0,18.519427493006265,-0.05761128728900823,0.05761128728900823
1762248016.9905546,-6.837241492213671,1.880995111576629,3.67013437591231,0.0,20.02767593287468,-0.040549655453655915,0.040549655453655915
1762248017.171584,-7.157347341385861,1.2597610412015565,3.685826382388531,0.0,20.706855368338054,-0.12110426798666503,0.12110426798666503
1762248017.3074057,-7.310762938111407,0.6238721969592761,3.6756273700159454,0.0,21.329889353050703,-0.17226308783524136,0.17226308783524136
1762248017.498629,-7.333921305728552,-0.1878424483429338,3.6454935884255355,0.0,22.07996107912187,-0.26195885404771774,0.26195885404771774
1762248017.8021562,-6.895218352958896,-1.3745896080392632,3.5997613358525404,0.0,23.215130941659062,-0.36156756587342626,0.36156756587342626
1762248017.9173882,-6.639831875279304,-1.7200732039834397,3.296851209634597,0.0,23.608001718370925,-0.3888286101528645,0.3888286101528645
1762248018.1026034,-5.9937778361801985,-2.2207746135965887,3.071556576193143,0.0,24.317787637529765,-0.3589636368456242,0.3589636368456242
1762248018.5106328,-4.568821483692558,-2.7589542173523176,3.5551459162938035,0.0,25.620812194963577,-0.5324227428683833,0.5324227428683833
1762248018.781202,-3.4598686984771763,-2.8127824749490653,3.169876775509815,0.0,26.559941073356303,-0.7244485674098018,0.7244485674098018
1762248019.0126102,-2.6832481218132496,-2.7054299559097172,3.2876029242689007,0.0,27.236280570211456,-0.8582176647012185,0.8582176647012185
1762248019.2491875,-1.6489408498424922,-2.663542970428838,3.5980145288352983,0.0,28.109431935067267,-1.2385603847949516,1.2385603847949516
1762248019.5960777,-0.8170400685302832,-1.7111035462134814,3.5518588249101177,0.0,29.300440296682858,-0.7487939605989897,0.7487939605989897
1762248019.8396952,0.06516127568794175,-1.0568093707818569,3.5218670218405,0.0,30.474112644779165,-0.4041541321821562,0.4041541321821562
1762248020.0123727,0.5916929981134368,-0.8206135469053818,3.535141438744882,0.0,31.078632215200262,-0.22311943703544457,0.22311943703544457
1762248020.251139,1.4457813053142938,-0.8005901213563423,3.700085287661581,0.0,31.9670324306414,-0.09881484910297943,0.09881484910297943
1762248020.4028072,2.17635809392328,-1.0911004802533948,3.4794137886791807,0.0,32.770923174569965,-0.14340326028311556,0.14340326028311556
1762248020.6028843,2.8781199509469615,-1.4456434520761665,3.005984741950861,0.0,33.56831218862073,-0.16903954749585057,0.16903954749585057
1762248020.8356137,3.642344728484068,-1.7520743497547475,2.825215568551636,0.0,34.38769977164945,-0.10005861770508201,0.10005861770508201
1762248021.0456505,4.282009302331262,-1.9746902029128852,3.188158217819918,0.0,35.05839114205368,-0.03559002978543693,0.03559002978543693
1762248021.2561262,5.050253635219357,-2.234173035765197,3.598067090419209,0.0,35.86504332946649,-0.031872476590157614,0.031872476590157614
1762248021.3374124,5.473084298981927,-2.344097976763679,3.6598894125599033,0.0,36.296150751933425,-0.05843969842690883,0.05843969842690883
1762248021.484244,5.971820127427794,-2.417441529928511,3.6929645908534257,0.0,36.78649397644885,-0.10160414537402995,0.10160414537402995
1762248021.5408542,6.222500053649448,-2.4511381031916377,3.69772346825329,0.0,37.023869690491516,-0.1505113332059443,0.1505113332059443
1762248021.7976155,7.343917123003501,-2.1873724137734127,3.6493741531120585,0.0,38.068978009965434,-0.27993353954585887,0.27993353954585887
1762248022.059482,8.105608765196603,-1.4518680947164122,3.6081764561748373,0.0,0.7540949698012038,-0.34610491692460565,0.34610491692460565
1762248022.2128105,8.316667461071502,-1.0134198385005155,3.6333250167296045,0.0,1.181283191882485,-0.3496514608401629,0.3496514608401629
1762248022.3405907,8.484961693732204,-0.48036792389789235,3.668166740268393,0.0,1.6730433676523309,-0.37548958732374665,0.37548958732374665
1762248022.6431541,8.62885142874952,0.6573539976761534,2.8550642041031478,0.0,2.6673293442280728,-0.5223558681690688,0.5223558681690688
1762248022.8227637,8.575156404821916,1.0884086886052993,3.5603517974993686,0.0,3.0386247780395044,-0.5642490451599588,0.5642490451599588
1762248023.0697978,8.652155240617226,1.5041891128115197,2.83094939270191,0.0,3.347016891283943,-0.7693105299031249,0.7693105299031249
1762248023.28208,8.740670940406401,1.921151847412418,3.2022418109907096,0.0,3.6249309853798817,-1.0162060166450504,1.0162060166450504
1762248023.6094,8.479201129389786,2.961283690991109,3.2728548534316753,0.0,4.39883259198016,-1.3427855742343104,1.3427855742343104
1762248023.8941522,8.02096460422967,3.8033622954910307,3.341352952258409,0.0,5.080874416852112,-1.5781939002659453,1.5781939002659453
1762248024.0902758,7.598612088900907,4.327972128755735,2.5393105710939836,0.0,5.55610364872526,-1.7174495259403864,1.7174495259403864
1762248024.2553914,7.269021080725442,4.52860806256376,0.8628456426254039,0.0,5.837602438943751,-1.6975986854301885,1.6975986854301885
1762248024.4004548,7.212070061941067,4.4650789133811895,-0.0006583492610715913,0.0,5.8471237610049585,-1.613426815802559,1.613426815802559
1762248024.8464615,7.281226873939905,4.428856982115246,-5.4672746843675846e-08,0.0,5.788326523493866,-1.6203854851846788,1.6203854851846788
1762248025.1379259,7.273001736049906,4.430831887311881,-0.007296589692986466,0.0,5.794494474984841,-1.6175516880205885,1.6175516880205885
1762248025.3716896,7.263200023785847,4.42435641212772,-0.00035871802282771477,0.0,5.798128489703146,-1.6067811179789246,1.6067811179789246
1762248025.5100439,7.275708784694297,4.4233266462875696,-0.0007096978912930289,0.0,5.78957238592892,-1.612739085129694,1.612739085129694
1762248025.8834014,7.295466594240315,4.4258255219322775,-0.0002810901112207471,0.0,5.777819954815242,-1.6256394930714508,1.6256394930714508
1762248026.128777,7.297905531360348,4.429609163907356,-0.00020880125106362358,0.0,5.777838461079011,-1.630140960617374,1.630140960617374
1762248026.279903,7.3012796825215815,4.42569114694121,-0.00018717652269248575,0.0,5.773999895958942,-1.628714972686231,1.628714972686231
1762248026.4227662,7.304504968938665,4.428737320575456,-0.00017740632339839716,0.0,5.773199599234076,-1.6330314516197113,1.6330314516197113
1762248026.638968,7.3168597840634435,4.425118190781215,-0.00016980353329049044,0.0,5.763681588760161,-1.6367992033188878,1.6367992033188878
1762248026.6774495,7.308879453585365,4.42719306701099,-0.0010625696198589029,0.0,5.769717735377662,-1.6341431531104755,1.6341431531104755
1762248026.7058048,7.302337330067909,4.429415789320648,-0.00039488594679623965,0.0,5.774888580396823,-1.6324092545870914,1.6324092545870914
1762248026.735916,7.302538376349312,4.430328027100953,-0.0001395762238087353,0.0,5.775143672727529,-1.633282278907783,1.633282278907783
1762248026.800647,7.300231053713574,4.425982917054018,-0.00014294244805113535,0.0,5.774801857374605,-1.628383577082222,1.628383577082222
1762248026.84318,7.29261735947907,4.425351089557965,-0.00016214918661997975,0.0,5.779464932998051,-1.623681457533991,1.623681457533991
1762248026.8954284,7.293788752315664,4.424208678970232,-1.5024506190390585e-08,0.0,5.778223712155107,-1.6233675644986643,1.6233675644986643
1762248026.9362357,7.279743801876325,4.427416011963187,-0.0029887697248881986,0.0,5.788680365408021,-1.618368380554052,1.618368380554052
1762248026.976199,7.270996179303876,4.426482829683674,-0.00010523219261874112,0.0,5.793962398881299,-1.6128124540708004,1.6128124540708004
1762248027.0184345,7.259109779756494,4.427102763202957,-1.3745397906689272e-08,0.0,5.801943977154162,-1.6068590029797942,1.6068590029797942
1762248027.0446267,7.264227189855205,4.428216906466586,-0.0019072203226307878,0.0,5.799088722241567,-1.6105784538429484,1.6105784538429484
1762248027.1021004,7.268065915979803,4.433677947001198,-0.00010787492632578904,0.0,5.798897170056296,-1.617249125243252,1.617249125243252
1762248027.2166338,7.26026173791047,4.430906199186677,-8.713863233841484e-05,0.0,5.802797886236831,-1.6106772791980923,1.6106772791980923
1762248027.4346476,7.259852877582628,4.430552618232779,-0.00010171679179535679,0.0,5.802914600960894,-1.610158217539228,1.610158217539228
1762248027.8211124,7.259436422479181,4.42850653792713,-0.0012401612046731415,0.0,5.802323225562381,-1.6082146500963799,1.6082146500963799
1762248027.9968495,7.293115143462843,4.427482027936335,-6.2110800957485e-05,0.0,5.780042253585736,-1.6257369672583533,1.6257369672583533
1762248028.3344922,7.188834648845674,4.5816687114028145,-5.814146219047972e-05,0.0,5.907515440354296,-1.6999298545439812,1.6999298545439812
1762248028.8564892,7.088309565871126,4.558652691414221,-0.0004962183338354639,0.0,5.9608157346911534,-1.6279682158045896,1.6279682158045896
1762248029.3138132,7.3065726320173,4.273152159103786,-2.905822010312814e-05,0.0,5.708935887035482,-1.5047304800137133,1.5047304800137133
1762248029.4730115,7.546275022458891,4.232873497662592,-2.901101199331499e-09,0.0,5.54703484546112,-1.609778500781315,1.609778500781315
1762248029.7617607,7.754556880657737,4.122794131464078,0.18337206737687112,0.0,5.3758245787265375,-1.648431260658474,1.648431260658474
1762248030.155364,7.5943908118135495,4.074479150605304,0.9750703352180907,0.0,5.448240801893034,-1.5118320819607278,1.5118320819607278
1762248030.3163748,7.299325171449123,4.04478576968799,1.4908971303055119,0.0,5.6144097270579705,-1.3128517819302195,1.3128517819302195
1762248030.336412,7.270638028261436,4.0369184824890665,1.5609122846324195,0.0,5.629382229378263,-1.289883112887572,1.289883112887572
1762248030.5296474,6.820217621376558,4.013220866474544,2.168784863173383,0.0,5.91989625032694,-1.022615448020015,1.022615448020015
1762248030.876538,5.822897131576707,4.227888921698826,3.1413272412733555,0.0,6.766316677626588,-0.762309488751252,0.762309488751252
1762248031.1936476,4.808382106907145,4.569527161264179,3.617604214643309,0.0,7.673230041194423,-0.793916588725062,0.793916588725062
1762248031.4816468,3.554983245092165,4.652111342541638,3.7176980114356404,0.0,8.844428221096726,-0.7497407848702476,0.7497407848702476
1762248031.7383008,2.662420718632631,4.290756745453711,3.693654830292526,0.0,9.711401881338839,-0.3104018289135112,0.3104018289135112
1762248031.8718174,2.2466305094946377,4.397275873778113,3.687614774388935,0.0,10.128646889910213,-0.3861834906258732,0.3861834906258732
1762248031.8973877,2.182518478752528,4.424619551183566,3.69964378543448,0.0,10.19364931380286,-0.40929118327795255,0.40929118327795255
1762248032.065764,1.4838294507912555,4.51730827322877,3.673480360973088,0.0,10.891076621341234,-0.46215556372598987,0.46215556372598987
1762248032.1030276,1.3112487382252003,4.526814261966149,3.6703866203333733,0.0,11.063523148618527,-0.46281259400046126,0.46281259400046126
1762248032.1686106,1.124208548832334,4.5312939925858275,3.6726058819063345,0.0,11.250628414038932,-0.45777310038294894,0.45777310038294894
1762248032.2027557,0.9252096149004208,4.519458696581952,3.6350690712727265,0.0,11.4489290583062,-0.43575474953676985,0.43575474953676985
1762248032.2294943,0.8577295198204916,4.511473727748051,3.643948494716147,0.0,11.515908894183871,-0.4243110197413784,0.4243110197413784
1762248032.3317883,0.5182295371268782,4.499301739617528,3.6575753009586807,0.0,11.85374816271076,-0.3948874284498885,0.3948874284498885
1762248032.3597212,0.25249960996309156,4.495326285713987,3.6779685521084176,0.0,12.117880423568419,-0.3779938852053913,0.3779938852053913
1762248032.5934844,-1.0148518772842554,4.448590263685676,3.6152617361039074,0.0,13.372130246848897,-0.28924252816592894,0.28924252816592894
1762248032.615108,-1.084202345476282,4.444392878761005,3.584903523988586,0.0,13.440563880673288,-0.284200299993551,0.284200299993551
1762248032.6439462,-1.232096381448127,4.445227485129388,3.6646877493109473,0.0,13.586284078298855,-0.28400047677838375,0.28400047677838375
1762248032.7300239,-1.6401229619631406,4.460640949882418,3.8582952190392144,0.0,13.992420083162923,-0.30212936748323477,0.30212936748323477
1762248032.7516348,-1.7263841327221174,4.455108273741483,3.8320340055783917,0.0,14.080741951656812,-0.2965840186787112,0.2965840186787112
1762248032.7809262,-1.8298571899118543,4.458036164870085,3.819952866067745,0.0,14.186350042785955,-0.298786229843759,0.298786229843759
1762248032.8071914,-1.9677189453086612,4.455347711081981,3.852332126514234,0.0,14.32632097316334,-0.294110399425083,0.294110399425083
1762248032.8362622,-2.072793371404472,4.462552957663938,3.8484919816602976,0.0,14.432521062546982,-0.29924859405232085,0.29924859405232085
1762248032.872416,-2.2027191342713253,4.441691859776704,3.8428902336293027,0.0,14.56230240137152,-0.2755215792365955,0.2755215792365955
1762248032.8977683,-2.3266786636580004,4.417230514734369,3.75607381395504,0.0,14.685154094274901,-0.24839167334412005,0.24839167334412005
1762248032.9154336,-2.470939600629234,4.411808613740069,3.775223485423148,0.0,14.827597281780761,-0.24050348352795473,0.24050348352795473
1762248033.1376321,-3.4189999127363806,4.293360816568657,3.771208370759773,0.0,15.756336498602796,-0.12045844644668834,0.12045844644668834
1762248033.1693196,-3.537342400978208,4.267618102140468,3.774299878839633,0.0,15.874590330747626,-0.11383909973474246,0.11383909973474246
1762248033.3897173,-4.392224928758045,4.258045495913873,3.750445378671537,0.0,16.668019517699708,-0.31829293247169643,0.31829293247169643
1762248033.4190834,-4.536249835902022,4.266139949594383,3.7355056369815736,0.0,16.761597333360733,-0.38078527987340066,0.38078527987340066
1762248033.6047235,-5.266347749349419,4.146258470072471,3.704936645012613,0.0,17.471551724397646,-0.5866216963200102,0.5866216963200102
1762248033.779415,-5.890632425920008,3.884753373462859,3.624183846541183,0.0,18.06531807530384,-0.6640339273737202,0.6640339273737202
1762248033.9788811,-6.458139780282418,3.4978597882124483,3.565019541117078,0.0,18.654762028990362,-0.7042188567820613,0.7042188567820613
1762248034.1395805,-6.621551310165917,2.85541498623871,3.6008394283951155,0.0,19.137271707009564,-0.3918745987386226,0.3918745987386226
1762248034.168561,-6.611748190635133,2.7676707671903507,3.6196758534501754,0.0,19.19774617977727,-0.32906372045114674,0.32906372045114674
1762248034.186005,-6.608121317695971,2.6835488849818483,3.5689672364582643,0.0,19.257526344905372,-0.2738599095480473,0.2738599095480473
1762248034.2110806,-6.646205949237248,2.5450976021727265,3.4447335838666846,0.0,19.38133740212262,-0.22098756645200446,0.22098756645200446
1762248034.2322826,-6.656734496119339,2.4661530960075497,3.3517588706772012,0.0,19.448026436896054,-0.18398301444535234,0.18398301444535234
1762248034.37606,-6.839240528349646,1.9438766022309135,3.068433546726822,0.0,19.97320843213002,-0.07054728472291444,0.07054728472291444
1762248034.4311738,-6.886994185905475,1.7930448796338045,2.957668310021401,0.0,20.127264332760348,-0.047691177330112224,0.047691177330112224
1762248034.5980809,-7.104066678575263,1.1648537680173954,2.4216812604757085,0.0,20.783789792644832,-0.04617921614926468,0.04617921614926468
1762248034.7848039,-7.293301182627115,0.6567508887952997,2.5759444201549457,0.0,21.297874240941052,-0.15680004367707776,0.15680004367707776
1762248035.0604708,-7.3305689712232525,-0.22292331977016952,1.8476517486543806,0.0,22.111795930071438,-0.26653446992418417,0.26653446992418417
1762248035.1530504,-7.402789128475343,-0.35480644885065393,1.520689332094384,0.0,22.210189369496277,-0.3691163006811378,0.3691163006811378
1762248035.1741784,-7.3656914383571825,-0.3806076344632095,1.4640226345758656,0.0,22.240889484996906,-0.3403659066104795,0.3403659066104795
1762248035.2021155,-7.3442008286609095,-0.4464697695233115,1.4047494441223822,0.0,22.302602418403918,-0.3386367817254125,0.3386367817254125
1762248035.219804,-7.308479802659842,-0.48634969142861506,1.3597154518609564,0.0,22.346126557425343,-0.31677096246805236,0.31677096246805236
1762248035.3485937,-7.211139956886779,-0.6537205276721103,1.0811859249821456,0.0,22.517453130577223,-0.2826515638056271,0.2826515638056271
1762248035.3922133,-7.188481186061278,-0.6999560690755217,1.0527360801061252,0.0,22.563871508155653,-0.27932355387913294,0.27932355387913294
1762248035.6414933,-7.016266204669549,-1.0135392668629752,1.4622980888597956,0.0,22.891366405201413,-0.2634395953570408,0.2634395953570408
1762248035.8631918,-6.670664697923308,-1.3289980333523574,2.1205878226406902,0.0,23.311653856944176,-0.15687027043554994,0.15687027043554994
1762248036.0325089,-6.335160199686524,-1.5748161454149205,2.669535598601527,0.0,23.706549753443284,-0.0688941632148857,0.0688941632148857
1762248036.2182705,-5.700917113442803,-2.094351183874578,3.310872793823119,0.0,24.497914522034527,-0.11147317465188901,0.11147317465188901
1762248036.3702147,-5.1865855923691715,-2.339689565705723,3.495665283921816,0.0,25.03210583903979,-0.1810269221031861,0.1810269221031861
1762248036.5691779,-4.538427075390722,-2.617896977579964,3.568692915203102,0.0,25.64689016226026,-0.39119274077081684,0.39119274077081684
1762248036.8932588,-3.1325145352400328,-2.8164025536772104,3.6342070816478573,0.0,26.831676886138517,-0.8158196511538278,0.8158196511538278
1762248037.036547,-2.695583951619756,-2.761425663260889,3.330601943731928,0.0,27.208318489505196,-0.9061450969626332,0.9061450969626332
1762248037.161277,-2.1498527120970286,-2.665256393080925,3.5740553712878427,0.0,27.691734652735438,-1.0268391872380591,1.0268391872380591
1762248037.3710408,-1.5334340992979427,-2.4263038390853446,3.2299211390954614,0.0,28.308356680043218,-1.0770532933462955,1.0770532933462955
1762248037.7466905,-0.419204138457328,-1.6278725371817877,3.3037751335171075,0.0,29.753808991832035,-0.8232871532172688,0.8232871532172688
1762248037.9922621,0.39176142536051495,-1.194986250846388,3.5631837928053307,0.0,30.828232190002847,-0.5872015782487204,0.5872015782487204
1762248038.1509774,1.186939683511589,-1.0916877961762272,3.645960120975906,0.0,31.762049482085672,-0.4382640125460822,0.4382640125460822
1762248038.3671072,2.0690767012815927,-1.1957505649249587,3.5943498718829336,0.0,32.70915142162293,-0.28079696551823347,0.28079696551823347
1762248038.5404315,2.683664374366131,-1.419212720872266,3.668555226297387,0.0,33.38038611247896,-0.23184574797088592,0.23184574797088592
1762248038.8986213,4.145284065438888,-1.9928101461657852,3.7181181938956667,0.0,34.94079183000959,-0.10599031858875346,0.10599031858875346
1762248039.0579793,4.7680207465207465,-2.2131636895870987,3.716816871850573,0.0,35.59157096077464,-0.08976566900108755,0.08976566900108755
1762248039.1951275,5.2792361832299255,-2.345536943722656,3.701838209854604,0.0,36.1088890920842,-0.09096714644794003,0.09096714644794003
1762248039.3941195,6.147283166543177,-2.4197222786685773,3.563094987923072,0.0,36.95522738216489,-0.11235538678894681,0.11235538678894681
1762248039.5724003,6.884477276285398,-2.2349839697907012,3.4050716090137265,0.0,37.68484382524098,-0.09934213322191303,0.09934213322191303
1762248039.8589492,7.793814023779564,-1.7558157747962693,3.6170727906594125,0.0,0.3758335968137882,-0.2681817272422675,0.2681817272422675
1762248040.1820693,8.543607897078367,-0.6342198395695733,3.472243623955625,0.0,1.5514620379213786,-0.46222301702717383,0.46222301702717383
1762248040.323993,8.76812469979338,-0.2922414889252726,3.123906639450555,0.0,1.8632921401594413,-0.6310166910159688,0.6310166910159688
1762248040.5224023,8.813936589933318,0.48142246884897144,3.389887402826465,0.0,2.4997519199428435,-0.6817446838789564,0.6817446838789564
1762248040.919898,8.613304840297296,1.8719376040040514,3.1221663632202383,0.0,3.6334808183765546,-0.8801000835952868,0.8801000835952868
1762248041.0820343,8.400720013461171,2.4437548296529776,3.3628003337149637,0.0,4.113442230312703,-0.9776778002971092,0.9776778002971092
1762248041.303509,7.882004370414929,3.2274724007192255,3.5936207374222144,0.0,4.852591195240877,-1.0675538530196416,1.0675538530196416
1762248041.6468363,6.925763894699841,4.036803669186233,3.257256705820474,0.0,5.856027146446231,-1.0984230416818535,1.0984230416818535
1762248041.9582472,6.086349949309221,4.489883250380589,1.6041527107752866,0.0,6.645461419457445,-1.1066826668973508,1.1066826668973508
1762248042.1610227,5.920447282195182,4.573780950598305,0.33540905735872234,0.0,6.80222985050182,-1.119309254748281,1.119309254748281
1762248042.3704722,5.913203746863902,4.572529405944735,-0.10287682925815311,0.0,6.807535628217486,-1.1154175067179724,1.1154175067179724
1762248042.7904098,5.860831411214012,4.578203871016804,-0.000430128609611069,0.0,6.8501022583308195,-1.1011144882338,1.1011144882338
1762248042.9363446,5.839283616038884,4.578141769740026,-0.00039542456238907554,0.0,6.867149215114089,-1.0931047367739564,1.0931047367739564
1762248043.1193244,5.739442613773885,4.591130395173494,-0.0004291303680200684,0.0,6.9505764975347795,-1.0691268595516217,1.0691268595516217
1762248043.3908737,5.735650376322649,4.590871296184738,-3.499565507172897e-08,0.0,6.953574677370164,-1.0675378223284688,1.0675378223284688
1762248043.670723,5.614971338760257,4.60000564507705,-0.00021000820288771406,0.0,7.053388190065561,-1.034098477237816,1.034098477237816
1762248044.0125647,5.52116750896071,4.608873085121553,-0.00017738858403154524,0.0,7.128483502158932,-1.0112399442233782,1.0112399442233782
1762248044.3376982,5.455934578240502,4.610973760065758,-0.0007057529671548438,0.0,7.176018654025076,-0.9924771648018682,0.9924771648018682
1762248044.4946477,5.369339467409689,4.620566007295516,-0.00048478916510759444,0.0,7.242045732165082,-0.975493385053614,0.975493385053614
1762248044.8958428,5.573758299340846,4.604208892617959,-0.00010218357792594338,0.0,7.086756918794322,-1.0241565761046478,1.0241565761046478
1762248045.2520971,5.623926467530312,4.600779773052194,-8.175963485938956e-05,0.0,7.046544405752403,-1.0378801270174538,1.0378801270174538
1762248045.479877,5.604820138038325,4.606115888021924,-7.774502849067708e-05,0.0,7.063084929965369,-1.0363991263344223,1.0363991263344223
1762248045.8228126,5.559234062516984,4.611283841673028,-5.929386997781803e-05,0.0,7.0999117546999075,-1.025998973495866,1.025998973495866
1762248045.9690886,5.546286771172733,4.608198286737624,-0.0001415949558008761,0.0,7.109047573629022,-1.0188122927382397,1.0188122927382397
1762248046.1949646,5.559482923716763,4.609364894257233,-0.0001492299083029843,0.0,7.099200563739155,-1.024270757124464,1.024270757124464
1762248046.3381417,5.444885751623475,4.609909892588428,-0.0007597504088149542,0.0,7.184008992119488,-0.9880371045217713,0.9880371045217713
1762248046.658243,5.297256060293337,4.671545895651805,-3.245423315838966e-05,0.0,7.307092734520571,-1.0039989331482884,1.0039989331482884
1762248046.8566453,5.1891426117418185,4.625292919693248,-0.0006696325063880069,0.0,7.378852673688638,-0.9308363838236817,0.9308363838236817
1762248047.0127685,5.164657321917088,4.5219955501526705,-4.5078604193874075e-05,0.0,7.376847542729822,-0.8247087576028901,0.8247087576028901
1762248047.231331,5.228981399363572,4.437594585396554,-0.0005778930159235622,0.0,7.30831617117783,-0.7602942054681533,0.7602942054681533
1762248047.415783,5.364007054579836,4.236418690704998,-0.0004142822268964739,0.0,7.151563591477914,-0.6080297010275181,0.6080297010275181
1762248047.7476094,5.882583812291919,3.8748889063649137,-2.669457097001579e-05,0.0,6.589818659706854,-0.46192894243876587,0.46192894243876587
1762248047.9378102,6.347487949537112,3.709627826063932,-0.0013268829123033934,0.0,6.140785810794053,-0.5221058658570714,0.5221058658570714
1762248048.1621425,6.528463260584189,3.6272087344640584,-0.00024051946130260776,0.0,5.961775400118951,-0.5412230869885557,0.5412230869885557
1762248048.3767653,6.542284143068605,3.614513693243384,-0.000322226796572664,0.0,5.945193432651964,-0.5375016000517193,0.5375016000517193
1762248048.6020582,6.552525222459153,3.6036677366430663,-1.5776314698498403e-05,0.0,5.932354601961842,-0.533555809046133,0.533555809046133
1762248048.838811,6.541736170323422,3.5992608015140495,-1.072093706266787e-05,0.0,5.938601263100836,-0.5241797755103204,0.5241797755103204
1762248049.049241,6.550788276021983,3.599771190753824,-7.676606309033843e-06,0.0,5.931860573065281,-0.5293247926113983,0.5293247926113983
1762248049.2004678,6.551757924675403,3.596862476511368,0.0947064693011634,0.0,5.9297448496641545,-0.5273472377879445,0.5273472377879445
1762248049.3301523,6.559769002585263,3.6105589014188424,0.4211095988998581,0.0,5.9300198551222625,-0.5432116259583587,0.5432116259583587
1762248049.5702856,6.443556491703384,3.6237788035199876,0.6002528489868266,0.0,6.026356679422651,-0.49497729687720304,0.49497729687720304
1762248049.7548993,6.293195221611151,3.6328200620909974,1.2644258695653325,0.0,6.150196201270434,-0.4286192112635764,0.4286192112635764
1762248049.9752963,5.948500914089379,3.667779767854922,2.126732500337143,0.0,6.452024897140459,-0.3018992937370349,0.3018992937370349
1762248050.1892169,5.412107697658259,3.7248947111005983,2.101134451137621,0.0,6.948945117359546,-0.14310931357502985,0.14310931357502985
1762248050.3168242,5.042388335069755,3.7753046377497346,2.2817499653515876,0.0,7.3065740420154395,-0.07222333068931294,0.07222333068931294
1762248050.5721254,4.298743072202123,3.903448031730221,2.914762936159139,0.0,8.050655853703455,-0.06163406540296655,0.06163406540296655
1762248050.7576404,3.561246956075929,4.054377566603955,3.621351628465323,0.0,8.794644194981453,-0.15397995926956773,0.15397995926956773
1762248051.0637147,2.31945714221413,4.200610214872766,3.7330243173165605,0.0,10.0434963199901,-0.194876738839042,0.194876738839042
1762248051.2442358,1.6212579876394697,4.05421276147446,3.7265578482637474,0.0,10.729898062359977,-0.006906068372416588,0.006906068372416588
1762248051.4432914,0.8415605780099432,4.02438167661537,3.790630526857748,0.0,11.507017673972186,0.0629681885206836,0.0629681885206836
1762248051.6583242,-0.11939295829002484,4.081328092074556,3.800979529891492,0.0,12.47017809287856,0.05207325418573228,0.05207325418573228
1762248051.8990452,-1.079009779881507,4.2041696076948964,3.92049730886645,0.0,13.432826161791427,-0.04404742001365564,0.04404742001365564
1762248052.1103706,-2.0713846411198444,4.2246654549430485,3.794966429103453,0.0,14.426062205205946,-0.061443881311428424,0.061443881311428424
1762248052.336267,-3.018430033496596,4.101725609080952,3.351865356568684,0.0,15.365766142951824,0.07059309832331992,0.07059309832331992
1762248052.5201197,-3.608857061864533,4.031794343517437,3.0102145142298413,0.0,15.989315932663587,0.1041465320685889,0.1041465320685889
1762248052.6617782,-4.19585468766541,4.067623767744493,3.2619991806849207,0.0,16.550770109458785,-0.07784768420712983,0.07784768420712983
1762248052.9164493,-5.129301421792415,3.9085995922834336,3.379714211410257,0.0,17.452099994834693,-0.3130936798935551,0.3130936798935551
1762248053.0908477,-5.6381402486072005,3.5099515641395103,2.99436417047955,0.0,18.05712585445585,-0.2121958567753074,0.2121958567753074
1762248053.3929946,-6.2472434658354485,2.9576721422828087,2.1254180092124226,0.0,18.831227412912053,-0.17043047687754112,0.17043047687754112
1762248053.5453348,-6.434238847796041,2.6279780916835818,1.657498531429983,0.0,19.19534141915894,-0.10319320982376759,0.10319320982376759
1762248053.8955019,-6.645988656019806,2.0883168547618376,1.356144784372376,0.0,19.754750209032,0.02924139135724019,0.02924139135724019
1762248054.09729,-6.775936503957099,1.714091773769276,1.3519006574148227,0.0,20.153300104682998,0.08608838249738968,0.08608838249738968
1762248054.2668622,-6.8818837055941415,1.4350390265166348,1.2275207355599804,0.0,20.459683738339177,0.09104377818017624,0.09104377818017624
1762248054.4412956,-6.964186467340831,1.2279873139019601,1.4553956016148073,0.0,20.687524042804792,0.07368222780308296,0.07368222780308296
1762248054.6311913,-7.023544013213834,0.9261464147458014,1.255309831500432,0.0,21.00294688183106,0.08035290743389005,0.08035290743389005
1762248054.8180628,-7.078351309036553,0.5866260040907108,1.6262071758657373,0.0,21.355022467311098,0.06171976744744244,0.06171976744744244
1762248055.0402741,-7.103239290409145,0.05834970254432976,2.275078762529991,0.0,21.889069155011775,0.01000783512566453,0.01000783512566453
1762248055.1966166,-7.017904799092629,-0.4219251232484547,2.7727858740058764,0.0,22.375575226246255,-0.02077425246377526,0.02077425246377526
1762248055.4150286,-6.781791348184995,-1.0718758443130483,3.376729893817,0.0,23.050314336379742,-0.09296039917744923,0.09296039917744923
1762248055.6309035,-6.2539415767312825,-1.6830263758795454,3.463172507587983,0.0,23.837447672218126,-0.09105922901544312,0.09105922901544312
1762248055.9055521,-5.333411880122045,-2.2687236513863906,3.4484021026618232,0.0,24.882291799062653,-0.1474766478767782,0.1474766478767782
1762248056.1076877,-4.550454081179199,-2.587793799990446,3.6181011331832975,0.0,25.636062097708027,-0.361129877862516,0.361129877862516
1762248056.2915366,-3.870554393457726,-2.629476089003604,3.633723497030713,0.0,26.23993493067368,-0.4606005904433014,0.4606005904433014
1762248056.4803367,-3.147023420755469,-2.777568036348656,3.651116834768211,0.0,26.829582315889898,-0.7744353244525856,0.7744353244525856
1762248056.6996412,-2.2220875855727438,-2.514997106974821,3.687616956611911,0.0,27.687746790349888,-0.8601758197761732,0.8601758197761732
1762248056.9566293,-1.2278332671312315,-2.105018940365136,3.492073169300446,0.0,28.725133514243495,-0.926918296080101,0.926918296080101
1762248057.1109536,-0.6595785558692939,-1.7599098489682685,3.5893993364107946,0.0,29.438898043432456,-0.8566029527770738,0.8566029527770738
1762248057.3654099,0.1734191029068045,-1.2223762655218824,3.447645159162692,0.0,30.563151422192025,-0.5862862359408376,0.5862862359408376
1762248057.5588093,1.1646650014601618,-1.0797186967635415,3.5609613551095176,0.0,31.7349826434598,-0.43058146840169975,0.43058146840169975
1762248058.048721,2.8329340987356986,-1.4873112157667092,3.4761947483864803,0.0,33.54643239230824,-0.2265435727685438,0.2265435727685438
1762248058.254478,3.6031609542769623,-1.8957346205478933,3.6009074142803397,0.0,34.415228159662526,-0.2463561304283993,0.2463561304283993
1762248058.620462,5.137554448454118,-2.4362433779231223,3.697288621832557,0.0,35.992867978060694,-0.20828934660836554,0.20828934660836554
1762248058.77404,5.8225558194507165,-2.474192487573569,3.6788036406802243,0.0,36.6437399360417,-0.15919096860890788,0.15919096860890788
1762248059.1076705,6.970432154579356,-2.3037692904419154,3.659081067794757,0.0,37.73271864257077,-0.19656406794979656,0.19656406794979656
1762248059.3862796,7.985763709575528,-1.747791595328462,3.5397309509529604,0.0,0.4924706427969101,-0.4128338766465597,0.4128338766465597
1762248059.743645,8.817834667447203,-0.6401085886872923,3.0978799185452326,0.0,1.5926496088930677,-0.7319075601768923,0.7319075601768923
1762248060.2047548,8.78590006814283,0.9735335584872423,3.3511076945995324,0.0,2.900995404576591,-0.739066920046783,0.739066920046783
1762248060.4861891,8.459131661427229,1.9375118379824496,3.623472778155611,0.0,3.7370821932871565,-0.7716361317987579,0.7716361317987579
1762248060.6318762,8.16687499201626,2.513551427951892,3.660646583934896,0.0,4.265421859188386,-0.8245625418360221,0.8245625418360221
1762248060.9398572,7.560428647902164,3.253065911412906,3.5910275021833913,0.0,5.054792113629824,-0.8614419538902535,0.8614419538902535
1762248061.2100356,6.6189099436702215,4.05883704213493,3.510196838919474,0.0,6.083245162468389,-0.9594833803116134,0.9594833803116134
1762248061.4708843,5.8421855648610865,4.461130623997622,2.5015528421909385,0.0,6.828103903954308,-0.9855081187871015,0.9855081187871015
1762248061.7835255,5.321918095470754,4.665800934147983,0.058448679509040265,0.0,7.286968179997572,-1.0052995291629874,1.0052995291629874
1762248062.1769495,5.178665458638426,4.666008320236699,-0.00045551615758844587,0.0,7.395240087183331,-0.9675974688252856,0.9675974688252856
1762248062.3884583,5.289012747568035,4.655323464541735,-0.009246935636558748,0.0,7.309865634930572,-0.9861403588343408,0.9861403588343408
1762248062.6975496,5.347715770055498,4.65235457173729,-0.0003757362854439149,0.0,7.264292511236489,-0.9996844303722743,0.9996844303722743
1762248062.904763,5.384051906883863,4.650808741051075,-0.0020193833169498136,0.0,7.239190736150836,-1.008717303268213,1.008717303268213
1762248063.1968024,5.463928808530437,4.639181573365649,-3.148161731129917e-08,0.0,7.176887444427593,-1.021771926367559,1.021771926367559
1762248063.4874256,5.509582058572436,4.637444556506189,-0.0002230658232889447,0.0,7.144053701525646,-1.0345475050276045,1.0345475050276045
1762248063.8337154,5.5422901627384,4.6350157817446025,-0.0029935968770955558,0.0,7.1192597342149515,-1.04283627498285,1.04283627498285
1762248064.0454407,5.532881721372076,4.634150674683259,-0.0009192922404053383,0.0,7.126207063286933,-1.0389519079639953,1.0389519079639953
1762248064.3731925,5.520569781111061,4.634064054439676,-0.002167838908104691,0.0,7.135555722620407,-1.0348811823261876,1.0348811823261876
1762248064.653825,5.532139918005838,4.630592577887677,-0.0001027867461804588,0.0,7.125834783516784,-1.035345952890562,1.035345952890562
1762248064.8960447,5.548978157401504,4.633172848215757,-8.198617091066534e-05,0.0,7.113659946351323,-1.0432845610347432,1.0432845610347432
1762248065.11363,5.560166524132524,4.636245770536783,-0.004816004045181826,0.0,7.105915546250971,-1.049866646512047,1.049866646512047
1762248065.4475744,5.5484875607530055,4.633567523765489,-5.7443556352871445e-05,0.0,7.114140202503785,-1.0434964920105088,1.0434964920105088
1762248065.617261,5.54793893376013,4.633286429303544,-6.193448349105694e-05,0.0,7.114484903738547,-1.0430510453964716,1.0430510453964716
1762248065.9007366,5.543774421756754,4.632772673422311,-3.932961633240564e-05,0.0,7.117531383119696,-1.0412017250835512,1.0412017250835512
1762248066.0683863,5.549487031955643,4.633229709050629,-5.6224010081085566e-05,0.0,7.113285868605967,-1.043505230701845,1.043505230701845
1762248066.2786007,5.514430349040576,4.634596166281659,-0.0007764933691220145,0.0,7.140359727812042,-1.0334065296104462,1.0334065296104462
1762248066.5375724,5.40698544330043,4.633158323507294,-0.0005331256673690644,0.0,7.217865396277715,-0.9986532327543765,0.9986532327543765
1762248066.8320038,5.336950719342875,4.669425201138515,-2.0260149078226786e-05,0.0,7.276303271038987,-1.012998063257876,1.012998063257876
1762248067.0321462,5.1316356691192055,4.479057662762666,-0.00039880664882069165,0.0,7.394317217052203,-0.7748257659064773,0.7748257659064773
1762248067.2922063,5.014003144333366,4.307012381704085,-2.35423953964288e-09,0.0,7.455336261328417,-0.5794283121880768,0.5794283121880768
1762248067.6368523,5.178178350939036,4.2827524189012065,-0.0002691569846240585,0.0,7.313864011197236,-0.5974660373542227,0.5974660373542227
1762248067.8818026,5.444581593102048,4.2792295655217245,-1.6114824449896606e-09,0.0,7.098380634900226,-0.6747129294606583,0.6747129294606583
1762248068.1099677,5.418182802337141,4.296055213746606,-1.0712225367868586e-05,0.0,7.1246224164145895,-0.6819335651817108,0.6819335651817108
1762248068.3718724,5.481959327523868,4.272403475914174,-0.00017189427030329496,0.0,7.065625289616219,-0.6807988314847028,0.6807988314847028
1762248068.5075605,5.296776135723955,4.290541465251257,-1.0357418948273279e-05,0.0,7.219675716350938,-0.6387575567905602,0.6387575567905602
1762248068.702893,5.19312724541754,4.337912941356609,-7.180481943673668e-06,0.0,7.3144114888752325,-0.6546129828041696,0.6546129828041696
1762248069.0923424,4.7958848808214105,4.374327880333657,-0.00010773461543359961,0.0,7.653206657454072,-0.599712641774064,0.599712641774064
1762248069.297991,4.605053116736033,4.382740373245871,-0.0004046586982136814,0.0,7.821372005159678,-0.5762779229776737,0.5762779229776737
1762248069.5042453,4.550972033365314,4.366269228789534,-0.0002955607522926433,0.0,7.867379262205224,-0.5521854065576519,0.5521854065576519
1762248069.810914,4.390029049353504,4.431931527579004,-3.3441548444654075e-06,0.0,8.020352177734894,-0.597000519113144,0.597000519113144
1762248069.9859731,3.840402894105193,4.470889949609621,-3.283454898037796e-06,0.0,8.544560485132877,-0.5886547404235867,0.5886547404235867
1762248070.134694,3.75117498494608,4.502249961294659,-5.445482389933843e-05,0.0,8.635158579284537,-0.6138550657819795,0.6138550657819795
1762248070.4074297,3.9583909325817372,4.461940987819895,-4.5601236235080806e-05,0.0,8.428596939292792,-0.5880550626729926,0.5880550626729926
1762248070.6594076,4.19053620229369,4.565992596221915,-1.8874304598273206e-06,0.0,8.216050240121836,-0.7103340469136935,0.7103340469136935
1762248071.0955415,4.199032282148786,4.575132679717933,-2.278371519193723e-06,0.0,8.208928717086065,-0.7201956185422509,0.7201956185422509
1762248071.3704243,4.405672114913021,4.3276453755431135,-1.4948508911744275e-06,0.0,7.994895737788456,-0.49522360898603324,0.49522360898603324
1762248071.6142612,3.5006751196066848,4.379687951523909,-1.5134503024460174e-10,0.0,8.879619095754425,-0.474075547181625,0.474075547181625
1762248072.0400577,3.439571838217978,4.396736235998168,-9.354452762265132e-07,0.0,8.943462723992019,-0.48645925494458947,0.48645925494458947
1762248072.236789,3.421682673273224,4.3786749527410675,-1.664396959092095e-05,0.0,8.960376671427658,-0.46706105766661066,0.46706105766661066
1762248072.5943606,3.409140962750614,4.3750312478178515,-7.534985454658595e-07,0.0,8.972958963155778,-0.4624416915709123,0.4624416915709123
1762248072.8119252,3.4000440776924314,4.373837442887123,-5.521907668422608e-07,0.0,8.982207828569917,-0.46052948714128594,0.46052948714128594
1762248073.1149845,3.3816428148118716,4.363294445705609,-6.519495570892183e-07,0.0,9.000244897056563,-0.4485432988333662,0.4485432988333662
1762248073.3073742,3.369170467946206,4.354107238453626,-7.2740178007786184e-06,0.0,9.012286604699502,-0.4383727918209407,0.4383727918209407
1762248073.515237,3.3816425901580667,4.358652944034971,-6.517040815614649e-06,0.0,8.999858320933999,-0.44391697818558545,0.44391697818558545
1762248073.7680686,3.386858301536097,4.357867083342535,-3.581041879500809e-07,0.0,8.994436451291868,-0.44355442287559477,0.44355442287559477
1762248074.0311048,3.385155226640008,4.355474897456407,-2.7048272199122474e-07,0.0,8.995986784058315,-0.44103284199758347,0.44103284199758347
1762248074.2540398,3.392948514431345,4.3599586714843515,-2.6624422954594367e-07,0.0,8.988355059234294,-0.44612823293067116,0.44612823293067116
1762248074.4841053,3.3945928137597456,4.355060861926201,-1.990341811543396e-07,0.0,8.98626296241358,-0.4413777051491344,0.4413777051491344
1762248074.9222503,3.3814172460234824,4.35226095172924,0.05939648848022813,0.0,8.999557382773673,-0.43752768898771033,0.43752768898771033
1762248075.1063678,3.334778464919972,4.338149773716245,0.5038272340399647,0.0,9.046234278279819,-0.41962156107428045,0.41962156107428045
1762248075.3070645,3.2151863307841326,4.288900739999519,1.1994121226578085,0.0,9.164735730455645,-0.35998938733729674,0.35998938733729674
1762248075.556417,2.714641631624994,4.111624652361853,2.130134374265714,0.0,9.64520035613846,-0.13619663066057724,0.13619663066057724
1762248075.8848226,1.866824285799902,4.0157754755432915,1.7201996422591328,0.0,10.48255936102423,0.017924489077573533,0.017924489077573533
1762248076.039543,1.734921057328698,4.0305008425799,-0.002599788487914982,0.0,10.615114853130297,0.010620673569490884,0.010620673569490884
1762248076.3113024,1.7044043220451144,3.9597572102916763,0.7741771812146255,0.0,10.641731864894435,0.08292893623971545,0.08292893623971545
1762248076.511491,1.5839706447239748,3.971012429537308,0.6993185348486166,0.0,10.762725998726978,0.0781578838354995,0.0781578838354995
1762248076.7699568,1.3863541071623549,3.9811511976700933,0.5469946621506305,0.0,10.96073463437694,0.07830760932774637,0.07830760932774637
1762248077.2301295,1.470661875002006,3.9615027291405664,0.31175849005614314,0.0,10.87547632371695,0.09358639321360601,0.09358639321360601
1762248077.4438624,1.3857270599989082,3.9806377072091808,-0.0001104519362802952,0.0,10.96133480133665,0.07885255971845478,0.07885255971845478
1762248077.7109647,1.4170759763499832,3.986359202606705,-0.00010113203043427718,0.0,10.93030705438806,0.07152928612704153,0.07152928612704153
1762248077.9252763,1.4448663632870975,3.992667971777223,-0.00010683219365979282,0.0,10.902865901228209,0.06379706105935101,0.06379706105935101
1762248078.1713963,1.4668960843690175,3.996800995557437,-8.123130500583676e-05,0.0,10.881069170589809,0.05853062149109729,0.05853062149109729
1762248078.5423133,1.4888121812116075,4.0130592505936065,-6.238227894001808e-05,0.0,10.860017232323536,0.04115745806019459,0.04115745806019459
1762248078.7950718,1.502815318318663,4.025244282167005,-0.0010689357345863553,0.0,10.846662804426813,0.02826052574082327,0.02826052574082327
1762248079.1122904,1.5051790203600812,4.02937107631788,-4.1238527949900046e-05,0.0,10.84451675012841,0.024016218623410943,0.024016218623410943
1762248079.2689226,1.4897011263766828,4.033385103878212,-3.508651628209111e-05,0.0,10.860185617690597,0.020812871637258822,0.020812871637258822
1762248079.5323725,1.5145798044825944,4.024988174355066,-0.0005790343843634704,0.0,10.834897930327406,0.0279030097709159,0.0279030097709159
1762248079.8515174,1.5013340720671593,4.027297950300949,-9.225974852709743e-05,0.0,10.848249361668286,0.026286769944600597,0.026286769944600597
1762248080.1031241,1.5374572813192542,4.017340953484227,-2.133014757619179e-05,0.0,10.81164480723796,0.034343386850772664,0.034343386850772664
1762248080.427744,1.5444027425121722,4.021775603980938,-2.1329093370742987e-05,0.0,10.80493929326143,0.029550596743381664,0.029550596743381664
1762248080.7642002,1.5150722964689245,4.011176014600865,-1.5109851269123542e-05,0.0,10.833684865921,0.041670643563380294,0.041670643563380294
1762248081.2120335,1.5192415776879054,4.031518154690635,-1.1086299476744056e-05,0.0,10.830582407491201,0.02113857045495872,0.02113857045495872
1762248081.3767333,1.5017300688016066,4.044764914994426,-8.236973784324122e-06,0.0,10.84876330030201,0.008822875217017488,0.008822875217017488
1762248081.7404675,1.4787220574505089,4.032089634454128,-0.00013348178513466466,0.0,10.871084631127223,0.02267652705567495,0.02267652705567495
1762248082.0375826,1.4561341796238882,4.036939336861334,-7.404750887021889e-06,0.0,10.893897067580578,0.019002789942951383,0.019002789942951383
1762248082.4019935,1.5200623625695384,4.025244804520953,-8.936158555433771e-05,0.0,10.829434822774457,0.027360488705548972,0.027360488705548972
1762248082.7594628,1.5999053068713864,4.052979857895616,-5.001218595615704e-10,0.0,10.75115342646051,-0.004538930813032225,0.004538930813032225
1762248083.1541827,1.5273126754018729,4.345719485570734,-0.9083723768997913,0.0,10.838908418393162,-0.29305582937680874,0.29305582937680874
1762248083.3433292,1.6987090405306968,4.517639373291017,-0.4506726852110676,0.0,10.677600819498334,-0.473821622387004,0.473821622387004
1762248083.5883493,1.339726760821319,4.702999584488124,5.689508153478422e-05,0.0,11.04407282042731,-0.6402186314933804,0.6402186314933804
1762248083.9709053,1.1452171507003315,4.4818059800106695,0.000391184174154337,0.0,11.227098217191962,-0.4094208838475286,0.4094208838475286
1762248084.1506183,0.8987032239859934,4.206514626995692,1.8398410518793234e-05,0.0,11.459314134947812,-0.1218618327547064,0.1218618327547064
1762248084.3431337,1.0440677896940138,4.058150842837649,2.8194481068157232e-05,0.0,11.30651884900233,0.018847062293854418,0.018847062293854418
1762248084.3608294,1.0791072453412933,4.051720601336325,0.00027576175601466284,0.0,11.271198352650954,0.02347747365110016,0.02347747365110016
1762248084.6480038,1.3659622013122208,3.9977861113821174,1.2873946502349069e-05,0.0,10.981959151594076,0.06273843676428001,0.06273843676428001
1762248084.9170403,1.452052246547003,3.955055761858984,0.6153489315322547,0.0,10.893741268104574,0.10098789701339912,0.10098789701339912
1762248085.1445537,1.2878141181743397,3.931032918582679,1.4890937218946654,0.0,11.056627242567608,0.13338955479639922,0.13338955479639922
1762248085.3115044,1.071176314553613,3.9843730705900837,2.152696167683362,0.0,11.275677701535189,0.0911422276743041,0.0911422276743041
1762248085.5262928,0.754209282488761,4.02723187010244,3.025650483649766,0.0,11.594408831490624,0.06460775651936708,0.06460775651936708
1762248085.8586812,0.28430462433138043,4.069668318195166,3.601751298274483,0.0,12.066032235191052,0.04567613392077812,0.04567613392077812
1762248086.0749836,-0.2129507633522555,4.105485877738384,4.027847377216468,0.0,12.56471435251641,0.031681586430183886,0.031681586430183886
1762248086.285033,-0.07769379797503698,4.13449348038298,3.8899481217403142,0.0,12.430699432410124,-0.002775574879634569,0.002775574879634569
1762248086.5105278,-0.6470170479357785,4.243267733833377,3.8254562359550555,0.0,13.002736816525005,-0.09155135052347808,0.09155135052347808
1762248086.8374107,-1.684060822807257,4.352011947267007,3.765063031325415,0.0,14.037469640587867,-0.19356736550130685,0.19356736550130685
1762248087.079221,-2.111474276301381,4.333068456888633,3.711757821235148,0.0,14.468568272855073,-0.16896005913614742,0.16896005913614742
1762248087.237895,-2.264379275185511,4.3283435257135805,3.6503941515793565,0.0,14.62130833067998,-0.16083737298459644,0.16083737298459644
1762248087.4093943,-2.6737009163849987,4.241947003801046,3.1476538400480583,0.0,15.026881337717331,-0.06963288663936093,0.06963288663936093
1762248087.7453878,-2.412684464459657,4.108929436841678,2.16750906768116,0.0,14.765110921393418,0.06146243990671571,0.06146243990671571
1762248087.9585202,-1.9884713747222447,4.040225044054275,1.777087446381186,0.0,14.339615160197972,0.12131950351358671,0.12131950351358671
1762248088.1632497,-1.9186186998041166,3.965575563476928,1.575004741414242,0.0,14.269017361175608,0.1947828679741212,0.1947828679741212
1762248088.4347436,-2.253410729000029,3.9067440852164106,2.0996964554872233,0.0,14.601100103124628,0.2604208696056469,0.2604208696056469
1762248088.592552,-2.630372705552627,3.866195752523489,2.410770800743866,0.0,14.98404486129876,0.3062265947331883,0.3062265947331883
1762248088.8459496,-3.159529361305499,3.8120737421762967,2.139529876452529,0.0,15.471629202458516,0.3742367875860927,0.3742367875860927
1762248089.1522577,-3.9349618607460584,3.7770791474854737,2.1716271979859445,0.0,16.377667649849975,0.2736642486622679,0.2736642486622679
1762248089.365441,-4.667460646659588,3.725050840471897,2.6068973282484484,0.0,17.111127062805792,0.0398941507780899,0.0398941507780899
1762248089.5815368,-5.340586520667552,3.6295376527478416,2.4642391429982378,0.0,17.75324855227931,-0.1610847780576894,0.1610847780576894
1762248090.0645003,-6.079199239531013,2.7324355706441197,1.90919908736348,0.0,18.887554478578274,0.10470904493656988,0.10470904493656988
1762248090.206443,-6.253156867710542,2.4649953674811074,2.1046813896637464,0.0,19.209013772960578,0.14005243779583515,0.14005243779583515
1762248090.383036,-6.4427598951088,2.0595120393795137,2.1935203394821094,0.0,19.671703880399885,0.21811043099542402,0.21811043099542402
1762248090.601898,-6.662875517545134,1.5636707347733132,1.710558563389774,0.0,20.250901543396868,0.24971176416179788,0.24971176416179788
1762248090.9222198,-6.84603639840309,1.0757766627154555,1.0628495485836333,0.0,20.812208719430572,0.22539609284821127,0.22539609284821127
1762248091.1095037,-6.894766997895877,0.8787857365065489,1.0015497956331953,0.0,21.030482569538712,0.21504458013019878,0.21504458013019878
1762248091.2496235,-6.931247938841338,0.6648176963478767,1.2442982611125093,0.0,21.263755105543176,0.2037630531083999,0.2037630531083999
1762248091.5328207,-6.937797872237548,0.20712323467163007,1.5625814913086344,0.0,21.756917724385165,0.1925970476479152,0.1925970476479152
1762248091.727904,-6.896072769236607,-0.1897139343168779,1.6590411321612997,0.0,22.18345183871334,0.1631006770022463,0.1631006770022463
1762248092.0602248,-6.738099769753524,-0.7349985236761836,1.2959645985733894,0.0,22.780482539980447,0.11354549762342234,0.11354549762342234
1762248092.2723296,-6.603637092629594,-1.07671629737632,1.5738880771622565,0.0,23.15494326961756,0.050436703624050734,0.050436703624050734
1762248092.4152107,-6.391720916217525,-1.2737414081462894,1.6937614254993896,0.0,23.446322218295155,0.09305131012197226,0.09305131012197226
1762248092.628705,-6.116435332698559,-1.4559854395948966,1.3229032327086832,0.0,23.781972936467117,0.16862575501943128,0.16862575501943128
1762248092.9942355,-5.67289236808731,-1.865579324488397,1.2163066787617747,0.0,24.422891100688265,0.10647275522863202,0.10647275522863202
1762248093.1851878,-5.48198870864329,-2.013054388159001,1.8346225142204917,0.0,24.665476241152593,0.048968413833712955,0.048968413833712955
1762248093.3667283,-5.0547511960496365,-2.195499825901252,2.3005910951080497,0.0,25.129896606921506,-0.013978133413629554,0.013978133413629554
1762248093.596386,-4.576959375938197,-2.4662923628599454,2.9547622132422875,0.0,25.610925651727033,-0.23987300743357923,0.23987300743357923
1762248093.8621566,-3.522649658451835,-2.515076042633617,3.593191433097506,0.0,26.56999679789495,-0.4203989676614776,0.4203989676614776
1762248094.06988,-2.7676490127364213,-2.4769609591491,3.675822915023886,0.0,27.23913568699702,-0.6146768066634498,0.6146768066634498
1762248094.2165504,-2.1074368782193185,-2.3264414107621607,3.7367193652306505,0.0,27.858095778995455,-0.7365284690617219,0.7365284690617219
1762248094.4280148,-1.3081615584482102,-2.0104449655781913,3.796597069424029,0.0,28.694802677046823,-0.8064122987866458,0.8064122987866458
1762248094.724446,-0.32915093361807357,-1.2836034450822087,3.723179907508639,0.0,29.982194031008888,-0.5265990803771343,0.5265990803771343
1762248094.9183457,0.3422518356183363,-0.9405070073179269,3.791184857308812,0.0,30.79841972191903,-0.32918603721098616,0.32918603721098616
1762248095.1258006,1.1899900276933113,-0.6776696802250062,3.648019668934367,0.0,31.68709591068694,-0.0302447593543012,0.0302447593543012
1762248095.3321888,2.02263233615396,-0.8472779167036153,3.6685614430176146,0.0,32.53677287669816,0.02750411014568533,0.02750411014568533
1762248095.5022593,2.6181471327669406,-1.0486800408486046,3.7064855537555568,0.0,33.159866324433935,0.07395620307078654,0.07395620307078654
1762248095.7713938,3.6524023835535027,-1.5375982289673908,3.7342089699765797,0.0,34.302225013775875,0.0968995644325521,0.0968995644325521
1762248096.0138602,4.629310067340659,-2.0076487651206802,3.7332861271952322,0.0,35.39464502365734,0.060129068567593875,0.060129068567593875
1762248096.237708,5.627848746029782,-2.3353140327359108,3.644413004472113,0.0,36.44694350611983,-0.032243245104174846,0.032243245104174846
1762248096.3813615,6.292890107580258,-2.4113450018127898,3.673882357699207,0.0,37.09478307066836,-0.11927391122943039,0.11927391122943039
1762248096.5820217,7.0423356094356295,-2.343891805673635,3.6270645786962508,0.0,37.77588264881568,-0.2630910526450678,0.2630910526450678
1762248096.8247697,7.91387976698602,-1.9328557267693247,3.590560347399995,0.0,0.32325828917251626,-0.47385551363318457,0.47385551363318457
1762248097.0422466,8.409713650876652,-1.369275408771186,3.6298738316921915,0.0,0.9376677345002644,-0.5755504007382762,0.5755504007382762
1762248097.311043,8.875864213369647,-0.3104257895672998,3.3818633549650823,0.0,1.8572080140183957,-0.7400476761515713,0.7400476761515713
1762248097.5572186,9.002347959550702,0.6420240873024639,3.580426689573167,0.0,2.608316332171154,-0.8890939085567187,0.8890939085567187
1762248097.8307621,8.743432262864188,1.7785947401723694,3.6094106929928174,0.0,3.5228775082356134,-0.958870109726611,0.958870109726611
1762248097.9906425,8.569147337626356,2.350329788470092,3.5277447581212136,0.0,3.980644740785526,-1.070116312130471,1.070116312130471
1762248098.2029839,8.143412688538257,3.064149658805714,3.539451279082277,0.0,4.620227860217988,-1.148706579131363,1.148706579131363
1762248098.3992395,7.583916915637393,3.6918008430048626,3.5635118895256626,0.0,5.27237254117267,-1.2063895109389586,1.2063895109389586
1762248098.6964917,6.663722528188724,4.208466120034612,3.0044198529502544,0.0,6.112201854770392,-1.1118009389600743,1.1118009389600743
1762248098.945569,6.037727094251269,4.560027047228643,1.7759132406935472,0.0,6.7066819123518195,-1.1517604786312778,1.1517604786312778
1762248099.1601186,5.843932178017123,4.605552101269113,-0.016504106039330852,0.0,6.8720241880914354,-1.1203061322678045,1.1203061322678045
1762248099.4098089,5.872935615411964,4.596849171794134,-0.009228124538091072,0.0,6.846399310733844,-1.122917999298795,1.122917999298795
1762248099.714339,5.939638270380723,4.58795421387669,-0.008783489042909732,0.0,6.791692232480257,-1.1396911335173392,1.1396911335173392
1762248099.9650621,5.958200605557506,4.5865151489022775,-0.0065093761299014775,0.0,6.776665678029008,-1.1454206926513586,1.1454206926513586
1762248100.1428092,5.947705747947286,4.588473606895293,-4.059502486247757e-08,0.0,6.785526510677964,-1.143234844290475,1.143234844290475
1762248100.2953653,5.965328355614341,4.586507837071019,-0.0002852842693512632,0.0,6.771080356998249,-1.1481361227230047,1.1481361227230047
1762248100.566786,5.92513654523575,4.590558812530386,-0.00021991072183331087,0.0,6.803923428206117,-1.136615849137851,1.136615849137851
1762248100.9658372,5.940717730612379,4.588163537625166,-0.003370933949442561,0.0,6.790911822616915,-1.1402942500198276,1.1402942500198276
1762248101.323535,5.914749831722138,4.58967904071063,-0.00016003044023950582,0.0,6.8118103190249935,-1.1318871089146536,1.1318871089146536
1762248101.6140862,5.913152365330614,4.589367541221793,-0.00011614140163837585,0.0,6.812967704347097,-1.1309976293322523,1.1309976293322523
1762248101.966772,5.923711098324822,4.591852174196857,-0.001785562573436495,0.0,6.805458248444608,-1.137275823832097,1.137275823832097
1762248102.211799,5.9151212338670405,4.593731993775684,-0.005245520372482728,0.0,6.812813287760442,-1.135782122159719,1.135782122159719
1762248102.5924895,5.814464794186117,4.599485460631716,-8.162413107304188e-05,0.0,6.893459508034657,-1.1038926241809706,1.1038926241809706
1762248102.8388667,5.800568694619154,4.6016388365275755,-0.00435131513951409,0.0,6.9051619945665115,-1.1008572800255398,1.1008572800255398
1762248103.0086758,5.827540657599268,4.5997249375032485,-7.420656294680682e-05,0.0,6.883177156353595,-1.1088819023834295,1.1088819023834295
1762248103.1989052,5.868514164798795,4.5965530679807,-0.0009127011764865545,0.0,6.849796194828781,-1.1210042257473365,1.1210042257473365
1762248103.359133,5.90979623258967,4.588696343736826,-0.0007494869191817647,0.0,6.8153946424056535,-1.129114210911615,1.129114210911615
1762248103.856154,5.672753767861084,4.596804514753609,-3.335291043873865e-05,0.0,7.006807410675085,-1.0509886867293416,1.0509886867293416
1762248104.0146494,5.525303587137126,4.675802397228133,-3.4893984797966515e-09,0.0,7.14282725489106,-1.0759212798277393,1.0759212798277393
1762248104.1443431,5.274524760140163,4.6874006087985896,-0.0004649370739052168,0.0,7.327929551975721,-1.0130967376305127,1.0130967376305127
1762248104.471327,5.27129785413576,4.445002435360577,-1.9807241617908212e-05,0.0,7.276340699247184,-0.7791696407494809,0.7791696407494809
1762248104.8439064,5.018001145060559,4.327986669896158,-0.00029590109848986877,0.0,7.456195064880559,-0.6007561739715006,0.6007561739715006
1762248105.1398034,5.654521191559879,4.30281358902158,-2.0756611877431436e-05,0.0,6.930138132226521,-0.7694867412846287,0.7694867412846287
1762248105.362605,5.3729242981927845,4.295430121817193,-0.00020757709430141625,0.0,7.160199176068926,-0.6668219065954423,0.6668219065954423
1762248105.616144,5.33624282819236,4.350249003084902,-0.0004467964729257742,0.0,7.203322839925055,-0.7075772136259186,0.7075772136259186
1762248105.9079769,5.036810927505954,4.328285374255997,-7.83220137851919e-06,0.0,7.440913474033405,-0.6054780858789657,0.6054780858789657
1762248106.1437829,4.809855308735007,4.392658018618507,-9.128449702947364e-10,0.0,7.6441417200061625,-0.6203192060685997,0.6203192060685997
1762248106.3748052,4.500258233852857,4.408199963040553,-5.9233785577668875e-06,0.0,7.918055943594186,-0.586883804241095,0.586883804241095
1762248106.5509007,4.28542565314054,4.431346448882441,-5.229831216179892e-06,0.0,8.116315736882624,-0.5852428368750547,0.5852428368750547
1762248106.9075267,4.17689590268555,4.433313235856396,-5.574463935972048e-10,0.0,8.217745901703749,-0.5769676599082649,0.5769676599082649
1762248107.153815,4.005805386105414,4.437762478956222,-3.84211376263822e-06,0.0,8.38102053724036,-0.5674559769437764,0.5674559769437764
1762248107.3342044,3.8079865489520106,4.4020473477152295,-3.217642190009669e-06,0.0,8.57191175310776,-0.5177510402775269,0.5177510402775269
1762248107.5805953,3.43622106485769,4.2582860335152946,-3.212689775626027e-06,0.0,8.935950225044953,-0.348162617655838,0.348162617655838
1762248107.9716196,3.1964900580012943,4.2966825987561315,-2.9246948139703794e-06,0.0,9.184847101436446,-0.3659673776804305,0.3659673776804305
1762248108.155989,2.98024223429993,4.3131643220928,-2.10760026516967e-06,0.0,9.402002526296316,-0.36081509212888246,0.36081509212888246
1762248108.3332994,2.730060718030755,4.380669326369407,-0.00011665858617965639,0.0,9.652325217743725,-0.4055862633024297,0.4055862633024297
1762248108.6216931,2.4312467205955333,4.5835352263390075,-3.6168481470623968e-06,0.0,9.959964640601747,-0.5847035560732269,0.5847035560732269
1762248108.920203,1.9243430788905387,4.624807874075509,-2.5535426120499257e-05,0.0,10.460302814557052,-0.5934082993356629,0.5934082993356629
1762248109.2030478,1.418538874982668,4.613067811307854,-1.0467324892580552e-06,0.0,10.960976677827018,-0.5544280441108628,0.5544280441108628
1762248109.4872398,1.4450929420095753,4.646095518451043,-8.735144201119344e-07,0.0,10.936235656053885,-0.5887749572786052,0.5887749572786052
1762248109.9198217,1.6671292014656356,4.558304936158839,-1.1947252030909137e-05,0.0,10.711099069132986,-0.5127294813608305,0.5127294813608305
1762248110.1410189,2.028062084931646,4.505437038106974,-7.266024465587238e-11,0.0,10.351016540621279,-0.4803563827982813,0.4803563827982813
1762248110.4379704,2.1069193049878177,4.502325012326509,-4.85539223740591e-07,0.0,10.273045798544759,-0.48206843701402635,0.48206843701402635
1762248110.610345,2.031142092649917,4.52671966390256,-6.063125722729554e-07,0.0,10.34924331836478,-0.5017857774524953,0.5017857774524953
1762248111.169612,1.7551932968050614,4.504002613880063,-3.7657566352185387e-11,0.0,10.62085270114886,-0.46327987914400626,0.46327987914400626
1762248111.5784657,1.4519984237649524,4.590835147808541,-2.3665784418256008e-07,0.0,10.926532478976757,-0.5339428068101603,0.5339428068101603
1762248111.9264224,0.9200908947580255,4.6277434232387185,-3.836784079414187e-06,0.0,11.459610546191008,-0.5436331492431423,0.5436331492431423
1762248112.262057,0.3617744312456093,4.593714381640415,-3.2442889032390444e-07,0.0,12.01398009282695,-0.4814886530543584,0.4814886530543584
1762248112.5624828,0.028632580015220763,4.629615988195267,-2.3631819425682632e-07,0.0,12.34600879612867,-0.5019858702916539,0.5019858702916539
1762248112.8194818,-0.3156815865496355,4.613242344238967,-6.890320846473358e-06,0.0,12.685795606685147,-0.4718572171647645,0.4718572171647645
1762248113.1380856,-0.6899183563528767,4.6456987599623405,-1.5631948186568943e-06,0.0,13.05565330222126,-0.49272170881087923,0.49272170881087923
1762248113.4842467,-0.8023226095498618,4.6819158135949515,-7.452710490798514e-08,0.0,13.166942617483103,-0.5262946034361415,0.5262946034361415
1762248113.7090008,-1.0188044351078351,4.684310328110478,-3.929244799012938e-06,0.0,13.379148437033042,-0.5248876404834565,0.5248876404834565
1762248114.1676419,-0.3252117820884432,4.641972795024428,-7.959477295205258e-07,0.0,12.696223837636502,-0.5002264049225312,0.5002264049225312
1762248114.3818514,-0.1271348326187193,4.702647879299285,-4.1496572126619925e-08,0.0,12.503030850188345,-0.56841610857141,0.56841610857141
1762248114.6149297,-0.10372080994474413,4.64708538558172,-5.589243511717394e-08,0.0,12.47766991447113,-0.5138509999978332,0.5138509999978332
1762248115.0327246,-0.5221595103305131,4.602671643131299,-5.186829786359324e-07,0.0,12.889222689239594,-0.45440175393834703,0.45440175393834703
1762248115.3703644,-0.4544076251337631,4.617134518056957,-1.9134079448178142e-08,0.0,12.822845508929653,-0.4709901098935784,0.4709901098935784
1762248115.6743703,-0.12602092593779535,4.686418389966363,-3.413787406251002e-08,0.0,12.50128345340154,-0.5522448462921139,0.5522448462921139
1762248115.9651144,0.17878290060800184,4.69464009555404,-3.852104606205166e-08,0.0,12.20022583563918,-0.5736625655100959,0.5736625655100959
1762248116.194718,0.5709256574691454,4.649383047159304,-6.730797621372195e-08,0.0,11.808793416728788,-0.547419980102161,0.547419980102161
1762248116.4577115,0.7730406385563804,4.672371114271175,-2.1574104894622012e-07,0.0,11.608658385120886,-0.5806487257136513,0.5806487257136513
1762248116.85028,1.5017075385444274,4.564315638036331,-1.6121436471558276e-08,0.0,10.875714791052973,-0.5100253854128213,0.5100253854128213
1762248117.0211306,1.7121098732169024,4.602466689241068,-1.3103941269640166e-07,0.0,10.668871266294358,-0.5592495633864372,0.5592495633864372
1762248117.2666185,1.9633893376053395,4.573092503839275,0.10657660699967533,0.0,10.418808706333364,-0.5440524383283017,0.5440524383283017
1762248117.4838347,1.9856284241867452,4.612135343009943,1.3647394749085273,0.0,10.399148048883442,-0.5843361286108366,0.5843361286108366
1762248117.803998,1.8871762099197946,4.788653378606045,2.6435143940995927,0.0,10.506188197892413,-0.7548550483018448,0.7548550483018448
1762248117.9665186,1.8356321350398215,4.809865973048146,2.1949880582857513,0.0,10.558121076029087,-0.7731282826185168,0.7731282826185168
1762248118.2466824,1.5715648222381688,4.810176170835699,-0.002901297284767265,0.0,10.819079861366868,-0.7591900587284094,0.7591900587284094
1762248118.6105838,1.5966736415908693,4.588854414902435,-0.00011150142463923926,0.0,10.782626912533617,-0.5394925105477401,0.5394925105477401
1762248118.940084,2.03603984377969,4.551724002605592,-0.007700237122956975,0.0,10.345901291384845,-0.5270397254309543,0.5270397254309543
1762248119.1986542,2.1073333916342296,4.558896391043529,-0.00014599080611727049,0.0,10.276101828569155,-0.5385565293806657,0.5385565293806657
1762248119.4039955,2.303854781590306,4.534737758782265,-0.00025116371614975185,0.0,10.081405225612961,-0.5271630945038406,0.5271630945038406
1762248119.698284,2.6290830343830307,4.546320927686881,-5.890370108574012e-05,0.0,9.764144968752007,-0.5624746758558467,0.5624746758558467
1762248120.253774,3.2928568933298377,4.403234379302381,-4.304656832667839e-05,0.0,9.09514367264861,-0.4808742887782252,0.4808742887782252
1762248120.428115,3.705551623665843,4.386275165124683,-3.6189767411456344e-05,0.0,8.67287401062759,-0.49504836933392876,0.49504836933392876
1762248120.6673636,3.9448291617097753,4.363332098359677,-3.800796680909217e-05,0.0,8.434794381610676,-0.4887212213909972,0.4887212213909972
1762248121.0706944,3.554729452243012,4.485418594194086,-0.0015871736168940212,0.0,8.83233376248725,-0.5834637553300736,0.5834637553300736
1762248121.3509552,3.1084753904995597,4.521220949537471,-0.0015388561973919506,0.0,9.297336925832866,-0.5806248248762874,0.5806248248762874
1762248121.5675285,2.891927121905128,4.529043404593291,-0.00034219361809446956,0.0,9.507381171993115,-0.5675057709955145,0.5675057709955145
1762248121.797614,2.847913374935445,4.520081906828438,-1.7512677520150962e-05,0.0,9.549279134392059,-0.5546347502551418,0.5546347502551418
1762248122.1722453,2.8141838771309566,4.5253239114974075,-1.3155638327141428e-05,0.0,9.582437494678903,-0.5568940868092467,0.5568940868092467
1762248122.3755147,2.815257644500199,4.511235502316345,-9.919213395374723e-06,0.0,9.580201329252082,-0.542952683520447,0.542952683520447
1762248122.662091,2.796937927456244,4.518961303192401,-0.0001765479409648918,0.0,9.598633700107504,-0.5490614370403006,0.5490614370403006
1762248123.0149717,2.535543490082693,4.565279367345904,-0.00014005511174440996,0.0,9.856789245825956,-0.5741587243792903,0.5741587243792903
1762248123.3000727,2.3508511414968964,4.643468831808169,-7.867328009110075e-06,0.0,10.042657561491133,-0.6388458998005674,0.6388458998005674
1762248123.5020678,2.3498007534324015,4.560152792539095,-1.1350984833423848e-05,0.0,10.038055725008483,-0.5556554433402864,0.5556554433402864
1762248123.9948182,2.9776191442906796,4.523197800631114,-5.126315925571556e-10,0.0,9.424037589576614,-0.5696313535954792,0.5696313535954792
1762248124.2511756,3.107624125304897,4.5312993468211245,-4.337318986100209e-06,0.0,9.29920480221319,-0.5905647823089752,0.5905647823089752
1762248124.6199043,3.117640461111172,4.50420010247154,-5.143696061624294e-05,0.0,9.286465220766779,-0.5646219215382391,0.5646219215382391
1762248125.019388,3.5302119238858123,4.429909869309837,-8.170792590540544e-06,0.0,8.853249806744815,-0.526327749634105,0.526327749634105
1762248125.3300521,3.472968564190474,4.4569497755767,-1.7551795451904314e-06,0.0,8.913909267248657,-0.5490498325598349,0.5490498325598349
1762248125.7419379,3.0965423858541983,4.466327920171057,-1.5647981270955584e-06,0.0,9.303624413565277,-0.5248041797781008,0.5248041797781008
1762248126.3438275,2.5376177624589125,4.457062736734289,-1.1591848494746887e-06,0.0,9.846744384010977,-0.4664081157758547,0.4664081157758547
1762248126.6353548,1.9629132272690846,4.48703685630093,-1.4423081834973242e-05,0.0,10.414283990033153,-0.4581171050412805,0.4581171050412805
1762248126.8927982,1.8206930629633877,4.476544861802944,-1.1553172116148137e-05,0.0,10.55443121604583,-0.439493404384012,0.439493404384012
1762248127.1168118,1.8193592699932937,4.58013132817411,-2.003128808644351e-06,0.0,10.56149338960571,-0.5428432890668704,0.5428432890668704
1762248127.4346812,1.6861188219191197,4.59688591045736,-8.230883692044342e-06,0.0,10.694326601775632,-0.5522742180023918,0.5522742180023918
1762248127.7199285,1.6923499902700938,4.632054128342217,-2.685842637642647e-06,0.0,10.69003059307456,-0.5877268375851176,0.5877268375851176
1762248127.8943975,1.781059742669626,4.587390474109006,-1.7909924973969896e-06,0.0,10.599784843461135,-0.5479648540262972,0.5479648540262972
1762248128.2162998,2.1269975696540695,4.487988278933388,-3.864403798523972e-07,0.0,10.252370638739887,-0.4690114658221365,0.4690114658221365
1762248128.4886332,2.259266544122807,4.441033679058056,-2.6410224910404423e-07,0.0,10.119057189166794,-0.43068247258135955,0.43068247258135955
1762248128.7319481,2.3075944694061534,4.454864738927917,-2.2970256318764147e-07,0.0,10.07240408575787,-0.4477266700578403,0.4477266700578403
1762248129.0643294,2.5389663084311977,4.372102448347772,-1.9430765653110664e-07,0.0,9.83907711541811,-0.3817951862959471,0.3817951862959471
1762248129.2569637,2.523117074159968,4.302098974672642,-1.813919095444939e-07,0.0,9.849433988021843,-0.31079131741330673,0.31079131741330673
1762248129.5374436,2.6767548792795197,4.391870065992745,-1.0040306794008049e-05,0.0,9.705430147812091,-0.4123459653174308,0.4123459653174308
1762248129.9384558,2.8604305499635636,4.4022951005701065,-1.0115854952698996e-07,0.0,9.526848693131836,-0.4384334602242002,0.4384334602242002
1762248130.2948375,2.8566233924599715,4.448373838025916,-7.798038456657805e-08,0.0,9.534592454320801,-0.48398628799072935,0.48398628799072935
1762248130.5308745,2.892157250282177,4.459861463886395,-1.4836003780272183e-06,0.0,9.501031898078953,-0.4986305028872318,0.4986305028872318
1762248130.97938,2.6012165496216553,4.492032611297096,-5.075225701722791e-08,0.0,9.787162187899519,-0.5061653435364981,0.5061653435364981
1762248131.149717,2.444490607041546,4.471480609816736,-5.551156394507215e-08,0.0,9.939080379739735,-0.4738927850658058,0.4738927850658058
1762248131.3986242,2.58015060447115,4.499289953750753,-6.705853830606229e-07,0.0,9.808298902803788,-0.5117648562035307,0.5117648562035307
1762248131.6742952,2.6098327828612344,4.431793458569993,-5.529504967597316e-08,0.0,9.774104896788787,-0.4467863366936953,0.4467863366936953
1762248132.0402963,2.4420612654597478,4.480573779236907,-2.5246766337406134e-08,0.0,9.942109173284022,-0.48278654558187667,0.48278654558187667
1762248132.2892592,2.215073471865184,4.5263305907479445,-2.39224817421966e-08,0.0,10.168070002832438,-0.5128926146171504,0.5128926146171504
1762248132.620413,2.3954306299013477,4.491830209629107,-2.0012595808245613e-08,0.0,9.988635082580668,-0.49068376305177536,0.49068376305177536
1762248132.8810136,2.247028061080367,4.309338271047479,-1.8661935169514177e-12,0.0,10.122491211345555,-0.2984652060380578,0.2984652060380578
1762248133.1722512,2.0570196430986383,4.256778221017323,-1.3585838911513803e-08,0.0,10.307401497932304,-0.23391269068916032,0.23391269068916032
1762248133.4704595,2.008577481957117,4.403543367288664,-1.1323374040516612e-08,0.0,10.364220130154862,-0.37747723911077685,0.37747723911077685
1762248133.8185961,1.4945284472658191,4.947508818621168,-1.3642040329941842e-08,0.0,10.902559562032106,-0.8923343477836848,0.8923343477836848
1762248134.2068567,1.4538192223471234,4.944617801306585,-1.1378032613737715e-07,0.0,10.942826884687692,-0.8873513494829552,0.8873513494829552
1762248134.596558,1.5264874714805412,4.9319209627297065,-5.418512015433072e-09,0.0,10.870060936326109,-0.8784210807366172,0.8784210807366172
1762248134.939794,1.448554294657581,4.947901734596765,-3.761698444430006e-09,0.0,10.948224822428658,-0.8903606703152058,0.8903606703152058
1762248135.1556494,1.4240266609244767,4.949725799153178,-6.24187975222327e-08,0.0,10.972693681128831,-0.8909252585550715,0.8909252585550715
1762248135.5504773,1.4096965541272461,4.959753249419309,-4.9216465431222265e-08,0.0,10.987453306189554,-0.9002066102903254,0.9002066102903254
1762248135.8239172,1.4194444086404039,4.950869068589687,-4.500602497995726e-08,0.0,10.977307649565628,-0.8918325375024391,0.8918325375024391
1762248136.380729,1.4238734141655196,4.951387019538005,-2.006220181037573e-09,0.0,10.97293067372597,-0.8925764574178575,0.8925764574178575
1762248136.8206627,1.4229644505290544,4.950034308622409,-1.522094594869738e-09,0.0,10.973765408446134,-0.8911789965033391,0.8911789965033391
1762248137.1175349,1.4327086887887228,4.946193111739815,-1.5057410977412133e-09,0.0,10.963883404559509,-0.8878418018907994,0.8878418018907994
1762248137.436144,1.4304066937241389,4.947892685680711,-1.0988837545510145e-09,0.0,10.96625811662268,-0.889421223067683,0.889421223067683
1762248137.7294178,1.461161296277978,4.938964823904534,-7.889086156483294e-10,0.0,10.935245449409203,-0.8820830419376876,0.8820830419376876
1762248138.0610151,1.436025426328201,4.946582999355878,-8.749269033806221e-10,0.0,10.960606869318031,-0.8884011302925955,0.8884011302925955
1762248138.2761366,1.443429879502507,4.944073230050128,-5.438935424854572e-10,0.0,10.953120797698004,-0.886274294229299,0.886274294229299
1762248138.5961409,1.4452360965704973,4.944035467170669,-3.8378182244648585e-10,0.0,10.95132419558658,-0.8863292348065694,0.8863292348065694
1762248138.936399,1.4428826207319934,4.944118840530357,-5.097539845229452e-09,0.0,10.9536669044482,-0.8862917755546292,0.8862917755546292
1762248139.1766567,1.444527336358026,4.943678966184887,-3.073627866674471e-10,0.0,10.952010221125452,-0.88593684361035,0.88593684361035
1762248139.4618473,1.4425938059026486,4.944911165238837,-2.3996659601015677e-10,0.0,10.953994317615399,-0.8870682447841705,0.8870682447841705
1762248139.7189503,1.433183790929327,4.948302369981968,-2.1093492063498903e-10,0.0,10.96351874309669,-0.889972631046189,0.889972631046189
1762248139.99949,1.47596895799038,4.93352808656418,-3.0165548510927385e-09,0.0,10.920263579641354,-0.8774153202878584,0.8774153202878584
1762248140.2014205,1.540399993204553,4.917422593111971,-1.7401700653343283e-10,0.0,10.855522078032797,-0.8646648240790198,0.8646648240790198
1762248140.4137182,1.5243280070015952,4.925058849392191,-1.6038546749031126e-14,0.0,10.871848654166955,-0.8714562000215001,0.8714562000215001
1762248140.841304,1.430853927417256,4.948263377672932,-1.2152627222142768e-14,0.0,10.9658324773503,-0.8898143360208947,0.8898143360208947
1762248141.0021968,1.4213006256099745,4.95357700122966,-1.6241867949417634e-09,0.0,10.975600056731285,-0.8946318996736805,0.8946318996736805
1762248141.4657967,1.3706494426135114,5.022453912082455,-8.234263624215705e-11,0.0,11.029494025338753,-0.9608331901386217,0.9608331901386217
1762248141.759406,1.391532294818721,5.075131916314483,-1.2843613317583174e-09,0.0,11.011387803191646,-1.014507278911987,1.014507278911987
1762248142.0563326,1.4248356839645309,5.113478066386399,-7.377685473324355e-11,0.0,10.98022772938336,-1.0545044254381664,1.0545044254381664
1762248142.344748,1.4075710775758288,5.136067976774016,-6.828468444993004e-10,0.0,10.99853480472608,-1.0761825045379072,1.0761825045379072
1762248142.5709767,1.4230147662850963,5.141963724239665,-2.7121330726106058e-11,0.0,10.983486204514577,-1.0828596872029186,1.0828596872029186
1762248142.8810592,1.3998111581295059,5.159305018343278,-3.340034962071716e-11,0.0,11.007430662336759,-1.0989931425935737,1.0989931425935737
1762248143.1402817,1.4148707082034955,5.186920777642194,-4.0929446944592185e-10,0.0,10.993864439663923,-1.1273417590327677,1.1273417590327677
1762248143.3696704,1.4089282146179012,5.209266213074069,-1.929891186469707e-11,0.0,11.000905668100868,-1.1493545574710426,1.1493545574710426
1762248143.5429995,1.4114580612252985,5.227665061308115,-2.203208903441282e-15,0.0,10.999326275447654,-1.1678585760376623,1.1678585760376623
1762248144.0883176,1.4303899307999965,5.244449855630546,-1.3033945968957858e-11,0.0,10.981373103526275,-1.1855888753761414,1.1855888753761414
1762248144.3610573,1.4424629933206994,5.262163046843028,-9.92090514769948e-12,0.0,10.970288815629988,-1.203896640546394,1.203896640546394
1762248144.73733,1.4768661457856933,5.290831523720464,-1.2188708203898141e-11,0.0,10.937628646149557,-1.2342918744805014,1.2342918744805014
1762248145.2598774,1.49711855636054,5.307915743416838,-7.545801476637144e-12,0.0,10.918437284438614,-1.2523953723292092,1.2523953723292092
1762248145.53901,1.4851560127135928,5.324439765287083,-5.2455543320589975e-12,0.0,10.931128691874974,-1.2682818211754339,1.2682818211754339
1762248146.0214267,1.5207066675555179,5.37455504874188,-4.055046144643157e-12,0.0,10.89850013475376,-1.3201626236226989,1.3201626236226989
1762248146.270421,1.4974551023350622,5.36356487874017,-3.5102155177830517e-12,0.0,10.920945433902373,-1.307987991559107,1.307987991559107
1762248146.5196717,1.4894868668872243,5.369243004071081,-2.9740131751455466e-12,0.0,10.929124540783432,-1.3132485068614728,1.3132485068614728
1762248147.0442026,1.5203167955303845,5.4022897444678115,-1.819388216766705e-12,0.0,10.900304037032896,-1.347840174501841,1.347840174501841
1762248147.3262398,1.5702366192862856,5.418606646825609,-1.8588027359242978e-12,0.0,10.851830344421154,-1.3667223733853098,1.3667223733853098
1762248147.6255417,1.5656967446151686,5.411217896573886,-3.332368114641274e-12,0.0,10.855930693852494,-1.3591074972868342,1.3591074972868342
1762248147.896657,1.6618240688751675,5.418852303592313,-1.9526614134265104e-11,0.0,10.761643429498159,-1.3717732412210566,1.3717732412210566
1762248148.1240203,1.6989372902444677,5.424666491470621,-9.286086672423812e-13,0.0,10.725493251933043,-1.3795523310797349,1.3795523310797349
1762248148.3243892,1.6820319101335757,5.440179850275055,-9.182060323933632e-13,0.0,10.742902586197085,-1.3941429677796882,1.3941429677796882
1762248148.5065894,1.6846147930078124,5.44281449474035,-1.3508818300630452e-11,0.0,10.74050414323078,-1.39691125633785,1.39691125633785
1762248149.0996335,1.6991703857431404,5.464132373234562,-9.226163210258125e-12,0.0,10.727334502994925,-1.4189743974459812,1.4189743974459812
1762248149.486401,1.6364181963154185,5.468645956501707,-1.2577901818359994e-12,0.0,10.789213209863755,-1.420156170350628,1.420156170350628
1762248149.9727728,1.7307411379914923,5.47629053298847,-5.850213397209183e-12,0.0,10.69702297050528,-1.432805974977099,1.432805974977099
1762248150.2125638,1.678101064820649,5.479418169272585,-3.022909704421608e-13,0.0,10.748812345491535,-1.4331169858258077,1.4331169858258077
1762248150.5319018,1.8419899608904036,5.485472331082167,-2.229385833861822e-13,0.0,10.58878467259709,-1.448041798562249,1.448041798562249
1762248150.9797144,1.901423426333239,5.502258681776418,-4.3295918425364915e-13,0.0,10.531830242145778,-1.468122505346472,1.468122505346472
1762248151.4200222,1.9178426716491814,5.490565283471637,-1.279306871313886e-13,0.0,10.51522773580404,-1.4573759380530613,1.4573759380530613
1762248151.678108,1.9006709195905722,5.49485999914766,-1.17648955241052e-13,0.0,10.532155791846746,-1.4606931677584472,1.4606931677584472
1762248152.0809858,2.0302188010274222,5.508558525015493,-1.0459883254437486e-13,0.0,10.407305675069738,-1.4818288711326235,1.4818288711326235
1762248152.2980058,2.0342958427034707,5.467505416760288,-5.579353086935568e-12,0.0,10.401018092460149,-1.4410874493034458,1.4410874493034458
1762248152.5207732,2.042178962783035,5.5043310865708035,-6.10320954744274e-14,0.0,10.395502637777467,-1.4783144870541063,1.4783144870541063
1762248152.967169,1.939452153854182,5.5035305164900645,-8.564615165627272e-13,0.0,10.494956083499323,-1.4715491890907848,1.4715491890907848
1762248153.6035864,1.9373388434260101,5.5788067916551976,-4.229124733531582e-14,0.0,10.501176547804702,-1.5465825732351537,1.5465825732351537
1762248153.918263,1.8392072798119985,5.615371926461595,-1.1033769175301688e-13,0.0,10.598504639013845,-1.5775887204814973,1.5775887204814973
1762248154.4548357,1.9065361827363334,5.6530317196482995,-2.277936022317303e-14,0.0,10.535127665980506,-1.6189440997486706,1.6189440997486706
1762248154.7050366,1.9418292651219462,5.66613231356629,-1.742995090064214e-14,0.0,10.501651529762787,-1.6340221015471506,1.6340221015471506
