timestamp,x_m,y_m,vx_mps,vy_mps,s_m,d_m (lateral_error),abs_lateral_error
1761809149.7783027,-1.708615724664888,2.192567682690612,1.5974046375634834,0.0,20.200503155881098,0.01661473534063377,0.01661473534063377
1761809149.81403,-1.7861131123095182,2.2103679806633285,1.5878906795418404,0.0,20.27973648626695,0.010093942467902942,0.010093942467902942
1761809149.8784113,-1.9006596656670218,2.2444558110360755,1.3539230656706502,0.0,20.397993342512784,-0.007157091904678385,0.007157091904678385
1761809149.9254892,-1.991079346669078,2.2620024140938804,1.2815658721224996,0.0,20.48998706094341,-0.011542638968289448,0.011542638968289448
1761809149.945172,-2.041865510622455,2.275182100899378,1.26248348172029,0.0,20.542121128456102,-0.017343386428430852,0.017343386428430852
1761809149.9882522,-2.1003256830070374,2.2828029768718316,1.2520761651328838,0.0,20.601048988395558,-0.016611809732575703,0.016611809732575703
1761809150.007449,-2.1720522015620425,2.2976032654625476,1.159087598112923,0.0,20.67410001078703,-0.0212343036998767,0.0212343036998767
1761809150.0327017,-2.227568289591793,2.309365927767805,1.0545992017298411,0.0,20.73066028202673,-0.025234898872453768,0.025234898872453768
1761809150.051737,-2.2678909174389483,2.3115674353245796,1.011552934846623,0.0,20.770869284142673,-0.02193317097758773,0.02193317097758773
1761809150.1045034,-2.311985281575779,2.324555423130454,0.9198286510826104,0.0,20.816255522329467,-0.028888138056803986,0.028888138056803986
1761809150.1511238,-2.3605449668403886,2.328330565491558,0.8321897038428727,0.0,20.864822302558686,-0.0262225621975513,0.0262225621975513
1761809150.2090762,-2.4300664885098358,2.336733144545609,0.7376873256586155,0.0,20.934746101901457,-0.025597132997649992,0.025597132997649992
1761809150.2588933,-2.4825150712846846,2.3339255121606333,0.9162997616890041,0.0,20.98636272955479,-0.016238791624228505,0.016238791624228505
1761809150.2939956,-2.5385235529611547,2.3287986806793226,0.8840187641930609,0.0,21.041290748266768,-0.004322417208235325,0.004322417208235325
1761809150.330119,-2.569137918189103,2.3298497272715264,0.9058688856238115,0.0,21.071806084976192,-0.0017237951337377587,0.0017237951337377587
1761809150.3541803,-2.6250138144495536,2.330844464235104,1.0008469343171713,0.0,21.12742558572101,0.0037589281028950344,0.0037589281028950344
1761809150.3878098,-2.6629446425481555,2.3209694343495166,1.0272917201520022,0.0,21.164040516008413,0.017828397613389852,0.017828397613389852
1761809150.4473066,-2.72852579840704,2.3199549442974985,1.1890050610759195,0.0,21.229251082415537,0.025919856822479923,0.025919856822479923
1761809150.5180738,-2.762436358474594,2.3208281317668535,1.2058465361692288,0.0,21.263153296439132,0.028566614974899745,0.028566614974899745
1761809150.5892835,-2.8683749992951664,2.3228032539732135,1.0350965555862615,0.0,21.369124025382465,0.03688246356770755,0.03688246356770755
1761809150.6529713,-2.955193817115339,2.320512343953151,0.987823852520377,0.0,21.455803275752626,0.04673568532793882,0.04673568532793882
1761809150.68813,-3.0222113965003166,2.317421795388405,0.8883318197786393,0.0,21.522764039297986,0.055089007421919474,0.055089007421919474
1761809150.7263913,-3.0554910193493754,2.3080331652199884,0.8424361822859242,0.0,21.555512526056145,0.06687597750359975,0.06687597750359975
1761809150.7584424,-3.086978869865405,2.3045709561045182,0.7641498502078241,0.0,21.586958337302267,0.07249950218743109,0.07249950218743109
1761809150.813388,-3.11286396572262,2.297833451748199,0.730911366829827,0.0,21.61259730103196,0.08091375994779286,0.08091375994779286
1761809150.8378534,-3.148906257111792,2.2964535667335166,0.6737184882840096,0.0,21.648876738991387,0.08450272756241925,0.08450272756241925
1761809150.8746493,-3.1686010573180834,2.2893617227908583,0.6245549240978603,0.0,21.66835856615444,0.09271936166954294,0.09271936166954294
1761809150.9145365,-3.198142777303069,2.286670213511491,0.6106620616221722,0.0,21.698091488443314,0.09701441018950203,0.09701441018950203
1761809150.9523149,-3.2267915076287386,2.2867567079837414,0.6050320739988346,0.0,21.727100126151097,0.09837199988508454,0.09837199988508454
1761809151.009308,-3.248906315767834,2.2786467157421386,0.5961413112570503,0.0,21.749130185078286,0.10750907634336063,0.10750907634336063
1761809151.0565724,-3.2942910865557757,2.2706099860891187,0.5736776211155525,0.0,21.7948799806754,0.1174453310612948,0.1174453310612948
1761809151.0885098,-3.3175941664797604,2.2668893225488507,0.5137776339279924,0.0,21.818447398216247,0.12202458932322284,0.12202458932322284
1761809151.1191556,-3.334838025915182,2.2684736896477338,0.5341695170460616,0.0,21.836055861345677,0.12102550834959959,0.12102550834959959
1761809151.147701,-3.357372442986208,2.260483753726253,0.5114102886101425,0.0,21.85876595626579,0.12970670935136863,0.12970670935136863
1761809151.1799784,-3.3747410478273956,2.2590238720164946,0.4977541589521928,0.0,21.87644323,0.13164807231934683,0.13164807231934683
1761809151.2040408,-3.3914972035452617,2.256669859508757,0.5601677739682447,0.0,21.893488498850825,0.13442129587954518,0.13442129587954518
1761809151.2228239,-3.395535665071053,2.256894193746115,0.5653641706232289,0.0,21.897618167121884,0.1342915506728456,0.1342915506728456
1761809151.2445574,-3.409320356208656,2.254963022334654,0.4877746485406213,0.0,21.9116582009941,0.13652518168760985,0.13652518168760985
1761809151.275823,-3.4210537941022117,2.2554773509595005,0.5364108233919788,0.0,21.923660126650418,0.1362445703138042,0.1362445703138042
1761809151.3252063,-3.449825581444951,2.2507887660194412,0.5742705112795705,0.0,21.95300753059113,0.14140989608474466,0.14140989608474466
1761809151.3915257,-3.4630343444095697,2.250916443958285,0.5434927872575571,0.0,21.966529540381284,0.14145539910662228,0.14145539910662228
1761809151.4290235,-3.5122106550566707,2.2474260967216946,0.6790202911240653,0.0,22.01688304596681,0.14533028891616387,0.14533028891616387
1761809151.474398,-3.542535917747256,2.24767555249141,0.7275682007675132,0.0,22.047980757417132,0.14510941182556317,0.14510941182556317
1761809151.5212688,-3.558691675646754,2.2407829743459424,0.7940045580876303,0.0,22.064586164699882,0.15195080036657221,0.15195080036657221
1761809151.5605977,-3.595944277004155,2.2333309911470858,0.9865339484047584,0.0,22.102948981505527,0.15910520146109364,0.15910520146109364
1761809151.6510215,-3.7063425570009705,2.222668284997927,1.2694784313581287,0.0,22.216990024289036,0.16736163066854368,0.16736163066854368
1761809151.6763785,-3.7964436502726038,2.209593733814849,1.4276115030192273,0.0,22.310705105924065,0.17668912954360516,0.17668912954360516
1761809151.720613,-3.8372013658438484,2.205738141646715,1.4709578931057257,0.0,22.35313523301456,0.17829900488695546,0.17829900488695546
1761809151.7503946,-3.916008385024968,2.201459392189043,1.5187577162048758,0.0,22.43509659902199,0.1772290415834878,0.1772290415834878
1761809151.8057837,-3.992993845413468,2.190040175272666,1.5645543401247977,0.0,22.51593639669658,0.18205893172951568,0.18205893172951568
1761809151.8716314,-4.12606274825746,2.1683336275561547,1.6028372445690162,0.0,22.65657167833627,0.18903229608348446,0.18903229608348446
1761809151.900662,-4.201076121710785,2.1540346376646906,1.6059818107565627,0.0,22.736515719487034,0.19304010976231298,0.19304010976231298
1761809151.9250183,-4.220127743817604,2.1448273349072413,1.608055906716406,0.0,22.757742481639113,0.19933406468615142,0.19933406468615142
1761809151.9457667,-4.27777071030191,2.134280593845834,1.6110793622443906,0.0,22.819428961391218,0.20065084434148153,0.20065084434148153
1761809151.9701114,-4.34857205729079,2.1264890276104573,1.6087068480472235,0.0,22.894333735940442,0.1959319901973259,0.1959319901973259
1761809151.9974093,-4.392261280271266,2.116178235587565,1.6115607764978856,0.0,22.941682494269575,0.19771878973623694,0.19771878973623694
1761809152.0209184,-4.425465755488408,2.109923901765373,1.608354742705174,0.0,22.97738235347985,0.19714535393924962,0.19714535393924962
1761809152.044701,-4.468519416307881,2.100706211861269,1.6061795433500419,0.0,23.02397633051311,0.1969877308694622,0.1969877308694622
1761809152.094002,-4.5156712271618025,2.0884075163492724,1.6019755238613542,0.0,23.075590289381037,0.1982939480587418,0.1982939480587418
1761809152.1349242,-4.602335006681163,2.0774048262022524,1.5956654518786042,0.0,23.167548783451487,0.1875773767070856,0.1875773767070856
1761809152.1632276,-4.6789457367548835,2.0655670924393794,1.5961050296825938,0.0,23.249115221447138,0.1781237912940017,0.1781237912940017
1761809152.1914835,-4.733876885749744,2.050202763405711,1.5939533671587882,0.0,23.3095895511373,0.1766854863642993,0.1766854863642993
1761809152.2225826,-4.779104059211858,2.0397155770265933,1.5916829840679565,0.0,23.358654211633706,0.1726084564292835,0.1726084564292835
1761809152.2673588,-4.870428918264654,2.023292774080901,1.5913638443915437,0.0,23.45569601998218,0.157600566218673,0.157600566218673
1761809152.3005142,-4.937133199352531,2.0081082563247983,1.5852973522261877,0.0,23.527265424696765,0.14765371075039863,0.14765371075039863
1761809152.3588018,-4.985583358553641,1.9959001023000749,1.580070085269427,0.0,23.57944413885719,0.14042385938543003,0.14042385938543003
1761809152.4021602,-5.112727556459056,1.9580990840976824,1.5752875490443419,0.0,23.7177585473601,0.12206776169326919,0.12206776169326919
1761809152.435754,-5.177108239601046,1.933526700383236,1.57745695079079,0.0,23.78969642635184,0.11489984508969905,0.11489984508969905
1761809152.4651542,-5.210936188623619,1.9158700383345106,1.576974104415915,0.0,23.829741332774336,0.11450247016082366,0.11450247016082366
1761809152.5043683,-5.245270525327365,1.894380829395453,1.5733271460221794,0.0,23.872238527113524,0.11655426263544258,0.11655426263544258
1761809152.6067283,-5.370107114680859,1.8316738782941042,1.3899001752283489,0.0,24.01851988527297,0.10490211322568695,0.10490211322568695
1761809152.6430721,-5.501981636185307,1.72993856242682,1.562132811694465,0.0,24.193811266022035,0.11083171008973791,0.11083171008973791
1761809152.6832929,-5.5175768288518805,1.6762915295794576,1.5136542050540045,0.0,24.2425395519358,0.14298312520311457,0.14298312520311457
1761809152.726803,-5.5452161809506215,1.6776702304762345,1.3315997033228704,0.0,24.264373570261515,0.12428329923161607,0.12428329923161607
1761809152.756923,-5.537868187377415,1.68233384211859,1.311500342709243,0.0,24.25517581450088,0.12540894820354526,0.12540894820354526
1761809152.796732,-5.5989854661530005,1.6291389339129563,1.5435190345901444,0.0,24.341678430255097,0.1255356398166652,0.1255356398166652
1761809152.897758,-5.687017696894922,1.4561450912274205,1.487468790630245,0.0,24.54334950489654,0.18495100236624762,0.18495100236624762
1761809152.916331,-5.725722379584646,1.379196883055691,1.489426742913719,0.0,24.637913102330998,0.20489134698717465,0.20489134698717465
1761809153.0758333,-5.798683904199315,1.1585085551445888,1.5029632202403684,0.0,24.902598436700142,0.2671530767176743,0.2671530767176743
1761809153.1345828,-5.815019086437374,1.0220686922834967,1.512951655554994,0.0,25.067603711509644,0.3111174648364045,0.3111174648364045
1761809153.1649148,-5.805690732567454,0.884827005141497,1.530429109611876,0.0,25.242099121749526,0.36267435211706767,0.36267435211706767
1761809153.198856,-5.773925868005627,0.8202276393406674,1.530804044415495,0.0,25.325774717387265,0.4074212689126991,0.4074212689126991
1761809153.2465467,-5.7714077942857775,0.7433682779597085,1.5342880606042062,0.0,25.44025420741469,0.42010188467759774,0.42010188467759774
1761809153.2793787,-5.770024204883329,0.6611589811199793,1.535461736196672,0.0,25.56555064401346,0.42421092563987706,0.42421092563987706
1761809153.3157454,-5.769859777036192,0.621120900986704,1.535876761481211,0.0,25.62909997154867,0.4225747910086655,0.4225747910086655
1761809153.368169,-5.7628992397109435,0.5413276053606816,1.5445586997146985,0.0,25.751376265305193,0.4197434448543439,0.4197434448543439
1761809153.4106598,-5.754478465952937,0.48637772153621367,1.4315308067204653,0.0,25.83717985140114,0.4165558306271636,0.4165558306271636
1761809153.4594052,-5.760110592454469,0.43256218848314293,1.2739336569782636,0.0,25.914612121330258,0.3964307337005391,0.3964307337005391
1761809153.4992292,-5.778561061853458,0.3623718836244105,1.1904763781133283,0.0,25.99739948841915,0.35533237445038274,0.35533237445038274
1761809153.5844765,-5.795909159470151,0.2858652593002769,1.2015806120786061,0.0,26.084260292263735,0.3085024918165563,0.3085024918165563
1761809153.615976,-5.82639123153581,0.21277859524683151,0.9750760056297821,0.0,26.15017180006524,0.2477535125840793,0.2477535125840793
1761809153.7069097,-5.822743219281227,0.1767248406881029,0.9104009042746243,0.0,26.190896891877394,0.23292558919227477,0.23292558919227477
1761809153.7362769,-5.81953738649812,0.08264940419278079,0.7195492862325352,0.0,26.287678952917457,0.18416820292641203,0.18416820292641203
1761809153.7643454,-5.794966880759549,0.0672798630141763,0.6635501998583543,0.0,26.319601650668062,0.1949783664895549,0.1949783664895549
1761809153.8382895,-5.7875286356131515,0.03665104967408997,0.6220990553266034,0.0,26.353305697834806,0.18220012484920758,0.18220012484920758
1761809153.8706727,-5.777220193638175,-0.007148651068446051,0.6065100893723372,0.0,26.400109709839324,0.16236921429946033,0.16236921429946033
1761809153.9108994,-5.766294127799485,-0.0398372630150719,0.6427112630026045,0.0,26.43621179411029,0.14902300943945523,0.14902300943945523
1761809153.9708455,-5.749102516174428,-0.08873907771951188,0.691769954472555,0.0,26.489260637381076,0.12801495204185298,0.12801495204185298
1761809154.011864,-5.739061170373922,-0.12138077930036488,0.7281237087179812,0.0,26.522490753815468,0.11193013759597947,0.11193013759597947
1761809154.0869613,-5.7089217623862645,-0.19787341712346934,0.979171838629649,0.0,26.601894760749122,0.07567226047869494,0.07567226047869494
1761809154.1317682,-5.674015581514862,-0.2761294380890612,1.1529543014585513,0.0,0.03517740963269721,0.036696753574308544,0.036696753574308544
1761809154.2245593,-5.581638072373751,-0.4375313376056679,1.3708851686690038,0.0,0.20150066472546624,-0.04588289391358528,0.04588289391358528
1761809154.4536278,-5.344338585596555,-0.7028324888349823,1.5523009800749559,0.0,0.5094417555821291,-0.18460175956800717,0.18460175956800717
1761809154.6026874,-5.068281455368091,-0.8325594620896514,1.2766890483090296,0.0,0.7829895225884359,-0.23149103224399933,0.23149103224399933
1761809154.8433769,-4.845820114200539,-0.8912509883263032,0.6978761181897231,0.0,0.9909248593666818,-0.2507801818668509,0.2507801818668509
1761809154.9834146,-4.754952913938167,-0.8650083686684304,0.6857914160518814,0.0,1.0709466166749233,-0.2142865542827473,0.2142865542827473
1761809155.4477272,-4.698745315047272,-0.8574763828048493,0.5064243230278922,0.0,1.122306447411369,-0.2017364858858665,0.2017364858858665
1761809155.7926478,-4.235445615826476,-0.868535536569773,1.385025287822605,0.0,1.5582803255837456,-0.20859065608693153,0.20859065608693153
1761809156.045165,-3.8388410374617274,-0.6665526264534234,1.6976410120747025,0.0,1.9619237638281595,-0.047102757167144196,0.047102757167144196
1761809156.277856,-3.3309226870436084,-0.4007617738351911,1.6673168907279896,0.0,2.5092049682708346,0.12775807975884207,0.12775807975884207
1761809156.5031233,-2.9957533787255426,-0.2307465545116335,1.1965846415555,0.0,2.8711022480125865,0.22886791436368162,0.22886791436368162
1761809156.7260418,-2.751279737687525,-0.17435942301826673,1.2700305225786295,0.0,3.1182674377520283,0.2384062056985136,0.2384062056985136
1761809156.9649622,-2.3768399997878946,-0.19776064105969562,1.6416168538715095,0.0,3.4761163911166273,0.15538794997115304,0.15538794997115304
1761809157.1179001,-2.154795499235948,-0.19500144656367444,1.8200283491458498,0.0,3.692825711107018,0.13052761049097622,0.13052761049097622
1761809157.4267652,-1.4988530581343258,-0.26547843872382365,1.5761427680748648,0.0,4.336728817559324,0.010951967261493686,0.010951967261493686
1761809157.689151,-0.9715196862078647,-0.35711351203644887,1.518599311103977,0.0,4.863326641764141,-0.09260163231639634,0.09260163231639634
1761809157.7854865,-0.8036612251768732,-0.3740050871160211,1.4935265429827214,0.0,5.03210744713879,-0.10948306446862564,0.10948306446862564
1761809157.8035836,-0.7276503832311336,-0.37838259702688476,1.505488678959825,0.0,5.10854598510666,-0.1133794258441411,0.1133794258441411
1761809157.8293965,-0.682980394271043,-0.3778609780127754,1.5208333108281629,0.0,5.153430206985946,-0.11245176308183719,0.11245176308183719
1761809157.8840287,-0.652690221489264,-0.37563135451072316,1.529073370675079,0.0,5.183834519855364,-0.10989843220581613,0.10989843220581613
1761809157.918072,-0.5687255332396428,-0.36452819958771543,1.5334065215151518,0.0,5.267980022474735,-0.09770924231758836,0.09770924231758836
1761809158.022692,-0.4065864572879856,-0.35881334335974135,1.5648027712817372,0.0,5.430462064731901,-0.08922005482932874,0.08922005482932874
1761809158.1739802,-0.17521084199427023,-0.33655194526360077,1.2747930505677487,0.0,5.661628908663997,-0.06189943173850281,0.06189943173850281
1761809158.1971235,-0.127406910226425,-0.33270425161589673,1.2973368141259354,0.0,5.7093557990334505,-0.0569037339816222,0.0569037339816222
1761809158.4851446,0.19164172031435311,-0.3034853357002791,0.9533140322540065,0.0,6.027596242838167,-0.019826167785535892,0.019826167785535892
1761809158.5978422,0.38779801224653826,-0.2723929662763785,0.8174322649266591,0.0,6.222999983054087,0.015692123669254113,0.015692123669254113
1761809158.6391962,0.4112283789314255,-0.2705248587826285,0.8126486999648789,0.0,6.24639625788291,0.018040750093668716,0.018040750093668716
1761809158.6694763,0.46272815570725356,-0.26579415449760607,0.9908363749622079,0.0,6.297820989601076,0.023780229835464177,0.023780229835464177
1761809158.69763,0.49737992069107717,-0.26442745266970813,0.986809179331219,0.0,6.33246592846244,0.02578602447143173,0.02578602447143173
1761809158.7242584,0.5169848595654309,-0.258579990299987,0.9943039252483543,0.0,6.351981424304786,0.031978864569903495,0.031978864569903495
1761809158.744664,0.5450874058098238,-0.25297442841628126,0.991534550222488,0.0,6.380015927908679,0.03805945980124214,0.03805945980124214
1761809158.768302,0.5550472557326159,-0.2473397483813966,1.0641053548109147,0.0,6.389895663604937,0.04385599763645731,0.04385599763645731
1761809158.7987556,0.5945605988330789,-0.24161599199673398,1.1429938255171423,0.0,6.429379087755595,0.0501914389001826,0.0501914389001826
1761809158.8296306,0.6222214851286908,-0.24431225205657345,1.192868988458317,0.0,6.457125141387378,0.04789141159373708,0.04789141159373708
1761809158.85788,0.6631163049957659,-0.24005735280574989,1.24273422153035,0.0,6.498040281186816,0.05267873362898723,0.05267873362898723
1761809158.8965712,0.7147584519628456,-0.23699452816320124,1.3446601796857174,0.0,6.549761798784961,0.05631844543423245,0.05631844543423245
1761809158.9584002,0.7867419248075259,-0.22984661386888924,1.457303788363371,0.0,6.621879239283818,0.06407656506584859,0.06407656506584859
1761809159.0017333,0.8491762394055409,-0.21988347055351112,1.5009094623284307,0.0,6.684475550500872,0.0743693831208237,0.0743693831208237
1761809159.0278015,0.9433305554392764,-0.2107364402256476,1.442378306619818,0.0,6.779028488371081,0.08362624230160301,0.08362624230160301
1761809159.081295,1.0180713768559755,-0.20053887144556898,1.35935371962176,0.0,6.854207924538612,0.09354697325146603,0.09354697325146603
1761809159.3659909,1.4024722344298477,-0.1499590390286756,0.7736353931216186,0.0,7.2429542908951,0.13650604536084557,0.13650604536084557
1761809159.832036,1.6966985773384056,-0.13252487452154227,0.5389140506677016,0.0,7.541745176742185,0.13936968430763153,0.13936968430763153
1761809160.0549924,1.8306972537777342,-0.12107604929540258,0.5160586123364486,0.0,7.678390865674595,0.1411100276036305,0.1411100276036305
1761809160.2513595,1.9188226563417587,-0.12240341915262182,0.5725301728636337,0.0,7.767556259785576,0.13226293768312375,0.13226293768312375
1761809160.693894,2.354560244430191,-0.09468000651021743,1.434023315977352,0.0,8.210932482954618,0.10727266884198575,0.10727266884198575
1761809160.9870937,2.871416883328974,-0.05790469598556966,1.6252709304694568,0.0,8.731880821779875,0.042083928204561825,0.042083928204561825
1761809161.4684153,3.6880438813125918,0.2321289122720053,1.015566378591886,0.0,9.608542147842702,0.0428107527797341,0.0428107527797341
1761809161.7466674,3.8459760491631703,0.36836971551633085,0.6147085580130406,0.0,9.815194373722319,0.09170975242980967,0.09170975242980967
1761809162.0514584,4.008955799387378,0.5003241709005241,0.49050658046103474,0.0,10.029502073243838,0.12204329570465697,0.12204329570465697
1761809162.4794712,4.176700794139296,0.6481235166641869,-0.0030785019154695205,0.0,10.261501150346255,0.14847773743483828,0.14847773743483828
1761809162.9211419,4.279549165407672,0.7394523871468691,1.1610488357697182,0.0,10.406184447528116,0.15687662170447944,0.15687662170447944
1761809163.1750515,4.576200080529582,1.0743760713630799,1.9011276348526807,0.0,10.883140803155964,0.18885135837934436,0.18885135837934436
1761809163.6997528,5.041164059436687,2.008344620179877,0.8894044509365545,0.0,12.042727333137698,0.15515986433681891,0.15515986433681891
1761809164.3205879,4.8128769656763755,2.721182796119672,1.4086608584001872,0.0,12.9296627741501,0.254593287548417,0.254593287548417
1761809164.4977114,4.671789467644665,2.8608946731880343,1.6432596431343731,0.0,13.18061094699033,0.2886010570513925,0.2886010570513925
1761809164.903216,4.07490573731823,3.2629599698351677,1.2101413747333962,0.0,14.089082051371927,0.19828911870734509,0.19828911870734509
1761809165.106158,3.819706644929744,3.267696318717296,1.3591599319919816,0.0,14.381139820089693,0.20065484579222026,0.20065484579222026
1761809165.4006414,3.4400432077380754,3.129023841355546,1.4105037205790718,0.0,14.83147605522238,0.27065398646227257,0.27065398646227257
1761809165.7307236,2.983314778638127,2.8716929412460668,1.5492463631535642,0.0,15.406615652695104,0.3398626281115106,0.3398626281115106
1761809165.9422903,2.6871139445089463,2.6709651461119788,1.595128740905639,0.0,15.784992843929844,0.3748844023057978,0.3748844023057978
1761809166.1875117,2.392732872784423,2.515130339107998,1.5776287725302653,0.0,16.12448819060959,0.3581257698519425,0.3581257698519425
1761809166.5974135,1.825141047615683,2.360283820417509,1.1486340665751635,0.0,16.68116012246087,0.20567946773883325,0.20567946773883325
1761809166.9269023,1.5930028567681995,2.31961206899092,0.6058371541065541,0.0,16.89875970186582,0.13506734389740552,0.13506734389740552
1761809167.2524967,1.276452269520849,2.2283813580578355,1.05625484599042,0.0,17.215480864258105,0.09155509382600091,0.09155509382600091
1761809167.6957018,0.7573160727716627,2.1327864638131837,0.7239788971276719,0.0,17.730900310779457,0.03657635288744339,0.03657635288744339
1761809168.0348403,0.25474382246383503,2.1045242884493955,1.5128553526924067,0.0,18.230702704831486,-0.009584073432930102,0.009584073432930102
1761809168.4270625,-0.39126674008375045,2.016304303770709,1.153005097661609,0.0,18.87649847615775,0.060984079949434146,0.060984079949434146
1761809168.672852,-0.7152922860083308,2.005316912995036,0.8753335786119738,0.0,19.196400612826476,0.08808285476071409,0.08808285476071409
1761809168.9709275,-1.1018205515495458,1.9899036069036855,1.084298833245617,0.0,19.575489203122657,0.1387456169026728,0.1387456169026728
1761809169.1796417,-1.3300598248428788,2.0218094186576336,0.6999633212067885,0.0,19.803575125849065,0.1342129199812193,0.1342129199812193
1761809169.327025,-1.5460533255139775,2.003244961441711,0.6095874581831514,0.0,20.01355354216847,0.18125104535333847,0.18125104535333847
1761809169.66783,-1.7826497738671627,2.025043436095968,0.5038345504498525,0.0,20.249749677375963,0.19300374793569441,0.19300374793569441
1761809169.92255,-1.9555804122073888,2.0468132988361405,0.6021703176208512,0.0,20.423932387397524,0.19632952941816398,0.19632952941816398
1761809170.0970147,-2.093276613034075,2.0683556708080966,0.8224861565274333,0.0,20.56368819149271,0.194686949684982,0.194686949684982
1761809170.4337413,-2.491456113063569,2.11667060223531,1.5373994532275903,0.0,20.968125541109522,0.2004428050786124,0.2004428050786124
1761809170.756858,-3.240344562848528,2.219530167867899,0.9197149032422165,0.0,21.737630178194998,0.16616804711032132,0.16616804711032132
1761809171.0663826,-3.4719594226877506,2.2170018328913876,0.5638590622019587,0.0,21.975300671618484,0.17546853660024794,0.17546853660024794
1761809171.3345752,-3.568926130823336,2.194586428318219,0.5246435581455722,0.0,22.075409041761166,0.19808978009904515,0.19808978009904515
1761809171.9126148,-4.218906171826367,2.123073408311693,1.599419645835781,0.0,22.759923408601367,0.22102409591118163,0.22102409591118163
1761809172.3400362,-5.039893886860623,1.9301129081099502,1.5888600066142078,0.0,23.66063722412953,0.178593421345384,0.178593421345384
1761809172.7256577,-5.5716138369215455,1.5638552664884886,1.5447139999919235,0.0,24.36786122874761,0.1921241226261871,0.1921241226261871
1761809173.237735,-5.784261174579373,0.813560183626165,0.6180038819846637,0.0,25.337441625259906,0.3984011642792914,0.3984011642792914
1761809173.5718582,-5.673250752046953,0.5302447506317787,1.266251335121561,0.0,25.795280833741568,0.5056184547867741,0.5056184547867741
1761809173.9589732,-5.42454606989773,0.017929104796851853,1.1917713057599748,0.0,0.06582801310606884,0.4215414835760638,0.4215414835760638
1761809174.3255632,-5.184749449672913,-0.356608087567987,1.0337154186661084,0.0,0.5422620388938402,0.1952341534708969,0.1952341534708969
1761809174.695149,-4.658807016831384,-0.5977993460423875,1.5703829211114153,0.0,1.1416596144470381,0.06024362309251549,0.06024362309251549
1761809175.111855,-4.072753816029337,-0.5751710081338216,0.8071704865802359,0.0,1.7399133216699005,0.07148989114491823,0.07148989114491823
1761809175.4802806,-3.7459125829787308,-0.5060796363555384,0.9106705721770678,0.0,2.0779077383660107,0.0979132566381843,0.0979132566381843
1761809175.8115966,-3.393304729886546,-0.4509645203762166,0.6891356593813038,0.0,2.437992315592284,0.09042668432360253,0.09042668432360253
1761809175.981808,-3.3058949081452473,-0.44918778817872385,0.6756912925324248,0.0,2.524458384469711,0.07540674921300997,0.07540674921300997
1761809176.1922877,-3.1425881659584056,-0.41070458579931163,0.7858739056799912,0.0,2.6923969749678105,0.08117581013371483,0.08117581013371483
1761809176.5926344,-2.7835682865907385,-0.3599759607592383,1.0042797023635113,0.0,3.0535815335697394,0.061745368389318975,0.061745368389318975
1761809176.9692523,-2.3814062855818885,-0.31167639831994104,1.1536901891906695,0.0,3.455970314177901,0.0432222099890495,0.0432222099890495
1761809177.2096963,-2.1232654297723004,-0.2867680465492885,0.9313279333815807,0.0,3.7139125543367952,0.03586244696840468,0.03586244696840468
1761809177.437645,-1.9177628733019865,-0.27760686149235597,0.9733123185708809,0.0,3.9186193864432735,0.025233774499479607,0.025233774499479607
1761809178.0598478,-0.6737285379373416,-0.3169937701139724,1.6899114044220402,0.0,5.162088090881033,-0.05149300456995081,0.05149300456995081
1761809178.2292151,-0.2645430239803864,-0.2801992449205666,1.3915840315136767,0.0,5.570971844867518,-0.00763133261009163,0.00763133261009163
1761809178.63422,0.14248580923011514,-0.23246685123071362,0.8493714740591704,0.0,5.976725926707393,0.04997886703751597,0.04997886703751597
1761809179.0584295,0.6788824749909136,-0.21346401095349696,1.4632203628651468,0.0,6.513529556088874,0.0794581374159642,0.0794581374159642
1761809179.5438118,1.1918950430869346,-0.18662335087608667,0.5915384188828358,0.0,7.029377630839554,0.10540768892359728,0.10540768892359728
1761809179.9593394,1.405804882262758,-0.17862577959943673,0.5488968259672803,0.0,7.245295453718921,0.10773931455374104,0.10773931455374104
1761809180.1067476,1.48459426324984,-0.17486655246417737,0.5216731166834079,0.0,7.324955256337373,0.10841630849800664,0.10841630849800664
1761809180.3089917,1.663383812396577,-0.1439955728400176,0.6151753202380827,0.0,7.507277805681288,0.13001276524180727,0.13001276524180727
1761809180.590117,1.985414488742309,-0.1171278514991599,1.4416085347983405,0.0,7.835480527765281,0.13118438541266153,0.13118438541266153
1761809180.6817992,2.177337187803413,-0.11711822963695397,1.572360652694833,0.0,8.029363395040177,0.10965030954884614,0.10965030954884614
1761809180.7699213,2.3146297137979555,-0.10766029331282927,1.6227810739508235,0.0,8.168837131096558,0.10039522783098784,0.10039522783098784
1761809180.7946343,2.391595240034874,-0.10767921986697132,1.6335516986012526,0.0,8.24604347226947,0.08868485973373726,0.08868485973373726
1761809180.823174,2.4406765014438956,-0.10368471545693281,1.6356994370808757,0.0,8.295816437737495,0.0846846113147968,0.0846846113147968
1761809180.8534603,2.47959399910328,-0.10206135562696317,1.6273729222426807,0.0,8.334976020618312,0.0797104469510484,0.0797104469510484
1761809180.8715606,2.5227057553876215,-0.10009053035609851,1.5667750023533515,0.0,8.378319441775785,0.07407813014757925,0.07407813014757925
1761809180.8904824,2.5848355327682477,-0.0988011486187707,1.365284880080809,0.0,8.440351969094817,0.06388814011139585,0.06388814011139585
1761809180.9265924,2.627911000042298,-0.09350327858472472,1.3392029000107573,0.0,8.484115275725332,0.06075603493870321,0.06075603493870321
1761809181.0549316,2.829592802135817,-0.06351501885684731,1.008226366236547,0.0,8.689560534750854,0.046593509296215696,0.046593509296215696
1761809181.2723289,3.0252416742552355,-0.024455424072403413,0.6313394092193388,0.0,8.890364337225298,0.03480759151548564,0.03480759151548564
1761809181.4595864,3.1473435035310997,0.0165317486638669,0.9361037508681822,0.0,9.020113775711339,0.03913994512247231,0.03913994512247231
1761809181.5929399,3.307592663843398,0.06258684276759185,1.0300495872098456,0.0,9.188044950954252,0.031967080577917056,0.031967080577917056
1761809181.7207124,3.484970868768224,0.13360986844001965,0.8845414981467841,0.0,9.380651216024198,0.035028228972196304,0.035028228972196304
1761809181.7648382,3.50548347449762,0.14952449820721803,0.8289987872503688,0.0,9.405925101387266,0.041915200390079475,0.041915200390079475
1761809181.8077826,3.5352180904711137,0.16057705212510318,0.7628196243658539,0.0,9.43795016339558,0.04056256379360515,0.04056256379360515
1761809181.8330488,3.5630500406849217,0.17929849903148726,0.7024274429884146,0.0,9.471287837929165,0.04674386272013593,0.04674386272013593
1761809181.95574,3.641640638881726,0.21780098361081743,0.6289553664062537,0.0,9.559863112631248,0.04963623869526314,0.04963623869526314
1761809181.9795475,3.650214891859498,0.22231880430264866,0.626882339258924,0.0,9.569671641894278,0.05011675914711349,0.05011675914711349
1761809182.3330066,3.7743718662490493,0.332750869692144,0.5287625577182161,0.0,9.733106829503054,0.09418343012414482,0.09418343012414482
1761809182.548961,3.911889462721686,0.39846051009897243,0.5859750435910768,0.0,9.889277953743443,0.08544347234242344,0.08544347234242344
1761809182.6409354,3.9849010622600236,0.4296651479272866,0.6303335425295777,0.0,9.969884063710808,0.07486567092580262,0.07486567092580262
1761809182.6687922,4.010678164730116,0.44527536716532873,0.7139140529624249,0.0,10.000710932673531,0.07457571543036484,0.07457571543036484
1761809182.683733,4.027840847522171,0.45901001546405973,0.7576831818138916,0.0,10.02306722394898,0.07704818661571898,0.07704818661571898
1761809182.7130961,4.031924677967063,0.46467420716248187,0.8333331177005793,0.0,10.02971175949999,0.07963517825033324,0.07963517825033324
1761809182.880787,4.198885093109332,0.5781910896861857,1.334070372131438,0.0,10.236820770954289,0.07906446341529433,0.07906446341529433
1761809183.1365867,4.520876247047719,0.8965484881060792,1.6303801608360324,0.0,10.704521106870192,0.10953599193427416,0.10953599193427416
1761809183.2707727,4.6434852243196625,1.0709088708144883,1.2271768086669212,0.0,10.926495739493957,0.13511014730761228,0.13511014730761228
1761809183.6391804,4.8234580019357685,1.3500415309039973,0.6132121252469241,0.0,11.281653410927367,0.14918344022925115,0.14918344022925115
1761809183.783477,4.870415096693932,1.428847938425676,0.5281045139946461,0.0,11.38111960754221,0.14602297503003597,0.14602297503003597
1761809183.9406867,4.925956071440052,1.5334619169168215,0.7795837160186054,0.0,11.509169662910047,0.1406205591403799,0.1406205591403799
1761809184.1968625,5.015108703750877,1.779967904253272,1.4881972954368345,0.0,11.791995844612064,0.13756197798592637,0.13756197798592637
1761809184.3857622,4.997724942757812,2.104889802799924,1.610006950868687,0.0,12.147230143324043,0.20649577804045188,0.20649577804045188
1761809184.5441334,4.922261480005827,2.384444091444497,1.5251238613817861,0.0,12.485178801032935,0.26515414047489766,0.26515414047489766
1761809184.977827,4.4890617994605675,3.1277155612038294,1.165376935205846,0.0,13.570734140168227,0.1972644154985997,0.1972644154985997
1761809185.1924496,4.358153842055667,3.2543344294604393,0.9637291428111817,0.0,13.770815407054558,0.1390894276003889,0.1390894276003889
1761809185.4174867,4.153360967645395,3.3092993698274547,1.0006140571399462,0.0,14.00885852926983,0.1406791725367878,0.1406791725367878
1761809185.5628521,3.9171989297454157,3.3267063799182246,1.3351202554245611,0.0,14.270777522152782,0.14440251090383177,0.14440251090383177
1761809185.7326078,3.734115800904677,3.30487903169776,1.1374153572001335,0.0,14.472198966789707,0.15624693999412337,0.15624693999412337
1761809185.916764,3.5718033461754377,3.260929100490577,0.9553299573107968,0.0,14.654579356508433,0.17417009661516866,0.17417009661516866
1761809186.1768143,3.3846601175669457,3.202229212848841,0.6548934304228959,0.0,14.86701653467127,0.1847415561900057,0.1847415561900057
1761809186.608915,3.1083400387793287,3.058390298939647,1.2072428339614618,0.0,15.19945295190972,0.2235710170726486,0.2235710170726486
1761809186.7735612,2.913922954954877,2.9458924378752314,1.4596878858947167,0.0,15.437266707118829,0.24240257888079014,0.24240257888079014
1761809186.8024273,2.877653236338343,2.9355611859429245,1.4816576369627494,0.0,15.476193197394931,0.23506931196200523,0.23506931196200523
1761809186.8386245,2.827461844895082,2.9041377945433138,1.5045333956090146,0.0,15.53807398901962,0.2395701929714751,0.2395701929714751
1761809186.8673358,2.7946326634919303,2.874433113642681,1.505750326964423,0.0,15.582989026013326,0.2501931287940828,0.2501931287940828
1761809186.9108698,2.741209614786794,2.835533314102775,1.346765232760356,0.0,15.65130110804797,0.25854661403993795,0.25854661403993795
1761809186.9726686,2.690704532332165,2.8021197801332614,1.2454008452238357,0.0,15.713956926020703,0.262910377250542,0.262910377250542
1761809187.0680418,2.56595157340112,2.722854954172395,1.5366756206241445,0.0,15.865884437396012,0.268945418840049,0.268945418840049
1761809187.335148,2.315766330102681,2.569943459693932,1.1944318036534276,0.0,16.161992099861276,0.2714120232965255,0.2714120232965255
1761809187.5895572,1.9577069520064054,2.4420635531314976,1.4039439653802661,0.0,16.52990737405854,0.19892916323250598,0.19892916323250598
1761809187.6244364,1.925727074325361,2.444452873739604,1.3574291464859343,0.0,16.55589804484543,0.18101774291699463,0.18101774291699463
1761809187.6701415,1.8746217392094722,2.436078357819852,1.3848936994989192,0.0,16.60342940278207,0.1632192204157703,0.1632192204157703
1761809187.6985228,1.8328617753131875,2.4317472141834973,1.390928526402099,0.0,16.641171534888773,0.1467187378666788,0.1467187378666788
1761809187.7316422,1.7981701584542542,2.429455637644094,1.395058040222537,0.0,16.672007343277667,0.13203379856276537,0.13203379856276537
1761809187.7566824,1.7511841371354522,2.4330101051329334,1.442696519455179,0.0,16.710851835749697,0.10653299186370675,0.10653299186370675
1761809187.8353972,1.627878880638016,2.416329404129257,1.5418958024660885,0.0,16.82595941027353,0.0641137113997178,0.0641137113997178
1761809188.0779066,1.2493413196182273,2.373527095985171,1.515240899574304,0.0,17.188328408680317,-0.053552628638382074,0.053552628638382074
1761809188.4656446,0.4975256893325623,2.283024652547854,1.529519072208799,0.0,17.963079026621607,-0.15792884805507698,0.15792884805507698
1761809188.8303618,-0.17518999243678965,2.1823035089500835,1.2570292792639277,0.0,18.6613409079173,-0.10733321914314901,0.10733321914314901
1761809189.061928,-0.58059176491843,2.111826768210979,1.3092571285638717,0.0,19.06911639819517,-0.02665871683704095,0.02665871683704095
1761809189.2629766,-0.9290506184090609,2.1122132888362635,1.6754335005058767,0.0,19.41720655856545,-0.0006722478174510203,0.0006722478174510203
1761809189.7154424,-1.8853350763827201,2.2518529240619394,1.3164342365033201,0.0,20.38389343645617,-0.016682681066754905,0.016682681066754905
1761809189.9028022,-2.279726254627801,2.2855691382198846,1.3077589610081481,0.0,20.779084251458325,0.005424701256911734,0.005424701256911734
1761809190.0931637,-2.6028181286597256,2.296244341838931,1.480739858146185,0.0,21.101368619982317,0.035585138868692516,0.035585138868692516
1761809190.2318225,-2.863154947226566,2.294947024469615,1.5503125085565206,0.0,21.361317582610205,0.06413882332223382,0.06413882332223382
1761809190.4222927,-3.240092725371325,2.2916833370060665,1.5554147369647973,0.0,21.74080517325584,0.09408181279805632,0.09408181279805632
1761809190.6070302,-3.566461342774997,2.2583314618178774,1.5446646736237193,0.0,22.072459459475017,0.13436138463999575,0.13436138463999575
1761809190.8782196,-3.930732694097285,2.2170504127739847,1.1328961993573001,0.0,22.44906602978104,0.16053918770117323,0.16053918770117323
1761809191.090878,-4.236700905000502,2.182962164812691,0.5906550008687462,0.0,22.768834000383197,0.15912771593042985,0.15912771593042985
1761809191.3148685,-4.292960518780113,2.1545657293963854,0.7960553353809819,0.0,22.83160039726386,0.17811343202710334,0.17811343202710334
1761809191.6524885,-4.6059628663010095,2.047657998868843,0.6733979693810264,0.0,23.17957338758388,0.21533763024149127,0.21533763024149127
1761809191.891592,-4.765326044864773,1.9942477721645013,0.6216887227475945,0.0,23.36018372942761,0.2200967038625762,0.2200967038625762
1761809192.0539503,-4.836819095048236,1.9649826253707021,0.526349553305272,0.0,23.44366693397829,0.2239571975052719,0.2239571975052719
1761809192.1808107,-4.899640174714337,1.9277627547155367,0.5350125079503429,0.0,23.5220639932663,0.23618253761493602,0.23618253761493602
1761809192.437532,-5.078848710031759,1.8585343896764124,0.6363939125366471,0.0,23.732370874033375,0.2263600223568277,0.2263600223568277
1761809192.7179372,-5.317982013462604,1.7159529780591682,1.328206495564526,0.0,24.040857000340598,0.23014068964355738,0.23014068964355738
1761809192.9778118,-5.697066224395516,1.4193820648302733,1.596445613154493,0.0,24.581893456533205,0.20149325015721084,0.20149325015721084
1761809193.1919525,-5.820213623550603,1.0750416064907988,1.0197017088541336,0.0,25.007862354114085,0.2854454579323517,0.2854454579323517
1761809193.4769657,-5.7451775128076985,0.7789208993326082,-0.0002112613428540518,0.0,25.37943835169475,0.4422826830286168,0.4422826830286168
1761809193.8168325,-5.723280259281328,0.6810138035776644,0.17153980585728174,0.0,25.536867713973486,0.4710881430126351,0.4710881430126351
1761809194.0943532,-5.710845609742499,0.674791884313752,0.11494945621625953,0.0,25.546792035086217,0.4835363600613516,0.4835363600613516
1761809194.3922768,-5.708127741896187,0.3805602610686944,1.9096220808860969,0.0,26.016751338351312,0.4274357082904967,0.4274357082904967
1761809194.7710083,-6.399405463572508,-0.2185673711829598,1.6699804498852877,0.0,26.22658981068752,-0.465413174395335,0.465413174395335
1761809194.9746945,-6.504573208103438,-0.6202739632268922,1.7927094839944289,0.0,26.395873937248183,-0.7889191600079244,0.7889191600079244
1761809195.1632528,-6.534044174292832,-0.9557394013870552,1.8724808533003787,0.0,26.503788120421362,-1.0401146974217048,1.0401146974217048
1761809195.4397125,-6.379305788878411,-1.5077437133607023,1.6846977107338694,0.0,0.12216750389034828,-1.3766761238932739,1.3766761238932739
1761809195.8539367,-5.789182227656378,-1.9662727891452678,1.693324689568451,0.0,0.5207078662141595,-1.523963220170185,1.523963220170185
1761809196.283036,-5.209216062230096,-2.076676630298309,1.638745460843804,0.0,0.8675945131210037,-1.478844631453709,1.478844631453709
1761809196.6562545,-4.448187179483742,-1.9074053826931525,1.3129605907658073,0.0,1.3580413797507906,-1.2416398340070578,1.2416398340070578
1761809197.062662,-3.9942630589714563,-1.737391144591229,0.9483315748196072,0.0,1.7117682207835536,-1.0929582643848048,1.0929582643848048
1761809197.5026133,-3.5830676080238035,-1.5435501759184884,0.6369744177422998,0.0,2.077185517410938,-0.9522596339837767,0.9522596339837767
1761809197.858828,-3.3553992702347433,-1.4307636707198177,1.3495956939191036,0.0,2.2981391516128076,-0.8794684508299014,0.8794684508299014
1761809198.1651478,-2.9453739174630575,-1.1482292331691324,0.8953187222931808,0.0,2.740627028603011,-0.6807410184455783,0.6807410184455783
1761809198.4690552,-2.828652028907139,-1.0652820918450674,-2.6769509678392645e-08,0.0,2.8732190995894626,-0.6222302050003421,0.6222302050003421
1761809198.7235994,-2.8232325818139703,-1.0402167141459622,0.19144031692539534,0.0,2.883626483208295,-0.598689177250967,0.598689177250967
1761809199.0609162,-2.8012706707146924,-1.0472195511026199,0.06770828717632438,0.0,2.9043274999685513,-0.6098009605994879,0.6098009605994879
1761809199.2688246,-2.728096073430795,-1.0865836000963827,0.8456281571811611,0.0,2.9707217456633557,-0.6624262409166072,0.6624262409166072
1761809199.7431028,-2.511610721861344,-0.9384132129115498,1.7194926814220282,0.0,3.2229435877624093,-0.5557267560777389,0.5557267560777389
1761809199.9505532,-2.0561179929437174,-0.7588679880216476,1.628626556683598,0.0,3.7305098236867074,-0.4407139896473636,0.4407139896473636
1761809200.034074,-1.8348417772087335,-0.8097196467786772,1.6496569194777906,0.0,3.9585613371226795,-0.5118975236821437,0.5118975236821437
1761809200.3065658,-1.369316803363234,-0.8337417955166484,1.9828449753802662,0.0,4.44688734987467,-0.5618721207218079,0.5618721207218079
1761809200.6632578,-0.4282415752350687,-0.7637215229005941,2.033778915244393,0.0,5.416511335215835,-0.4944704954183281,0.4944704954183281
1761809200.9951115,0.23246400927018482,-0.5798569323692359,1.8763613003378523,0.0,6.074878475236846,-0.29515033133440555,0.29515033133440555
1761809201.152284,0.6656215606067977,-0.4679466271171959,1.8139075602811447,0.0,6.503296056938638,-0.17516340317559717,0.17516340317559717
1761809201.4854026,1.289757274836694,-0.4432552838346548,1.6918343909563247,0.0,7.121523910000375,-0.1532683478933437,0.1532683478933437
1761809201.780937,1.8531535956890632,-0.48279078604388637,1.3263430572895676,0.0,7.6719858501121285,-0.22124401598162544,0.22124401598162544
1761809201.8994234,1.9047486609355406,-0.5047372047872469,1.2755697208930241,0.0,7.720255912856336,-0.2473550712712234,0.2473550712712234
1761809201.9955676,2.1386080379628094,-0.4097132755510886,1.300128716517741,0.0,7.956015874251777,-0.17615594675018717,0.17615594675018717
1761809202.1654212,2.3671441767362706,-0.3198295942615839,1.008114079176973,0.0,8.189442126672358,-0.1172007231221924,0.1172007231221924
1761809202.5430713,2.7173272134481126,-0.2057486729726027,0.8109174228423672,0.0,8.54886851093719,-0.06729251583441831,0.06729251583441831
1761809202.685424,2.8246926715776057,-0.16308134458197118,0.8414867259607632,0.0,8.66174681467987,-0.049132965679606594,0.049132965679606594
1761809202.835859,2.9756771899883807,-0.10017573200892553,0.7612412504020372,0.0,8.822359128710248,-0.02498501481305569,0.02498501481305569
1761809203.070256,3.1373464526476442,-0.01615308198050704,0.6697008985891304,0.0,9.000741026849717,0.010908701369568993,0.010908701369568993
1761809203.5701158,3.392521791356199,0.11919691766108974,0.5759867927342466,0.0,9.288366007922793,0.05565182222738129,0.05565182222738129
1761809203.8708196,3.5329824891843478,0.22470166096250155,0.6100994920145828,0.0,9.461619666233974,0.10036753462476579,0.10036753462476579
1761809203.899067,3.5377521290191676,0.23305311115063454,0.6488282858777272,0.0,9.469528876082583,0.10612876492387571,0.10612876492387571
1761809204.0683444,3.705056385544933,0.3047343021277511,1.1484972390512955,0.0,9.656570496910755,0.10062815865592831,0.10062815865592831
1761809204.111688,3.7657368283498482,0.3325774371361236,1.269515384078076,0.0,9.72515292073583,0.09801621337230018,0.09801621337230018
1761809204.131764,3.809397714737391,0.3599737620172867,1.393261771638236,0.0,9.778036725634642,0.10183781868597698,0.10183781868597698
1761809204.2424738,3.8964020737769047,0.42852423363209097,1.5462157832861876,0.0,9.891026466103199,0.11921935773739192,0.11921935773739192
1761809204.2598615,3.9824381344248936,0.4647603490319174,1.5921109438257977,0.0,9.986646715603607,0.10603979270378532,0.10603979270378532
1761809204.4596465,4.271395678023611,0.6727488107078048,1.641390154944343,0.0,10.35557561261026,0.11017533881564742,0.11017533881564742
1761809204.6161277,4.487393318766895,0.8311156273898648,1.2460206835006815,0.0,10.632021505460674,0.08675388367944784,0.08675388367944784
1761809204.8586557,4.623465254267781,1.0069409335600437,0.674940776852898,0.0,10.861694568527314,0.10901985341929359,0.10901985341929359
1761809205.013612,4.667145556172281,1.0917487016320082,0.589843535520697,0.0,10.959313132474987,0.129942664998569,0.129942664998569
1761809205.162707,4.743931427688642,1.1921557045989952,0.5530094661516293,0.0,11.092895792888854,0.12964571309135278,0.12964571309135278
1761809205.4145634,4.861524104619647,1.360494828594528,0.6931079190973625,0.0,11.311817472938413,0.12137785502089961,0.12137785502089961
1761809205.4885933,4.874730652525272,1.4201658494436176,0.6882836876008792,0.0,11.374930148364063,0.13819647163413304,0.13819647163413304
1761809205.5573366,4.891212621972106,1.4571292057155312,0.6762028662246854,0.0,11.418564985998751,0.14016825496480206,0.14016825496480206
1761809205.5860817,4.8998597955887995,1.4915751781746227,0.6605946573157492,0.0,11.456267055043465,0.1472454048757184,0.1472454048757184
1761809205.690077,4.926047628089644,1.5635043238084627,0.6419544146356164,0.0,11.539191347441951,0.15225610642177517,0.15225610642177517
1761809205.7231836,4.937239844059608,1.5908494588138578,0.8109890619570899,0.0,11.571243021155697,0.15214145295199877,0.15214145295199877
1761809205.7537923,4.945808325488902,1.6248874715195294,0.7736880010760657,0.0,11.609067507449133,0.15634363693484077,0.15634363693484077
1761809205.8128757,4.947964253110765,1.6419144078656498,0.7739169819823922,0.0,11.62731635317727,0.16019402065475954,0.16019402065475954
1761809205.8661842,4.9596275120941495,1.6771450481362378,0.8153280042646144,0.0,11.667730950275883,0.16084172087540669,0.16084172087540669
1761809205.9324305,4.978578512116083,1.7346890501248866,1.0741572469406433,0.0,11.733853558953914,0.160327804092813,0.160327804092813
1761809205.9766521,5.002796658471455,1.8371373618443605,1.3050919672702037,0.0,11.849251490345125,0.16340001440802782,0.16340001440802782
1761809206.0095432,4.9963046789774195,1.9058646406607813,1.409548642945716,0.0,11.922337687955277,0.1840005178206615,0.1840005178206615
1761809206.036875,4.984527332064795,1.9691898164422017,1.4789769611545225,0.0,11.99075632231529,0.20618077090795636,0.20618077090795636
1761809206.0651526,4.992740103962909,2.0286859324959026,1.535327215856055,0.0,12.059497700360192,0.20553199557153984,0.20553199557153984
1761809206.0908556,4.975657160882226,2.0606923005105653,1.5376750698099004,0.0,12.094365351617157,0.22555896769077904,0.22555896769077904
1761809206.1152878,4.994315819969841,2.129185614139416,1.5592169985514923,0.0,12.175014200492045,0.21090753332388684,0.21090753332388684
1761809206.3205235,5.006075360174282,2.495491022383497,1.6028315830087942,0.0,12.592110039946478,0.1594277063253023,0.1594277063253023
1761809206.7341702,4.487548006799588,3.204019806515125,1.5497080025413204,0.0,13.615011529427939,0.13133118296748492,0.13133118296748492
1761809206.9866035,4.186997767860835,3.3327876088025716,1.134367494975763,0.0,13.977410671368045,0.11123964538095316,0.11123964538095316
1761809207.0782773,4.065504497096016,3.354477472866018,1.234081172426567,0.0,14.11120889853068,0.10845230998232541,0.10845230998232541
1761809207.4310083,3.6547845633520173,3.306048938370803,1.3785454105849106,0.0,14.557331073010122,0.14454804027764687,0.14454804027764687
1761809207.7770684,3.2867098334077665,3.206918040747588,1.4991745717482134,0.0,14.96500458413108,0.15003799177803945,0.15003799177803945
1761809208.012707,2.9671595557395705,3.0268666086255513,1.6709399427161218,0.0,15.34927554060577,0.1934137760526191,0.1934137760526191
1761809208.3440235,2.530136243047529,2.683227655101252,1.5208064479345274,0.0,15.917952285325118,0.28479850195608575,0.28479850195608575
1761809208.6606274,2.2555142636423406,2.526761733096578,0.871155361410045,0.0,16.235485326179923,0.27727013685084717,0.27727013685084717
1761809208.954387,2.017146638370284,2.451061245354734,1.1375000183864261,0.0,16.47519435555415,0.22080939899032115,0.22080939899032115
1761809209.1691496,1.5990181230847837,2.3608217329440535,1.565019485476292,0.0,16.875777046568704,0.10075417210062554,0.10075417210062554
1761809209.3670385,1.3389358206388449,2.316075451287148,1.3941802339310778,0.0,17.12663404085525,0.03331781102042166,0.03331781102042166
1761809209.5942712,0.9833673053974481,2.336799492884066,1.1280578186308772,0.0,17.45864999519922,-0.10547526170838237,0.10547526170838237
1761809209.7846754,0.7335085462386305,2.3325324243975682,0.9680871939892861,0.0,17.711499383118742,-0.16367871433961972,0.16367871433961972
1761809209.9382765,0.4654676249539038,2.3346142146339215,1.2687560336043653,0.0,17.98832553770879,-0.21367959609520779,0.21367959609520779
1761809210.1489134,0.1065608208042701,2.2698139709691176,1.449542601595101,0.0,18.36886695820093,-0.18552057785434808,0.18552057785434808
1761809210.4179068,-0.32390306133238467,2.196986472320547,1.5251926267997618,0.0,18.81294297067527,-0.12117765300752734,0.12117765300752734
1761809210.5680678,-0.6236312968218427,2.141303239126015,1.5587794233875703,0.0,19.114011029536034,-0.05361560162961206,0.05361560162961206
1761809210.6186333,-0.7553494088233698,2.1201886222947355,1.5691747575752442,0.0,19.244596990845434,-0.0235381022544813,0.0235381022544813
1761809210.7750611,-1.0601931002045502,2.0887778313223393,1.5657123260122778,0.0,19.54508713999417,0.03593314561900921,0.03593314561900921
1761809211.0933125,-1.5787283839511443,2.064170283113136,1.5237339642302397,0.0,20.0541058966886,0.12542429283973652,0.12542429283973652
1761809211.2816377,-1.9918834416023359,2.136805664342615,0.986779417417851,0.0,20.472848065292347,0.11247957091722868,0.11247957091722868
1761809211.8243313,-2.5030602298400297,2.2568750323704783,0.530975488043526,0.0,20.99726232599959,0.06275766335237493,0.06275766335237493
1761809212.080251,-2.7677724702534503,2.2586875780935625,0.567685916526462,0.0,21.26210689971505,0.09092717605099236,0.09092717605099236
1761809212.2453916,-2.8775783256721037,2.2649938999895323,0.5548812106753952,0.0,21.37302060003723,0.0952917661147963,0.0952917661147963
1761809212.5028396,-3.036193898366971,2.2691760404347794,0.5905195889810629,0.0,21.533230228946156,0.10423878417384934,0.10423878417384934
1761809212.7876685,-3.179684292584572,2.2684861135059617,0.9829666736650451,0.0,21.67840036326354,0.11418033697487269,0.11418033697487269
1761809213.130491,-3.787522599727775,2.231860173927946,1.642083065772895,0.0,22.30034278175491,0.15489308158571957,0.15489308158571957
1761809213.3811984,-4.178641333045957,2.1817417273428426,1.2579446472507116,0.0,22.70917363006588,0.1687923264863478,0.1687923264863478
1761809213.6947384,-4.53195688363462,2.12983324568246,0.6081866785264737,0.0,23.082034869094954,0.15420450870890093,0.15420450870890093
1761809213.865163,-4.603634923397287,2.089579254197906,0.5408511819686634,0.0,23.16553077825177,0.17548303740437166,0.17548303740437166
1761809214.0554063,-4.716715480999688,2.068884516209981,0.509836902676284,0.0,23.286324809310145,0.16399596595311539,0.16399596595311539
1761809214.2404258,-4.867374309394911,2.025156650017804,0.7451843529380613,0.0,23.451979458549363,0.15691968212543497,0.15691968212543497
1761809214.5035167,-5.130378598950336,1.8941464992717747,1.2214536808514962,0.0,23.76491135559541,0.17136877688126784,0.17136877688126784
1761809214.790161,-5.505230469627588,1.6274514452969986,1.2350327259094327,0.0,24.266169920288775,0.18845572312595232,0.18845572312595232
1761809215.2157598,-5.753661260976879,1.0873585375275832,1.4669832086726582,0.0,24.955984872576845,0.3401461360966,0.3401461360966
1761809215.5606205,-5.643615943033241,0.3496083712731592,1.1239706363449846,0.0,26.107585845514325,0.4733058983380717,0.4733058983380717
1761809215.9064445,-5.601771178665064,0.2553973057729197,0.5894004994900227,0.0,26.26582057562833,0.46159222831456326,0.46159222831456326
1761809216.198117,-5.510820184712691,-0.011685604582233923,1.2552908410606018,0.0,26.641252053432247,0.3455408133311822,0.3455408133311822
1761809216.577936,-4.986351484501385,-0.5602099468255951,1.2728956300823628,0.0,0.8041975464345045,0.052061921386506366,0.052061921386506366
1761809216.823536,-4.717659706456321,-0.6747016319734207,1.1174529561385915,0.0,1.0890183066021208,-0.021278113331354025,0.021278113331354025
1761809216.9835725,-4.527526551600597,-0.6788742391689081,1.4378446145730757,0.0,1.2779146113689872,-0.014231007061312612,0.014231007061312612
1761809217.1182904,-4.343980115607507,-0.6989334875914432,1.3176017568185596,0.0,1.460112872205479,-0.0345826446276231,0.0345826446276231
1761809217.2818685,-4.08059862914717,-0.6414989269347385,1.3042912443803043,0.0,1.7256304667534355,0.00621875073843232,0.00621875073843232
1761809217.517743,-3.682346030937501,-0.643346683861577,1.4463100712996408,0.0,2.1190573628793246,-0.04769339448250086,0.04769339448250086
1761809217.8803537,-3.0174753973082855,-0.4776394495051263,1.4165190189915189,0.0,2.801889797855743,-0.00905004119091293,0.00905004119091293
1761809218.1551669,-2.676354629222466,-0.35948302635882534,1.2917250870224735,0.0,3.1586717046241306,0.04293159930137965,0.04293159930137965
1761809218.317507,-2.5047607947116997,-0.3297272217358502,1.3879523219673522,0.0,3.331997484932639,0.043723326823627784,0.043723326823627784
1761809218.5747082,-2.104442855874561,-0.23075139714737955,1.5735314494137067,0.0,3.7384149230459247,0.08955263558792216,0.08955263558792216
1761809218.8021972,-1.6712477260052667,-0.2301133691995597,1.562893765592368,0.0,4.166874324839296,0.05502907293420859,0.05502907293420859
1761809219.0564475,-1.1727760604250819,-0.2596041751260625,1.5574450291015334,0.0,4.6626111724403145,0.007097622567675571,0.007097622567675571
1761809219.3744833,-0.6399808030050373,-0.3243801134322808,1.2665579963975466,0.0,5.195991716588579,-0.05850370417820618,0.05850370417820618
1761809219.770074,-0.13673220997771832,-0.30031426850978704,1.16453126143286,0.0,5.6992447697888835,-0.02474917790500237,0.02474917790500237
1761809220.238503,0.46991730470130383,-0.2693541665552012,1.2319576913144246,0.0,6.305080305038341,0.020356252411518675,0.020356252411518675
1761809220.5204847,0.7954909136086123,-0.2373924239936983,0.898647149383554,0.0,6.630703404616176,0.05658870952437993,0.05658870952437993
1761809220.8150558,1.08670772526115,-0.2128386802650233,0.6215864148620307,0.0,6.9231302506815995,0.08068414443911537,0.08068414443911537
1761809221.029112,1.2085193799537246,-0.19204604344160914,0.5105500817477787,0.0,7.0460256661615634,0.09967688811663027,0.09967688811663027
1761809221.2838433,1.3451666214338813,-0.17769027286206468,0.5694838841575302,0.0,7.18414431361309,0.1106654849803851,0.1106654849803851
1761809221.8042338,1.9047568074678651,-0.12253724104557148,1.5451879060613027,0.0,7.753301312151931,0.1333945699863321,0.1333945699863321
1761809222.0449543,2.338277449430902,-0.10856378793767853,1.620298736487405,0.0,8.192448126384779,0.09600684257090618,0.09600684257090618
1761809222.1684654,2.634067589597268,-0.10790514430777132,1.5967452739463315,0.0,8.487337578762292,0.045422163553305604,0.045422163553305604
1761809222.2732463,2.825140243493788,-0.09593332235944482,1.5878390942632068,0.0,8.677604908408945,0.016105045824445222,0.016105045824445222
1761809222.7766352,3.416873200767269,0.08322868957777044,0.6266881216581164,0.0,9.298277400056556,0.013342356915982054,0.013342356915982054
1761809223.043032,3.457722350681174,0.25515138288253836,0.5436868118715165,0.0,9.402287661031608,0.15778404082783312,0.15778404082783312
1761809223.306931,3.6975628801038973,0.4092264526335358,1.253847822561878,0.0,9.69850229420949,0.19736112479129234,0.19736112479129234
1761809223.5484374,3.9261688414445084,0.5815008851857022,1.0568095122011119,0.0,10.00132023930592,0.23488441727619908,0.23488441727619908
1761809223.7970128,4.121293460492874,0.7149788570795013,0.6414537766688438,0.0,10.256719779767174,0.23519223413427054,0.23519223413427054
1761809224.2383401,4.34964312878644,0.8860632568452581,0.7073787671059645,0.0,10.566007434310295,0.22132769858712342,0.22132769858712342
1761809224.4549108,4.523930752156715,1.0516675056547717,1.319977950926241,0.0,10.827330953532105,0.21327426991963327,0.21327426991963327
1761809224.5617065,4.615309779431463,1.1730529999809745,1.5277073852673655,0.0,10.99312069410757,0.22109279375181595,0.22109279375181595
1761809224.7758079,4.855187219791691,1.5209644312282724,1.3583507314315801,0.0,11.464951070516035,0.20013691070511394,0.20013691070511394
1761809225.2709203,4.972465941493861,2.0111159784365777,0.5739054724090903,0.0,12.036847347503114,0.22370945689521957,0.22370945689521957
1761809225.6728911,4.944495418424635,2.3413656393243762,0.7084525532219786,0.0,12.429240322853081,0.24994067332486442,0.24994067332486442
1761809225.7606192,4.888296861447475,2.4640878413821907,1.0479996532089813,0.0,12.591327110104682,0.2813187693342828,0.2813187693342828
1761809225.982392,4.801712897616208,2.75601108205556,1.5216443394967862,0.0,12.973859967441383,0.2464184012561722,0.2464184012561722
1761809226.452314,4.080501168672087,3.2169444573304196,1.5682239370441058,0.0,14.075734821927636,0.24322332258074775,0.24322332258074775
1761809226.8507798,3.654904643621405,3.2310105067152426,1.16061730920168,0.0,14.5702419454242,0.21866693028902331,0.21866693028902331
1761809227.091672,3.3474999573394917,3.1368284053063547,1.250674935963453,0.0,14.927117889819966,0.2358803414413928,0.2358803414413928
1761809227.344055,3.0138337465115033,2.9897940812008303,1.4377979948480815,0.0,15.32164544836857,0.24698246133528526,0.24698246133528526
1761809227.817563,2.46701699855284,2.651180788791125,1.5768999372894104,0.0,15.989683291774199,0.27993999566930206,0.27993999566930206
1761809228.0589004,2.1547182711782336,2.4587114830924595,1.5529235157114016,0.0,16.355264736023194,0.28390366711979,0.28390366711979
1761809228.2517145,1.8643944984295286,2.37875835012388,1.3504583882535888,0.0,16.6392368605729,0.20834818680923797,0.20834818680923797
1761809228.5066886,1.532429759379982,2.3431267192421688,1.3207625090815327,0.0,16.941936028790387,0.08755349582267018,0.08755349582267018
1761809228.686655,1.3218712620517221,2.3126000220693004,1.4035710926270673,0.0,17.14357189613253,0.03002091031994677,0.03002091031994677
1761809228.840434,1.0191024019444093,2.302166483940917,1.2646185964148795,0.0,17.43380141519278,-0.06199935722635581,0.06199935722635581
1761809229.0876496,0.584881707967702,2.278949356867823,1.1055116761406205,0.0,17.87421877652815,-0.13981521373362724,0.13981521373362724
1761809229.3661094,0.2290524992483622,2.280898150445823,0.9021922626134764,0.0,18.240952704899513,-0.18753693864052598,0.18753693864052598
1761809229.7284517,-0.18030699738753253,2.206689983524475,1.2388539662011406,0.0,18.66640406856653,-0.13175194521756545,0.13175194521756545
1761809229.9564216,-0.4774480866562146,2.1678568731036876,0.9373303318396045,0.0,18.967967532796862,-0.08754304458525744,0.08754304458525744
1761809230.159318,-0.7390587401400621,2.1475215718097163,0.6123486367443518,0.0,19.230351368391535,-0.052022016684333865,0.052022016684333865
1761809230.5207264,-0.9692454986411092,2.12171539989512,0.8729711485994457,0.0,19.45814835099559,-0.006224786181439256,0.006224786181439256
1761809230.9178877,-1.5501023022479103,2.132761430924862,0.948183914568242,0.0,20.035317913255664,0.053528549127718685,0.053528549127718685
1761809231.281112,-2.016731866146735,2.145360293400462,0.6264996187158434,0.0,20.49870375440179,0.10756891658939781,0.10756891658939781
1761809231.4923062,-2.2004706283230266,2.1563446376078614,0.614901568111919,0.0,20.68267612695324,0.12260000074975198,0.12260000074975198
1761809231.8814945,-2.4615870166682075,2.1722182221043966,0.5668073634632126,0.0,20.945226838937657,0.14158427736468523,0.14158427736468523
1761809232.0284822,-2.5656466288357036,2.1777857879713194,0.613523274058354,0.0,21.050182369073138,0.1488516747013884,0.1488516747013884
1761809232.273008,-2.810762414160311,2.2145756915960706,1.3947264466671496,0.0,21.300871865972624,0.13913279060945363,0.13913279060945363
1761809232.6633909,-3.5076886266522886,2.2549416681083785,1.6108686173537696,0.0,22.012280603671478,0.13779675545918527,0.13779675545918527
1761809232.8338778,-3.802367718867858,2.2438047694591448,1.3197269859566003,0.0,22.315008180999744,0.14222000196198714,0.14222000196198714
1761809233.1854296,-4.1778720615082925,2.202635963486241,0.6060828277012219,0.0,22.705381314053685,0.14820409353630173,0.14820409353630173
1761809233.5117922,-4.363778790766012,2.1464468134096752,0.4886401547806051,0.0,22.90614504205549,0.17349258057949699,0.17349258057949699
1761809233.865431,-4.565342894562979,2.0779461578671556,0.5452329797091467,0.0,23.12944589466845,0.1964656285379761,0.1964656285379761
1761809234.0436835,-4.6385300150255535,2.0445240963915445,0.06840821050035045,0.0,23.214059840950938,0.20960819247641063,0.20960819247641063
1761809234.2366104,-4.682964614626272,2.0281700877464397,0.6899933891969771,0.0,23.264652298691278,0.21279919513521184,0.21279919513521184
1761809234.6800492,-5.239897704947302,1.800911862357187,1.458821027468265,0.0,23.917726856728777,0.20004299162604675,0.20004299162604675
1761809235.0962932,-5.671526626984979,1.4576956268157955,0.8190418268739509,0.0,24.530518851998842,0.1954569876873198,0.1954569876873198
1761809235.5259755,-5.849002627865159,0.8980596789411306,1.6228021668452832,0.0,25.238615783900272,0.31743935211062424,0.31743935211062424
1761809235.9151683,-5.682636629624218,0.3236889996755549,1.2827137562928528,0.0,26.11309639891179,0.42677883212495427,0.42677883212495427
1761809236.2143412,-5.495283358129198,-0.005815948434348375,1.0744696624183407,0.0,0.006194623988481779,0.35983505892715434,0.35983505892715434
1761809236.7489574,-4.923652917235866,-0.5303474902780034,1.1582262171176514,0.0,0.8616844184915616,0.093623425705,0.093623425705
1761809237.0984912,-4.528069738754,-0.6213931060188924,1.3852671237188796,0.0,1.275805863349805,0.043214362899024326,0.043214362899024326
1761809237.3249412,-4.172667603055158,-0.5919620137547992,1.5789776523453183,0.0,1.6373674136388756,0.06335669494288285,0.06335669494288285
1761809237.5545695,-3.767468381125204,-0.5642873787338577,1.316918806129456,0.0,2.047361797178176,0.04371011558782981,0.04371011558782981
1761809237.7061963,-3.445022086915457,-0.462475437549068,1.0127792126643935,0.0,2.384738029892636,0.08884904959781366,0.08884904959781366
1761809238.0015385,-3.1319444158659815,-0.41967701523995576,1.389294523372711,0.0,2.7010662817776656,0.07028315194241795,0.07028315194241795
1761809238.3998244,-2.571783997118656,-0.3388406852721349,0.8373807359561753,0.0,3.2647346327359994,0.04548853573664385,0.04548853573664385
1761809238.9673827,-2.022926280070615,-0.27285685661421033,1.3875509042989282,0.0,3.814695917380501,0.039456435571631365,0.039456435571631365
1761809239.1979978,-1.41902775596849,-0.3263437945767308,1.7754659421785297,0.0,4.414207799967151,-0.05304015799248325,0.05304015799248325
1761809239.4182718,-0.9519735799077296,-0.3881752667577433,1.6778434600445071,0.0,4.882869238981239,-0.12374264083981157,0.12374264083981157
1761809239.7482018,-0.3467666315677798,-0.3577605017642978,1.5818261359536538,0.0,5.4903742174073695,-0.08695950234896875,0.08695950234896875
1761809239.9863727,0.03846217679496571,-0.2608498136725814,1.2512767755181011,0.0,5.873419793775748,0.0190303151743584,0.0190303151743584
1761809240.2651224,0.4153645748142165,-0.21707688016811816,0.8700419884062377,0.0,6.249454553340074,0.07156141495482206,0.07156141495482206
1761809240.5709321,0.5872247369886678,-0.20927834982159932,0.24530779659787433,0.0,6.421542233276126,0.08241577480842442,0.08241577480842442
1761809241.019419,0.8680066204654717,-0.1985168285427749,0.3632653183087206,0.0,6.703321022443221,0.09579646063056738,0.09579646063056738
1761809241.2375886,0.9815206039748313,-0.18951262226026663,0.4627508027466919,0.0,6.817487501721547,0.10475080794135919,0.10475080794135919
1761809241.619626,1.4555242636736472,-0.1622101004522376,1.5210283428074145,0.0,7.296125962781229,0.1222654800554453,0.1222654800554453
1761809241.8430843,1.8130579456301485,-0.14894711000516994,1.6104218805867676,0.0,7.658306990012798,0.11471707340452099,0.11471707340452099
1761809242.1384246,2.353217976854047,-0.1682392481573766,0.9953102218286808,0.0,8.198325533684512,0.034765254575489776,0.034765254575489776
1761809242.5345702,2.6525838728743514,-0.13603655566122655,0.5409624015606691,0.0,8.499958247724821,0.014171210850372519,0.014171210850372519
1761809242.8990383,2.915404378293577,-0.08149800819289459,0.5246291461848435,0.0,8.768908919542543,0.00840864768432648,0.00840864768432648
1761809243.1898813,3.093563546660753,-0.02455152525225854,0.5669026311368801,0.0,8.956282414422793,0.01560942350349433,0.01560942350349433
1761809243.5093625,3.4428985496141244,0.09956865630263008,1.4373880907934495,0.0,9.328578932602099,0.019113228472826503,0.019113228472826503
1761809243.7599773,3.834030333610381,0.29750556560274577,1.6262723097140945,0.0,9.770051762214296,0.035146488114058974,0.035146488114058974
1761809244.056227,4.1708120573399015,0.5558263847008502,0.9441901368012418,0.0,10.200034206008812,0.07742459945816456,0.07742459945816456
1761809244.3000758,4.33936930408945,0.6897210164731784,0.6307135561996529,0.0,10.421118491618413,0.08041479841846993,0.08041479841846993
1761809244.5065017,4.379506852099522,0.7669375153442842,0.5705533456074,0.0,10.504665498079008,0.11289341478394585,0.11289341478394585
1761809244.6553667,4.408258390370546,0.8297724677217158,0.5209105978339731,0.0,10.571142489405936,0.14020288281709264,0.14020288281709264
1761809244.8841527,4.5061763342013155,0.9289642144207368,0.6646781038302686,0.0,10.718120069398513,0.14268347154856018,0.14268347154856018
1761809245.2539952,4.846364300456542,1.3483894344234753,1.6007667261363914,0.0,11.292523099470607,0.12854779717625897,0.12854779717625897
1761809245.4423628,4.9969190798235585,1.6828175668902394,1.3615858797824811,0.0,11.686272095782957,0.12726138254699618,0.12726138254699618
1761809245.6695614,5.004122077865047,2.0953941653013546,0.8150361156186605,0.0,12.136748698640673,0.19959901013235778,0.19959901013235778
1761809245.7441373,5.002370931312535,2.1750235608061894,0.19058077838814036,0.0,12.228199516239147,0.20355590638090587,0.20355590638090587
1761809245.9277067,4.977917606766869,2.268333904531512,0.4648003779575018,0.0,12.338100431002282,0.22443443515068057,0.22443443515068057
1761809246.2660816,4.965092297415404,2.5991494555086714,1.5289645518482031,0.0,12.719145558507769,0.16759445704880505,0.16759445704880505
1761809246.5183702,4.5820775359238635,3.0877069283333145,1.62183137755264,0.0,13.452572179519935,0.18023278783914792,0.18023278783914792
1761809246.752832,4.258303992318659,3.2389639590052184,1.622520606966337,0.0,13.874022460734084,0.18535948834098692,0.18535948834098692
1761809247.0575597,3.782079279136014,3.254242858534888,0.9354951644632441,0.0,14.424763751914108,0.21133645235654377,0.21133645235654377
1761809247.3607838,3.5579722580739914,3.170346474079727,1.385170218198935,0.0,14.690701356428665,0.25985091210127936,0.25985091210127936
1761809247.6531925,3.1047258089255787,2.9816676178749626,1.4283303923931132,0.0,15.23638378063912,0.29234648064932045,0.29234648064932045
1761809247.8139393,2.939584545440677,2.8899988334258198,1.090784345092384,0.0,15.439818134012187,0.3038588714857404,0.3038588714857404
1761809248.0952284,2.7721048097844845,2.771159265498247,0.6124837542994518,0.0,15.655837527849314,0.3298187334141873,0.3298187334141873
1761809248.4712093,2.5648237875395967,2.654185215911146,1.0652368787709203,0.0,15.902637054565341,0.3274811630212401,0.3274811630212401
1761809248.916954,2.1500426923946367,2.4637438185596734,1.5403958632380028,0.0,16.35668822927933,0.2771893739047969,0.2771893739047969
1761809249.2188554,1.5514517601350803,2.2476176451779826,1.6236264586543505,0.0,16.964801713783054,0.18202608765125214,0.18202608765125214
1761809249.5348482,1.1681221690868655,2.24591605634642,1.1852253776190689,0.0,17.309194533847162,0.03781269048298653,0.03781269048298653
1761809249.7563543,0.8409315377497307,2.2775255767758,1.330515760765102,0.0,17.616089884779694,-0.08567803295702933,0.08567803295702933
1761809250.1338384,0.13323675249430278,2.27746805570886,1.4103819752853288,0.0,18.340690260705717,-0.1914638268957251,0.1914638268957251
1761809250.501699,-0.4351835441214696,2.1750655925969715,1.2024163376482906,0.0,18.92544591230762,-0.09633869608132214,0.09633869608132214
1761809250.8534184,-1.147109120495715,2.0824862447175287,1.8238425095093975,0.0,19.630447494234897,0.05183546716024977,0.05183546716024977
1761809251.171151,-2.027196895319064,2.1458573247933117,1.2522438484100398,0.0,20.50914996779301,0.1085718610536134,0.1085718610536134
1761809251.3629582,-2.265269770118381,2.184134411245655,1.2527149302048872,0.0,20.750963380023162,0.1039681321549411,0.1039681321549411
1761809251.8347983,-2.8499923613238742,2.2885876612032265,0.7604093189541712,0.0,21.34752553315265,0.06924249831877054,0.06924249831877054
1761809252.1308558,-3.1887171294904855,2.3205488095659423,1.048982604431037,0.0,21.690388167425205,0.06268444477505951,0.06268444477505951
1761809252.3365211,-3.426500331216356,2.2925840112313933,0.751740658916583,0.0,21.92990776882245,0.09924472678427433,0.09924472678427433
1761809252.7168207,-3.6469902290529777,2.251542986547881,0.5092405989440836,0.0,22.155108979435713,0.14007445374199798,0.14007445374199798
1761809252.9766362,-3.802604304769973,2.2165866073391376,0.5834728943206018,0.0,22.316706445954175,0.16938950613104262,0.16938950613104262
1761809253.260219,-4.068710849426332,2.1800319527081737,1.3429341123888057,0.0,22.59557351388232,0.18423207916611245,0.18423207916611245
1761809253.681603,-4.853042198414066,2.0736131769330988,1.6257043630875718,0.0,23.420391398515594,0.11632360181646187,0.11632360181646187
1761809253.9233074,-5.267037223216805,1.9002524301610992,1.565511068384826,0.0,23.88895954296665,0.10062729918324709,0.10062729918324709
1761809254.1835423,-5.578977753029912,1.5501438917721966,1.5384272727911175,0.0,24.384256457481015,0.19707343599157756,0.19707343599157756
1761809254.677693,-5.758095002253822,0.6557084666080601,1.2611361283937121,0.0,25.574170838552323,0.4360112661118492,0.4360112661118492
1761809254.9239986,-5.631864273242932,0.41488196403522176,0.7363750184913721,0.0,26.016674899478822,0.5110369466939744,0.5110369466939744
1761809255.1099453,-5.580227499685722,0.31534318678744344,0.9778325444783145,0.0,26.210369625653577,0.512211057032539,0.512211057032539
1761809255.4590998,-5.2701952214590015,-0.30560376422607244,1.24360573700084,0.0,0.43200395464024655,0.21222511380265294,0.21222511380265294
1761809255.6016638,-5.107582829933302,-0.43881626498813997,1.006801162640259,0.0,0.6500610722881877,0.14040608270888014,0.14040608270888014
1761809255.8293543,-5.004382963114463,-0.5444798113971425,0.8589077173569326,0.0,0.7826673089000052,0.06358993365571151,0.06358993365571151
1761809255.9500668,-4.838678354881806,-0.6028257836177994,0.9356395194226012,0.0,0.9600122409638017,0.03593020162325494,0.03593020162325494
1761809256.002745,-4.802554973463613,-0.6245813252363733,1.086823745283941,0.0,0.999169467385898,0.019239354171251697,0.019239354171251697
1761809256.0329432,-4.763863020593217,-0.646884006670338,1.3455034109081392,0.0,1.0404065639632227,0.0016958856008298603,0.0016958856008298603
1761809256.0592377,-4.7258467184159985,-0.6476176731661001,1.3931507530474954,0.0,1.0783394874311398,0.00491006558509049,0.00491006558509049
1761809256.0764644,-4.714224431252396,-0.6428282964605122,1.4122654720592742,0.0,1.0894892421296933,0.010776339858396386,0.010776339858396386
1761809256.1789498,-4.5856454930241535,-0.658841221659363,1.2776394895172132,0.0,1.2192082470162735,0.003672629147560603,0.003672629147560603
1761809256.4466372,-4.230704444625941,-0.6690685758271052,1.2841484861001151,0.0,1.5739124723646174,-0.009714496772888354,0.009714496772888354
1761809256.4873438,-4.2167902252031775,-0.6747748660696403,1.2659424605384495,0.0,1.5874118089085285,-0.016251744062246453,0.016251744062246453
1761809256.5057034,-4.1488590646998,-0.6767482463553149,1.288441441358939,0.0,1.6547165054766442,-0.022999866788530006,0.022999866788530006
1761809256.6697137,-3.884500286516443,-0.6268930953708791,1.071954976655274,0.0,1.922217856973175,-0.001623517148726967,0.001623517148726967
1761809256.6912546,-3.8583165726363764,-0.6186009933746854,1.071496074729385,0.0,1.9492815159585666,0.003073721711796713,0.003073721711796713
1761809256.709261,-3.824509081079788,-0.617042441047084,1.0511221228148517,0.0,1.9829840870227802,-9.468685521596592e-05,9.468685521596592e-05
1761809256.8031723,-3.651218142913488,-0.5722885527470323,0.847637713978383,0.0,2.1613154076469665,0.017311847422502216,0.017311847422502216
1761809256.834373,-3.6212450583073412,-0.5668181977517495,0.7987394434614149,0.0,2.191841846292017,0.017672068478826984,0.017672068478826984
1761809256.8551607,-3.6011950295183364,-0.5584679641382374,0.756571543594196,0.0,2.213068805622429,0.02247673799250327,0.02247673799250327
1761809256.8945754,-3.5856088871567295,-0.553011721021625,0.72774271685763,0.0,2.2294031598097335,0.025159670726818874,0.025159670726818874
1761809257.0555427,-3.4285465227643055,-0.5233882794222867,0.9312263138583683,0.0,2.3895772112340294,0.025931795430078446,0.025931795430078446
1761809257.2239811,-3.223153511944888,-0.4573851955890837,0.8508320461384189,0.0,2.604165670888943,0.051240887493355314,0.051240887493355314
1761809257.4355018,-3.0151419709453298,-0.39132978320614215,0.6960292380311749,0.0,2.821050838378439,0.07513472455781625,0.07513472455781625
1761809257.5913444,-2.9839121886157858,-0.3966714753137914,0.6246618650258817,0.0,2.850581125912942,0.06380430462167451,0.06380430462167451
1761809257.7673216,-2.860961506614767,-0.36028644994216497,0.5803257918819913,0.0,2.9778322046171226,0.07589068583084313,0.07589068583084313
1761809257.817363,-2.8517198420222662,-0.3607994561577975,0.5461017919843808,0.0,2.9867715352163415,0.07364206258439424,0.07364206258439424
1761809257.858081,-2.8470362547357233,-0.36026737261452807,0.5805819212232882,0.0,2.9914508075628463,0.07328220704896599,0.07328220704896599
1761809258.0091825,-2.7108666488716575,-0.32254857979314566,0.713134697336159,0.0,3.1313910666943885,0.08538313482678796,0.08538313482678796
1761809258.3028054,-2.505965783181405,-0.27578509712191707,0.8914151018082823,0.0,3.339167844220057,0.09719196716125965,0.09719196716125965
1761809258.7133503,-2.0464255634700104,-0.20400332599743756,1.6728630775381526,0.0,3.7981407549796242,0.11026702484309062,0.11026702484309062
1761809259.0841901,-1.1457608204107463,-0.28432578661217706,1.5449536451143875,0.0,4.689222148491539,-0.0180691356692253,0.0180691356692253
1761809259.3087087,-0.7353569757142178,-0.34885319059406655,1.2303955535033706,0.0,5.100570178424166,-0.08391200325305244,0.08391200325305244
1761809259.779193,-0.08089251642526439,-0.29479531900995254,1.3548408310686746,0.0,5.7549424431261675,-0.017868701318255516,0.017868701318255516
1761809259.989899,0.2175961241067286,-0.25751907663442863,1.0713682104179028,0.0,6.0524465269276,0.02674685934550219,0.02674685934550219
1761809260.3135371,0.5382010587348254,-0.22503343627183153,0.752620624717049,0.0,6.372654282164983,0.06588224779472422,0.06588224779472422
1761809260.5653179,0.7835166114930683,-0.19305196789730927,1.0218766575123834,0.0,6.618386433546188,0.10084808163749022,0.10084808163749022
1761809260.8149862,1.0376750323300103,-0.17887926253767444,0.8131320329600558,0.0,6.874085929799606,0.11507623720897169,0.11507623720897169
1761809261.0664415,1.2294359981968839,-0.16328341908987656,0.6043980592258901,0.0,7.067701550900471,0.1280147471244517,0.1280147471244517
1761809261.2922285,1.3621448626315733,-0.14746104677627464,0.5358896647974829,0.0,7.2022438770005435,0.14035412317394175,0.14035412317394175
1761809261.5254116,1.4654522215994596,-0.13244460931605437,0.5903071904223999,0.0,7.307396079439365,0.15160347888509185,0.15160347888509185
1761809261.7937493,1.6910536189461083,-0.11033119220087799,0.971207910556523,0.0,7.537471433801128,0.1618807959316389,0.1618807959316389
1761809262.055736,2.118395398212057,-0.09631971306029952,1.5972600204196405,0.0,7.972396808175056,0.13745921503784767,0.13745921503784767
1761809262.3368297,2.6005838004780264,-0.09346280257183369,1.308475252672174,0.0,8.457018199874677,0.06611933335822776,0.06611933335822776
1761809262.6289504,2.922201167110952,-0.05618850417723936,0.6404891673571586,0.0,8.781878028631336,0.031209717711313437,0.031209717711313437
1761809262.7655249,3.012190708262748,-0.035390038327927205,0.5484561513864586,0.0,8.87473405948376,0.027825947234622485,0.027825947234622485
1761809262.8072886,3.035513810983399,-0.025298335377188695,0.5651603176280178,0.0,8.900079142634555,0.031182696842670752,0.031182696842670752
1761809262.848459,3.055854211860829,-0.017013503915998512,0.5228189240098104,0.0,8.922067615089802,0.03350555565873428,0.03350555565873428
1761809262.9607859,3.1443066223299425,0.007106903545385399,0.500241285245284,0.0,9.014354709774922,0.03105365692866755,0.03105365692866755
1761809262.9972224,3.156748963613894,0.012626701882682903,0.5185734615510571,0.0,9.027973832600688,0.03259055586578027,0.03259055586578027
1761809263.019157,3.1763368559051597,0.020249470776353768,0.5807703476666493,0.0,9.04910521266079,0.03391223649278649,0.03391223649278649
1761809263.3038356,3.3642330527180144,0.09158462277402964,0.5959471944976175,0.0,9.251725934513223,0.03982154058044821,0.03982154058044821
1761809263.654808,3.583482519462182,0.19296465261502782,0.6016118799822877,0.0,9.49579971457404,0.05103134999989831,0.05103134999989831
1761809264.0564988,3.9787414256385496,0.38375222638362466,1.5588722239436368,0.0,9.94031047662961,0.038799394911890155,0.038799394911890155
1761809264.2678635,4.3115111289891095,0.674243577440114,1.632760027184477,0.0,10.388860091297632,0.08618048185056616,0.08618048185056616
1761809264.4910984,4.636747164633145,0.9435450250695104,1.2627935446457825,0.0,10.821690306167579,0.057103659547152005,0.057103659547152005
1761809265.0223827,4.81454297414969,1.284177014855053,0.5138504564236488,0.0,11.21611622721064,0.12257483261744133,0.12257483261744133
1761809265.2573738,4.891956816038509,1.4713038774216511,1.0374784495037903,0.0,11.432747979217533,0.1457004027775933,0.1457004027775933
1761809265.52963,4.975243099411648,1.8919914961880826,1.2715947911937102,0.0,11.90247550975074,0.20200167659289978,0.20200167659289978
1761809265.7818377,4.903322533932645,2.3833750702452696,1.2604460624783997,0.0,12.488043071003068,0.28398265133153827,0.28398265133153827
1761809266.0232477,4.810811345041787,2.7273976875367127,1.1926993142199016,0.0,12.937639361912318,0.2532917055871942,0.2532917055871942
1761809266.3138566,4.615760094248304,2.9714184582831553,1.4963947904778419,0.0,13.332546310065881,0.25017106557433166,0.25017106557433166
1761809266.580244,4.188847821378567,3.1960109764764493,0.8352917188591237,0.0,13.941921746684617,0.24446621091674342,0.24446621091674342
1761809266.8287525,4.012144305506321,3.2174342674754364,1.000508466459836,0.0,14.15742651055206,0.2498351358487199,0.2498351358487199
1761809266.9840958,3.795795925361364,3.2575253673842557,1.4581707121047387,0.0,14.408853362407033,0.2091686214387562,0.2091686214387562
1761809267.007097,3.7947348339951863,3.2443695879229133,1.474534605312193,0.0,14.411196873954871,0.22220413550105148,0.22220413550105148
1761809267.0285728,3.76544004975657,3.2435446728345005,1.4213858178000227,0.0,14.444636436335353,0.22048832712077313,0.22048832712077313
1761809267.062638,3.7322825909008785,3.2392427328373707,1.340194150078291,0.0,14.482507747327345,0.2212527589885515,0.2212527589885515
1761809267.0888174,3.6750112444258596,3.231891986529089,1.2350438352395965,0.0,14.547786667844258,0.220918802519175,0.220918802519175
1761809267.1301265,3.608749833916536,3.2026662048999324,1.2075638814570349,0.0,14.627060532337998,0.23851397772716862,0.23851397772716862
1761809267.3587503,3.404693085769957,3.147635581422339,0.712535020107926,0.0,14.86337704346013,0.2427982555572282,0.2427982555572282
1761809267.5638433,3.3075757203061564,3.102194031447926,0.6557887405675965,0.0,14.980926371603578,0.25579850525114994,0.25579850525114994
1761809267.9250183,3.0525134437144494,2.990656161355278,0.7741921810044741,0.0,15.28374586377802,0.2625827125182295,0.2625827125182295
1761809268.0809147,2.9334500465880797,2.8945114520095596,0.9461376988238832,0.0,15.443476165783045,0.2970572479075885,0.2970572479075885
1761809268.2331991,2.8259830119077884,2.8423262749096807,1.2921369958998297,0.0,15.570097698806634,0.2933506233321517,0.2933506233321517
1761809268.5566542,2.501402711914682,2.6282598412824805,0.8791789028493341,0.0,15.971721974726,0.31727687105203395,0.31727687105203395
1761809268.7739165,2.3825150942587188,2.5660289629966937,0.797756432936147,0.0,16.106886391429047,0.3092757328019565,0.3092757328019565
1761809268.952559,2.2078438811462178,2.4739300952583787,1.2859186115727235,0.0,16.302746232796565,0.29803564207110045,0.29803564207110045
1761809269.110568,2.025204870525386,2.4473548077950724,1.396353426859189,0.0,16.47020118885701,0.22806060482056123,0.22806060482056123
1761809269.305238,1.7375392739589601,2.3855308192895315,1.0456515675257447,0.0,16.744485698131175,0.14200260329709954,0.14200260329709954
1761809269.7011116,1.318532918662218,2.3303905788147263,1.3444294166001167,0.0,17.139930365198612,0.012294768593629074,0.012294768593629074
1761809269.9364686,0.8112472027994714,2.2335174249131122,1.4180176450188238,0.0,17.65604531171971,-0.049875057782182666,0.049875057782182666
1761809270.2372015,0.18432766054972663,2.1669214397438146,1.5403946686949048,0.0,18.296341781847293,-0.07757086436443737,0.07757086436443737
1761809270.8196602,-0.7647017250797864,2.055601180352013,1.6056199277751406,0.0,19.2489751430891,0.041575605956350375,0.041575605956350375
1761809271.086012,-1.379171997701412,2.0679355489509614,1.5651637476146036,0.0,19.857841498453435,0.09478306186766906,0.09478306186766906
1761809271.4815276,-2.0495663790932355,2.1304568796142442,1.2145644252133905,0.0,20.529134977593195,0.12700478355515538,0.12700478355515538
1761809271.8157427,-2.4988529696001014,2.195309100739737,0.5840322701802859,0.0,20.985418902495297,0.12333395557465095,0.12333395557465095
1761809272.0396388,-2.7037857761437296,2.2050435175881327,0.4816483386525814,0.0,21.19211599867051,0.13753173514968361,0.13753173514968361
1761809272.2577767,-2.8307693218790484,2.213793793983687,0.5437295162350002,0.0,21.320982331571308,0.14186370648904703,0.14186370648904703
1761809272.630506,-3.0977179487012747,2.2339465697361733,0.9807106872350468,0.0,21.5930553045535,0.14368211064826014,0.14368211064826014
1761809272.8381855,-3.364902484453775,2.234918654584861,1.4788554290853362,0.0,21.86571457868756,0.15547657778518997,0.15547657778518997
1761809273.023679,-3.7238559102051587,2.2261735497142237,1.4753719748448306,0.0,22.234940219858714,0.16326089857151851,0.16326089857151851
1761809273.1619527,-3.9416241799762397,2.216016773338758,1.1192982677735408,0.0,22.46039679219035,0.1606921973252464,0.1606921973252464
1761809273.3504467,-4.090737003922457,2.201279199693463,0.6759740940227336,0.0,22.615843472635234,0.16061001002115322,0.16061001002115322
1761809274.034934,-4.4816733506778474,2.087759206562697,0.548664730686796,0.0,23.0406202295176,0.20669948895328635,0.20669948895328635
1761809274.3972034,-4.705771715844905,2.013599906064662,0.9278438123818289,0.0,23.292668406240544,0.22003840888687892,0.22003840888687892
1761809274.7440624,-5.269615818823458,1.7961443384567493,1.618321306341405,0.0,23.948167599747297,0.18875787792019588,0.18875787792019588
1761809275.0615087,-5.7402217643157245,1.4300659999195446,1.217992427843826,0.0,24.603822559054485,0.16157046877125214,0.16157046877125214
1761809275.3267624,-5.9279504037775475,1.1136639382212639,1.1251383851999173,0.0,25.018101738799395,0.1713572221066537,0.1713572221066537
1761809275.6809385,-5.796377105768055,0.6278662406631402,1.1734084889899377,0.0,25.616918735858096,0.3965561420541984,0.3965561420541984
1761809275.9585135,-5.6822346762081555,0.23911608364363302,1.5557140025201246,0.0,26.220547526813167,0.3853365830386351,0.3853365830386351
1761809276.1928852,-5.452773221632324,-0.16529277735539205,1.0338280059167844,0.0,0.16790089137207048,0.2536867771796571,0.2536867771796571
1761809276.4812207,-5.239628050459618,-0.41059933234807405,1.288280053550873,0.0,0.5059479534140195,0.12580455549250513,0.12580455549250513
1761809276.6891737,-5.0972553953920166,-0.5302567250618699,1.2627039840944048,0.0,0.6864164624911737,0.05514982662899983,0.05514982662899983
1761809276.909258,-4.744575482725289,-0.6193176603971856,1.4443585034742725,0.0,1.0567106798219532,0.031181556601799314,0.031181556601799314
1761809277.0820806,-4.541403864001256,-0.6766825542903977,1.551014698067053,0.0,1.2640407973410752,-0.012442569607660386,0.012442569607660386
1761809277.3566554,-4.083072597578632,-0.6014496566798231,1.1126295516000513,0.0,1.7269567945475812,0.0463226818039484,0.0463226818039484
1761809277.6968834,-3.5724798554903483,-0.509203804602902,1.0674319674865422,0.0,2.2500694021276497,0.06600398850004154,0.06600398850004154
1761809277.8650944,-3.2812219352392398,-0.4525641280682624,1.1685555666548846,0.0,2.548066428793345,0.06730663686952963,0.06730663686952963
1761809278.0845127,-2.9635406480403477,-0.4117625273952848,1.2600309194802892,0.0,2.867600653242153,0.04504173993780216,0.04504173993780216
1761809278.3888817,-2.6316007915092468,-0.33476935748100184,0.9060975628369639,0.0,3.206778151919205,0.05952603982775857,0.05952603982775857
1761809278.614172,-2.422229087378579,-0.2972321872338441,1.259748231724595,0.0,3.4179036802062104,0.06336506694450063,0.06336506694450063
1761809278.6552217,-2.387475688014435,-0.28464964798157555,1.3585147534088136,0.0,3.4537862330600473,0.07083454663266213,0.07083454663266213
1761809278.6758127,-2.3310226594147623,-0.27730906262787997,1.4742088733861134,0.0,3.510190228090844,0.07034926848411206,0.07034926848411206
1761809278.6989715,-2.2964342289353574,-0.2672547977942344,1.5184840624937295,0.0,3.545464809614487,0.07576948774442603,0.07576948774442603
1761809278.7353175,-2.2697885137820832,-0.2596293267283841,1.5575301338883134,0.0,3.572592537647283,0.0799368612913473,0.0799368612913473
1761809278.7702358,-2.211737398588171,-0.25731093460975285,1.6163848757426125,0.0,3.6299258912997723,0.0751510875156198,0.0751510875156198
1761809278.8018062,-2.147268708760136,-0.24190796113658966,1.6652276093578853,0.0,3.695091460782041,0.08307653709619646,0.08307653709619646
1761809278.8335326,-2.0881775255037422,-0.23778672062358094,1.6941336475990716,0.0,3.753701608968928,0.08086003772920791,0.08086003772920791
1761809278.8542557,-2.0606356528350664,-0.23558403053064725,1.7354937446402097,0.0,3.781062498917062,0.08024993428374369,0.08024993428374369
1761809278.892839,-2.0098159717578845,-0.24522976555924977,1.7632352158848792,0.0,3.830283770853059,0.06570876788837984,0.06570876788837984
1761809278.9394002,-1.8755726054671882,-0.25755013216585737,1.78814888592518,0.0,3.9621535172236673,0.04176110946075843,0.04176110946075843
1761809278.9724026,-1.8313957188290138,-0.25528852202396013,1.8022492880804146,0.0,4.006178856566669,0.040599715210445024,0.040599715210445024
1761809279.0145538,-1.7242753878383852,-0.26708572689976373,1.821745481150793,0.0,4.111882035589045,0.021383958544841396,0.021383958544841396
1761809279.042416,-1.615590913056317,-0.27909142428555084,1.837423533888649,0.0,4.219542828653922,0.0029992016509849087,0.0029992016509849087
1761809279.0774229,-1.5068232194473752,-0.2856769532716112,1.8472317282504382,0.0,4.327888601608506,-0.008880822096116667,0.008880822096116667
1761809279.107794,-1.4535595927198273,-0.299071027226028,1.8431918606476774,0.0,4.3806250039200485,-0.02447826419626993,0.02447826419626993
1761809279.135537,-1.3655641710513609,-0.3098506932704293,1.7780669272656928,0.0,4.4684077677557426,-0.038388506284118676,0.038388506284118676
1761809279.157452,-1.2911377473677936,-0.3127946270016731,1.700546813728928,0.0,4.542955335437228,-0.04349871717802804,0.04349871717802804
1761809279.189839,-1.2482351680012553,-0.3221976902278003,1.7159754932177365,0.0,4.585769524392706,-0.053955337035092664,0.053955337035092664
1761809279.224307,-1.1722527406030945,-0.330714982336422,1.7189813403118905,0.0,4.6618851295544905,-0.06401141841894345,0.06401141841894345
1761809279.2591805,-1.1260275112174618,-0.3324502900931874,1.718258499216432,0.0,4.708283619595526,-0.06648507574171292,0.06648507574171292
1761809279.2938786,-1.0407792033527736,-0.33799507322640465,1.7110477078528157,0.0,4.793848696121885,-0.07301792160767005,0.07301792160767005
1761809279.3238454,-0.9620029766677552,-0.3397616867296675,1.5960583977080076,0.0,4.872966167495963,-0.07529142488059119,0.07529142488059119
1761809279.339325,-0.9110060186065821,-0.3445076246273389,1.5899635082572685,0.0,4.924176687423032,-0.08017031497263434,0.08017031497263434
1761809279.456114,-0.704542065060153,-0.35061640758480905,1.5608931514529145,0.0,5.131515320536986,-0.08541523127549079,0.08541523127549079
1761809279.629724,-0.47079746871095696,-0.3495124262639148,1.4849908861444445,0.0,5.365937953488959,-0.08111461946902153,0.08111461946902153
1761809279.6603565,-0.3857080954746883,-0.3455164503842822,1.4768846414551924,0.0,5.4511166961196285,-0.07551399633348627,0.07551399633348627
1761809279.6868718,-0.37363242172011973,-0.3418645355296566,1.4733606424289736,0.0,5.4631376846509525,-0.07161982734060027,0.07161982734060027
1761809279.704801,-0.3434535081091264,-0.3386471838474575,1.4744476365891204,0.0,5.493291710634628,-0.06778105555245759,0.06778105555245759
1761809279.8343182,-0.1115400749534929,-0.325140589869202,1.453628600119926,0.0,5.725040811233122,-0.0489561234387357,0.0489561234387357
1761809279.9565783,0.06205583904557627,-0.3022941462405842,1.2075684862227714,0.0,5.898037582093279,-0.021813886660049374,0.021813886660049374
1761809280.2773552,0.42810726912321173,-0.2534954836546582,0.8003431098218436,0.0,6.262941200359837,0.03540510277471443,0.03540510277471443
1761809280.4850903,0.632597900898153,-0.23578156048678933,1.1049281426088213,0.0,6.467404601434621,0.05656258165556912,0.05656258165556912
1761809280.756617,1.0170703268409407,-0.2020756331568861,1.066934397154886,0.0,6.853191820646259,0.0920162112626699,0.0920162112626699
1761809281.1310632,1.3491828950179758,-0.1600152463531075,0.5496315605364478,0.0,7.188742649138558,0.1282101860087761,0.1282101860087761
1761809281.3961306,1.4972442792144798,-0.1412409607203967,0.48841306318561567,0.0,7.3392211846908735,0.14146103420242637,0.14146103420242637
1761809281.6781864,1.6312929040571587,-0.12351176655466779,0.6041813820931714,0.0,7.475994109997973,0.1523630987383993,0.1523630987383993
1761809281.9179924,1.917119228679336,-0.09208069856445017,1.301224453258928,0.0,7.768635291554138,0.16261499250739234,0.16261499250739234
1761809282.2869103,2.6072515275716137,-0.07019502622379474,1.6188235725285576,0.0,8.4682113742074,0.08765783214412798,0.08765783214412798
1761809282.7730138,3.2403950301392843,0.038786749641168364,0.6218031965481078,0.0,9.116237384881341,0.03149124773617694,0.03149124773617694
1761809282.9722185,3.388072371638425,0.09735688793981055,0.9599045249481362,0.0,9.276294816656836,0.03682949610822054,0.03682949610822054
1761809283.086916,3.5077167183564746,0.14656541293664568,0.9679121578173913,0.0,9.406858379654487,0.03832494762575399,0.03832494762575399
1761809283.307165,3.7099000918546454,0.2587118676122622,0.7362064689471892,0.0,9.640228622071596,0.05720242922095755,0.05720242922095755
1761809283.655373,3.9413064522238757,0.3829429834371773,0.5484954960116754,0.0,9.907239284040559,0.05721431306173264,0.05721431306173264
1761809283.8794062,4.026836852341239,0.4477233381986433,0.5854229174138189,0.0,10.016025362875514,0.0680497826966359,0.0680497826966359
1761809284.1529088,4.137066461043112,0.5626453627278898,0.806883776494159,0.0,10.175761282563002,0.10251505562666421,0.10251505562666421
1761809284.3553221,4.372400337225912,0.735565627178592,1.4455178417497623,0.0,10.477681601570287,0.09396377288502585,0.09396377288502585
1761809284.7059803,4.808985879886318,1.2030704845379783,1.612050314258934,0.0,11.141524976191791,0.08263487948696685,0.08263487948696685
1761809284.9474325,4.974255890988347,1.5727982835994243,1.5791314058669563,0.0,11.567858518719662,0.11107903527584288,0.11107903527584288
1761809285.1058242,4.995793992145451,1.9703298337689203,1.5701892560825337,0.0,11.993898689296035,0.19520055359039676,0.19520055359039676
1761809285.4903514,4.803325431967655,2.633343357202889,1.5509902296180678,0.0,12.8355099133991,0.3036671779700971,0.3036671779700971
1761809285.8699787,4.300016901483873,3.1056197816679174,1.5431771056604764,0.0,13.773016293579559,0.2987565859309779,0.2987565859309779
1761809286.1764367,3.830139500792397,3.168831991982669,1.527388194250598,0.0,14.37588357297019,0.2999624196391766,0.2999624196391766
1761809286.4986942,3.3584218273592996,3.055590328079128,1.5893289784718263,0.0,14.944222337779642,0.31640964556596674,0.31640964556596674
1761809286.779352,2.9884523381697834,2.926140920962886,1.389037210897694,0.0,15.375658131715037,0.2933213514048239,0.2933213514048239
1761809286.9198444,2.89810767048466,2.836956295601697,1.261313441220003,0.0,15.505218949008242,0.3319740656017871,0.3319740656017871
1761809287.0397284,2.814261983682083,2.785069238654199,0.9666233943771559,0.0,15.609845787871464,0.3380458165847432,0.3380458165847432
1761809287.3281274,2.5883503992773518,2.659767468993456,0.858178164184085,0.0,15.878968390363717,0.3346620316869456,0.3346620316869456
1761809287.656275,2.2572049334003634,2.5313569978418724,1.0704025407389495,0.0,16.23169863166577,0.274205283511785,0.274205283511785
1761809287.9046319,1.9677701720675003,2.4407828357884376,1.2689692672843347,0.0,16.522000560522983,0.2050415804060786,0.2050415804060786
1761809288.1374066,1.5831900591173682,2.3542980074791178,1.5561918024476904,0.0,16.892477882441263,0.09960219655069355,0.09960219655069355
1761809288.4474342,1.0335943201575133,2.249930390239583,1.7329490887971177,0.0,17.435217069783935,-0.007808375315672269,0.007808375315672269
1761809288.808936,0.21192192159470913,2.227235159528468,1.3402577508261824,0.0,18.26333634082719,-0.13551882871151266,0.13551882871151266
1761809289.0416636,-0.16037416642338237,2.1624967574081153,1.1819896045070133,0.0,18.646439391880246,-0.08740720546071466,0.08740720546071466
1761809289.4752614,-0.9134744126707264,2.077234574170249,1.6292186167998728,0.0,19.398438136274923,0.03268503758981381,0.03268503758981381
1761809289.8186448,-1.6869041194141832,2.088449713326116,1.5856839473850486,0.0,20.16424796349651,0.11658467991443792,0.11658467991443792
1761809290.0870798,-2.2373750745188135,2.166187008097006,1.3010099880607993,0.0,20.720748103816423,0.11793796656537588,0.11793796656537588
1761809290.2472835,-2.5043154879227805,2.207854706942145,0.966294105503111,0.0,20.992442935272205,0.11155935432637161,0.11155935432637161
1761809290.5255299,-2.741485502508225,2.217093703964716,0.5889160924084286,0.0,21.231343858041246,0.12957346299884856,0.12957346299884856
1761809290.8488176,-3.012276736885661,2.2451720843001914,0.7311737576770568,0.0,21.5072230069387,0.12637949667216355,0.12637949667216355
1761809290.942398,-3.1182921513237485,2.24405644987658,0.7734335877565135,0.0,21.614624009576488,0.134927071954802,0.134927071954802
1761809291.1369228,-3.2707026911370023,2.242984344974174,0.6369291183445868,0.0,21.76971339127937,0.1440924080085304,0.1440924080085304
1761809291.3834307,-3.411870765579481,2.229692341494398,0.5210962921632253,0.0,21.91373470782044,0.1618432419476608,0.1618432419476608
1761809291.6074564,-3.5535501616596683,2.2242517277798566,1.0517987571945149,0.0,22.059368167632005,0.1685032743193388,0.1685032743193388
1761809291.6462338,-3.5683832286103065,2.2260744101969583,1.152816892687935,0.0,22.0746383857724,0.16660594572132345,0.16660594572132345
1761809291.6900692,-3.63565338428178,2.217355780948064,1.2785503424528268,0.0,22.144136938185735,0.17447969272639627,0.17447969272639627
1761809291.7498012,-3.6947047462194864,2.2059549780093515,1.382599519304808,0.0,22.205494941774727,0.18443116870126974,0.18443116870126974
1761809291.8201764,-3.8644860880130194,2.18356637418146,1.564977263689374,0.0,22.38290451181754,0.1987274983547943,0.1987274983547943
1761809291.928205,-4.107236063157743,2.167395927043292,1.609331802640354,0.0,22.637133606210018,0.19229094702278507,0.19229094702278507
1761809291.9566104,-4.147039779410837,2.160593692248398,1.6153924815239291,0.0,22.6794092591986,0.19400962803906882,0.19400962803906882
1761809291.9871032,-4.214863711120967,2.1524598651571645,1.609982140365313,0.0,22.751074384936718,0.19257364552880252,0.19257364552880252
1761809292.0223384,-4.255166861056431,2.145011084366446,1.6085409522837926,0.0,22.794110713269067,0.19373221270103783,0.19373221270103783
1761809292.0494852,-4.309894993003927,2.134460986301971,1.614123140319379,0.0,22.852739495960073,0.19502144457138612,0.19502144457138612
1761809292.1387746,-4.406796095765321,2.1128769607568954,1.5978391098677902,0.0,22.957426443825398,0.19806025206265432,0.19806025206265432
1761809292.1631367,-4.517105244015757,2.099286492682144,1.3458738821087293,0.0,23.074377539521006,0.18738073154693918,0.18738073154693918
1761809292.4868011,-4.935855745606743,2.0124310596873745,0.6551799119644196,0.0,23.524312759369423,0.14411868472676118,0.14411868472676118
1761809292.6368556,-4.975180604409624,1.9720948270854668,0.6667670582695767,0.0,23.57915937759496,0.1664014509791643,0.1664014509791643
1761809292.7946813,-5.066451122131261,1.9134146557175444,1.009091551739276,0.0,23.69409876193899,0.18242945429744112,0.18242945429744112
1761809293.0756662,-5.484171757368642,1.704755245550311,1.5549306592194494,0.0,24.195378493328512,0.14164123639703802,0.14164123639703802
1761809293.266748,-5.768029090135267,1.5175177968747438,1.2438457261710814,0.0,24.55163941393471,0.08361032265770334,0.08361032265770334
1761809293.718491,-5.893282159553157,0.7527968501919077,1.55302575686535,0.0,25.439878732786195,0.2978653097891664,0.2978653097891664
1761809293.9649608,-5.84993419081477,0.38142295837883317,1.2260009380647723,0.0,25.939723672825075,0.2950661187345097,0.2950661187345097
1761809294.1914601,-5.735128125678739,0.0954274376243378,1.359595668774657,0.0,26.33660231041043,0.25966688184363806,0.25966688184363806
1761809294.5578098,-5.379700589157429,-0.4337266660456317,1.00315940816855,0.0,0.37906000647692223,0.05095706796363096,0.05095706796363096
1761809294.716091,-5.150566635971916,-0.518378076871772,0.920894743896911,0.0,0.6304288373263671,0.05192586996069712,0.05192586996069712
1761809294.9774108,-4.907001486265827,-0.6054607668139584,1.4601646749078911,0.0,0.8921182494617333,0.02263888438357875,0.02263888438357875
1761809295.386954,-4.261129344782357,-0.5655623501375959,0.9368649941127812,0.0,1.5490178082614754,0.09532395581050732,0.09532395581050732
1761809295.6234317,-4.068305503664373,-0.5489231248623976,0.9750339516482294,0.0,1.747043334842824,0.09717480752470328,0.09717480752470328
1761809295.8304756,-3.801534652131901,-0.5129015682032928,1.252975805154269,0.0,2.021097436546935,0.09961679456358269,0.09961679456358269
1761809296.0197637,-3.5184848001107816,-0.4768958336413827,1.2594425767086963,0.0,2.3093708211949777,0.0881710035658273,0.0881710035658273
1761809296.3030024,-3.0630979069548943,-0.436807981510451,1.5036501357413687,0.0,2.7651744733075674,0.03993946395029174,0.03993946395029174
1761809296.594174,-2.6330749452565207,-0.32718440365965207,0.7972529899294767,0.0,3.206621155451635,0.0672513019863408,0.0672513019863408
1761809296.626384,-2.631540581743198,-0.3258659626902205,0.7541367579617195,0.0,3.2083456133318533,0.06828868258187747,0.06828868258187747
1761809296.7663221,-2.5934478500545946,-0.30845884038967963,0.6931537244070152,0.0,3.2485046653325047,0.07903368605761332,0.07903368605761332
1761809296.7869895,-2.571306549702897,-0.30441123468373577,0.607829880172115,0.0,3.270811280681573,0.07937308196120604,0.07937308196120604
1761809296.8270123,-2.546856540715407,-0.29933846140055853,0.5941594186947408,0.0,3.2955314829240834,0.08040976222208143,0.08040976222208143
1761809296.9262912,-2.507566505418864,-0.27312945699327396,0.6732133374181796,0.0,3.338014414629115,0.10006454525925956,0.10006454525925956
1761809297.4594815,-1.8260828612978794,-0.15926380584485744,1.5715214625797178,0.0,4.018501117250516,0.1359637552759307,0.1359637552759307
1761809297.7648053,-1.1900895230248751,-0.22944842683957434,1.3092235961668048,0.0,4.6458728405515215,0.03756193490918366,0.03756193490918366
1761809298.240728,-0.5965714336778355,-0.31134112929660746,1.146937516329377,0.0,5.239318920587507,-0.044916919668721904,0.044916919668721904
1761809298.7957792,0.09626756879972843,-0.27122687187507266,0.93462601757278,0.0,5.931467422505501,0.010092675173879866,0.010092675173879866
1761809299.2898254,0.5472006458343325,-0.2367979171110717,0.690225176481858,0.0,6.381865426667225,0.05426855838081828,0.05426855838081828
1761809299.5560207,0.7152954265001711,-0.22228758913660396,0.6559559930064717,0.0,6.55015156365639,0.07103005015390797,0.07103005015390797
1761809299.732476,0.8332910505351694,-0.20410170085003876,0.6162319422646838,0.0,6.668458141580232,0.09008561413483922,0.09008561413483922
1761809299.9761872,0.9999213324958744,-0.18596669828104123,0.6183851890989749,0.0,6.836023461126558,0.1082175204278484,0.1082175204278484
1761809300.2698076,1.244672889286776,-0.16433240517906633,0.7612588549848723,0.0,7.083063191761449,0.12663920633221926,0.12663920633221926
1761809300.7298849,1.9768376977757125,-0.07801716831111036,1.6355941896710195,0.0,7.830727188656244,0.17095232770032667,0.17095232770032667
1761809300.8634722,2.2396818592361436,-0.08568751208397835,1.6134581237892143,0.0,8.096455069815434,0.13268604839559753,0.13268604839559753
1761809301.11362,2.661729420459392,-0.09346503986364892,1.0754185048768976,0.0,8.517598897260903,0.0540278953851409,0.0540278953851409
1761809301.51033,2.9783158659163917,-0.026417320718517504,0.5031306172878962,0.0,8.844252797580777,0.04551288618890425,0.04551288618890425
1761809301.919259,3.170554341141089,0.05381787502392525,0.6262785222408825,0.0,9.053928596393632,0.06763952456174901,0.06763952456174901
1761809302.1177065,3.3245909609364563,0.1269575917528824,1.1363211721142954,0.0,9.226422961779647,0.08674167101861367,0.08674167101861367
1761809302.384644,3.747294661642155,0.3170968458862787,1.6185797154412904,0.0,9.701034623052335,0.092694013739773,0.092694013739773
1761809302.744599,4.191765815711162,0.6127863143547589,0.7572152857522494,0.0,10.252099494529347,0.11113247736259377,0.11113247736259377
1761809303.0216944,4.322957590599283,0.721193534187627,0.5537923634658022,0.0,10.42896082873118,0.11509043965162995,0.11509043965162995
1761809303.2606878,4.43737410799335,0.8254801357929942,0.5413237530045132,0.0,10.590394502473439,0.11720170333073571,0.11720170333073571
1761809303.498705,4.5402562004907265,0.947757656062523,0.6362771689332676,0.0,10.757246395320907,0.13101681625587705,0.13101681625587705
1761809303.7575746,4.727714817460228,1.1617964585633418,1.3561832162091405,0.0,11.05683659459192,0.12485788143129907,0.12485788143129907
1761809304.0540466,4.925683850328554,1.5496433529095055,1.0702213362431754,0.0,11.525132399230984,0.14723773359690437,0.14723773359690437
1761809304.3864555,4.98118345296278,1.9039529194151859,1.0078771613458275,0.0,11.917026292974228,0.19849205736493078,0.19849205736493078
1761809304.7919917,4.891560856199038,2.6887459230767408,1.5931946371251184,0.0,12.849382781606144,0.20013477938220384,0.20013477938220384
1761809304.9443085,4.766317249286466,2.888541888924519,1.226366377441597,0.0,13.130895003203433,0.1985187495522453,0.1985187495522453
1761809305.2216644,4.575232416189054,3.1256548376473856,0.923204547537347,0.0,13.484180735753348,0.15306599787077915,0.15306599787077915
1761809305.4325564,4.338293988212063,3.2446836797585084,1.3997507702435337,0.0,13.788062123381588,0.15507008538383504,0.15507008538383504
1761809305.8223839,3.6700496710219612,3.368147662085417,1.5927613558951577,0.0,14.531525246163373,0.08539155534073198,0.08539155534073198
1761809306.057643,3.2382326636063894,3.1563405641971007,1.5655275768407813,0.0,15.0316265371703,0.1812917496773139,0.1812917496773139
1761809306.3206172,3.015644639779691,3.0229894504265413,1.1972112930883028,0.0,15.304860304138153,0.21772049996986292,0.21772049996986292
1761809306.5615716,2.82697308946818,2.9021920216885446,1.3636981245853173,0.0,15.539481787609645,0.24105795273378114,0.24105795273378114
1761809306.8591955,2.4421219228373245,2.6464640946501055,1.583726790526312,0.0,16.013719319312216,0.2711666485319751,0.2711666485319751
1761809307.065805,2.224995582012506,2.537148875318995,1.2420173748590755,0.0,16.256097088779104,0.2526386862054809,0.2526386862054809
1761809307.5276866,1.7497372273140683,2.3744650917628944,1.4397849324480139,0.0,16.73904132986094,0.15749299401148226,0.15749299401148226
1761809307.6765294,1.520592511903114,2.351549841519079,1.651561407783477,0.0,16.948871368917725,0.0748639648483794,0.0748639648483794
1761809308.2379272,0.3012452743137388,2.339524491715803,1.5373484738568826,0.0,18.159682686248868,-0.23897085762453818,0.23897085762453818
1761809308.4953227,-0.1629599423408382,2.3254127943743748,1.3149888116268134,0.0,18.64755123040727,-0.25034020901076187,0.25034020901076187
1761809308.7528038,-0.5867527778129539,2.246324559758253,1.448832897765662,0.0,19.082887032399675,-0.16060882932847315,0.16060882932847315
1761809308.990684,-1.0521994718908931,2.2236392472018576,1.647659092823763,0.0,19.551672508179827,-0.09900527849359815,0.09900527849359815
1761809309.2567008,-1.7646781077603257,2.1934438867720942,1.505705661262859,0.0,20.256098454193236,0.02376639054037459,0.02376639054037459
1761809309.398077,-2.088393100566398,2.2020128124846097,1.2175569391098169,0.0,20.577819093659794,0.06168494605277722,0.06168494605277722
1761809309.599847,-2.313109151610206,2.2274547152315822,1.1753090234325767,0.0,20.80440502989887,0.0674945716213942,0.0674945716213942
1761809309.7377043,-2.5022361255281758,2.2526362989220243,1.3233520172347542,0.0,20.995917183959815,0.06686277294891828,0.06686277294891828
1761809309.970156,-2.806660986665343,2.318525920559211,1.068267534662399,0.0,21.307058408772708,0.03528269858810489,0.03528269858810489
1761809310.4081397,-3.2140997435920955,2.3500733355447987,1.0178342415095918,0.0,21.71744068428305,0.03450890075163395,0.03450890075163395
1761809310.9581761,-3.8488473909629572,2.2648887939119944,0.622990155365256,0.0,22.361455981937883,0.11855523452861656,0.11855523452861656
1761809311.2251313,-3.9980422678606238,2.2287561743579194,0.5170200379870729,0.0,22.5173706279003,0.14303975742198044,0.14303975742198044
1761809311.4105146,-4.100732058977815,2.214550591520531,0.5113594342049449,0.0,22.624519165429582,0.14625651441581725,0.14625651441581725
1761809311.6870556,-4.276531504467502,2.1759583569610395,0.5425729818810296,0.0,22.810960989462753,0.15974423387481387,0.15974423387481387
1761809311.9677014,-4.546686858493169,2.131115673966678,1.0949776890556933,0.0,23.09668547034025,0.14946110552518851,0.14946110552518851
1761809312.4106236,-5.254635941371901,1.8669236362392279,1.6223437350275922,0.0,23.89528162123108,0.13567791351862496,0.13567791351862496
1761809312.826281,-5.706887032852002,1.4368090647989311,1.3561374068394294,0.0,24.574168854654676,0.18270688294341703,0.18270688294341703
1761809313.1398396,-5.802971319670477,0.93113162766381,0.6704949221605997,0.0,25.17766689147841,0.3528461751790486,0.3528461751790486
1761809313.3280654,-5.7568892738077775,0.7434177929037621,0.8335061346579237,0.0,25.438617926669316,0.43456273707545134,0.43456273707545134
1761809313.7629972,-5.598112900064406,0.2516243129504309,1.5774859652452604,0.0,26.273636213676294,0.4624738202653198,0.4624738202653198
1761809313.9501767,-5.470866813955255,-0.09958743086690988,1.1762057371996752,0.0,0.10485807699598582,0.2987987962847115,0.2987987962847115
1761809314.067038,-5.331786840732364,-0.28738823150484677,1.2488079760223847,0.0,0.35982644301012023,0.20390175225499782,0.20390175225499782
1761809314.245397,-5.1538433189586925,-0.41717894608309125,1.0658335275637199,0.0,0.5955693687052905,0.14761382178003704,0.14761382178003704
1761809314.5968711,-4.682809902156532,-0.6014919107783819,1.2735389466389977,0.0,1.1175141949959868,0.054696569499752844,0.054696569499752844
1761809314.746075,-4.501194196957541,-0.6246338661486389,1.4205092503208383,0.0,1.3031170898684483,0.0405923083046894,0.0405923083046894
1761809315.0325308,-3.996785777019797,-0.6042702550514182,1.482267099451506,0.0,1.8132087680845377,0.034579834050694945,0.034579834050694945
1761809315.3028324,-3.5799571471331384,-0.5251852198036279,0.8763816174150935,0.0,2.239851292412612,0.051578061440371734,0.051578061440371734
1761809315.6455603,-3.277766142685106,-0.4520715724023812,0.611184109818648,0.0,2.551559601592394,0.06711760030590287,0.06711760030590287
1761809315.7797725,-3.208479271640424,-0.4463647658391974,0.5505091199870221,0.0,2.6207332726422092,0.05917003640358169,0.05917003640358169
1761809315.9337778,-3.109359113051254,-0.4288556329421581,0.5714419668979953,0.0,2.7213996704183496,0.056837070530699446,0.056837070530699446
1761809316.1872184,-2.965590264461398,-0.4000284508509997,0.584310118016447,0.0,2.867866732026705,0.056950494262583584,0.056950494262583584
1761809316.3934007,-2.847067245480877,-0.400187282316472,0.6621283352261681,0.0,2.983920177861228,0.0340836863383073,0.0340836863383073
1761809316.792436,-2.5832699912795385,-0.3494178704434986,1.0306732585297778,0.0,3.2517200549811927,0.03695330418623913,0.03695330418623913
1761809316.9923565,-2.3310297895866743,-0.30254939755700333,1.5075067130178632,0.0,3.50682767832296,0.0453373484952936,0.0453373484952936
1761809317.2456467,-1.937922045430828,-0.26304216884170484,1.3767241447790328,0.0,3.8998485305321005,0.04146821438395374,0.04146821438395374
1761809317.5185182,-1.3992549083436763,-0.31695267160513363,1.4393926200164442,0.0,4.434384141281295,-0.04436000177435231,0.04436000177435231
1761809317.7926407,-0.8811729749724775,-0.3557165428147707,1.6404255459363524,0.0,4.9541462378775005,-0.09138942640924037,0.09138942640924037
1761809318.1941347,-0.24405629076626167,-0.3397382028327624,1.4404377200774348,0.0,5.592815290302199,-0.06669094722662303,0.06669094722662303
1761809318.5890656,0.31026574708809157,-0.3028268815713186,1.32533121657044,0.0,6.146142757601341,-0.01640938566036977,0.01640938566036977
1761809319.0208173,1.0148072792132699,-0.24966849337281422,0.9082699843697448,0.0,6.850639287790172,0.044437415481900396,0.044437415481900396
1761809319.325323,1.2345913196286724,-0.21514000979000053,0.7871298624190822,0.0,7.071798056122765,0.07606127297404029,0.07606127297404029
1761809319.6072357,1.4504117410118715,-0.19458016481561372,0.7750276885818433,0.0,7.289667170605059,0.09012438204196564,0.09012438204196564
1761809319.8500972,1.6391827444565854,-0.1700293543778189,0.6107498962977465,0.0,7.481246660038181,0.1054666026000316,0.1054666026000316
1761809320.1800947,1.8423900591837228,-0.14594189236929775,0.5018702148764805,0.0,7.688189243453885,0.11538236953681191,0.11538236953681191
1761809320.4932077,2.051017921100092,-0.13742667549883444,0.07672304158093318,0.0,7.89961968265408,0.1042024568068889,0.1042024568068889
1761809320.7337492,2.1666872457610493,-0.11568459904349009,0.737316198181496,0.0,8.01880879069962,0.11240187792579914,0.11240187792579914
1761809320.9826515,2.335522554123911,-0.10122316226151627,1.4604533849212555,0.0,8.190795812326762,0.10367676239515085,0.10367676239515085
1761809321.3905613,3.0729947205264936,-0.015372440828169423,1.8963682401799935,0.0,8.939092669763301,0.030262331341118807,0.030262331341118807
1761809321.6867902,3.652944533654455,0.17284252456817586,0.9140797290219318,0.0,9.551202635583579,0.004083041622215056,0.004083041622215056
1761809322.0815995,3.9248799401264827,0.34748184590150194,0.8600197272337291,0.0,9.874789945411726,0.03479779186841417,0.03479779186841417
1761809322.3956125,4.2513288965649645,0.6142079161906776,1.0752907738658515,0.0,10.302048787447978,0.0764022374746337,0.0764022374746337
1761809322.740329,4.462342519917872,0.8193826345454936,0.6656626446613622,0.0,10.60491828123146,0.09562415757482703,0.09562415757482703
1761809323.0495844,4.601594279916609,0.9773234403716354,0.6111833182911991,0.0,10.823444471683915,0.10582544630895065,0.10582544630895065
1761809323.2250526,4.618827193120168,1.0812820671553953,0.5838122487194839,0.0,10.918271432844632,0.1607143069131754,0.1607143069131754
1761809323.5066454,4.770270809292891,1.235414296711734,0.5916297871753616,0.0,11.146690895620305,0.132844920732745,0.132844920732745
1761809323.8746097,4.894165909639075,1.4933903939680955,0.5827915598852424,0.0,11.455440215241607,0.15317262021129452,0.15317262021129452
1761809324.1484356,4.955941849017357,1.6616271680707213,0.6130493544790601,0.0,11.650446205648988,0.15928090919690746,0.15928090919690746
1761809324.3090506,4.976680309518197,1.7563625288551525,0.6349395350698399,0.0,11.756033914903067,0.1682733468751252,0.1682733468751252
1761809324.7474828,4.925181027007594,2.0956215063300725,0.6920194839354286,0.0,12.131821204573782,0.278418115721344,0.278418115721344
1761809324.9340625,4.958064823560608,2.315871900325789,1.3124428668402612,0.0,12.396363349442819,0.2396900807376213,0.2396900807376213
1761809325.2740922,4.713247204093088,2.901142042687757,1.6037383770836815,0.0,13.183955561859408,0.2308859804937698,0.2308859804937698
1761809325.4973595,4.334086772111365,3.230296410471419,1.553441808399198,0.0,13.786937928457993,0.1700273482150151,0.1700273482150151
1761809325.6832736,4.059344753011742,3.2880656797379073,1.2091907158749116,0.0,14.110063702478966,0.1751412947321684,0.1751412947321684
1761809325.908193,3.815520160850298,3.251474200638819,1.1244166985176887,0.0,14.387019391839805,0.21658542667544015,0.21658542667544015
1761809326.2577398,3.4103093854198763,3.155040274951437,1.3726232101274949,0.0,14.855074836140213,0.23732151193481096,0.23732151193481096
1761809326.4548655,3.205305032118598,3.058716484876134,1.0409525281181804,0.0,15.102644463079928,0.260548773349012,0.260548773349012
1761809326.6312442,3.0904462941970365,2.9918874151234376,0.7147038492279667,0.0,15.245988776667387,0.27718424413219495,0.27718424413219495
1761809326.7700083,3.011109488603635,2.9583836404290835,0.6258228070085269,0.0,15.33871014172838,0.27417289261203215,0.27417289261203215
1761809327.036026,2.9134424371513146,2.8725104951715563,0.5018226282224884,0.0,15.473177434679567,0.30751319084342427,0.30751319084342427
1761809327.3559914,2.780668847960361,2.8122015069924724,0.7273229973200209,0.0,15.627078978578897,0.29808219649138223,0.29808219649138223
1761809327.5335627,2.6351853654141935,2.7226941824997604,1.287386118543909,0.0,15.80462225704669,0.3040763231927464,0.3040763231927464
1761809327.5647972,2.5873231871938147,2.698093504630727,1.406155096440219,0.0,15.859896281818957,0.3011274466880275,0.3011274466880275
1761809327.6050696,2.538610004342197,2.6775540041722263,1.4844079466402964,0.0,15.913480818040087,0.294005116358136,0.294005116358136
1761809327.636476,2.5013305673408133,2.6517189356861546,1.4525358776611101,0.0,15.95954824301224,0.2971088638262359,0.2971088638262359
1761809327.673433,2.479174159301978,2.633616306821028,1.379383144029895,0.0,15.988274725769296,0.3012560430019671,0.3012560430019671
1761809327.7122493,2.4241116212175107,2.6047585534147357,1.2808649843376416,0.0,16.050983503445625,0.29760828123875516,0.29760828123875516
1761809327.7566001,2.3847057601728796,2.583085621861235,1.2585210942258984,0.0,16.09616247427425,0.29580758650566485,0.29580758650566485
1761809327.7937944,2.3530333656786913,2.564779494404558,1.1406873565112472,0.0,16.13279892485043,0.2951013026548463,0.2951013026548463
1761809327.916347,2.261940018841794,2.5121921671764014,1.0700229463805913,0.0,16.23747566183175,0.29306664999076515,0.29306664999076515
1761809328.1149354,2.1000290708299447,2.4504552554326566,1.0867202266749312,0.0,16.40551225085679,0.2631672061925503,0.2631672061925503
1761809328.40026,1.739731256031431,2.3610301570526366,1.2976369628306013,0.0,16.75373089971872,0.16468880724180648,0.16468880724180648
1761809328.8757012,1.1781058365791885,2.3463824596105676,1.1509987847361285,0.0,17.265893765621843,-0.0534465162714676,0.0534465162714676
1761809329.2746308,0.3695702200992023,2.310739789935698,1.2410434966629442,0.0,18.091617270627204,-0.20268557470229345,0.20268557470229345
1761809329.5291204,0.0010212556727953906,2.2413135237214816,1.188197291282647,0.0,18.479429625171896,-0.16232140868755274,0.16232140868755274
1761809329.8980272,-0.5477086987893689,2.156399795170177,1.534990862536144,0.0,19.03841243353535,-0.07289512248657377,0.07289512248657377
1761809330.0874515,-0.9456367303114428,2.1232719716083808,1.623293544045825,0.0,19.434786953863263,-0.010088029768358774,0.010088029768358774
1761809330.340695,-1.5810095214128455,2.1183795500835427,1.3361508999568361,0.0,20.063869519622404,0.07205869331304927,0.07205869331304927
1761809330.6691525,-2.0929415418013884,2.1685221516641464,1.2266933454034965,0.0,20.577584516327978,0.09548225145227825,0.09548225145227825
1761809331.1003737,-2.7231906888720236,2.2366370757692366,0.8941735524431901,0.0,21.21504611658447,0.10820551947760704,0.10820551947760704
1761809331.4525342,-3.1526772154522518,2.263615457293115,0.8126052809625951,0.0,21.650732579209198,0.11750589348304251,0.11750589348304251
1761809331.714745,-3.3476992246159547,2.2527609303140794,0.5991619307908875,0.0,21.848660543553557,0.1371369959959646,0.1371369959959646
1761809331.9649673,-3.470019335444056,2.236827278027589,0.5175494683681869,0.0,21.973524186272808,0.1556234615161736,0.1556234615161736
1761809332.3091471,-3.6516457001969846,2.217136189949511,0.7070229309625394,0.0,22.16065882375147,0.17437406849248271,0.17437406849248271
1761809332.6374238,-4.165224710637244,2.178530048736961,1.577344766800193,0.0,22.695761692052212,0.173809604441613,0.173809604441613
1761809332.8649778,-4.636508004021301,2.122046233980292,1.6047735794112132,0.0,23.189858341801834,0.13551401884424555,0.13551401884424555
1761809333.1915152,-5.058056554246556,1.9427468505122605,1.5797572821086272,0.0,23.6725627809151,0.15948708757471658,0.15948708757471658
1761809333.4472413,-5.5109569690906435,1.6566453405536448,1.5507849943061696,0.0,24.250520629914327,0.1623589290605898,0.1623589290605898
1761809333.7605174,-5.696018792128016,1.2021801792845792,1.241640312889307,0.0,24.789455248676266,0.3327253623091596,0.3327253623091596
1761809334.0210478,-5.727912259543474,0.8727890960755657,0.9082140820652597,0.0,25.23244895993049,0.4410066392696392,0.4410066392696392
1761809334.424566,-5.652565914957319,0.5958862397433827,0.7095102450461098,0.0,25.687615290023437,0.5369406998803561,0.5369406998803561
1761809334.8128858,-5.655772756798964,0.27017064479622394,1.6091195836514438,0.0,26.205304547648552,0.424178259936197,0.424178259936197
1761809335.0407171,-5.738892743467291,-0.2754212356638441,1.7513143440159793,0.0,26.62955848712359,-0.0029893143514175794,0.0029893143514175794
1761809335.1797025,-5.680756572884888,-0.5312891721997532,1.5670439894056183,0.0,0.16796725655792927,-0.177508894222398,0.177508894222398
1761809335.4560997,-5.4062317318462005,-0.9578518799854963,1.3598000779356405,0.0,0.534525925744679,-0.445447816248419,0.445447816248419
1761809335.7129922,-5.086324664485965,-1.141425640317659,1.1573279494154876,0.0,0.8232725224840879,-0.5373276465641174,0.5373276465641174
1761809336.012345,-4.7390015959164415,-1.2032620082245724,1.2899960839289775,0.0,1.112126743626181,-0.5496620110872109,0.5496620110872109
1761809336.3577573,-4.106229591062112,-1.086354103623908,1.37671160077237,0.0,1.664122566114654,-0.43469824711988764,0.43469824711988764
1761809336.7173333,-3.5938348946872964,-0.8024311443801638,1.2420810149643866,0.0,2.17920593429701,-0.2191855339501877,0.2191855339501877
1761809336.9909163,-3.2725675735929616,-0.6942297919950374,1.08215724224997,0.0,2.509803587878437,-0.17145495134819552,0.17145495134819552
1761809337.2643816,-2.9742834285392665,-0.6278494606832908,0.8267717496304854,0.0,2.8148703799407073,-0.16480873251714265,0.16480873251714265
1761809337.5133665,-2.7315540014680018,-0.5846975358672442,1.16146417578589,0.0,3.063442286314011,-0.16870815537250802,0.16870815537250802
1761809337.7373648,-2.4743468792781647,-0.5391973201642377,1.4548465222205325,0.0,3.3291793361096325,-0.16792475187420725,0.16792475187420725
1761809337.9615538,-2.1375619380893855,-0.4757604874678216,1.0294968783401186,0.0,3.678615212978899,-0.15040165330863706,0.15040165330863706
1761809338.1484966,-1.8464614521691614,-0.5392232697967891,0.9250011346425123,0.0,3.968902728695052,-0.24133367531425887,0.24133367531425887
1761809338.307941,-1.6946083633119537,-0.5401296999972349,1.0251119916209528,0.0,4.124285526828923,-0.2529932243967433,0.2529932243967433
1761809338.6251578,-1.2651018236473233,-0.473314446858199,1.0146629175421926,0.0,4.565113466927626,-0.2046280429166872,0.2046280429166872
1761809338.8465066,-1.1080933786351497,-0.47557802711650127,0.6247509468422554,0.0,4.72437986936449,-0.2098477067136882,0.2098477067136882
1761809339.0772455,-0.9604247901260965,-0.4631083580978818,0.5274843435772875,0.0,4.8740543922859105,-0.19864346853004158,0.19864346853004158
1761809339.2573724,-0.8272839783836622,-0.44894949890583835,0.5587342699222189,0.0,5.008604894972189,-0.1845193357404698,0.1845193357404698
1761809339.5409682,-0.6425410971092902,-0.4137129274500815,0.6360586088469685,0.0,5.19447699791872,-0.1478604676635202,0.1478604676635202
1761809339.7233357,-0.487532364263639,-0.39216630518794754,0.8607934869393224,0.0,5.349900286454835,-0.12405393417872998,0.12405393417872998
1761809339.8665936,-0.35067670548703794,-0.3696894746447389,0.9655603336412498,0.0,5.486706136630312,-0.09896739920178416,0.09896739920178416
1761809340.0447915,-0.11454643827079782,-0.3504381067679441,1.4603564049872717,0.0,5.722651284105481,-0.07431945059377126,0.07431945059377126
1761809340.4146428,0.5722887792449336,-0.2908426818315123,1.4577410374559008,0.0,6.4078385178006,0.0006320868073435139,0.0006320868073435139
1761809340.6246145,0.833384705641022,-0.27936905897113545,0.9443246092387692,0.0,6.668892777205223,0.014819446021873989,0.014819446021873989
1761809340.9662926,1.2310038666346526,-0.216978136725812,-0.00023632970976387,0.0,7.068151708939117,0.07429900103815514,0.07429900103815514
1761809341.2489195,1.2664347954308335,-0.2068404805636614,0.5582490767052481,0.0,7.104020075916368,0.08364477223866457,0.08364477223866457
1761809341.6591775,1.600004111101255,-0.19094478019914043,1.5135120848902155,0.0,7.440553734637247,0.08678184544758673,0.08678184544758673
1761809341.8642154,2.0189012334359786,-0.16056438045020832,1.8004050914897953,0.0,7.864807591085906,0.08458020849384705,0.08458020849384705
1761809342.2181962,2.609708494618439,-0.14172967616702287,1.1248574909969087,0.0,8.456680770619371,0.016998676204208193,0.016998676204208193
1761809342.4005492,2.790583967916045,-0.10813645395756086,0.7721713978590431,0.0,8.641076892067462,0.01212137277672326,0.01212137277672326
1761809342.6296425,3.0357700024939063,-0.043952119779758034,1.1830796760703841,0.0,8.895183393521172,0.013174880519326932,0.013174880519326932
1761809342.8907676,3.4257172850287048,0.08517539985583648,1.2935739908673896,0.0,9.307255344650983,0.011966809803882596,0.011966809803882596
1761809343.063502,3.6196190745809513,0.16994402288805374,0.9249729281242164,0.0,9.519597031721908,0.015266246328825828,0.015266246328825828
1761809343.3170977,3.799306024999924,0.27684039140617783,0.6421005773816559,0.0,9.72930809059175,0.03307876868571719,0.03307876868571719
1761809343.577031,3.944611092343159,0.3714226351436651,0.6413585916161425,0.0,9.904215953837074,0.045605170562858344,0.045605170562858344
1761809343.8145275,4.090210972893097,0.47184873731704496,0.6761208140917027,0.0,10.083611340781834,0.05390969561159867,0.05390969561159867
1761809344.020885,4.218270795496422,0.582804658977813,0.6490212676096713,0.0,10.255616065395223,0.07126065695290935,0.07126065695290935
1761809344.3806741,4.377823335415795,0.7249871152235386,0.6570949938381744,0.0,10.4747671929408,0.08241669141273267,0.08241669141273267
1761809344.700261,4.646220203486345,1.0415421688454587,1.577806636589642,0.0,10.904628795912581,0.11420834190410842,0.11420834190410842
1761809344.9614935,4.893135608928731,1.3699357483101477,1.624751271498213,0.0,11.336879649027818,0.09831854503177709,0.09831854503177709
1761809345.2208235,5.016388613960053,1.9394462744428884,1.3341743872776497,0.0,11.963227127430333,0.17009682862952238,0.17009682862952238
1761809345.6650991,4.83115239635712,2.573191712889832,0.6816688859593028,0.0,12.748433750511987,0.302021498858803,0.302021498858803
1761809345.8487153,4.892220532825055,2.6798747417970454,1.1175231692184016,0.0,12.839590922013906,0.2034013225237518,0.2034013225237518
1761809345.9736605,4.753161007980791,2.807490349186828,1.4129798010514851,0.0,13.06165548397088,0.2582118292194332,0.2582118292194332
1761809346.320552,4.29612394724851,3.1446214145796563,1.514603460636338,0.0,13.794809849814097,0.26351131467282235,0.26351131467282235
1761809346.7110016,3.6857141114952894,3.187575113650694,1.5356291394385289,0.0,14.543285801898536,0.26633386049824714,0.26633386049824714
1761809347.056161,3.189954623013686,3.0646680801649095,1.238398246846308,0.0,15.115731730330243,0.24930852265969491,0.24930852265969491
1761809347.35257,2.9529924497092463,2.884836341944124,1.03070559275642,0.0,15.429503853276042,0.3145196417602254,0.3145196417602254
1761809347.741031,2.765597422603885,2.7489024630359498,0.5241810760477567,0.0,15.673223138173402,0.3460690413944539,0.3460690413944539
1761809347.9461367,2.69503840509464,2.699563829169225,0.4901527767709403,0.0,15.76294476654261,0.3540824433640432,0.3540824433640432
1761809348.307724,2.5540527454441855,2.6415458679012906,0.5321926532826741,0.0,15.91871321210077,0.3328486408844063,0.3328486408844063
1761809348.65019,2.452710028510219,2.578539101294187,0.10821895448525042,0.0,16.039926385950118,0.3348255343181832,0.3348255343181832
1761809348.9545066,2.270351716562157,2.5067094515071395,1.3725107782317774,0.0,16.233136644537854,0.30210215430007975,0.30210215430007975
1761809349.3146667,1.713190497205614,2.3396045237879677,1.7888261548161675,0.0,16.78613541271354,0.17136390124720663,0.17136390124720663
1761809349.69217,0.991395761888113,2.2015596914769104,1.6943218639669309,0.0,17.48926352594936,0.026583627319731885,0.026583627319731885
1761809349.9697185,0.37547688193428114,2.2053405487296316,1.357020405150049,0.0,18.098570888972187,-0.09733468011501605,0.09733468011501605
1761809350.258206,-0.11215811608820207,2.2231483387307924,1.5005466836574064,0.0,18.596378769822678,-0.14739424711144164,0.14739424711144164
1761809350.4469085,-0.47102277221467065,2.195370234224251,1.5241960648161539,0.0,18.962579457976922,-0.11529305594241913,0.11529305594241913
1761809350.807735,-1.203742015429375,2.170025290969155,1.7508352879842768,0.0,19.696885947587937,-0.02846318519148647,0.02846318519148647
1761809351.0776932,-1.8844948279795664,2.165411763488366,1.6645482150442308,0.0,20.370617715306548,0.068737166127025,0.068737166127025
1761809351.2573242,-2.2593443093974455,2.2025060013379965,1.6351409878435366,0.0,20.747579338730972,0.0849612379288048,0.0849612379288048
1761809351.46826,-2.6762713764928683,2.2650053088535302,1.544449753502455,0.0,21.17113142281537,0.07492209561754662,0.07492209561754662
1761809351.8049724,-3.266875507437795,2.3067154365752414,1.2916894237749794,0.0,21.768575142958962,0.08025632251899817,0.08025632251899817
1761809352.1169903,-3.589955162803543,2.2576248429930432,0.642906034721417,0.0,22.096529728112614,0.13487750110122784,0.13487750110122784
1761809352.3813758,-3.775075758906352,2.236190428256171,1.0240102902939554,0.0,22.28730983721518,0.1511567438604132,0.1511567438604132
1761809352.7147112,-4.326553602660485,2.1450903390393306,1.2553029718864115,0.0,22.868011065661545,0.18162811205636606,0.18162811205636606
1761809353.0622737,-4.686260590217209,2.061032215508739,0.6276209947520406,0.0,23.25791977743303,0.18038024786055273,0.18038024786055273
1761809353.376373,-4.86429987449967,2.0140029154738643,0.5000380702167267,0.0,23.453046972019774,0.16844562044261382,0.16844562044261382
1761809353.6086743,-4.99595406184076,1.9591476194522173,0.5400301141455444,0.0,23.60499536927388,0.17008426674856572,0.17008426674856572
1761809354.0632467,-5.498551120741639,1.6675956494665987,1.543026791889422,0.0,24.23255713016744,0.16174727207064785,0.16174727207064785
1761809354.3225467,-5.830831961956665,1.3653283261502198,1.2855111376875101,0.0,24.720694475758474,0.1293255562234657,0.1293255562234657
1761809354.7086763,-5.885122302157022,0.8618079151580292,0.9470921726865734,0.0,25.295244812790518,0.29034203979229284,0.29034203979229284
1761809354.8701391,-5.85182625251328,0.6513526709802401,1.3687326930152128,0.0,25.576026075276403,0.34219472914022303,0.34219472914022303
1761809355.277554,-5.718457073190739,0.0892328840496347,1.2862812543152575,0.0,26.355616801673527,0.2689928699853048,0.2689928699853048
1761809355.7568312,-5.377041986855617,-0.3146561102648896,-0.003676083471578835,0.0,0.3272699972163164,0.15972218209483238,0.15972218209483238
1761809355.8982122,-5.349311397602557,-0.352255135333605,0.07165387766394239,0.0,0.37245505368793635,0.13768646485916547,0.13768646485916547
1761809356.2980342,-5.009735485526984,-0.6426059716872817,1.737174851027569,0.0,0.7985723053566485,-0.0334047029357405,0.0334047029357405
1761809356.6605377,-4.290063262779457,-0.5820894081100352,1.739887494957938,0.0,1.5186167304639788,0.08021798606764871,0.08021798606764871
1761809357.1512287,-3.442318524287283,-0.27530363941274677,1.6316503853162203,0.0,2.422947914875032,0.2721889077015347,0.2721889077015347
1761809357.3621523,-3.0030263518031868,-0.2048267921901786,1.3097097084549016,0.0,2.86901343279003,0.2557061703037002,0.2557061703037002
1761809357.9752028,-2.4214943386891687,-0.2355697976832171,1.2399303692841275,0.0,3.4274598587038447,0.12426837209571064,0.12426837209571064
1761809358.3540194,-1.8088048010655169,-0.25931775880046076,1.6747608891031018,0.0,4.0283226227895215,0.03491363288284883,0.03491363288284883
1761809358.7565165,-1.020718515153287,-0.43078946023650283,1.3786391049670295,0.0,4.813287201912755,-0.16597463377758948,0.16597463377758948
1761809359.1850393,-0.3584020981201206,-0.3961742536959647,1.2715765531221828,0.0,5.479513193649004,-0.1256066103990172,0.1256066103990172
1761809359.513882,0.12229342387437772,-0.3045268617916254,1.2377499514910704,0.0,5.958306054055112,-0.022554944912744557,0.022554944912744557
1761809359.8182614,0.46095042445476425,-0.26271243607264055,1.1290805142191531,0.0,6.2959838914724005,0.02682769107822925,0.02682769107822925
1761809359.9756896,0.6943236897549427,-0.23016600033468185,1.325306765324487,0.0,6.529204309067557,0.06293147604408615,0.06293147604408615
1761809360.1116953,0.9026225992342521,-0.20647270193708814,1.5221559561204185,0.0,6.738123804546315,0.08790244452294496,0.08790244452294496
1761809360.3922956,1.3141567583193594,-0.19245385143889399,1.2199642151853458,0.0,7.1524471445902895,0.0968041089955069,0.0968041089955069
1761809360.7580006,1.6920330927837661,-0.15547716536871367,0.6589016853237416,0.0,7.535527562291773,0.11676479659678995,0.11676479659678995
1761809361.1999452,2.3060074757096833,-0.11199227606081512,1.6059817941443266,0.0,8.15953669445956,0.0973619323097153,0.0973619323097153
1761809361.5166152,2.8675190533116752,-0.05308285191452707,1.319259703977644,0.0,8.729241740547382,0.04770531703231035,0.04770531703231035
1761809361.6713722,3.1058701202516628,-0.008900754394698743,1.0721502336568323,0.0,8.972649385403962,0.02705280660566452,0.02705280660566452
1761809361.8938758,3.3935191097059674,0.09200430824204286,1.1117899660210155,0.0,9.279510489195314,0.029891155711317705,0.029891155711317705
1761809362.158609,3.6249336706313664,0.23730527089807224,0.7211711816934143,0.0,9.552769456236708,0.07435146038785673,0.07435146038785673
1761809362.3497708,3.7198712625701,0.30294690004506225,0.6085652248551626,0.0,9.66937416858688,0.09242867601739536,0.09242867601739536
1761809362.8438215,4.129920361847132,0.5712111455323897,0.8954595815051565,0.0,10.17481332352814,0.11363265697824856,0.11363265697824856
1761809363.126528,4.345955116421669,0.7277398439404554,0.6302247654005223,0.0,10.451620863207342,0.10525673672308183,0.10525673672308183
1761809363.4062495,4.450823492257091,0.8342098970775206,0.5106055744009439,0.0,10.606854694257635,0.11430744681118585,0.11430744681118585
1761809363.7337842,4.604498246670055,1.0713203600146828,1.3797291852319216,0.0,10.900299009419276,0.1653032845698379,0.1653032845698379
1761809364.149969,4.978003260264321,1.819170146510683,1.5998774188227334,0.0,11.823421161393698,0.18328820593704256,0.18328820593704256
1761809364.469741,4.968736568532481,2.260184847224575,0.9517719270308175,0.0,12.329329793953814,0.23417902750128797,0.23417902750128797
1761809364.7431462,4.79613383370765,2.6834189586108206,1.001934235846697,0.0,12.897267453838875,0.2875197762812192,0.2875197762812192
1761809365.1428509,4.395087095082182,3.089973430644592,1.550901631926126,0.0,13.651553321553495,0.27506513382540854,0.27506513382540854
1761809365.362878,4.072297755917915,3.2184713281129085,1.5279001211529597,0.0,14.08569805291899,0.24275945009610442,0.24275945009610442
1761809365.8012717,3.64948330510112,3.2702436996687676,1.27071436069422,0.0,14.569169649840555,0.17907235485853146,0.17907235485853146
1761809366.140461,3.1628290104533385,3.0736715567355013,1.1619247635300318,0.0,15.139238279051,0.23072488394751078,0.23072488394751078
1761809366.4437766,2.8828545972672304,2.912964773845734,0.8300823793701669,0.0,15.482266916900675,0.2575266866029004,0.2575266866029004
1761809366.8663383,2.5979050362609724,2.7129252833272575,1.1714425696305526,0.0,15.842821206162395,0.2937021921058185,0.2937021921058185
1761809367.2898855,2.1287107653818804,2.4978131196736166,1.5635023720899255,0.0,16.35761976761031,0.23700392475812837,0.23700392475812837
1761809367.6804478,1.5585283301055428,2.30212786262692,0.9984735568121612,0.0,16.9361982717139,0.13579576804952884,0.13579576804952884
1761809367.9841769,1.2757638919659122,2.2783317165975077,1.187074973344918,0.0,17.198470028653627,0.04472125269150553,0.04472125269150553
1761809368.429654,0.47360072553611693,2.2471827376352587,1.0525331555213402,0.0,17.993038452993716,-0.12598709299363064,0.12598709299363064
1761809368.8040743,-0.0824423775159561,2.1992036658529455,1.2863734296196183,0.0,18.566447840871483,-0.1228399860195172,0.1228399860195172
1761809369.4669855,-0.9789028512498329,2.1240407770152148,0.6475943331443731,0.0,19.46799599764834,-0.007576165829939496,0.007576165829939496
1761809369.767999,-1.3492985871531515,2.1100759345737607,0.49227117219106603,0.0,19.833773034429132,0.04913044142377417,0.04913044142377417
1761809370.3332174,-1.5372515806573228,2.09764117937932,-0.0001659150323409782,0.0,20.017792569619846,0.08654115982577436,0.08654115982577436
1761809370.6454682,-1.6028751843284754,2.1168416685791147,0.6434053930672152,0.0,20.085256216102657,0.07663258991448427,0.07663258991448427
1761809371.0355537,-1.7383958580688765,2.1238957830058585,0.07576102457746421,0.0,20.220156966019914,0.08883491943255045,0.08883491943255045
1761809371.4548936,-2.1696104707111386,2.1354210205143875,1.8133859902585505,0.0,20.649065976627792,0.13902995276852836,0.13902995276852836
1761809372.024692,-3.0738778233788215,2.2547620607698557,1.0470308004602373,0.0,21.570300368823865,0.12130247665664343,0.12130247665664343
1761809372.3094616,-3.4740873988967906,2.244658711267978,1.1642573510146335,0.0,21.977780834727067,0.14783516726851964,0.14783516726851964
1761809372.8419182,-4.053425453370255,2.1491195445175912,0.7650172743264173,0.0,22.583227118195733,0.21664282612423164,0.21664282612423164
1761809373.1150923,-4.334480584792113,2.0838313761871032,1.4353346226832644,0.0,22.887957328527296,0.24045272935222578,0.24045272935222578
1761809373.513103,-4.9275133574798655,1.9167303874254527,0.9809277203948867,0.0,23.55483091849137,0.23589195725079753,0.23589195725079753
1761809374.017176,-5.328901980543593,1.735825225988838,1.1423925948330544,0.0,24.0386217764583,0.20755402520328192,0.20755402520328192
1761809374.3937166,-5.726241161507158,1.2538861409362776,1.6258238960504896,0.0,24.756984914554902,0.27889489020110036,0.27889489020110036
1761809374.6745687,-5.767714454494893,0.6569096380533243,1.0825346351385918,0.0,25.57192952205129,0.42642601785816125,0.42642601785816125
1761809374.9764762,-5.620875724927548,0.3808753776330962,0.8014412044483491,0.0,26.070784654556068,0.507398255500947,0.507398255500947
1761809375.2563949,-5.490052236174872,0.122633525859318,1.3509517926958587,0.0,26.53932362067041,0.460399446383792,0.460399446383792
1761809375.646776,-5.147011765150786,-0.4238569803592373,1.1777321088303216,0.0,0.604774439207156,0.14331475703160504,0.14331475703160504
1761809375.804539,-4.938960253799291,-0.5757923371479403,1.4339632765613823,0.0,0.8548300711270554,0.046132326232152084,0.046132326232152084
1761809376.0884805,-4.53227389196959,-0.689200891488699,1.3554985149141165,0.0,1.2734808484610467,-0.02468407699060436,0.02468407699060436
1761809376.3314145,-4.111322130659052,-0.6367376073688361,0.9854789436469419,0.0,1.6954014526928178,0.01375574089620602,0.01375574089620602
1761809376.6145117,-3.7842052110212894,-0.5999384336770727,1.3323139556507535,0.0,2.025379500962145,0.01097318374459744,0.01097318374459744
1761809376.9031067,-3.3710931239129036,-0.4885530572920205,1.302066617703213,0.0,2.452711217482446,0.04930175490576177,0.04930175490576177
1761809377.1875608,-2.9502658858474318,-0.4041987128254427,1.3582834748205705,0.0,2.882064697776817,0.04988924584379328,0.04988924584379328
1761809377.7782753,-2.4029443664668726,-0.3044709253294117,1.1587032665359704,0.0,3.435802414330345,0.053414741075947375,0.053414741075947375
1761809378.1116579,-1.8740866744504248,-0.31221467608430276,1.2705032183893437,0.0,3.9592746591971832,-0.012847557819199593,0.012847557819199593
1761809378.377504,-1.4324853413620904,-0.34716547019358907,1.2003220874516096,0.0,4.399911696065326,-0.0733484084085655,0.0733484084085655
1761809378.8461204,-0.8514816082899567,-0.37291319096263637,1.4233259470804813,0.0,4.984017512859122,-0.10854841089330611,0.10854841089330611
1761809379.1375153,-0.3479088809006121,-0.36005255041094864,1.3606624148737338,0.0,5.489277935291486,-0.08927489740787538,0.08927489740787538
1761809379.4915366,0.14848716653871205,-0.3318262292276757,1.139339279348089,0.0,5.985154090680936,-0.04920413635265543,0.04920413635265543
1761809379.9036093,0.8263687725094299,-0.2917738624791179,1.5536540760199316,0.0,6.661931955618514,0.0023819444150588774,0.0023819444150588774
1761809380.0542152,1.064221855635497,-0.26453588178391846,1.5750483267122752,0.0,6.900059612372508,0.0292075206313383,0.0292075206313383
1761809380.21917,1.3390081657438468,-0.24292874638376005,1.5787213797052502,0.0,7.175985915679528,0.045640125826987725,0.045640125826987725
1761809380.4290638,1.7798989941198051,-0.18597333571317778,1.555959942085703,0.0,7.6220353901517495,0.08030392879090716,0.08030392879090716
1761809380.6815484,2.1306627237803157,-0.17770254191125523,1.0725172011013637,0.0,7.975029362073714,0.055198014666811276,0.055198014666811276
1761809381.0538335,2.4912797744391035,-0.14720766214997674,0.5260573984119242,0.0,8.338738419973042,0.03322547324478648,0.03322547324478648
1761809381.266688,2.629888962265176,-0.12537015124397896,0.6104234185047064,0.0,8.479749625929351,0.029122954353140888,0.029122954353140888
1761809381.7179205,2.760680076807525,-0.09641631343629542,0.868226828100758,0.0,8.614428839885031,0.030206965504869916,0.030206965504869916
1761809381.9979057,3.168704524831566,-0.0006599775867958561,1.5480470051410622,0.0,9.03539979536655,0.016314366576142835,0.016314366576142835
1761809382.2547243,3.5376045442764066,0.1441622449263003,1.0272317137247655,0.0,9.433688437370918,0.024522741081883487,0.024522741081883487
1761809382.5659854,3.822560975154085,0.28749774854207183,0.8155240274677703,0.0,9.755084369042896,0.03170283572383964,0.03170283572383964
1761809382.8855093,4.058576780108769,0.4999981685968259,1.5941819405013669,0.0,10.07242177826256,0.09481931662608742,0.09481931662608742
1761809383.1094751,4.3670108151006195,0.7330896930681211,1.7512788005145647,0.0,10.471791370993719,0.0956168707671346,0.0956168707671346
1761809383.3141108,4.6254674698935485,1.0427900239523094,1.3675826138318516,0.0,10.89156912848314,0.13086553076907467,0.13086553076907467
1761809383.600547,4.85982612303125,1.3466302079256582,0.9005201754082218,0.0,11.298066794844576,0.11600178261423694,0.11600178261423694
1761809384.1088457,4.966278215850717,2.0546569270801722,1.329674375435348,0.0,12.086429260505014,0.2343844874446011,0.2343844874446011
1761809384.5037,4.759642443207135,2.581769150922383,0.654018637368395,0.0,12.795599427966284,0.3647995926152875,0.3647995926152875
1761809384.9373424,4.672707500125318,3.0790816143630146,1.535543973746397,0.0,13.364160961917035,0.131411179146834,0.131411179146834
1761809385.186162,4.201279246548942,3.2120812212241274,1.6069451457659634,0.0,13.931692361570823,0.22596019105446505,0.22596019105446505
1761809385.6140325,3.5384810858587574,3.3564203771156063,1.6109666291873106,0.0,14.668469188729944,0.07388392810199869,0.07388392810199869
1761809385.8640878,3.2476112896325975,3.1981650443223995,1.3144802257605745,0.0,15.007002480364362,0.14525663618689577,0.14525663618689577
1761809386.1061792,3.009373687207794,3.007333943788031,0.8182016050100972,0.0,15.317937803006785,0.2292193146601094,0.2292193146601094
1761809386.5864854,2.574238626214326,2.6883091099646106,0.9184103556068928,0.0,15.876543665092832,0.3029102263433451,0.3029102263433451
1761809387.1021962,2.153797739167271,2.4906800679072325,0.8617921229667198,0.0,16.339984950685263,0.2559555274036832,0.2559555274036832
1761809387.4992583,1.8874138522043162,2.384367270546024,0.553836661155702,0.0,16.61708484078303,0.21460830165477668,0.21460830165477668
1761809387.8723602,1.6076264041792765,2.313964720365344,1.021041485193708,0.0,16.888452521604343,0.14657858748435798,0.14657858748435798
1761809388.190639,1.1221243361707012,2.2093695992298668,1.6284836326073988,0.0,17.363665117665207,0.05763786746453538,0.05763786746453538
1761809388.5314915,0.3151690775808995,2.142717216748292,1.5739908777345568,0.0,18.166520229632695,-0.04178301701734037,0.04178301701734037
1761809388.9538095,-0.3820143989239665,2.0249556441906447,1.5523432637849062,0.0,18.86755663495271,0.05208830580800145,0.05208830580800145
1761809389.0709643,-0.610156408858517,2.010691107052145,1.4887299652157358,0.0,19.092890082870216,0.0759750175586306,0.0759750175586306
1761809389.2668324,-0.9518416118336583,2.0186137548112546,1.539520527786652,0.0,19.43086289169646,0.09467987450382469,0.09467987450382469
1761809389.5922098,-1.587098248031141,2.082841797464575,1.5676247923775644,0.0,20.06494841412403,0.10809802640473408,0.10809802640473408
1761809389.9538631,-2.296299901372436,2.1674984300775515,1.5503241680246855,0.0,20.77959339637286,0.12465187990373996,0.12465187990373996
1761809390.705602,-3.7890492705413483,2.2299952763829447,1.167488682170036,0.0,22.302010275007103,0.15668127937183746,0.15668127937183746
1761809391.24322,-4.137165562013186,2.157287236865882,0.5307758241209466,0.0,22.66959055193709,0.19857327900706592,0.19857327900706592
1761809391.7268863,-4.410847393492159,2.0910474432846065,0.5125149874987729,0.0,22.966317711107845,0.21861822122049887,0.21861822122049887
1761809392.1244314,-4.6376886488824,2.0266411775412148,0.058127834082948894,0.0,23.218461705889098,0.22703554768846287,0.22703554768846287
1761809392.46926,-4.765407775027925,1.9684527571277501,1.4504878254706293,0.0,23.369224502981194,0.2445075580637724,0.2445075580637724
1761809392.6661675,-5.049723191673308,1.8562708475499259,1.5070217431934543,0.0,23.70467992946945,0.24118721607503685,0.24118721607503685
1761809392.94613,-5.476003452620575,1.6270842599886826,1.0422627355548353,0.0,24.24151919424347,0.2073939739460085,0.2073939739460085
1761809393.2070508,-5.667809135580825,1.4564740369782168,0.9022329497690132,0.0,24.528746049778714,0.19903485653388991,0.19903485653388991
1761809393.4120827,-5.8808987719715295,1.3500210900572727,0.8738127806975142,0.0,24.76493611258319,0.09693570813149066,0.09693570813149066
1761809393.7794201,-6.205253528023981,1.1363920810326624,1.6171657877981374,0.0,25.10402103794522,-0.09414897645059342,0.09414897645059342
1761809394.2950985,-6.663970147709989,0.45898808851734985,1.6828698467849115,0.0,25.69566848235641,-0.48365208861111747,0.48365208861111747
1761809394.4236317,-6.702768280926835,0.12736074072350975,1.4948843700128298,0.0,25.904382542285717,-0.5943501859692348,0.5943501859692348
1761809395.2923653,-6.447422026770141,-0.6280775681851818,0.5725234197852497,0.0,26.41219459208507,-0.7507523553920875,0.7507523553920875
1761809395.7989314,-5.951724695529448,-1.0771184043334832,1.5924540188526162,0.0,0.207869962267131,-0.7847934376466335,0.7847934376466335
1761809396.1668792,-5.327669970033147,-1.2153224610397426,1.5878082450719024,0.0,0.6532290158936866,-0.6666766955705168,0.6666766955705168
1761809396.6352599,-4.696569412479023,-1.0315720775992183,0.8617647110747084,0.0,1.1366115976590212,-0.37513601298052857,0.37513601298052857
1761809397.4058466,-4.092204126214864,-0.8238295255110812,0.5356627794618185,0.0,1.697948027406075,-0.17429256670463067,0.17429256670463067
1761809397.789662,-3.6541634762436734,-0.6901599790252843,1.0871884128117397,0.0,2.1390850575739373,-0.09846089591460283,0.09846089591460283
1761809398.6440547,-2.3542613005847577,-0.28454076309603615,1.6091011719475767,0.0,3.4864000524521304,0.06632762568343122,0.06632762568343122
1761809398.9151587,-1.79087710356449,-0.20249046791667222,1.588698302049252,0.0,4.050127666349512,0.09031288757746887,0.09031288757746887
1761809399.3636303,-1.1349154016307064,0.04003359258752083,1.281749287786981,0.0,4.7048319782626775,0.30608858456302795,0.30608858456302795
1761809399.613563,-0.8376623081315835,0.1076744470723958,1.48161903001604,0.0,4.996606145806507,0.3720708128141829,0.3720708128141829
1761809400.018749,-0.07954778665679796,0.033113116392443666,1.2350780819383467,0.0,5.748228933424516,0.3099736312956814,0.3099736312956814
1761809400.9116004,0.555067937337783,-0.07451530398007584,0.09349500959041197,0.0,6.387102809267231,0.21665806823469091,0.21665806823469091
1761809401.4423609,0.788416782514049,-0.08663765696480562,1.0024092782681384,0.0,6.622584821986803,0.2072935998047342,0.2072935998047342
1761809402.192293,1.9462556305666694,-0.13759887989704922,0.8481559700917309,0.0,7.793873106929693,0.11459655172216245,0.11459655172216245
1761809402.4305434,2.2197759377807595,-0.12128216388197394,1.2073922138977387,0.0,8.071553309125191,0.10006493497827823,0.10006493497827823
1761809403.4496245,3.381296560127206,0.22006902414513801,0.558355336904816,0.0,9.314938449035633,0.15378645346149944,0.15378645346149944
1761809404.1345606,4.097639310987272,0.682039339170048,1.6651414770797939,0.0,10.215040106319632,0.2226141963925508,0.2226141963925508
1761809404.8319607,4.6531970081866,1.2509615474763651,0.5193766733506949,0.0,11.087204716104257,0.23764283924233803,0.23764283924233803
1761809405.1872144,4.808163235948264,1.5073178973817138,1.299447499608557,0.0,11.428362025797924,0.23681602911714106,0.23681602911714106
1761809405.6274378,4.793472838778316,2.3346977823723107,1.319495660322838,0.0,12.449611051654891,0.4003541623540793,0.4003541623540793
1761809406.182271,4.635545826248242,2.894839253843596,0.6346884153905397,0.0,13.246162235774584,0.29207303643833343,0.29207303643833343
1761809406.5566676,4.496722931368075,3.0219185639563593,0.11551082475897852,0.0,13.49277389327059,0.2829743292115442,0.2829743292115442
1761809407.088631,4.344964906665458,3.112873558480071,0.10100446275163603,0.0,13.721732709186313,0.2752421873609576,0.2752421873609576
1761809407.6281815,3.8014495676133264,3.3100818477620124,1.8996785360197945,0.0,14.398300988699651,0.1571663228400508,0.1571663228400508
1761809408.0372162,3.153096844880346,3.18222128383226,1.5143952642745482,0.0,15.105499014503451,0.12648919567421657,0.12648919567421657
1761809408.3263679,2.9063521778223382,2.9381381032623097,1.640410226483002,0.0,15.448090961810694,0.2458848828633306,0.2458848828633306
1761809408.7488248,2.2880706273113147,2.5638597716663636,1.4887723978170913,0.0,16.188754413358275,0.2623055282175287,0.2623055282175287
1761809409.2689834,1.683189792595111,2.443197520760151,1.0331155347000847,0.0,16.765274763683276,0.06564670852695316,0.06564670852695316
1761809409.8407257,1.240621506418548,2.2879952178538785,0.6634700223729387,0.0,17.22748535932979,0.023084156100493414,0.023084156100493414
1761809410.3467307,0.6528272560086685,2.1110998001793577,1.039659796234362,0.0,17.83657600466439,0.03741552870387907,0.03741552870387907
1761809411.2239459,-0.5346351489815778,2.0261845316035383,1.0810570989645407,0.0,19.018942504110612,0.05652167892386363,0.05652167892386363
1761809411.505087,-1.0625770243883625,2.1256562458423205,1.5731327316853732,0.0,19.551415627435325,-0.00047458903308347273,0.00047458903308347273
1761809411.9079452,-2.0210544177129375,2.100404301111454,1.72663248685761,0.0,20.496551737937928,0.1526811367391126,0.1526811367391126
1761809412.3621783,-2.82036544372112,2.2837868156411596,1.290415616772295,0.0,21.31736475967262,0.07119227701011602,0.07119227701011602
1761809412.777626,-3.31213190665393,2.5186732384273642,0.8072357934819109,0.0,21.821787099011132,-0.1297963913540164,0.1297963913540164
1761809412.9931247,-3.4506242989156153,2.488076004309356,0.6360112142679208,0.0,21.957114195926135,-0.09584341037199336,0.09584341037199336
1761809413.1890018,-3.5903411510893313,2.4661813869117712,1.1131356041864866,0.0,22.094803142498073,-0.07367233324139992,0.07367233324139992
1761809413.932567,-4.7077868432123795,2.175800198067954,1.776659099871561,0.0,23.24534057530892,0.06423773070322175,0.06423773070322175
1761809414.3060472,-5.3333911641921725,1.8258141999527495,1.2195368927037962,0.0,23.989353408111015,0.12977745605584212,0.12977745605584212
1761809415.080281,-5.854500180207475,1.0572088751694502,1.1998310338449913,0.0,25.045275493646574,0.26122178463161017,0.26122178463161017
1761809415.4267006,-5.731962102536741,0.6338396551596245,0.8442760044832833,0.0,25.61648148427156,0.46121858859498716,0.46121858859498716
1761809416.3927896,-5.1697452619060895,-0.4491504231814192,0.6551798217912812,0.0,0.58983757068916,0.11230958399675997,0.11230958399675997
1761809417.0550492,-4.53898865851583,-0.6255394704407063,0.8896463867898379,0.0,1.2648663327526855,0.038750913629057984,0.038750913629057984
1761809417.8127344,-3.389913845897908,-0.44380780890405624,1.5988297005370724,0.0,2.4427043673510562,0.0968097599615735,0.0968097599615735
1761809418.790148,-2.387733441355104,-0.3327336399700481,1.4249110079639355,0.0,3.4467700378472705,0.02327090812563919,0.02327090812563919
1761809419.0631213,-1.890176610578613,-0.32052657944866336,1.448685819940119,0.0,3.94253530512688,-0.01983046433806291,0.01983046433806291
1761809419.434158,-1.2441163542283509,-0.35593457963260733,1.6494438410993395,0.0,4.589132086511609,-0.08777771420320381,0.08777771420320381
1761809419.987491,-0.17770686583285977,-0.31771013102468443,1.6422317431269458,0.0,5.658684013967558,-0.043122252503701046,0.043122252503701046
1761809420.401031,0.564101925640249,-0.22513798966327278,1.098373597981738,0.0,6.398609429266288,0.06619996622107341,0.06619996622107341
1761809420.736898,0.9015660255638661,-0.22232618604493057,1.218446812212407,0.0,6.737076384666593,0.07204804848467802,0.07204804848467802
1761809421.094408,1.5386094834180248,-0.21344848022151533,1.575904431410669,0.0,7.377611127105693,0.06743017758979108,0.06743017758979108
1761809421.4324906,2.136797757371526,-0.17507074327091515,1.5598462385794334,0.0,7.981483213784569,0.057084934776277046,0.057084934776277046
1761809421.991795,3.0279297054014433,-0.01293528024484423,0.8781289224758431,0.0,8.896149495181492,0.04515288134474781,0.04515288134474781
1761809422.210489,3.2253119917737574,0.08413441534478636,0.5978290670434132,0.0,9.116452920528385,0.07928103215011742,0.07928103215011742
1761809422.499569,3.325647352941996,0.1345843797761305,0.5302316051322287,0.0,9.2301181225659,0.09353884598030651,0.09353884598030651
1761809422.739306,3.3993877362840457,0.19882181800706294,0.5233031332650486,0.0,9.324358291412869,0.12740544956131933,0.12740544956131933
1761809422.9262667,3.5024643694278312,0.25127995919238677,0.612391636462341,0.0,9.44354671257238,0.13684299460013086,0.13684299460013086
1761809423.3893654,4.1908549341840935,0.614993478909786,1.6212715157130209,0.0,10.252704777857389,0.11344795213449435,0.11344795213449435
1761809423.839945,4.714944661307078,1.0891366144095858,1.5700834995744128,0.0,10.988282089057329,0.09090622812169143,0.09090622812169143
1761809424.1535084,4.945265692604362,1.6759211765053643,1.548169354656597,0.0,11.661405472498554,0.17404138573494385,0.17404138573494385
1761809424.5057065,4.872713023870436,2.232453292229796,0.8410398463232184,0.0,12.301955173463657,0.33169742823271525,0.33169742823271525
1761809425.0341008,4.486442000568563,2.742626845394455,1.4387148614777612,0.0,13.242332796803831,0.5050921686548187,0.5050921686548187
1761809425.3432224,4.394644205212476,2.8637337913039445,0.2688205040350712,0.0,13.488058718911454,0.4712003602394345,0.4712003602394345
1761809425.793923,4.33817007953025,2.833468317177001,1.0583065873344086,0.0,13.544832481369564,0.5272749114874029,0.5272749114874029
1761809426.1117477,4.330814999316738,2.8637991261957376,0.24801930719582724,0.0,13.579360601358404,0.5049475558984102,0.5049475558984102
1761809426.504601,4.317084885599189,2.8941729167936665,1.489060221511447,0.0,13.628094752135931,0.48493754742039347,0.48493754742039347
1761809427.033835,3.6915654717354305,3.0189155603769215,2.310891478479869,0.0,14.567899616684048,0.43389578870111123,0.43389578870111123
1761809427.6504257,2.406489814020967,2.58685824835332,2.013532414889469,0.0,16.07547420743846,0.30383577310086596,0.30383577310086596
1761809428.1106937,1.6975712128463614,2.3614102111092246,1.547026612400982,0.0,16.78983953544868,0.14481468161058692,0.14481468161058692
1761809428.240625,1.4872446824521524,2.424491696199357,1.1854418114807985,0.0,16.947739554732653,-0.005331346723641352,0.005331346723641352
1761809428.6111112,1.1176264888966168,2.44064259085775,1.3992196537974888,0.0,17.291755040612195,-0.1626283104155108,0.1626283104155108
1761809428.885797,0.44596948308711587,2.343627210996366,1.6751553508039203,0.0,18.007348874619943,-0.22537103159631047,0.22537103159631047
1761809429.0174925,0.1812210563124065,2.2575453297558097,1.4989193105549254,0.0,18.292463247112437,-0.1681691849280315,0.1681691849280315
1761809429.2617004,-0.2886685646176095,2.104425263475445,1.509540824941819,0.0,18.775901098020217,-0.029149830393269644,0.029149830393269644
1761809429.675149,-0.9978772593350835,2.0458734422064087,1.557222148582007,0.0,19.47897071516807,0.07210421215725878,0.07210421215725878
1761809429.8945003,-1.3752620321400284,2.0948866956296963,1.6003808205398695,0.0,19.857472945552193,0.06755228763093624,0.06755228763093624
1761809430.1885762,-1.905890027191637,2.2262502622356424,1.1880617419948425,0.0,20.400549777759753,0.011611591097677254,0.011611591097677254
1761809430.8452978,-3.1319761613388013,2.289460999256649,1.3002351604811706,0.0,21.631356236259613,0.09046435618226979,0.09046435618226979
1761809431.0157561,-3.449811904726168,2.251581715843511,1.0127874258841059,0.0,21.953005061045662,0.14061683196359664,0.14061683196359664
1761809431.2820554,-3.7428154116017356,2.2143630507498937,1.3051430245406095,0.0,22.254985660452228,0.17434693767868423,0.17434693767868423
1761809431.577366,-4.21424162673436,2.1559814189939543,1.0176545355406594,0.0,22.749880040056734,0.18918344775543286,0.18918344775543286
1761809431.8674376,-4.434312084768501,2.0924756416741577,0.7865006563648462,0.0,22.99040326265586,0.21236830353720815,0.21236830353720815
1761809432.1953125,-4.887128840811899,1.9635319595714102,1.5490607668222631,0.0,23.495112135345728,0.20750115955467258,0.20750115955467258
1761809432.8778217,-5.7017675957450855,1.1708777791356866,1.4933081426132906,0.0,24.828001270448233,0.3446422204129404,0.3446422204129404
1761809433.3110685,-5.53347199710165,0.38827330538058036,1.3834047434160421,0.0,26.1360470266852,0.5889317140518762,0.5889317140518762
1761809433.7631404,-5.063330267402104,-0.18433939329049343,0.9883951038542439,0.0,0.6145450520141128,0.39688663023679255,0.39688663023679255
1761809433.9720464,-4.864513263630089,-0.31133178812991436,1.229220487850842,0.0,0.8825787466860646,0.3196886433980602,0.3196886433980602
1761809434.2282999,-4.546183682289638,-0.5052540969669376,1.589684659108367,0.0,1.2533493335800892,0.1587347329643993,0.1587347329643993
1761809434.7090406,-3.8658065805808257,-0.5144228489174696,1.1082171510857204,0.0,1.95622110073489,0.10729416571513159,0.10729416571513159
1761809434.9575634,-3.514974534109087,-0.37620385186903404,1.3773417359432099,0.0,2.3313645298799877,0.18654899530492047,0.18654899530492047
1761809435.4201608,-2.7086585907539793,-0.18556704072500635,1.2615809414313353,0.0,3.157406464667676,0.21981765254897487,0.21981765254897487
1761809435.9107275,-2.0523526394770215,-0.13813969214541325,1.7019604688735102,0.0,3.7986920087810208,0.17639443454394801,0.17639443454394801
1761809436.394952,-1.0360449161964418,-0.2779207347219274,1.6175096495536996,0.0,4.799118890427306,-0.012986982336250414,0.012986982336250414
1761809436.632474,-0.6216377681508766,-0.33093682993542184,1.3140498681482788,0.0,5.214457723177044,-0.06483679118987985,0.06483679118987985
1761809436.84874,-0.3008225349897949,-0.3208037071716783,1.3880241618870601,0.0,5.535582151988482,-0.0490295048148178,0.0490295048148178
1761809437.3733728,0.4159995471449442,-0.23541698908018632,1.1841738099171693,0.0,6.250460731121697,0.05323783864635553,0.05323783864635553
1761809437.8403025,0.8979794608519747,-0.15820411616042238,0.6005257811612327,0.0,6.733404768867995,0.13616650515800358,0.13616650515800358
1761809438.0267835,1.0397015374674987,-0.1450163920799799,1.0464906067164563,0.0,6.876379981902421,0.1489233443548093,0.1489233443548093
1761809438.4754534,1.729233959321828,-0.07461702536604496,0.8759562415169199,0.0,7.578746441202208,0.19498074120857212,0.19498074120857212
1761809438.7609494,2.0027004820503946,-0.058258760104357966,0.8444280942136457,0.0,7.859107518610537,0.18800920333778728,0.18800920333778728
1761809439.066913,2.4184865377866025,-0.04886097167208308,1.5641641433710471,0.0,8.282720059695999,0.1424147155652379,0.1424147155652379
1761809439.2900636,2.8233498285744845,-0.013834718535266431,1.2015620677692853,0.0,8.695227713983574,0.09635160268367915,0.09635160268367915
1761809439.3972867,2.961760353613647,0.02195042915236775,0.912754158363324,0.0,8.840980949185758,0.09653371360286447,0.09653371360286447
1761809439.6565974,3.1339938548945003,0.07046527810661474,0.5956913872277517,0.0,9.023601560020857,0.09459466217423637,0.09459466217423637
1761809439.7765377,3.238705724534455,0.10235474524847142,0.8183245479831138,0.0,9.135367136604419,0.09222039796653937,0.09222039796653937
1761809440.0286977,3.476968773125092,0.2036311765255501,1.079757322269036,0.0,9.400251370545842,0.10282155353206657,0.10282155353206657
1761809440.4008505,3.850846302227816,0.38718481693151574,0.6140008759575739,0.0,9.82896456247511,0.10580470801146813,0.10580470801146813
1761809440.7181048,4.005299324771437,0.4912447992536552,0.5154579876610206,0.0,10.021245793472247,0.11634295384364672,0.11634295384364672
1761809441.123721,4.203881565166427,0.6586940166304315,0.6091414131583969,0.0,10.2909668673155,0.14055908009141097,0.14055908009141097
1761809441.4726548,4.446728049588816,0.8650427009781023,1.1490649120022178,0.0,10.626107076935993,0.1394095603437293,0.1394095603437293
1761809441.9592283,4.914535526973566,1.6028773229649185,1.6321065688021554,0.0,11.574376211019043,0.17767499906379772,0.17767499906379772
1761809442.2711995,4.95950654790606,2.266998423558943,1.501610991460006,0.0,12.338219217583637,0.2428938049824246,0.2428938049824246
1761809442.7282875,4.622867856706854,2.901771152949109,0.8889819214472415,0.0,13.26422496508026,0.2961760576817427,0.2961760576817427
1761809443.220605,4.189599918428941,3.149216522723202,1.1522224828929861,0.0,13.927761232392337,0.28980485151864993,0.28980485151864993
1761809443.4638433,3.919831163765406,3.1839605975819607,0.9691983582297828,0.0,14.26692896573181,0.2871303009616051,0.2871303009616051
1761809444.1272213,2.922973879948846,2.9210572673612503,1.6082709021931427,0.0,15.440615696042412,0.2686456238389193,0.2686456238389193
1761809444.4223335,2.56719145991209,2.7114763890515947,1.1010845152650361,0.0,15.870702491725536,0.27937679130518306,0.27937679130518306
1761809444.767479,2.2516780109188397,2.5640581443168617,1.4647202663536938,0.0,16.21964783635843,0.24334162150895866,0.24334162150895866
1761809444.9848397,1.9141790135267185,2.456433592585646,1.5181523392095144,0.0,16.559939304531483,0.16489842172400015,0.16489842172400015
1761809445.3173423,1.5527326762069396,2.4184334751567698,0.6734722393838448,0.0,16.89155941356218,0.02860824168881573,0.02860824168881573
1761809445.5778074,1.3802493731233019,2.402852558351258,0.646534062418296,0.0,17.054541929353437,-0.03019933410383179,0.03019933410383179
1761809446.1001627,0.4890007481729093,2.3313458614774736,1.5859075772985867,0.0,17.96430347996278,-0.20698240105193824,0.20698240105193824
1761809446.5198517,-0.3694238483202032,2.162302809464922,1.5496868186442265,0.0,18.85843565819523,-0.08553436237715588,0.08553436237715588
1761809447.074017,-1.3231292453465087,2.013237194451895,0.7815370444276989,0.0,19.79568247304168,0.14183800349219738,0.14183800349219738
1761809447.3092504,-1.5502572273846942,2.095468708083049,0.5392443064159979,0.0,20.030333216501134,0.09048519075267371,0.09048519075267371
1761809447.7789402,-1.8656957311437439,2.1452243404426654,0.7892820931354473,0.0,20.34910792761806,0.08600772090653686,0.08600772090653686
1761809447.889423,-2.032827929352961,2.163485408315397,1.0622822474037716,0.0,20.51725223105128,0.09192772132537091,0.09192772132537091
1761809448.0902934,-2.318032306884793,2.186362562280188,0.8562707171813115,0.0,20.80378778723792,0.10887602382739812,0.10887602382739812
1761809448.4875824,-2.6229612897609176,2.2086848464070394,0.5564459648369059,0.0,21.111342622059,0.1248832638266528,0.1248832638266528
1761809448.9938495,-3.0051340275237073,2.232717640918639,0.5977020355996013,0.0,21.49901421797493,0.13824628508572137,0.13824628508572137
1761809449.6818166,-3.9733091195253163,2.1820288236916943,1.6331968611908734,0.0,22.496251865859985,0.19184182590277432,0.19184182590277432
1761809450.5322814,-4.870027317946969,1.988734289724491,0.5669861931933731,0.0,23.468236779910285,0.19009383239678565,0.19009383239678565
1761809450.9716396,-5.125990008162589,1.8543453310480644,0.7773971715201972,0.0,23.780454804304185,0.20875104809156753,0.20875104809156753
1761809451.4566476,-5.6715559146811705,1.4259193808738038,1.5812151971619581,0.0,24.557397051214057,0.21654020496799592,0.21654020496799592
1761809451.9072883,-5.779422440757045,0.634036154751149,0.9128397947123476,0.0,25.610618426874026,0.4138376857547763,0.4138376857547763
1761809452.0713782,-5.7258855466542915,0.5061544858325583,0.7368345114262858,0.0,25.82055014887361,0.4489978886747888,0.4489978886747888
1761809452.5571969,-5.51233524781295,0.04683960808450441,1.4802773896166102,0.0,26.587923161245605,0.3893516312314885,0.3893516312314885
1761809452.792587,-5.228575173309538,-0.37254921376415095,1.5692131860269267,0.0,0.5027467722629327,0.16531746062919386,0.16531746062919386
1761809453.1755242,-4.604920880855436,-0.6311043582208969,1.5462540237314326,0.0,1.1984546068732191,0.03041514252033859,0.03041514252033859
1761809453.384022,-4.287021290985956,-0.5874713379325711,1.4439071603515636,0.0,1.5214731857046773,0.07470511679798907,0.07470511679798907
1761809453.802954,-3.7023891418528145,-0.459609106783705,0.8222120509786022,0.0,2.1290483266643836,0.13686694378259612,0.13686694378259612
1761809454.0642765,-3.4749307215384215,-0.3759338983220326,0.7962566809552093,0.0,2.371321528983856,0.1794431296835613,0.1794431296835613
1761809454.3047168,-3.1661349890224155,-0.3005856954002919,0.9881552304156832,0.0,2.690993823856597,0.19377534503822558,0.19377534503822558
1761809454.6805146,-2.836979718168102,-0.24097369234885807,1.0104996953040881,0.0,3.023401222550094,0.18858184736914546,0.18858184736914546
1761809454.8810012,-2.5973799909663513,-0.2069631740534334,1.4601847125740086,0.0,3.2612398888819807,0.1797804178603245,0.1797804178603245
1761809455.425645,-1.7514935696098992,-0.16506367419948073,1.338534892801418,0.0,4.091519926036711,0.12496288212863382,0.12496288212863382
1761809455.7739315,-1.0608915958503253,-0.2834120388383057,1.1295254550647402,0.0,4.774197711271252,-0.01824683971673922,0.01824683971673922
1761809456.3891878,-0.4032098286440492,-0.3578212450772378,0.8334888899733195,0.0,5.433826315757325,-0.08816228717929292,0.08816228717929292
1761809456.798706,0.11452029213969116,-0.28323411313007923,1.3476375445417474,0.0,5.950011545674071,-0.0014600684382033659,0.0014600684382033659
1761809457.0447667,0.4402542579801258,-0.25077604672266807,1.1169835317667445,0.0,6.2750436263497384,0.03836320518348714,0.03836320518348714
1761809457.3064399,0.6769054943432982,-0.23409544297137846,1.037695709657283,0.0,6.511788027054589,0.058805085235107246,0.058805085235107246
1761809458.0197246,1.7467078085521819,-0.15447481037708036,1.094484275700708,0.0,7.590848473954639,0.11410343687111155,0.11410343687111155
1761809458.3796957,2.1034633142967856,-0.12901121590509418,0.6308125731018457,0.0,7.953444985818551,0.1067258721424126,0.1067258721424126
1761809458.9099238,2.539406682907768,-0.06874711969236488,1.4067065043603943,0.0,8.400754158313568,0.10187912565517615,0.10187912565517615
1761809459.2914002,3.077506972848276,0.02955222634825603,0.699111603418296,0.0,8.956391154692232,0.07204538658522332,0.07204538658522332
1761809460.0034726,3.525843365201444,0.208001218025193,0.5289805875642922,0.0,9.448131774515957,0.08785555445050532,0.08785555445050532
1761809460.2712386,3.6818593081012643,0.2922785302270654,0.6091883102782049,0.0,9.629524535664236,0.09966703059325152,0.09966703059325152
1761809460.6382558,3.8898419261576436,0.4276050037153082,1.0968897793913512,0.0,9.884665880006995,0.12171313155513719,0.12171313155513719
1761809460.9533489,4.369566610428273,0.7855621140783473,1.6490599374960253,0.0,10.509787048605446,0.1334281141953175,0.1334281141953175
1761809461.3778982,4.794455311928826,1.3198911587285809,1.5974514162054114,0.0,11.237343687456004,0.15852286095986337,0.15852286095986337
1761809461.7742114,4.960510340313166,2.1557084936086865,1.2505344585951705,0.0,12.205116609293478,0.24530959791914003,0.24530959791914003
1761809462.0613847,4.875371649584395,2.6631166759060036,1.1590770658451186,0.0,12.830195498539936,0.22580391904219305,0.22580391904219305
1761809462.4832304,4.3295446673201905,3.051020720641286,1.5482337944758622,0.0,13.707948495784668,0.33813100716094124,0.33813100716094124
1761809462.8312078,3.7453787529498,3.0561245508431343,1.3480816615780356,0.0,14.493043398272102,0.4046303816071665,0.4046303816071665
1761809463.084573,3.4129380898709623,3.0136094531722715,1.2774172604757716,0.0,14.899523435561436,0.3732614588774426,0.3732614588774426
1761809463.5746274,2.7631581079228162,2.7830954394295393,1.3073093059820342,0.0,15.657935495219215,0.31503643457770925,0.31503643457770925
1761809464.3173015,2.3707453739283233,2.53560581109278,0.5538020348784993,0.0,16.132724200283842,0.32923066612329077,0.32923066612329077
1761809464.6698062,2.077418379758828,2.4283880766804735,1.4049432566240139,0.0,16.435486717206334,0.27074817384876915,0.27074817384876915
1761809465.0367436,1.375720554546808,2.27205921147668,1.8778257629302795,0.0,17.10999752837265,0.0881237098036417,0.0881237098036417
1761809465.351709,0.6691688940776075,2.195205345204075,1.8247605206029656,0.0,17.804863396966287,-0.042186333773279246,0.042186333773279246
1761809465.9237354,-0.4431519247523076,2.1670893306285226,1.6493761238306774,0.0,18.933232403990974,-0.08808704892755603,0.08808704892755603
1761809466.1652317,-0.9958307915022055,2.1505924570090413,1.6409225265239566,0.0,19.487558643723254,-0.03228077404338387,0.03228077404338387
1761809466.867262,-2.3482020112880093,2.142593118633331,1.1865639150880694,0.0,20.828012934978794,0.1562727210120807,0.1562727210120807
1761809467.431205,-2.8959200110592143,2.1749264470825787,0.6235370032898744,0.0,21.383253537222682,0.18665319404550648,0.18665319404550648
1761809467.8671517,-3.459255864838417,2.195053926295757,1.0435375587621691,0.0,21.961932938340684,0.19726686403712165,0.19726686403712165
1761809468.3908021,-3.8077300589552383,2.151261023760452,0.5055330934961695,0.0,22.325640523021484,0.2343534987452372,0.2343534987452372
1761809468.803421,-4.152712049090064,2.101338743529035,1.28466532317415,0.0,22.693676754679235,0.25198343585774086,0.25198343585774086
1761809469.144744,-4.74752579006167,1.964017704990301,1.6275461357835324,0.0,23.352290797262746,0.2544142686231104,0.2544142686231104
1761809469.4486258,-5.285786778938463,1.776496394544972,1.5890767283056593,0.0,23.974482802407607,0.19691705967498493,0.19691705967498493
1761809469.9194298,-5.805868895673028,1.074642143241249,1.5566164635586575,0.0,24.999777390717217,0.29864694305633077,0.29864694305633077
1761809470.2702081,-5.706776600815871,0.41306104633440477,1.548600328204189,0.0,25.966900142452946,0.44053625218056386,0.44053625218056386
1761809470.7468705,-5.49246848253222,-0.2593025201566226,0.7333133905485416,0.0,0.1856412824688764,0.15282038705101683,0.15282038705101683
1761809470.8405647,-5.4654380858794065,-0.3525317162811289,0.6799169655407411,0.0,0.26128389810470115,0.08544369826096634,0.08544369826096634
1761809470.9927483,-5.400713907962485,-0.4276724613316557,0.7358786313432839,0.0,0.356812287013687,0.04762262358804295,0.04762262358804295
1761809471.1568456,-5.312767294643691,-0.5116783475964505,0.68130311668855,0.0,0.47257959250903425,0.005259240697938349,0.005259240697938349
1761809471.4894836,-5.042992657845312,-0.6930583729973169,1.3975378333696649,0.0,0.7775527213314797,-0.08983715338978886,0.08983715338978886
1761809471.582863,-4.857698093955065,-0.7784239037395811,1.5458247169463624,0.0,0.9658766648621521,-0.14059329137964496,0.14059329137964496
1761809471.9967165,-4.153413838811909,-0.7921073642774398,1.01430443239106,0.0,1.6415622685933442,-0.13766813903819858,0.13766813903819858
1761809472.6279666,-3.4699550314189933,-0.6269558919428344,1.5392904673272947,0.0,2.3298536322314596,-0.0682079077959966,0.0682079077959966
1761809473.0237632,-2.6912596464681218,-0.4817384445972166,1.2969406362102063,0.0,3.122299842292635,-0.0747515542942605,0.0747515542942605
1761809473.2449257,-2.442952796224948,-0.4379823935037155,1.080040237132491,0.0,3.376499259364693,-0.07275216867325686,0.07275216867325686
1761809473.8956385,-1.395151458271352,-0.39357542169601395,1.5787362438056594,0.0,4.435831220094501,-0.12107908906510687,0.12107908906510687
1761809474.2342713,-0.8071131871516815,-0.3563873404937125,1.56170696848632,0.0,5.0285601492573155,-0.0918807134600555,0.0918807134600555
1761809475.0799277,0.4310018399407883,-0.19969232339500131,1.31729179614634,0.0,6.264771603623406,0.0892550674366633,0.0892550674366633
1761809475.37026,0.8750639494469364,-0.14313335850556322,1.4592837793931015,0.0,6.710283584020257,0.1511976488257753,0.1511976488257753
1761809476.061037,2.0442326459257787,-0.02444432122644754,1.3845558205722723,0.0,7.90520909492911,0.21725616066495496,0.21725616066495496
1761809476.6450756,2.9406619034198305,0.05104022226262512,1.3886109294444064,0.0,8.827936164125509,0.1301339494033963,0.1301339494033963
1761809477.0595894,3.3903307162415643,0.1735340225649673,0.6014412638965061,0.0,9.306210175792366,0.107142408757285,0.107142408757285
1761809477.7014847,3.8014939782040167,0.3777382683054396,0.816378529209947,0.0,9.77954531371211,0.12122629207231533,0.12122629207231533
1761809477.9774215,4.092121301213689,0.5511298230567565,1.0732677427136943,0.0,10.130683746543859,0.11865462024387839,0.11865462024387839
1761809478.3376653,4.512665935306623,0.9118361765114676,1.3541568220211733,0.0,10.709955908804133,0.12609191528465435,0.12609191528465435
1761809478.72592,4.759775242518825,1.2641293260609316,0.6082187723536249,0.0,11.165991460240644,0.15759600289485168,0.15759600289485168
1761809479.0324185,4.8685135755095965,1.5053178393157833,0.7717409885021952,0.0,11.455400621537763,0.18146225895933762,0.18146225895933762
1761809479.1996202,4.895478359103798,1.7382149034184928,1.264195850237782,0.0,11.71023865594382,0.2407900556174431,0.2407900556174431
1761809479.4838414,4.869157056183275,2.2555996247440757,1.5867549523538471,0.0,12.332814379891799,0.3338351747680127,0.3338351747680127
1761809479.6744974,4.664231692982363,2.776413152844088,1.5702948450052916,0.0,13.098690425574826,0.34812429146862744,0.34812429146862744
1761809479.9584723,4.389942553118707,2.9901136965643795,1.0500421641811073,0.0,13.594400399861367,0.3658781699693408,0.3658781699693408
1761809480.1113498,4.263676398239052,2.9983666175694736,0.9661526173514863,0.0,13.767829618122498,0.4119181454987215,0.4119181454987215
1761809480.2841182,4.140979036084739,3.068818930251228,1.011887288490911,0.0,13.967096704626085,0.37903956838532,0.37903956838532
1761809480.6788898,3.6350864341448617,3.1454322802787593,1.544826285971613,0.0,14.609281118970571,0.2996187033394113,0.2996187033394113
1761809480.8083267,3.3739790861372776,3.104542472866612,1.2626813481816619,0.0,14.910245176234808,0.2747809166868832,0.2747809166868832
1761809480.8417141,3.3329193024227233,3.0980715859407897,1.340302870554317,0.0,14.95597034562476,0.2679904431609823,0.2679904431609823
1761809480.862388,3.28829874566009,3.091500457595102,1.4599213664601833,0.0,15.004854906724711,0.2594005676641318,0.2594005676641318
1761809480.8797498,3.2711560349792714,3.0843355720099037,1.5428765573256544,0.0,15.025323467874058,0.2602497866457135,0.2602497866457135
1761809480.9029,3.2511585636523916,3.081886303861739,1.552291909968579,0.0,15.046792435194227,0.25554807745074026,0.25554807745074026
1761809480.9400475,3.205479008030814,3.0689436055726236,1.505895992268008,0.0,15.098349485712161,0.25111111310604417,0.25111111310604417
1761809481.0558276,3.0350004493776894,3.0095129820903765,1.1992517341646252,0.0,15.292273199438412,0.2381136511000358,0.2381136511000358
1761809481.256357,2.8428173566010972,2.907891321207221,0.9435986765590741,0.0,15.522031872601069,0.24344939172879154,0.24344939172879154
1761809481.4447086,2.7151661308906094,2.8104808402873322,0.705028122202319,0.0,15.687623586628797,0.26767834384019734,0.26767834384019734
1761809481.658108,2.569412068794679,2.7593746168716313,0.7194830840989935,0.0,15.843913858308417,0.23922053726755044,0.23922053726755044
1761809481.6896534,2.5615185090169095,2.751057061168478,0.7847974370109144,0.0,15.855167866707184,0.24239350778148655,0.24239350778148655
1761809481.7099912,2.5501337614963404,2.7452889462914922,0.7740369375956668,0.0,15.86816571326919,0.2415867595447058,0.2415867595447058
1761809481.7500887,2.541242247867358,2.738944193958844,0.7693388957309542,0.0,15.879260661241506,0.2425314181865128,0.2425314181865128
1761809481.8657122,2.4481296396210204,2.6906893337373754,0.7410627069225185,0.0,15.985512620225482,0.23634344641526212,0.23634344641526212
1761809481.886921,2.4292395601180194,2.6814137804991107,0.7508615099584598,0.0,16.00669099212471,0.23457472226142842,0.23457472226142842
1761809481.9155934,2.403060836568238,2.6686780670460895,0.9098020506340093,0.0,16.035920983045795,0.23199414618198663,0.23199414618198663
1761809482.0613017,2.3014032042539547,2.6049070148496565,1.0680534056125701,0.0,16.156221955473498,0.23405802352732033,0.23405802352732033
1761809482.337922,1.9465210612969845,2.4483815043346504,1.628790708845697,0.0,16.53633393913115,0.18789328570443964,0.18789328570443964
1761809482.569571,1.5591071815487347,2.2945974817041264,1.6506416797995447,0.0,16.938832232762042,0.1428400229832162,0.1428400229832162
1761809482.7923188,1.121722353136284,2.1797022470792493,1.3386926280100502,0.0,17.373082473346976,0.08570141884037809,0.08570141884037809
1761809482.964786,0.8835436430836664,2.1151794923098097,1.3464797121240437,0.0,17.613813089085678,0.08215185491030129,0.08215185491030129
1761809483.1326227,0.5319554925556573,2.1337620552692997,1.4941212840937543,0.0,17.951474603106462,-0.005169250403830518,0.005169250403830518
1761809483.3055007,0.21733756175844007,2.130065269337935,1.5468140488384825,0.0,18.265965110081506,-0.038232374950675115,0.038232374950675115
1761809483.6100867,-0.3842661514384811,2.0970894819132733,1.6584961767482047,0.0,18.871701506347417,-0.019960971728247432,0.019960971728247432
1761809483.7952442,-0.7447154500334637,2.07644419363852,1.5698334267673382,0.0,19.230689440502744,0.01927930302641193,0.01927930302641193
1761809483.9994216,-1.0495526909546669,2.0804393377690977,0.9669598625494082,0.0,19.533657841652595,0.04308738106415715,0.04308738106415715
1761809484.1071403,-1.0940693709420637,2.084277846373691,0.6459407157416993,0.0,19.578156006908724,0.04409175759902744,0.04409175759902744
1761809484.2240405,-1.140805575989904,2.0937644867093614,0.5676195584431163,0.0,19.625494011556114,0.039910186962249974,0.039910186962249974
1761809484.634491,-1.546028769985138,2.0631176969853264,-0.00024659367069969915,0.0,20.02171859832739,0.12194418479989406,0.12194418479989406
1761809484.933858,-1.7292162746125732,2.049209388594645,0.9827070468735182,0.0,20.200449045988986,0.1614456029318617,0.1614456029318617
1761809485.157427,-1.9156139308206732,2.069061916363568,0.1383310482936974,0.0,20.38754774482583,0.16856313849403637,0.16856313849403637
1761809485.3109426,-1.8661278250812043,2.067644190884814,0.1264166231353634,0.0,20.338369246422857,0.16284194402598035,0.16284194402598035
1761809485.6508403,-2.337542101169358,2.0958840481987777,1.685006698445335,0.0,20.81109299166932,0.20114949250353573,0.20114949250353573
1761809485.9484415,-2.900386269104243,2.1535129347958164,1.3429244424004214,0.0,21.385823516705802,0.2083822549358843,0.2083822549358843
1761809486.2556741,-3.368266821972928,2.180991413247984,1.247417681746771,0.0,21.867627477594578,0.20947668968892869,0.20947668968892869
1761809486.5935767,-3.9567337340288082,2.1149868390848203,1.4957171183773352,0.0,22.48511413286875,0.26008593458657225,0.26008593458657225
1761809486.8596988,-4.28107377994577,2.0584995111618456,0.9134689616451197,0.0,22.836431981180983,0.2748059130580531,0.2748059130580531
1761809487.049512,-4.443017340231524,2.000274853059884,0.7652465058338359,0.0,23.020881094283066,0.3005654201873391,0.3005654201873391
1761809487.1695342,-4.554814588270315,1.978602132925505,0.6899415553856493,0.0,23.145405474220848,0.29526919918193856,0.29526919918193856
1761809487.5655544,-5.009526820713329,1.843466606015536,1.1144397841901579,0.0,23.670393465577384,0.26997530190319996,0.26997530190319996
1761809487.8048499,-5.248469398820391,1.6621241720606483,1.2145643048893158,0.0,24.008781057185363,0.3133754009719944,0.3133754009719944
1761809488.3407397,-5.737427693915035,0.8986447459529091,1.0272364075616829,0.0,25.195224199892703,0.4249465170678427,0.4249465170678427
1761809488.8652258,-5.535605061891273,0.31820827350505415,1.473902733953474,0.0,26.24308937865148,0.5514893090379185,0.5514893090379185
1761809489.2033875,-5.280866082745337,-0.15292935268004254,1.1961421861061226,0.0,0.3455812886032877,0.3472167173659342,0.3472167173659342
1761809489.730113,-4.794604811983626,-0.5218564381835997,0.7218026968878493,0.0,0.9937509569315597,0.12213675230769973,0.12213675230769973
1761809490.2106664,-4.191381897002119,-0.604834954994164,1.5321743945835484,0.0,1.6175016082233178,0.05186313946297717,0.05186313946297717
1761809490.4619415,-3.750978975686383,-0.5776209136355794,1.5588101497866296,0.0,2.061696064655568,0.028016698483774596,0.028016698483774596
1761809490.9529512,-2.9033755108982033,-0.41453001156434294,1.0140451567410147,0.0,2.926011333639054,0.030716991285861306,0.030716991285861306
1761809491.609002,-2.6400472936224664,-0.34994347997335207,0.12100170277779689,0.0,3.195918273181079,0.046022167722058825,0.046022167722058825
1761809492.0527513,-2.1342769014657024,-0.21779950466483325,1.8863705361748606,0.0,3.710466492276091,0.10561795555681322,0.10561795555681322
1761809492.4689803,-1.1997850823733314,-0.17224888090343424,1.9183435492254493,0.0,4.637305853560249,0.0949353504294395,0.0949353504294395
1761809492.842679,-0.5116012931165045,-0.2527841117694068,1.039578649080382,0.0,5.323449542588731,0.014904440138158132,0.014904440138158132
1761809493.2045622,-0.047914197295113634,-0.2867764771383533,1.4980845298970442,0.0,5.787714914360534,-0.009037654423201903,0.009037654423201903
1761809493.7742193,0.6976900272330333,-0.26744566932659886,1.009651242954091,0.0,6.532983129510128,0.025690646311963657,0.025690646311963657
1761809494.1452136,1.2493798772649574,-0.22160462522435456,1.306927395623646,0.0,7.086525315696813,0.06927668968101311,0.06927668968101311
1761809494.509225,1.7792910231895809,-0.16758013625008658,1.1599254061830886,0.0,7.622790049414495,0.09869200764044109,0.09869200764044109
1761809494.8713415,2.1747728618216486,-0.1330662809257341,0.6281418171041945,0.0,8.024755261705028,0.09414890543415835,0.09414890543415835
1761809495.1012392,2.292933141520223,-0.12412000862848405,0.5250319714435525,0.0,8.144649210786453,0.08723540741196431,0.08723540741196431
1761809495.4166107,2.555921358300174,-0.09040660260135043,1.182518554804965,0.0,8.413191820558943,0.07755075705962772,0.07755075705962772
1761809495.9805315,3.3027365016073738,0.10251930062799765,0.6561857047252525,0.0,9.197009637707476,0.07120649846009883,0.07120649846009883
1761809496.2885418,3.564774721863708,0.21440050480822173,1.3072701607694375,0.0,9.487213765724446,0.0782009528714919,0.0782009528714919
1761809496.7211156,4.179866383182569,0.550251108909,0.8352853923593655,0.0,10.204245064936387,0.06761897437729812,0.06761897437729812
1761809497.076316,4.375799530699035,0.726485880549443,0.5365355612734456,0.0,10.474200323826098,0.08487415235450962,0.08487415235450962
1761809497.4265378,4.56353013472231,0.9857842857115275,0.9425552033366129,0.0,10.803294393778797,0.13975504418569473,0.13975504418569473
1761809497.8648977,4.772702235928367,1.299036527308238,0.8543165251783362,0.0,11.205445874957027,0.1658599664476558,0.1658599664476558
1761809498.1996355,4.910070272930879,1.7557057270467749,1.0723783084667404,0.0,11.73436810572678,0.23198623041623218,0.23198623041623218
1761809498.5771787,4.9049533812766635,2.245774771192879,0.7457391775503475,0.0,12.316431461778663,0.29876350773403726,0.29876350773403726
1761809499.4155831,4.434655750741726,3.029867219642767,1.768447904336892,0.0,13.568287483459047,0.30919859950844614,0.30919859950844614
1761809500.0270102,3.3792352497539295,3.098319138942744,1.8150121080252977,0.0,14.906777974120187,0.2823143923327873,0.2823143923327873
1761809500.4686773,2.6042345881260487,2.8501459577567165,1.5908508613353514,0.0,15.766553406392758,0.17827559672766027,0.17827559672766027
1761809500.920147,2.206483006489784,2.6206121723996003,1.3630437624354186,0.0,16.229124525585775,0.17157738206987644,0.17157738206987644
1761809501.3243783,1.7558561586339179,2.3648078255346934,1.0010715661209457,0.0,16.73819040570017,0.1688919807249087,0.1688919807249087
1761809501.6760542,1.2716109870635777,2.1620356512634484,1.7510542702484313,0.0,17.24244816905338,0.151883506269034,0.151883506269034
1761809501.9707823,0.5142672213972153,2.0278561060987643,1.7148558564887597,0.0,17.984400920919537,0.09691177910007816,0.09691177910007816
1761809502.2422159,0.02956565389396213,1.9554954378899785,1.623122519596701,0.0,18.46253824089455,0.12442533358399495,0.12442533358399495
1761809502.7910445,-0.8632712259553188,2.083517107683366,0.8607680170185148,0.0,19.349152714223283,0.021880703225354847,0.021880703225354847
1761809503.0896418,-1.2052263003019839,2.0999932762786755,1.2362209040094374,0.0,19.689995940162508,0.04124455059079455,0.04124455059079455
1761809503.4395041,-1.8658760937336278,2.1046994883583654,0.9464432513437323,0.0,20.343453054463463,0.12613637796405802,0.12613637796405802
1761809503.6805546,-2.1785760194724193,2.1143316505437326,1.1300327638395191,0.0,20.655030161996063,0.1611635833830138,0.1611635833830138
1761809504.0824199,-2.7414772373479335,2.1682849057151397,1.2870066670266977,0.0,21.22612827380992,0.17811040544476256,0.17811040544476256
1761809504.560157,-3.5538831893925726,2.192074394618568,1.3196817657444404,0.0,22.05983735014884,0.20067913581745833,0.20067913581745833
1761809504.8124406,-3.8791048507776797,2.136367248048801,1.0736210348319661,0.0,22.401528612007848,0.24483542178799694,0.24483542178799694
1761809505.1491115,-4.273437106361254,2.0720976564178963,1.0300808975577789,0.0,22.82588991537396,0.2626885008285528,0.2626885008285528
1761809505.478541,-4.654129629401223,1.9814301681592745,1.04846761624509,0.0,23.24927748218352,0.26584405168717645,0.26584405168717645
1761809505.7929232,-5.032136473712012,1.8469178009790919,0.829572876818149,0.0,23.691512665308593,0.2572205534623881,0.2572205534623881
1761809506.084329,-5.319266203286748,1.6658916505845864,1.4027544457414087,0.0,24.073898066154364,0.27077038024075917,0.27077038024075917
1761809506.423556,-5.705014958181931,1.2293396669411145,1.5799740193705336,0.0,24.7673598527551,0.3102325698085729,0.3102325698085729
1761809506.8585908,-5.689977779131433,0.5191377190143411,1.1683890653765538,0.0,25.815792448451777,0.48690911408701004,0.48690911408701004
1761809507.1293855,-5.496603886353111,0.2505784005265969,1.3927177531783737,0.0,26.377197432980328,0.5429823235266921,0.5429823235266921
1761809507.318222,-5.330638860879656,-0.05289335825736701,1.0259602155765186,0.0,0.22750206223313918,0.41282635304463267,0.41282635304463267
1761809507.5954478,-5.165994544293296,-0.3272021333035685,0.7503753312928958,0.0,0.5514487678010461,0.22916932437286827,0.22916932437286827
1761809507.6232994,-5.138267029083092,-0.34434964667031975,0.8250371092613992,0.0,0.5872976532611716,0.2217107574794448,0.2217107574794448
1761809507.804346,-5.072946800978931,-0.4528390992706431,1.170358902619624,0.0,0.6898551077988261,0.13622790265566762,0.13622790265566762
1761809508.0074787,-4.790981046711108,-0.5984159520430278,1.6732676755553006,0.0,1.0074803366859248,0.046649049768876516,0.046649049768876516
1761809508.04069,-4.7343872007444565,-0.6177993580298309,1.7244164533897295,0.0,1.066812926804087,0.03373938956084855,0.03373938956084855
1761809508.2776556,-4.363122776111708,-0.7363693609477991,1.6104559563505514,0.0,1.4403140072271088,-0.0715149595608317,0.0715149595608317
1761809508.480424,-3.995839311062128,-0.7226810560059982,1.3074766516028202,0.0,1.8010548662683297,-0.08320335720728682,0.08320335720728682
1761809508.900566,-3.3421928296767085,-0.6319995676196599,1.363928684906416,0.0,2.453757779559037,-0.09702332934853385,0.09702332934853385
1761809509.2778306,-2.6903639195972793,-0.5421481660010159,1.5592559826831904,0.0,3.1122672733136665,-0.13434435202581285,0.13434435202581285
1761809509.5630586,-2.288828812647457,-0.4476942297592483,1.4427508916755039,0.0,3.529480774958819,-0.10412413792769604,0.10412413792769604
1761809509.9831207,-1.5153451768287702,-0.43833636847775154,1.4480408967818001,0.0,4.31245684052284,-0.16100893172213884,0.16100893172213884
1761809510.380446,-0.9599542686023683,-0.4257421727875285,0.9420458712242196,0.0,4.874680642639271,-0.16127945980867606,0.16127945980867606
1761809510.7275705,-0.6315228281130764,-0.3925706863899285,1.0264001577138846,0.0,5.205300335004708,-0.12658800402393663,0.12658800402393663
1761809511.0779052,-0.12003387409684574,-0.33639483407614623,1.5457893857128409,0.0,5.716820136333527,-0.060414025159212036,0.060414025159212036
1761809511.305602,0.25161717957730756,-0.2965351691498638,1.5290664100686109,0.0,6.087379007584584,-0.011458337689206859,0.011458337689206859
1761809511.5784624,0.6955164583383594,-0.236565158510377,1.2678758872809952,0.0,6.530470138875078,0.05654574275174173,0.05654574275174173
1761809511.9285905,1.2440999054810062,-0.16404391240482225,1.5364815313305584,0.0,7.08249107311443,0.12694024560106318,0.12694024560106318
1761809512.1307492,1.6190277609747188,-0.11105951073772041,1.5746050917944912,0.0,7.464266343215845,0.1654947290492315,0.1654947290492315
1761809512.3339195,1.9574025949562648,-0.06549191475618002,1.5670942322301273,0.0,7.812184474371437,0.185314185164717,0.185314185164717
1761809512.9375622,2.7689167780163233,0.0059127333391826,0.5834416837451252,0.0,8.645757313346541,0.1281186271040779,0.1281186271040779
1761809513.1593306,2.9521575270104234,0.033773993842630405,1.0937904422205802,0.0,8.834687197893738,0.11046384923542127,0.11046384923542127
1761809513.3019931,3.1373280454938524,0.0940165091787204,1.4403712864829648,0.0,9.034121061121928,0.11604665831206198,0.11604665831206198
1761809513.5847263,3.570471125659468,0.2241136854701821,1.3773566934186359,0.0,9.496547299968206,0.08478070790512152,0.08478070790512152
1761809513.8500428,4.000776913322377,0.458270982485643,1.4911597968155899,0.0,9.999162979879493,0.09084356458078842,0.09084356458078842
1761809513.9605947,4.181643556891221,0.5800525669244736,1.5587894602135905,0.0,10.223630543683317,0.0907369015199602,0.0907369015199602
1761809514.03961,4.245609302459417,0.6367456727569082,1.5800294042948544,0.0,10.311536302617329,0.09775097369157845,0.09775097369157845
1761809514.1886997,4.492673784006116,0.7960542858247156,1.5809339803883664,0.0,10.610977584404282,0.057815414308028765,0.057815414308028765
1761809514.571672,4.834508151273806,1.3017991867152834,1.2121418353947642,0.0,11.243289713809283,0.11492504392201777,0.11492504392201777
1761809514.8156066,4.865139392563468,1.6322164030881263,0.8915353935815813,0.0,11.58486782238693,0.23435720683190286,0.23435720683190286
1761809514.966603,4.865057398051684,1.8003416055242858,0.5996662523890562,0.0,11.769533374584633,0.2876688329903671,0.2876688329903671
1761809515.2415073,4.828143255195409,2.2037628248206955,1.1639456566574735,0.0,12.267241714692501,0.37735908363461096,0.37735908363461096
1761809515.4954395,4.68937464950153,2.7078204006318303,1.3342203342352006,0.0,12.999294585993335,0.3671301240174057,0.3671301240174057
1761809515.6176703,4.53155956193453,2.846308992933043,1.3908973992587417,0.0,13.302213346575604,0.39942558150712404,0.39942558150712404
1761809515.8451273,4.367753812383938,2.9520136960633505,1.2778592053802427,0.0,13.595757241018536,0.409958863998811,0.409958863998811
1761809516.1906936,4.078351250390304,3.050123301959152,0.9793626386700738,0.0,14.049106707435369,0.4086876751210902,0.4086876751210902
1761809516.4019618,3.8192090864361092,3.09441490694173,1.36435301694128,0.0,14.395082093018985,0.37354553308234,0.37354553308234
1761809516.7931364,3.190458729954145,3.0406246383143825,1.5782401563310766,0.0,15.12511645702449,0.2717798526528931,0.2717798526528931
1761809516.9662,2.9604509421026757,2.9395960392777876,1.1412786149433118,0.0,15.396157991033952,0.2688789051223819,0.2688789051223819
1761809517.2126033,2.776148485416115,2.829706917888551,0.9619595155922481,0.0,15.622372158857678,0.28056984862129986,0.28056984862129986
1761809517.4089549,2.604727096195477,2.7504691239035473,0.9798440674503934,0.0,15.817310831875167,0.26474363731368417,0.26474363731368417
1761809517.818117,2.1961501747365055,2.5570702848508815,1.36763969262028,0.0,16.270433861717038,0.22070879502202476,0.22070879502202476
1761809518.0619135,1.8037689672703372,2.3840285339105556,1.5724518199131476,0.0,16.68838265064232,0.1746139427146441,0.1746139427146441
1761809518.30535,1.4591944626079032,2.3181612379422405,1.2301384235453503,0.0,17.017250489480343,0.07932689424325585,0.07932689424325585
1761809518.4539032,1.2544306708672368,2.238683688600177,1.3351133947159208,0.0,17.231957839047478,0.07409079104510737,0.07409079104510737
1761809518.7607086,0.6568346611722595,2.205754238902449,1.5228689625895946,0.0,17.815116364014244,-0.0548728422600485,0.0548728422600485
1761809518.9680727,0.24727462470939277,2.197825909137875,1.7224370906881772,0.0,18.229788376789788,-0.10317982234094392,0.10317982234094392
1761809519.168241,-0.2138244930174245,2.1922246930865055,1.6949010842174081,0.0,18.700679238481673,-0.11739053681876381,0.11739053681876381
1761809519.5056055,-0.9628548349094775,2.139734501579188,1.6153333821204099,0.0,19.453565037688897,-0.024787814649147984,0.024787814649147984
1761809519.7253983,-1.457664564613008,2.1299030507002312,1.3109838595068972,0.0,19.943537960462525,0.043749811822164406,0.043749811822164406
1761809520.080734,-2.0340369457097562,2.1307338579622015,1.0500497309149082,0.0,20.51377022764398,0.124516755444052,0.124516755444052
1761809520.30626,-2.453341283516836,2.1537871100607564,1.1564411753105333,0.0,20.934619376821274,0.1588234506405809,0.1588234506405809
1761809520.5914674,-2.8626428355645457,2.179873909491679,1.3721283769646333,0.0,21.34994618377578,0.17866371397001116,0.17866371397001116
1761809520.832137,-3.193175404342062,2.188001710408498,0.9120941675341715,0.0,21.687684116717183,0.19527988655446543,0.19527988655446543
1761809521.0100303,-3.373010760802708,2.1844060309698667,0.593145028458372,0.0,21.872623189290476,0.20619317361436643,0.20619317361436643
1761809521.2443745,-3.5394851678246897,2.163851667377671,0.6918062133274571,0.0,22.04495791321522,0.22893768330194839,0.22893768330194839
1761809521.524048,-3.72264636705119,2.1295584945233883,0.8874768237310515,0.0,22.237318152871342,0.25985672873612947,0.25985672873612947
1761809521.7624953,-3.99289907371876,2.087235992571217,1.3978820215495038,0.0,22.52615171195149,0.2844071741068944,0.2844071741068944
1761809522.0119753,-4.451131300766877,2.01201938699802,1.5223992147349967,0.0,23.02669707007332,0.2873281927725843,0.2873281927725843
1761809522.223469,-4.773429730598362,1.9331437338474662,1.0028302938627114,0.0,23.390106623681223,0.27529379968522416,0.27529379968522416
1761809522.4811423,-5.027457221758833,1.840726750105044,0.9277252162046797,0.0,23.689770969678346,0.2648211051438275,0.2648211051438275
1761809522.798296,-5.380616800209435,1.6377503881436897,1.1201931419962168,0.0,24.149494647866785,0.25776803124508685,0.25776803124508685
1761809523.0933447,-5.620458855060491,1.4225016675360531,0.6197347875796752,0.0,24.5212463212503,0.2569289013485422,0.2569289013485422
1761809523.3491106,-5.705921054390008,1.3013071160466445,0.5079724978718998,0.0,24.695959294551173,0.2680079854511776,0.2680079854511776
1761809523.705042,-5.79576465787324,1.1057178959890568,0.5534756008444573,0.0,24.958890186872686,0.294279086224412,0.294279086224412
1761809524.0298188,-5.752305700808676,0.7630442918152212,0.5324457560610915,0.0,25.410891867835236,0.43717456289359496,0.43717456289359496
1761809524.3098867,-5.726166509154088,0.6053200431193421,0.6156924751833459,0.0,25.659069664565433,0.46479787070434975,0.46479787070434975
1761809524.619951,-5.695716967128899,0.4687057350408748,0.5883989162004218,0.0,25.886798026353347,0.4685993396338858,0.4685993396338858
1761809524.7835221,-5.677277804071599,0.4005841846437669,0.5737100097494612,0.0,26.00891963284008,0.4635771824217627,0.4635771824217627
1761809524.9103236,-5.640311364089899,0.3391932243519835,0.6263307602254076,0.0,26.12242818929225,0.4715108290916586,0.4715108290916586
1761809525.087429,-5.611978658281936,0.2648440541905206,0.5981523984701622,0.0,26.245405935881735,0.45835948087729567,0.45835948087729567
1761809525.353969,-5.545072350817452,0.054567574437975996,0.6261378584191489,0.0,26.547425188240968,0.37312034108850267,0.37312034108850267
1761809525.584973,-5.390404221197319,-0.18078381217521974,0.6117824867384026,0.0,0.24168784523751188,0.2720786599117384,0.2720786599117384
1761809525.7821693,-5.312578061437949,-0.2986643179031831,0.6329202490610446,0.0,0.3849023158176855,0.2016827233281994,0.2016827233281994
1761809525.9249778,-5.232758614192583,-0.3558000249754112,0.5795214033147558,0.0,0.4919190274369242,0.17950918580905628,0.17950918580905628
1761809526.1217291,-5.101458576741945,-0.41762499322880814,0.5646766315445864,0.0,0.6500451763119124,0.16246454940415664,0.16246454940415664
1761809526.3585558,-4.973226487494507,-0.47566903778581615,0.5784428811289617,0.0,0.7991128943126705,0.13747703622227292,0.13747703622227292
1761809526.6181245,-4.7997578429067955,-0.4970723564302197,0.6981042123449867,0.0,0.9849300630699429,0.14603355857347206,0.14603355857347206
1761809526.803216,-4.671786318126659,-0.5123546857641261,0.7590188421133464,0.0,1.1213831648033372,0.1444353339461385,0.1444353339461385
1761809526.9588013,-4.542906847401109,-0.5012828736600508,0.7982511989722172,0.0,1.2566647021039565,0.16281586036818266,0.16281586036818266
1761809527.1093128,-4.391076522373334,-0.4884398614886023,0.865873493504441,0.0,1.4168369051070007,0.17691372160419797,0.17691372160419797
1761809527.2448015,-4.238547635886104,-0.47383557659597036,1.0443017702765969,0.0,1.5777387124473117,0.1856402223910063,0.1856402223910063
1761809527.575594,-3.7478609317501985,-0.44662141158889024,1.5689206197635417,0.0,2.0854043060537633,0.156945394541772,0.156945394541772
1761809527.8244781,-3.1635798691072314,-0.38063346753488847,1.5044335819336105,0.0,2.6777314374509036,0.11479129578589171,0.11479129578589171
1761809527.9951742,-2.9710947937468974,-0.3046370118509826,1.381881288181326,0.0,2.880907051803254,0.15159974364580447,0.15159974364580447
1761809528.162513,-2.7332399148014357,-0.23632549137712477,1.2510222397752042,0.0,3.1248188636412975,0.17421322300077488,0.17421322300077488
1761809528.2859435,-2.5438353276977193,-0.22887779980107295,1.1033936581479422,0.0,3.3096013247090714,0.14947812042782438,0.14947812042782438
1761809528.5518265,-2.365748949408621,-0.24871175852299354,1.0135693244055703,0.0,3.4800092278579027,0.10339414300514235,0.10339414300514235
1761809528.7520275,-2.1742520220487056,-0.24215010695440248,0.9603381001207535,0.0,3.668528362135215,0.08585892812672731,0.08585892812672731
1761809528.9557652,-1.97049307647456,-0.217163737024755,1.142356239608317,0.0,3.8716540820026775,0.09003745813399987,0.09003745813399987
1761809529.2102096,-1.4511717169485663,-0.26140920592611705,1.324495398857977,0.0,4.384487443185309,0.013061191555914602,0.013061191555914602
1761809529.4469109,-1.0790453554349981,-0.2826598490894835,1.4799127492966744,0.0,4.756032350534344,-0.017300930897822496,0.017300930897822496
1761809529.6506703,-0.6984910685433697,-0.23519548132989176,1.7721287012570495,0.0,5.1365071181857775,0.03005661305253834,0.03005661305253834
1761809529.676974,-0.657412384324961,-0.22106479128528295,1.7847110810103768,0.0,5.177375474655516,0.044605653713094724,0.044605653713094724
1761809529.7016113,-0.6102791000566898,-0.2201978383088371,1.804074518571057,0.0,5.224410954205598,0.04603768537815224,0.04603768537815224
1761809529.8956528,-0.275833555087533,-0.180252037401705,1.8413524272537238,0.0,5.557460344574848,0.09203855239609057,0.09203855239609057
1761809530.081899,0.1327722355051136,-0.2678641076583329,1.8331642199820912,0.0,5.96788069021391,0.014354197361061593,0.014354197361061593
1761809530.2357783,0.4454075467929483,-0.34565225376718905,1.6381025551021975,0.0,6.282039270229431,-0.056394848708057575,0.056394848708057575
1761809530.513079,0.9657993274143477,-0.24609763482734429,1.594532768860367,0.0,6.801508650931274,0.048217369369343746,0.048217369369343746
1761809530.6495574,1.234732079451256,-0.15680295762407698,1.5206391651353524,0.0,7.073188236657067,0.13438219622503136,0.13438219622503136
1761809530.8366876,1.5074146031490194,-0.16864877513073634,1.3380864530066743,0.0,7.348270900879908,0.11362766230431841,0.11362766230431841
1761809531.1065958,1.9803869315535378,-0.24892142130861655,1.0979048558116926,0.0,7.817380576195823,0.0005215854836781112,0.0005215854836781112
1761809531.30242,2.1772192747656303,-0.24395907801094083,0.8679316350988798,0.0,8.013358673511652,-0.016190374503056368,0.016190374503056368
1761809531.5185883,2.357318355797384,-0.18614619423364612,0.7644705252132485,0.0,8.199687933004705,0.01644503669252508,0.01644503669252508
1761809531.721866,2.4652275640568484,-0.13969421777027524,0.7036326815102865,0.0,8.314193342215873,0.045076152765503204,0.045076152765503204
1761809531.909059,2.670540882572513,-0.08920321750443075,0.6578997348900137,0.0,8.527188913670596,0.056404299164892105,0.056404299164892105
1761809532.0871503,2.798450279801683,-0.05792170150960466,0.6550774632069735,0.0,8.660261709828548,0.059241442087347426,0.059241442087347426
1761809532.2260067,2.8850636539088947,-0.046414739718306924,0.6533931272677013,0.0,8.748061576770649,0.04990279866147932,0.04990279866147932
1761809532.4874494,3.0921361647741454,0.009006415614232668,0.6298141978306266,0.0,8.964608798896315,0.048163752816597995,0.048163752816597995
1761809532.6174252,3.1950219485863567,0.03876779692598438,0.5855747437959286,0.0,9.072795172926142,0.04577393525859274,0.04577393525859274
1761809532.8114011,3.3013570604186686,0.08066685245439738,0.6245636090154182,0.0,9.18823590030072,0.05109124701883408,0.05109124701883408
1761809532.8406546,3.3282922853687666,0.09121696653072295,0.615327798200223,0.0,9.217503222281616,0.05189781319260307,0.05189781319260307
1761809532.863071,3.343257716785492,0.10006843386642982,0.5989877405538787,0.0,9.234816870453768,0.05506590215797134,0.05506590215797134
1761809533.0722234,3.4692864271779196,0.1590166440922817,0.5978980717999844,0.0,9.375671918304022,0.06447850088979463,0.06447850088979463
1761809533.0963366,3.491125165684506,0.17238072111251543,0.5353748891394008,0.0,9.401376868593278,0.06853188657300308,0.06853188657300308
1761809533.2841246,3.5899301937460435,0.2306483421190055,0.5396866576714132,0.0,9.517431518018205,0.0828078937219513,0.0828078937219513
1761809533.443549,3.6820389246152194,0.27327083299951505,0.5434945571587617,0.0,9.621189342717987,0.08248551330137369,0.08248551330137369
1761809533.6429563,3.781139692759014,0.32629282618350725,0.5556645386568376,0.0,9.736191800141386,0.08532563978568157,0.08532563978568157
1761809533.8773093,3.901644678322711,0.3947708991399223,0.5747874891740622,0.0,9.878284651004899,0.08737490042176714,0.08737490042176714
1761809534.0571084,4.038983595850793,0.4584236321267506,0.5625696183305888,0.0,10.032361440513643,0.07056870177069446,0.07056870177069446
1761809534.4417918,4.216796412885628,0.6092852383650939,0.6332745159250862,0.0,10.27068885125,0.09335819845560148,0.09335819845560148
1761809534.5754416,4.280900751269362,0.6869917680381662,0.5701956983845631,0.0,10.37254145085746,0.11535294910095839,0.11535294910095839
1761809534.8003929,4.425454732884303,0.7881642554209956,0.5699836630424201,0.0,10.554905045186832,0.09794847861888287,0.09794847861888287
1761809535.1486135,4.587875831791834,0.9773567088743064,0.635884635524053,0.0,10.813899634098195,0.11605171263004616,0.11605171263004616
1761809535.429579,4.704379326058847,1.130828508004658,0.6404397360549863,0.0,11.015924494004896,0.12483030287059153,0.12483030287059153
1761809535.662628,4.789577063892001,1.27641606506513,0.6413009423796799,0.0,11.19472522624763,0.13943291595920965,0.13943291595920965
1761809535.9075425,4.869095445182778,1.4188866298847744,0.6248342357802783,0.0,11.370890401763495,0.14260089649594493,0.14260089649594493
1761809536.0393589,4.883293232247557,1.510183024461448,0.5649442899119862,0.0,11.467104635912065,0.17009773902605319,0.17009773902605319
1761809536.195778,4.922724447323425,1.6135193434837483,0.6419916420660484,0.0,11.58852988573022,0.17390254245219758,0.17390254245219758
1761809536.4642696,4.900805116091157,1.8543143714853672,0.6283049396676611,0.0,11.841791123172433,0.26661080667909165,0.26661080667909165
1761809536.7573445,4.939720776949449,2.116999514830886,0.6406628048973578,0.0,12.158355917809274,0.2650029250485545,0.2650029250485545
1761809537.0540235,4.866834508514209,2.425331615543239,0.5723744753965953,0.0,12.550180810663429,0.311349522706427,0.311349522706427
1761809537.3585355,4.871528168684781,2.6205812652878033,0.6042455330287347,0.0,12.784184404987938,0.24669152479227752,0.24669152479227752
1761809537.6966853,4.818687735905236,2.8241415963165335,0.6353276820400199,0.0,13.032117784995561,0.19501592003328366,0.19501592003328366
1761809537.9008682,4.704074947747539,2.898253683722502,0.6292461707590842,0.0,13.188801983427176,0.23966143400816872,0.23966143400816872
1761809538.1621673,4.551798079902739,2.9423457693795863,0.6354825970480507,0.0,13.371259465489038,0.31385844808052366,0.31385844808052366
1761809538.5238135,4.241449932187229,2.9885382204382718,0.5725989067636652,0.0,13.793126399078332,0.42888755105186227,0.42888755105186227
1761809538.7529302,4.148660992133348,3.0451958375023294,0.6068498096157725,0.0,13.949952891267836,0.40045450820739786,0.40045450820739786
1761809539.097159,3.909894478381199,3.050900822145865,0.5615347321491683,0.0,14.279193141682791,0.4202245062314751,0.4202245062314751
1761809539.3067477,3.774933580256172,3.037335267832409,0.5537321537594923,0.0,14.458444941790727,0.4266219068690753,0.4266219068690753
1761809539.6297626,3.582597455749428,3.028647064071332,0.5892698589365578,0.0,14.699021876701943,0.4035006072489155,0.4035006072489155
1761809539.7607791,3.507918171630301,3.0140000284312265,0.6349421015063224,0.0,14.791359764063657,0.39969285351505945,0.39969285351505945
1761809539.9217393,3.406587644427157,2.97984802283642,0.6900967049041933,0.0,14.918713073413118,0.4034549919755614,0.4034549919755614
1761809539.9524555,3.3731715332001695,2.9812793643055464,0.7889304877507535,0.0,14.955631790403874,0.3915239386828348,0.3915239386828348
1761809539.9892652,3.3460639314676723,2.973929116957734,0.776149023830035,0.0,14.988185623614513,0.38956047749075395,0.38956047749075395
1761809540.0788965,3.3119087062995947,2.9572594414856526,0.7403738566350369,0.0,15.032130310464634,0.39356833982394634,0.39356833982394634
1761809540.290392,3.1144065708191535,2.8816615723509096,0.9355991357889296,0.0,15.27204459485811,0.3874657836152076,0.3874657836152076
1761809540.415673,3.009595537174718,2.803281470228718,1.0501300549562018,0.0,15.414311611190493,0.41280787673620767,0.41280787673620767
1761809540.4417894,3.001789682245255,2.790030655791663,1.0874270875947991,0.0,15.428602926442073,0.4211430617351388,0.4211430617351388
1761809540.4774764,2.9813880686503,2.778717445431889,1.0835325295315343,0.0,15.45420055810953,0.4219908851672638,0.4219908851672638
1761809540.6337924,2.808378754780086,2.6953147238245982,1.5164713081380545,0.0,15.66142657125544,0.4137251176174494,0.4137251176174494
1761809540.898529,2.4868525801671804,2.5761152001941996,1.2704503056927015,0.0,16.011601810116797,0.35450581883855403,0.35450581883855403
1761809541.0557377,2.321858740299589,2.5290426830038184,0.8930658630486269,0.0,16.177867020372336,0.3095738795111098,0.3095738795111098
1761809541.208522,2.2153972288288215,2.4917341458138162,0.675514568887045,0.0,16.287341297123376,0.28664003944255356,0.28664003944255356
1761809541.6477268,1.9782939444824061,2.4044901212900522,0.5753791492616215,0.0,16.530672006116184,0.2417657103477251,0.2417657103477251
1761809541.8438313,1.8246863398934863,2.3400668391980197,0.6256458159733641,0.0,16.690857123775363,0.22323109328370513,0.22323109328370513
1761809542.1258504,1.6371701091142492,2.289540485736801,0.6285002668972833,0.0,16.873347515422232,0.18156454645202424,0.18156454645202424
1761809542.4283087,1.4341190901343768,2.2004084566221804,0.7590728259268751,0.0,17.085288958970494,0.17692487933981033,0.17692487933981033
1761809542.8892865,0.9686524075082916,2.0403614096016303,0.8749732277599428,0.0,17.552360215470237,0.17585002247703882,0.17585002247703882
1761809543.345403,0.3953488048120811,2.025558160360087,0.9061817841800625,0.0,18.10012285033663,0.08353599309957414,0.08353599309957414
1761809543.676278,0.04059967140623787,1.9483187751506965,0.9512612033991916,0.0,18.452081955535284,0.13207507004874666,0.13207507004874666
